ISO-10303-21;
HEADER;
/* Generated by software containing ST-Developer
 * from STEP Tools, Inc. (www.steptools.com) 
 */

FILE_DESCRIPTION(
/* description */ (''),
/* implementation_level */ '2;1');

FILE_NAME(
/* name */ 'Portable Monitor Whole.step',
/* time_stamp */ '2026-08-13T21:49:11+03:00',
/* author */ (''),
/* organization */ (''),
/* preprocessor_version */ 'ST-DEVELOPER v20.1',
/* originating_system */ 'Autodesk Translation Framework v15.8.0.0',
/* authorisation */ '');

FILE_SCHEMA (('AUTOMOTIVE_DESIGN { 1 0 10303 214 3 1 1 }'));
ENDSEC;

DATA;
#10=MECHANICAL_DESIGN_GEOMETRIC_PRESENTATION_REPRESENTATION('',(#40,#41),
#7597);
#11=SHAPE_REPRESENTATION_RELATIONSHIP('SRR','None',#7604,#12);
#12=ADVANCED_BREP_SHAPE_REPRESENTATION('',(#42,#43),#7596);
#13=CONICAL_SURFACE('',#4779,1.40000000000002,0.785398163397455);
#14=CONICAL_SURFACE('',#4784,1.40000000000001,0.785398163397455);
#15=CONICAL_SURFACE('',#4789,1.40000000000001,0.785398163397455);
#16=CONICAL_SURFACE('',#4794,1.40000000000001,0.785398163397455);
#17=CONICAL_SURFACE('',#4799,1.40000000000001,0.785398163397455);
#18=CONICAL_SURFACE('',#4804,1.40000000000001,0.785398163397455);
#19=CONICAL_SURFACE('',#4809,1.40000000000001,0.785398163397455);
#20=CONICAL_SURFACE('',#4816,1.40000000000002,0.785398163397455);
#21=CONICAL_SURFACE('',#4880,1.40000000000001,0.785398163397455);
#22=CONICAL_SURFACE('',#4906,1.39999999999999,0.785398163397455);
#23=CONICAL_SURFACE('',#4910,1.4,0.785398163397447);
#24=CONICAL_SURFACE('',#4914,1.40000000000001,0.785398163397455);
#25=CONICAL_SURFACE('',#4918,1.40000000000001,0.785398163397455);
#26=CONICAL_SURFACE('',#4922,1.40000000000001,0.785398163397455);
#27=CONICAL_SURFACE('',#4926,1.4,0.785398163397447);
#28=CONICAL_SURFACE('',#4930,1.4,0.785398163397447);
#29=CONICAL_SURFACE('',#4934,1.4,0.785398163397449);
#30=CONICAL_SURFACE('',#4938,1.4,0.785398163397448);
#31=CONICAL_SURFACE('',#4942,1.4,0.785398163397449);
#32=CONICAL_SURFACE('',#4946,1.4,0.785398163397447);
#33=CONICAL_SURFACE('',#4950,1.4,0.785398163397447);
#34=CONICAL_SURFACE('',#4954,1.4,0.785398163397447);
#35=CONICAL_SURFACE('',#4958,1.40000000000001,0.785398163397455);
#36=CONICAL_SURFACE('',#4962,1.40000000000001,0.785398163397455);
#37=CONICAL_SURFACE('',#4966,1.40000000000001,0.785398163397455);
#38=CONICAL_SURFACE('',#4970,1.40000000000001,0.785398163397455);
#39=CONICAL_SURFACE('',#4974,1.39999999999999,0.785398163397455);
#40=STYLED_ITEM('',(#7613),#42);
#41=STYLED_ITEM('',(#7613),#43);
#42=MANIFOLD_SOLID_BREP('K\X\F6rper2',#4497);
#43=MANIFOLD_SOLID_BREP('K\X\F6rper32',#4498);
#44=FACE_BOUND('',#719,.T.);
#45=FACE_BOUND('',#720,.T.);
#46=FACE_BOUND('',#721,.T.);
#47=FACE_BOUND('',#722,.T.);
#48=FACE_BOUND('',#723,.T.);
#49=FACE_BOUND('',#724,.T.);
#50=FACE_BOUND('',#725,.T.);
#51=FACE_BOUND('',#726,.T.);
#52=FACE_BOUND('',#727,.T.);
#53=FACE_BOUND('',#728,.T.);
#54=FACE_BOUND('',#729,.T.);
#55=FACE_BOUND('',#730,.T.);
#56=FACE_BOUND('',#731,.T.);
#57=FACE_BOUND('',#732,.T.);
#58=FACE_BOUND('',#733,.T.);
#59=FACE_BOUND('',#734,.T.);
#60=FACE_BOUND('',#735,.T.);
#61=FACE_BOUND('',#736,.T.);
#62=FACE_BOUND('',#737,.T.);
#63=FACE_BOUND('',#738,.T.);
#64=FACE_BOUND('',#739,.T.);
#65=FACE_BOUND('',#740,.T.);
#66=FACE_BOUND('',#741,.T.);
#67=FACE_BOUND('',#742,.T.);
#68=FACE_BOUND('',#743,.T.);
#69=FACE_BOUND('',#744,.T.);
#70=FACE_BOUND('',#819,.T.);
#71=FACE_BOUND('',#840,.T.);
#72=FACE_BOUND('',#848,.T.);
#73=FACE_BOUND('',#849,.T.);
#74=FACE_BOUND('',#859,.T.);
#75=FACE_BOUND('',#860,.T.);
#76=FACE_BOUND('',#870,.T.);
#77=FACE_BOUND('',#871,.T.);
#78=FACE_BOUND('',#881,.T.);
#79=FACE_BOUND('',#882,.T.);
#80=FACE_BOUND('',#902,.T.);
#81=FACE_BOUND('',#903,.T.);
#82=FACE_BOUND('',#926,.T.);
#83=FACE_BOUND('',#927,.T.);
#84=FACE_BOUND('',#928,.T.);
#85=FACE_BOUND('',#929,.T.);
#86=FACE_BOUND('',#930,.T.);
#87=FACE_BOUND('',#931,.T.);
#88=FACE_BOUND('',#932,.T.);
#89=FACE_BOUND('',#933,.T.);
#90=FACE_BOUND('',#959,.T.);
#91=FACE_BOUND('',#964,.T.);
#92=FACE_BOUND('',#970,.T.);
#93=FACE_BOUND('',#975,.T.);
#94=FACE_BOUND('',#976,.T.);
#95=FACE_BOUND('',#977,.T.);
#96=FACE_BOUND('',#978,.T.);
#97=FACE_BOUND('',#979,.T.);
#98=FACE_BOUND('',#981,.T.);
#99=FACE_BOUND('',#987,.T.);
#100=FACE_BOUND('',#988,.T.);
#101=FACE_BOUND('',#991,.T.);
#102=FACE_BOUND('',#992,.T.);
#103=FACE_BOUND('',#993,.T.);
#104=FACE_BOUND('',#994,.T.);
#105=FACE_BOUND('',#995,.T.);
#106=FACE_BOUND('',#996,.T.);
#107=FACE_BOUND('',#997,.T.);
#108=FACE_BOUND('',#998,.T.);
#109=FACE_BOUND('',#999,.T.);
#110=FACE_BOUND('',#1000,.T.);
#111=FACE_BOUND('',#1001,.T.);
#112=FACE_BOUND('',#1002,.T.);
#113=FACE_BOUND('',#1003,.T.);
#114=FACE_BOUND('',#1004,.T.);
#115=FACE_BOUND('',#1005,.T.);
#116=FACE_BOUND('',#1006,.T.);
#117=FACE_BOUND('',#1007,.T.);
#118=FACE_BOUND('',#1008,.T.);
#119=FACE_BOUND('',#1009,.T.);
#120=FACE_BOUND('',#1048,.T.);
#121=FACE_BOUND('',#1049,.T.);
#122=FACE_BOUND('',#1050,.T.);
#123=FACE_BOUND('',#1051,.T.);
#124=FACE_BOUND('',#1052,.T.);
#125=FACE_BOUND('',#1053,.T.);
#126=FACE_BOUND('',#1054,.T.);
#127=FACE_BOUND('',#1055,.T.);
#128=FACE_BOUND('',#1056,.T.);
#129=FACE_BOUND('',#1057,.T.);
#130=FACE_BOUND('',#1058,.T.);
#131=FACE_BOUND('',#1059,.T.);
#132=FACE_BOUND('',#1060,.T.);
#133=FACE_BOUND('',#1061,.T.);
#134=FACE_BOUND('',#1062,.T.);
#135=FACE_BOUND('',#1063,.T.);
#136=FACE_BOUND('',#1064,.T.);
#137=FACE_BOUND('',#1065,.T.);
#138=FACE_BOUND('',#1066,.T.);
#139=FACE_BOUND('',#1067,.T.);
#140=FACE_BOUND('',#1068,.T.);
#141=FACE_BOUND('',#1069,.T.);
#142=FACE_BOUND('',#1070,.T.);
#143=FACE_BOUND('',#1071,.T.);
#144=FACE_BOUND('',#1072,.T.);
#145=FACE_BOUND('',#1073,.T.);
#146=FACE_BOUND('',#1074,.T.);
#147=FACE_BOUND('',#1075,.T.);
#148=FACE_BOUND('',#1076,.T.);
#149=CIRCLE('',#4515,2.3);
#150=CIRCLE('',#4516,2.3);
#151=CIRCLE('',#4519,2.3);
#152=CIRCLE('',#4520,2.3);
#153=CIRCLE('',#4521,2.3);
#154=CIRCLE('',#4522,1.5);
#155=CIRCLE('',#4523,1.5);
#156=CIRCLE('',#4524,1.5);
#157=CIRCLE('',#4525,1.5);
#158=CIRCLE('',#4526,1.49999999999999);
#159=CIRCLE('',#4527,1.50000000000002);
#160=CIRCLE('',#4528,1.5);
#161=CIRCLE('',#4529,1.5);
#162=CIRCLE('',#4530,1.5);
#163=CIRCLE('',#4531,1.5);
#164=CIRCLE('',#4532,1.5);
#165=CIRCLE('',#4533,1.50000000000002);
#166=CIRCLE('',#4534,1.5);
#167=CIRCLE('',#4535,1.5);
#168=CIRCLE('',#4536,1.5);
#169=CIRCLE('',#4537,1.5);
#170=CIRCLE('',#4538,1.5);
#171=CIRCLE('',#4539,1.5);
#172=CIRCLE('',#4540,1.5);
#173=CIRCLE('',#4541,1.5);
#174=CIRCLE('',#4542,1.5);
#175=CIRCLE('',#4543,1.5);
#176=CIRCLE('',#4544,1.5);
#177=CIRCLE('',#4545,1.49999999999999);
#178=CIRCLE('',#4546,1.5);
#179=CIRCLE('',#4547,1.5);
#180=CIRCLE('',#4548,1.5);
#181=CIRCLE('',#4550,2.3);
#182=CIRCLE('',#4553,2.3);
#183=CIRCLE('',#4556,2.3);
#184=CIRCLE('',#4559,1.5);
#185=CIRCLE('',#4562,1.5);
#186=CIRCLE('',#4565,1.5);
#187=CIRCLE('',#4568,1.5);
#188=CIRCLE('',#4571,1.5);
#189=CIRCLE('',#4574,1.49999999999999);
#190=CIRCLE('',#4577,1.50000000000002);
#191=CIRCLE('',#4580,1.5);
#192=CIRCLE('',#4583,1.5);
#193=CIRCLE('',#4586,1.5);
#194=CIRCLE('',#4589,1.5);
#195=CIRCLE('',#4592,1.5);
#196=CIRCLE('',#4595,1.50000000000002);
#197=CIRCLE('',#4598,1.5);
#198=CIRCLE('',#4601,1.5);
#199=CIRCLE('',#4604,1.5);
#200=CIRCLE('',#4607,1.5);
#201=CIRCLE('',#4610,1.5);
#202=CIRCLE('',#4613,1.5);
#203=CIRCLE('',#4616,1.5);
#204=CIRCLE('',#4619,1.5);
#205=CIRCLE('',#4622,1.5);
#206=CIRCLE('',#4625,1.5);
#207=CIRCLE('',#4628,1.5);
#208=CIRCLE('',#4631,1.5);
#209=CIRCLE('',#4634,1.49999999999999);
#210=CIRCLE('',#4637,1.5);
#211=CIRCLE('',#4674,0.999999999999996);
#212=CIRCLE('',#4675,0.999999999999996);
#213=CIRCLE('',#4677,0.999999999999996);
#214=CIRCLE('',#4678,0.999999999999996);
#215=CIRCLE('',#4687,0.999999999999996);
#216=CIRCLE('',#4688,0.999999999999996);
#217=CIRCLE('',#4690,0.999999999999996);
#218=CIRCLE('',#4691,0.999999999999996);
#219=CIRCLE('',#4700,1.00000000000001);
#220=CIRCLE('',#4701,1.00000000000001);
#221=CIRCLE('',#4703,0.999999999999996);
#222=CIRCLE('',#4704,0.999999999999996);
#223=CIRCLE('',#4713,0.999999999999996);
#224=CIRCLE('',#4714,0.999999999999996);
#225=CIRCLE('',#4716,0.999999999999996);
#226=CIRCLE('',#4717,0.999999999999996);
#227=CIRCLE('',#4726,2.3);
#228=CIRCLE('',#4727,2.3);
#229=CIRCLE('',#4730,3.00000000000001);
#230=CIRCLE('',#4731,3.00000000000001);
#231=CIRCLE('',#4733,3.00000000000001);
#232=CIRCLE('',#4734,3.00000000000001);
#233=CIRCLE('',#4737,3.00000000000001);
#234=CIRCLE('',#4738,3.00000000000001);
#235=CIRCLE('',#4741,3.00000000000001);
#236=CIRCLE('',#4742,3.00000000000001);
#237=CIRCLE('',#4745,3.00000000000001);
#238=CIRCLE('',#4746,3.00000000000001);
#239=CIRCLE('',#4750,3.00000000000001);
#240=CIRCLE('',#4751,3.00000000000001);
#241=CIRCLE('',#4755,2.99999999999999);
#242=CIRCLE('',#4756,2.99999999999999);
#243=CIRCLE('',#4758,1.47499999999999);
#244=CIRCLE('',#4759,1.475);
#245=CIRCLE('',#4760,1.47499999999999);
#246=CIRCLE('',#4761,1.475);
#247=CIRCLE('',#4764,3.00000000000001);
#248=CIRCLE('',#4765,3.00000000000001);
#249=CIRCLE('',#4767,2.3);
#250=CIRCLE('',#4768,2.3);
#251=CIRCLE('',#4771,2.3);
#252=CIRCLE('',#4772,2.3);
#253=CIRCLE('',#4774,2.3);
#254=CIRCLE('',#4775,2.3);
#255=CIRCLE('',#4777,1.15000000000002);
#256=CIRCLE('',#4778,1.15000000000002);
#257=CIRCLE('',#4780,1.65000000000003);
#258=CIRCLE('',#4782,1.15);
#259=CIRCLE('',#4783,1.15);
#260=CIRCLE('',#4785,1.65000000000001);
#261=CIRCLE('',#4787,1.15);
#262=CIRCLE('',#4788,1.15);
#263=CIRCLE('',#4790,1.65000000000001);
#264=CIRCLE('',#4792,1.15);
#265=CIRCLE('',#4793,1.15);
#266=CIRCLE('',#4795,1.65000000000001);
#267=CIRCLE('',#4797,1.15);
#268=CIRCLE('',#4798,1.15);
#269=CIRCLE('',#4800,1.65000000000001);
#270=CIRCLE('',#4802,1.15);
#271=CIRCLE('',#4803,1.15);
#272=CIRCLE('',#4805,1.65000000000001);
#273=CIRCLE('',#4807,1.15);
#274=CIRCLE('',#4808,1.15);
#275=CIRCLE('',#4810,1.65000000000001);
#276=CIRCLE('',#4812,1.15000000000002);
#277=CIRCLE('',#4813,1.15000000000002);
#278=CIRCLE('',#4815,1.65000000000003);
#279=CIRCLE('',#4819,0.999999999999996);
#280=CIRCLE('',#4826,1.475);
#281=CIRCLE('',#4829,1.47499999999999);
#282=CIRCLE('',#4832,1.475);
#283=CIRCLE('',#4835,1.47499999999999);
#284=CIRCLE('',#4845,0.999999999999996);
#285=CIRCLE('',#4847,2.5);
#286=CIRCLE('',#4848,0.999999999999996);
#287=CIRCLE('',#4850,2.5);
#288=CIRCLE('',#4853,0.999999999999996);
#289=CIRCLE('',#4855,2.5);
#290=CIRCLE('',#4856,0.999999999999996);
#291=CIRCLE('',#4858,2.5);
#292=CIRCLE('',#4862,0.999999999999996);
#293=CIRCLE('',#4864,2.5);
#294=CIRCLE('',#4865,0.999999999999996);
#295=CIRCLE('',#4867,2.5);
#296=CIRCLE('',#4871,2.5);
#297=CIRCLE('',#4873,2.5);
#298=CIRCLE('',#4874,0.999999999999996);
#299=CIRCLE('',#4881,1.65000000000001);
#300=CIRCLE('',#4882,1.15);
#301=CIRCLE('',#4884,2.3);
#302=CIRCLE('',#4885,2.3);
#303=CIRCLE('',#4886,1.64999999999999);
#304=CIRCLE('',#4887,1.65000000000001);
#305=CIRCLE('',#4888,1.65000000000001);
#306=CIRCLE('',#4889,1.65);
#307=CIRCLE('',#4890,1.65);
#308=CIRCLE('',#4891,1.65);
#309=CIRCLE('',#4892,1.65);
#310=CIRCLE('',#4893,1.65000000000001);
#311=CIRCLE('',#4894,1.65000000000001);
#312=CIRCLE('',#4895,1.64999999999999);
#313=CIRCLE('',#4896,1.65000000000001);
#314=CIRCLE('',#4897,1.65000000000001);
#315=CIRCLE('',#4898,1.65);
#316=CIRCLE('',#4899,1.65);
#317=CIRCLE('',#4900,1.65);
#318=CIRCLE('',#4901,1.65);
#319=CIRCLE('',#4902,1.65000000000001);
#320=CIRCLE('',#4903,1.65);
#321=CIRCLE('',#4905,1.15);
#322=CIRCLE('',#4907,1.14999999999999);
#323=CIRCLE('',#4909,1.14999999999999);
#324=CIRCLE('',#4911,1.15);
#325=CIRCLE('',#4913,1.15);
#326=CIRCLE('',#4915,1.15);
#327=CIRCLE('',#4917,1.15);
#328=CIRCLE('',#4919,1.15);
#329=CIRCLE('',#4921,1.15);
#330=CIRCLE('',#4923,1.15);
#331=CIRCLE('',#4925,1.15);
#332=CIRCLE('',#4927,1.15);
#333=CIRCLE('',#4929,1.15);
#334=CIRCLE('',#4931,1.15);
#335=CIRCLE('',#4933,1.15);
#336=CIRCLE('',#4935,1.15);
#337=CIRCLE('',#4937,1.15);
#338=CIRCLE('',#4939,1.15);
#339=CIRCLE('',#4941,1.15);
#340=CIRCLE('',#4943,1.15);
#341=CIRCLE('',#4945,1.15);
#342=CIRCLE('',#4947,1.15);
#343=CIRCLE('',#4949,1.15);
#344=CIRCLE('',#4951,1.15);
#345=CIRCLE('',#4953,1.15);
#346=CIRCLE('',#4955,1.15);
#347=CIRCLE('',#4957,1.15);
#348=CIRCLE('',#4959,1.15);
#349=CIRCLE('',#4961,1.15);
#350=CIRCLE('',#4963,1.15);
#351=CIRCLE('',#4965,1.15);
#352=CIRCLE('',#4967,1.15);
#353=CIRCLE('',#4969,1.15);
#354=CIRCLE('',#4971,1.15);
#355=CIRCLE('',#4973,1.15);
#356=CIRCLE('',#4975,1.14999999999999);
#357=CIRCLE('',#4977,1.14999999999999);
#358=CIRCLE('',#4979,2.3);
#359=CIRCLE('',#4980,2.3);
#360=CYLINDRICAL_SURFACE('',#4514,2.3);
#361=CYLINDRICAL_SURFACE('',#4549,2.3);
#362=CYLINDRICAL_SURFACE('',#4552,2.3);
#363=CYLINDRICAL_SURFACE('',#4555,2.3);
#364=CYLINDRICAL_SURFACE('',#4560,1.5);
#365=CYLINDRICAL_SURFACE('',#4563,1.5);
#366=CYLINDRICAL_SURFACE('',#4566,1.5);
#367=CYLINDRICAL_SURFACE('',#4569,1.5);
#368=CYLINDRICAL_SURFACE('',#4572,1.5);
#369=CYLINDRICAL_SURFACE('',#4575,1.49999999999999);
#370=CYLINDRICAL_SURFACE('',#4578,1.50000000000002);
#371=CYLINDRICAL_SURFACE('',#4581,1.5);
#372=CYLINDRICAL_SURFACE('',#4584,1.5);
#373=CYLINDRICAL_SURFACE('',#4587,1.5);
#374=CYLINDRICAL_SURFACE('',#4590,1.5);
#375=CYLINDRICAL_SURFACE('',#4593,1.5);
#376=CYLINDRICAL_SURFACE('',#4596,1.50000000000002);
#377=CYLINDRICAL_SURFACE('',#4599,1.5);
#378=CYLINDRICAL_SURFACE('',#4602,1.5);
#379=CYLINDRICAL_SURFACE('',#4605,1.5);
#380=CYLINDRICAL_SURFACE('',#4608,1.5);
#381=CYLINDRICAL_SURFACE('',#4611,1.5);
#382=CYLINDRICAL_SURFACE('',#4614,1.5);
#383=CYLINDRICAL_SURFACE('',#4617,1.5);
#384=CYLINDRICAL_SURFACE('',#4620,1.5);
#385=CYLINDRICAL_SURFACE('',#4623,1.5);
#386=CYLINDRICAL_SURFACE('',#4626,1.5);
#387=CYLINDRICAL_SURFACE('',#4629,1.5);
#388=CYLINDRICAL_SURFACE('',#4632,1.5);
#389=CYLINDRICAL_SURFACE('',#4635,1.49999999999999);
#390=CYLINDRICAL_SURFACE('',#4638,1.5);
#391=CYLINDRICAL_SURFACE('',#4673,0.999999999999996);
#392=CYLINDRICAL_SURFACE('',#4676,0.999999999999996);
#393=CYLINDRICAL_SURFACE('',#4686,0.999999999999996);
#394=CYLINDRICAL_SURFACE('',#4689,0.999999999999996);
#395=CYLINDRICAL_SURFACE('',#4699,1.00000000000001);
#396=CYLINDRICAL_SURFACE('',#4702,0.999999999999996);
#397=CYLINDRICAL_SURFACE('',#4712,0.999999999999996);
#398=CYLINDRICAL_SURFACE('',#4715,0.999999999999996);
#399=CYLINDRICAL_SURFACE('',#4725,2.3);
#400=CYLINDRICAL_SURFACE('',#4729,3.00000000000001);
#401=CYLINDRICAL_SURFACE('',#4732,3.00000000000001);
#402=CYLINDRICAL_SURFACE('',#4736,3.00000000000001);
#403=CYLINDRICAL_SURFACE('',#4740,3.00000000000001);
#404=CYLINDRICAL_SURFACE('',#4744,3.00000000000001);
#405=CYLINDRICAL_SURFACE('',#4749,3.00000000000001);
#406=CYLINDRICAL_SURFACE('',#4754,2.99999999999999);
#407=CYLINDRICAL_SURFACE('',#4763,3.00000000000001);
#408=CYLINDRICAL_SURFACE('',#4766,2.3);
#409=CYLINDRICAL_SURFACE('',#4770,2.3);
#410=CYLINDRICAL_SURFACE('',#4773,2.3);
#411=CYLINDRICAL_SURFACE('',#4776,1.15000000000002);
#412=CYLINDRICAL_SURFACE('',#4781,1.15);
#413=CYLINDRICAL_SURFACE('',#4786,1.15);
#414=CYLINDRICAL_SURFACE('',#4791,1.15);
#415=CYLINDRICAL_SURFACE('',#4796,1.15);
#416=CYLINDRICAL_SURFACE('',#4801,1.15);
#417=CYLINDRICAL_SURFACE('',#4806,1.15);
#418=CYLINDRICAL_SURFACE('',#4811,1.15000000000002);
#419=CYLINDRICAL_SURFACE('',#4825,1.475);
#420=CYLINDRICAL_SURFACE('',#4828,1.47499999999999);
#421=CYLINDRICAL_SURFACE('',#4831,1.475);
#422=CYLINDRICAL_SURFACE('',#4834,1.47499999999999);
#423=CYLINDRICAL_SURFACE('',#4849,2.5);
#424=CYLINDRICAL_SURFACE('',#4851,0.999999999999996);
#425=CYLINDRICAL_SURFACE('',#4857,2.5);
#426=CYLINDRICAL_SURFACE('',#4860,0.999999999999996);
#427=CYLINDRICAL_SURFACE('',#4866,2.5);
#428=CYLINDRICAL_SURFACE('',#4869,0.999999999999996);
#429=CYLINDRICAL_SURFACE('',#4875,2.5);
#430=CYLINDRICAL_SURFACE('',#4877,0.999999999999996);
#431=CYLINDRICAL_SURFACE('',#4904,1.15);
#432=CYLINDRICAL_SURFACE('',#4908,1.14999999999999);
#433=CYLINDRICAL_SURFACE('',#4912,1.15);
#434=CYLINDRICAL_SURFACE('',#4916,1.15);
#435=CYLINDRICAL_SURFACE('',#4920,1.15);
#436=CYLINDRICAL_SURFACE('',#4924,1.15);
#437=CYLINDRICAL_SURFACE('',#4928,1.15);
#438=CYLINDRICAL_SURFACE('',#4932,1.15);
#439=CYLINDRICAL_SURFACE('',#4936,1.15);
#440=CYLINDRICAL_SURFACE('',#4940,1.15);
#441=CYLINDRICAL_SURFACE('',#4944,1.15);
#442=CYLINDRICAL_SURFACE('',#4948,1.15);
#443=CYLINDRICAL_SURFACE('',#4952,1.15);
#444=CYLINDRICAL_SURFACE('',#4956,1.15);
#445=CYLINDRICAL_SURFACE('',#4960,1.15);
#446=CYLINDRICAL_SURFACE('',#4964,1.15);
#447=CYLINDRICAL_SURFACE('',#4968,1.15);
#448=CYLINDRICAL_SURFACE('',#4972,1.15);
#449=CYLINDRICAL_SURFACE('',#4976,1.14999999999999);
#450=CYLINDRICAL_SURFACE('',#4981,2.3);
#451=CYLINDRICAL_SURFACE('',#4983,2.3);
#452=FACE_OUTER_BOUND('',#714,.T.);
#453=FACE_OUTER_BOUND('',#715,.T.);
#454=FACE_OUTER_BOUND('',#716,.T.);
#455=FACE_OUTER_BOUND('',#717,.T.);
#456=FACE_OUTER_BOUND('',#718,.T.);
#457=FACE_OUTER_BOUND('',#745,.T.);
#458=FACE_OUTER_BOUND('',#746,.T.);
#459=FACE_OUTER_BOUND('',#747,.T.);
#460=FACE_OUTER_BOUND('',#748,.T.);
#461=FACE_OUTER_BOUND('',#749,.T.);
#462=FACE_OUTER_BOUND('',#750,.T.);
#463=FACE_OUTER_BOUND('',#751,.T.);
#464=FACE_OUTER_BOUND('',#752,.T.);
#465=FACE_OUTER_BOUND('',#753,.T.);
#466=FACE_OUTER_BOUND('',#754,.T.);
#467=FACE_OUTER_BOUND('',#755,.T.);
#468=FACE_OUTER_BOUND('',#756,.T.);
#469=FACE_OUTER_BOUND('',#757,.T.);
#470=FACE_OUTER_BOUND('',#758,.T.);
#471=FACE_OUTER_BOUND('',#759,.T.);
#472=FACE_OUTER_BOUND('',#760,.T.);
#473=FACE_OUTER_BOUND('',#761,.T.);
#474=FACE_OUTER_BOUND('',#762,.T.);
#475=FACE_OUTER_BOUND('',#763,.T.);
#476=FACE_OUTER_BOUND('',#764,.T.);
#477=FACE_OUTER_BOUND('',#765,.T.);
#478=FACE_OUTER_BOUND('',#766,.T.);
#479=FACE_OUTER_BOUND('',#767,.T.);
#480=FACE_OUTER_BOUND('',#768,.T.);
#481=FACE_OUTER_BOUND('',#769,.T.);
#482=FACE_OUTER_BOUND('',#770,.T.);
#483=FACE_OUTER_BOUND('',#771,.T.);
#484=FACE_OUTER_BOUND('',#772,.T.);
#485=FACE_OUTER_BOUND('',#773,.T.);
#486=FACE_OUTER_BOUND('',#774,.T.);
#487=FACE_OUTER_BOUND('',#775,.T.);
#488=FACE_OUTER_BOUND('',#776,.T.);
#489=FACE_OUTER_BOUND('',#777,.T.);
#490=FACE_OUTER_BOUND('',#778,.T.);
#491=FACE_OUTER_BOUND('',#779,.T.);
#492=FACE_OUTER_BOUND('',#780,.T.);
#493=FACE_OUTER_BOUND('',#781,.T.);
#494=FACE_OUTER_BOUND('',#782,.T.);
#495=FACE_OUTER_BOUND('',#783,.T.);
#496=FACE_OUTER_BOUND('',#784,.T.);
#497=FACE_OUTER_BOUND('',#785,.T.);
#498=FACE_OUTER_BOUND('',#786,.T.);
#499=FACE_OUTER_BOUND('',#787,.T.);
#500=FACE_OUTER_BOUND('',#788,.T.);
#501=FACE_OUTER_BOUND('',#789,.T.);
#502=FACE_OUTER_BOUND('',#790,.T.);
#503=FACE_OUTER_BOUND('',#791,.T.);
#504=FACE_OUTER_BOUND('',#792,.T.);
#505=FACE_OUTER_BOUND('',#793,.T.);
#506=FACE_OUTER_BOUND('',#794,.T.);
#507=FACE_OUTER_BOUND('',#795,.T.);
#508=FACE_OUTER_BOUND('',#796,.T.);
#509=FACE_OUTER_BOUND('',#797,.T.);
#510=FACE_OUTER_BOUND('',#798,.T.);
#511=FACE_OUTER_BOUND('',#799,.T.);
#512=FACE_OUTER_BOUND('',#800,.T.);
#513=FACE_OUTER_BOUND('',#801,.T.);
#514=FACE_OUTER_BOUND('',#802,.T.);
#515=FACE_OUTER_BOUND('',#803,.T.);
#516=FACE_OUTER_BOUND('',#804,.T.);
#517=FACE_OUTER_BOUND('',#805,.T.);
#518=FACE_OUTER_BOUND('',#806,.T.);
#519=FACE_OUTER_BOUND('',#807,.T.);
#520=FACE_OUTER_BOUND('',#808,.T.);
#521=FACE_OUTER_BOUND('',#809,.T.);
#522=FACE_OUTER_BOUND('',#810,.T.);
#523=FACE_OUTER_BOUND('',#811,.T.);
#524=FACE_OUTER_BOUND('',#812,.T.);
#525=FACE_OUTER_BOUND('',#813,.T.);
#526=FACE_OUTER_BOUND('',#814,.T.);
#527=FACE_OUTER_BOUND('',#815,.T.);
#528=FACE_OUTER_BOUND('',#816,.T.);
#529=FACE_OUTER_BOUND('',#817,.T.);
#530=FACE_OUTER_BOUND('',#818,.T.);
#531=FACE_OUTER_BOUND('',#820,.T.);
#532=FACE_OUTER_BOUND('',#821,.T.);
#533=FACE_OUTER_BOUND('',#822,.T.);
#534=FACE_OUTER_BOUND('',#823,.T.);
#535=FACE_OUTER_BOUND('',#824,.T.);
#536=FACE_OUTER_BOUND('',#825,.T.);
#537=FACE_OUTER_BOUND('',#826,.T.);
#538=FACE_OUTER_BOUND('',#827,.T.);
#539=FACE_OUTER_BOUND('',#828,.T.);
#540=FACE_OUTER_BOUND('',#829,.T.);
#541=FACE_OUTER_BOUND('',#830,.T.);
#542=FACE_OUTER_BOUND('',#831,.T.);
#543=FACE_OUTER_BOUND('',#832,.T.);
#544=FACE_OUTER_BOUND('',#833,.T.);
#545=FACE_OUTER_BOUND('',#834,.T.);
#546=FACE_OUTER_BOUND('',#835,.T.);
#547=FACE_OUTER_BOUND('',#836,.T.);
#548=FACE_OUTER_BOUND('',#837,.T.);
#549=FACE_OUTER_BOUND('',#838,.T.);
#550=FACE_OUTER_BOUND('',#839,.T.);
#551=FACE_OUTER_BOUND('',#841,.T.);
#552=FACE_OUTER_BOUND('',#842,.T.);
#553=FACE_OUTER_BOUND('',#843,.T.);
#554=FACE_OUTER_BOUND('',#844,.T.);
#555=FACE_OUTER_BOUND('',#845,.T.);
#556=FACE_OUTER_BOUND('',#846,.T.);
#557=FACE_OUTER_BOUND('',#847,.T.);
#558=FACE_OUTER_BOUND('',#850,.T.);
#559=FACE_OUTER_BOUND('',#851,.T.);
#560=FACE_OUTER_BOUND('',#852,.T.);
#561=FACE_OUTER_BOUND('',#853,.T.);
#562=FACE_OUTER_BOUND('',#854,.T.);
#563=FACE_OUTER_BOUND('',#855,.T.);
#564=FACE_OUTER_BOUND('',#856,.T.);
#565=FACE_OUTER_BOUND('',#857,.T.);
#566=FACE_OUTER_BOUND('',#858,.T.);
#567=FACE_OUTER_BOUND('',#861,.T.);
#568=FACE_OUTER_BOUND('',#862,.T.);
#569=FACE_OUTER_BOUND('',#863,.T.);
#570=FACE_OUTER_BOUND('',#864,.T.);
#571=FACE_OUTER_BOUND('',#865,.T.);
#572=FACE_OUTER_BOUND('',#866,.T.);
#573=FACE_OUTER_BOUND('',#867,.T.);
#574=FACE_OUTER_BOUND('',#868,.T.);
#575=FACE_OUTER_BOUND('',#869,.T.);
#576=FACE_OUTER_BOUND('',#872,.T.);
#577=FACE_OUTER_BOUND('',#873,.T.);
#578=FACE_OUTER_BOUND('',#874,.T.);
#579=FACE_OUTER_BOUND('',#875,.T.);
#580=FACE_OUTER_BOUND('',#876,.T.);
#581=FACE_OUTER_BOUND('',#877,.T.);
#582=FACE_OUTER_BOUND('',#878,.T.);
#583=FACE_OUTER_BOUND('',#879,.T.);
#584=FACE_OUTER_BOUND('',#880,.T.);
#585=FACE_OUTER_BOUND('',#883,.T.);
#586=FACE_OUTER_BOUND('',#884,.T.);
#587=FACE_OUTER_BOUND('',#885,.T.);
#588=FACE_OUTER_BOUND('',#886,.T.);
#589=FACE_OUTER_BOUND('',#887,.T.);
#590=FACE_OUTER_BOUND('',#888,.T.);
#591=FACE_OUTER_BOUND('',#889,.T.);
#592=FACE_OUTER_BOUND('',#890,.T.);
#593=FACE_OUTER_BOUND('',#891,.T.);
#594=FACE_OUTER_BOUND('',#892,.T.);
#595=FACE_OUTER_BOUND('',#893,.T.);
#596=FACE_OUTER_BOUND('',#894,.T.);
#597=FACE_OUTER_BOUND('',#895,.T.);
#598=FACE_OUTER_BOUND('',#896,.T.);
#599=FACE_OUTER_BOUND('',#897,.T.);
#600=FACE_OUTER_BOUND('',#898,.T.);
#601=FACE_OUTER_BOUND('',#899,.T.);
#602=FACE_OUTER_BOUND('',#900,.T.);
#603=FACE_OUTER_BOUND('',#901,.T.);
#604=FACE_OUTER_BOUND('',#904,.T.);
#605=FACE_OUTER_BOUND('',#905,.T.);
#606=FACE_OUTER_BOUND('',#906,.T.);
#607=FACE_OUTER_BOUND('',#907,.T.);
#608=FACE_OUTER_BOUND('',#908,.T.);
#609=FACE_OUTER_BOUND('',#909,.T.);
#610=FACE_OUTER_BOUND('',#910,.T.);
#611=FACE_OUTER_BOUND('',#911,.T.);
#612=FACE_OUTER_BOUND('',#912,.T.);
#613=FACE_OUTER_BOUND('',#913,.T.);
#614=FACE_OUTER_BOUND('',#914,.T.);
#615=FACE_OUTER_BOUND('',#915,.T.);
#616=FACE_OUTER_BOUND('',#916,.T.);
#617=FACE_OUTER_BOUND('',#917,.T.);
#618=FACE_OUTER_BOUND('',#918,.T.);
#619=FACE_OUTER_BOUND('',#919,.T.);
#620=FACE_OUTER_BOUND('',#920,.T.);
#621=FACE_OUTER_BOUND('',#921,.T.);
#622=FACE_OUTER_BOUND('',#922,.T.);
#623=FACE_OUTER_BOUND('',#923,.T.);
#624=FACE_OUTER_BOUND('',#924,.T.);
#625=FACE_OUTER_BOUND('',#925,.T.);
#626=FACE_OUTER_BOUND('',#934,.T.);
#627=FACE_OUTER_BOUND('',#935,.T.);
#628=FACE_OUTER_BOUND('',#936,.T.);
#629=FACE_OUTER_BOUND('',#937,.T.);
#630=FACE_OUTER_BOUND('',#938,.T.);
#631=FACE_OUTER_BOUND('',#939,.T.);
#632=FACE_OUTER_BOUND('',#940,.T.);
#633=FACE_OUTER_BOUND('',#941,.T.);
#634=FACE_OUTER_BOUND('',#942,.T.);
#635=FACE_OUTER_BOUND('',#943,.T.);
#636=FACE_OUTER_BOUND('',#944,.T.);
#637=FACE_OUTER_BOUND('',#945,.T.);
#638=FACE_OUTER_BOUND('',#946,.T.);
#639=FACE_OUTER_BOUND('',#947,.T.);
#640=FACE_OUTER_BOUND('',#948,.T.);
#641=FACE_OUTER_BOUND('',#949,.T.);
#642=FACE_OUTER_BOUND('',#950,.T.);
#643=FACE_OUTER_BOUND('',#951,.T.);
#644=FACE_OUTER_BOUND('',#952,.T.);
#645=FACE_OUTER_BOUND('',#953,.T.);
#646=FACE_OUTER_BOUND('',#954,.T.);
#647=FACE_OUTER_BOUND('',#955,.T.);
#648=FACE_OUTER_BOUND('',#956,.T.);
#649=FACE_OUTER_BOUND('',#957,.T.);
#650=FACE_OUTER_BOUND('',#958,.T.);
#651=FACE_OUTER_BOUND('',#960,.T.);
#652=FACE_OUTER_BOUND('',#961,.T.);
#653=FACE_OUTER_BOUND('',#962,.T.);
#654=FACE_OUTER_BOUND('',#963,.T.);
#655=FACE_OUTER_BOUND('',#965,.T.);
#656=FACE_OUTER_BOUND('',#966,.T.);
#657=FACE_OUTER_BOUND('',#967,.T.);
#658=FACE_OUTER_BOUND('',#968,.T.);
#659=FACE_OUTER_BOUND('',#969,.T.);
#660=FACE_OUTER_BOUND('',#971,.T.);
#661=FACE_OUTER_BOUND('',#972,.T.);
#662=FACE_OUTER_BOUND('',#973,.T.);
#663=FACE_OUTER_BOUND('',#974,.T.);
#664=FACE_OUTER_BOUND('',#980,.T.);
#665=FACE_OUTER_BOUND('',#982,.T.);
#666=FACE_OUTER_BOUND('',#983,.T.);
#667=FACE_OUTER_BOUND('',#984,.T.);
#668=FACE_OUTER_BOUND('',#985,.T.);
#669=FACE_OUTER_BOUND('',#986,.T.);
#670=FACE_OUTER_BOUND('',#989,.T.);
#671=FACE_OUTER_BOUND('',#990,.T.);
#672=FACE_OUTER_BOUND('',#1010,.T.);
#673=FACE_OUTER_BOUND('',#1011,.T.);
#674=FACE_OUTER_BOUND('',#1012,.T.);
#675=FACE_OUTER_BOUND('',#1013,.T.);
#676=FACE_OUTER_BOUND('',#1014,.T.);
#677=FACE_OUTER_BOUND('',#1015,.T.);
#678=FACE_OUTER_BOUND('',#1016,.T.);
#679=FACE_OUTER_BOUND('',#1017,.T.);
#680=FACE_OUTER_BOUND('',#1018,.T.);
#681=FACE_OUTER_BOUND('',#1019,.T.);
#682=FACE_OUTER_BOUND('',#1020,.T.);
#683=FACE_OUTER_BOUND('',#1021,.T.);
#684=FACE_OUTER_BOUND('',#1022,.T.);
#685=FACE_OUTER_BOUND('',#1023,.T.);
#686=FACE_OUTER_BOUND('',#1024,.T.);
#687=FACE_OUTER_BOUND('',#1025,.T.);
#688=FACE_OUTER_BOUND('',#1026,.T.);
#689=FACE_OUTER_BOUND('',#1027,.T.);
#690=FACE_OUTER_BOUND('',#1028,.T.);
#691=FACE_OUTER_BOUND('',#1029,.T.);
#692=FACE_OUTER_BOUND('',#1030,.T.);
#693=FACE_OUTER_BOUND('',#1031,.T.);
#694=FACE_OUTER_BOUND('',#1032,.T.);
#695=FACE_OUTER_BOUND('',#1033,.T.);
#696=FACE_OUTER_BOUND('',#1034,.T.);
#697=FACE_OUTER_BOUND('',#1035,.T.);
#698=FACE_OUTER_BOUND('',#1036,.T.);
#699=FACE_OUTER_BOUND('',#1037,.T.);
#700=FACE_OUTER_BOUND('',#1038,.T.);
#701=FACE_OUTER_BOUND('',#1039,.T.);
#702=FACE_OUTER_BOUND('',#1040,.T.);
#703=FACE_OUTER_BOUND('',#1041,.T.);
#704=FACE_OUTER_BOUND('',#1042,.T.);
#705=FACE_OUTER_BOUND('',#1043,.T.);
#706=FACE_OUTER_BOUND('',#1044,.T.);
#707=FACE_OUTER_BOUND('',#1045,.T.);
#708=FACE_OUTER_BOUND('',#1046,.T.);
#709=FACE_OUTER_BOUND('',#1047,.T.);
#710=FACE_OUTER_BOUND('',#1077,.T.);
#711=FACE_OUTER_BOUND('',#1078,.T.);
#712=FACE_OUTER_BOUND('',#1079,.T.);
#713=FACE_OUTER_BOUND('',#1080,.T.);
#714=EDGE_LOOP('',(#2876,#2877,#2878,#2879));
#715=EDGE_LOOP('',(#2880,#2881,#2882,#2883));
#716=EDGE_LOOP('',(#2884,#2885,#2886,#2887));
#717=EDGE_LOOP('',(#2888,#2889,#2890,#2891));
#718=EDGE_LOOP('',(#2892,#2893,#2894,#2895,#2896,#2897,#2898,#2899));
#719=EDGE_LOOP('',(#2900));
#720=EDGE_LOOP('',(#2901));
#721=EDGE_LOOP('',(#2902));
#722=EDGE_LOOP('',(#2903));
#723=EDGE_LOOP('',(#2904));
#724=EDGE_LOOP('',(#2905));
#725=EDGE_LOOP('',(#2906));
#726=EDGE_LOOP('',(#2907));
#727=EDGE_LOOP('',(#2908));
#728=EDGE_LOOP('',(#2909));
#729=EDGE_LOOP('',(#2910));
#730=EDGE_LOOP('',(#2911));
#731=EDGE_LOOP('',(#2912));
#732=EDGE_LOOP('',(#2913));
#733=EDGE_LOOP('',(#2914));
#734=EDGE_LOOP('',(#2915));
#735=EDGE_LOOP('',(#2916));
#736=EDGE_LOOP('',(#2917));
#737=EDGE_LOOP('',(#2918));
#738=EDGE_LOOP('',(#2919));
#739=EDGE_LOOP('',(#2920));
#740=EDGE_LOOP('',(#2921));
#741=EDGE_LOOP('',(#2922));
#742=EDGE_LOOP('',(#2923));
#743=EDGE_LOOP('',(#2924));
#744=EDGE_LOOP('',(#2925,#2926,#2927,#2928,#2929,#2930,#2931,#2932,#2933,
#2934,#2935,#2936,#2937,#2938,#2939,#2940,#2941,#2942,#2943,#2944,#2945,
#2946,#2947,#2948,#2949,#2950,#2951,#2952));
#745=EDGE_LOOP('',(#2953,#2954,#2955,#2956));
#746=EDGE_LOOP('',(#2957,#2958,#2959,#2960));
#747=EDGE_LOOP('',(#2961,#2962,#2963,#2964));
#748=EDGE_LOOP('',(#2965,#2966,#2967,#2968));
#749=EDGE_LOOP('',(#2969,#2970,#2971,#2972));
#750=EDGE_LOOP('',(#2973,#2974,#2975,#2976));
#751=EDGE_LOOP('',(#2977));
#752=EDGE_LOOP('',(#2978,#2979,#2980,#2981));
#753=EDGE_LOOP('',(#2982));
#754=EDGE_LOOP('',(#2983,#2984,#2985,#2986,#2987,#2988));
#755=EDGE_LOOP('',(#2989));
#756=EDGE_LOOP('',(#2990,#2991,#2992,#2993));
#757=EDGE_LOOP('',(#2994));
#758=EDGE_LOOP('',(#2995,#2996,#2997,#2998));
#759=EDGE_LOOP('',(#2999));
#760=EDGE_LOOP('',(#3000,#3001,#3002,#3003));
#761=EDGE_LOOP('',(#3004));
#762=EDGE_LOOP('',(#3005,#3006,#3007,#3008));
#763=EDGE_LOOP('',(#3009));
#764=EDGE_LOOP('',(#3010,#3011,#3012,#3013));
#765=EDGE_LOOP('',(#3014));
#766=EDGE_LOOP('',(#3015,#3016,#3017,#3018));
#767=EDGE_LOOP('',(#3019));
#768=EDGE_LOOP('',(#3020,#3021,#3022,#3023));
#769=EDGE_LOOP('',(#3024));
#770=EDGE_LOOP('',(#3025,#3026,#3027,#3028));
#771=EDGE_LOOP('',(#3029));
#772=EDGE_LOOP('',(#3030,#3031,#3032,#3033));
#773=EDGE_LOOP('',(#3034));
#774=EDGE_LOOP('',(#3035,#3036,#3037,#3038));
#775=EDGE_LOOP('',(#3039));
#776=EDGE_LOOP('',(#3040,#3041,#3042,#3043));
#777=EDGE_LOOP('',(#3044));
#778=EDGE_LOOP('',(#3045,#3046,#3047,#3048));
#779=EDGE_LOOP('',(#3049));
#780=EDGE_LOOP('',(#3050,#3051,#3052,#3053));
#781=EDGE_LOOP('',(#3054));
#782=EDGE_LOOP('',(#3055,#3056,#3057,#3058));
#783=EDGE_LOOP('',(#3059));
#784=EDGE_LOOP('',(#3060,#3061,#3062,#3063));
#785=EDGE_LOOP('',(#3064));
#786=EDGE_LOOP('',(#3065,#3066,#3067,#3068));
#787=EDGE_LOOP('',(#3069));
#788=EDGE_LOOP('',(#3070,#3071,#3072,#3073,#3074,#3075));
#789=EDGE_LOOP('',(#3076));
#790=EDGE_LOOP('',(#3077,#3078,#3079,#3080));
#791=EDGE_LOOP('',(#3081));
#792=EDGE_LOOP('',(#3082,#3083,#3084,#3085));
#793=EDGE_LOOP('',(#3086));
#794=EDGE_LOOP('',(#3087,#3088,#3089,#3090));
#795=EDGE_LOOP('',(#3091));
#796=EDGE_LOOP('',(#3092,#3093,#3094,#3095));
#797=EDGE_LOOP('',(#3096));
#798=EDGE_LOOP('',(#3097,#3098,#3099,#3100));
#799=EDGE_LOOP('',(#3101));
#800=EDGE_LOOP('',(#3102,#3103,#3104,#3105));
#801=EDGE_LOOP('',(#3106));
#802=EDGE_LOOP('',(#3107,#3108,#3109,#3110));
#803=EDGE_LOOP('',(#3111));
#804=EDGE_LOOP('',(#3112,#3113,#3114,#3115));
#805=EDGE_LOOP('',(#3116,#3117,#3118,#3119));
#806=EDGE_LOOP('',(#3120,#3121,#3122,#3123));
#807=EDGE_LOOP('',(#3124,#3125,#3126,#3127));
#808=EDGE_LOOP('',(#3128,#3129,#3130,#3131));
#809=EDGE_LOOP('',(#3132,#3133,#3134,#3135));
#810=EDGE_LOOP('',(#3136,#3137,#3138,#3139));
#811=EDGE_LOOP('',(#3140,#3141,#3142,#3143));
#812=EDGE_LOOP('',(#3144,#3145,#3146,#3147));
#813=EDGE_LOOP('',(#3148,#3149,#3150,#3151,#3152,#3153));
#814=EDGE_LOOP('',(#3154,#3155,#3156,#3157,#3158,#3159));
#815=EDGE_LOOP('',(#3160,#3161,#3162,#3163));
#816=EDGE_LOOP('',(#3164,#3165,#3166,#3167,#3168));
#817=EDGE_LOOP('',(#3169,#3170,#3171,#3172,#3173,#3174));
#818=EDGE_LOOP('',(#3175,#3176,#3177,#3178,#3179,#3180,#3181,#3182));
#819=EDGE_LOOP('',(#3183,#3184,#3185,#3186));
#820=EDGE_LOOP('',(#3187,#3188,#3189,#3190,#3191));
#821=EDGE_LOOP('',(#3192,#3193,#3194,#3195));
#822=EDGE_LOOP('',(#3196,#3197,#3198,#3199));
#823=EDGE_LOOP('',(#3200,#3201,#3202,#3203));
#824=EDGE_LOOP('',(#3204,#3205,#3206,#3207));
#825=EDGE_LOOP('',(#3208,#3209,#3210,#3211));
#826=EDGE_LOOP('',(#3212,#3213,#3214,#3215,#3216,#3217));
#827=EDGE_LOOP('',(#3218,#3219,#3220,#3221));
#828=EDGE_LOOP('',(#3222,#3223,#3224,#3225));
#829=EDGE_LOOP('',(#3226,#3227,#3228,#3229));
#830=EDGE_LOOP('',(#3230,#3231,#3232,#3233));
#831=EDGE_LOOP('',(#3234,#3235,#3236,#3237));
#832=EDGE_LOOP('',(#3238,#3239,#3240,#3241));
#833=EDGE_LOOP('',(#3242,#3243,#3244,#3245));
#834=EDGE_LOOP('',(#3246,#3247,#3248,#3249));
#835=EDGE_LOOP('',(#3250,#3251,#3252,#3253));
#836=EDGE_LOOP('',(#3254,#3255,#3256,#3257));
#837=EDGE_LOOP('',(#3258,#3259,#3260,#3261));
#838=EDGE_LOOP('',(#3262,#3263,#3264,#3265));
#839=EDGE_LOOP('',(#3266,#3267,#3268,#3269,#3270,#3271,#3272,#3273,#3274,
#3275,#3276,#3277,#3278,#3279,#3280,#3281,#3282,#3283,#3284,#3285,#3286,
#3287,#3288,#3289));
#840=EDGE_LOOP('',(#3290,#3291,#3292,#3293));
#841=EDGE_LOOP('',(#3294,#3295,#3296,#3297));
#842=EDGE_LOOP('',(#3298,#3299,#3300,#3301));
#843=EDGE_LOOP('',(#3302,#3303,#3304,#3305));
#844=EDGE_LOOP('',(#3306,#3307,#3308,#3309));
#845=EDGE_LOOP('',(#3310,#3311,#3312,#3313));
#846=EDGE_LOOP('',(#3314,#3315,#3316,#3317));
#847=EDGE_LOOP('',(#3318,#3319,#3320,#3321));
#848=EDGE_LOOP('',(#3322));
#849=EDGE_LOOP('',(#3323));
#850=EDGE_LOOP('',(#3324));
#851=EDGE_LOOP('',(#3325));
#852=EDGE_LOOP('',(#3326,#3327,#3328,#3329));
#853=EDGE_LOOP('',(#3330,#3331,#3332,#3333));
#854=EDGE_LOOP('',(#3334,#3335,#3336,#3337));
#855=EDGE_LOOP('',(#3338,#3339,#3340,#3341));
#856=EDGE_LOOP('',(#3342,#3343,#3344,#3345,#3346,#3347,#3348,#3349));
#857=EDGE_LOOP('',(#3350,#3351,#3352,#3353));
#858=EDGE_LOOP('',(#3354,#3355,#3356,#3357));
#859=EDGE_LOOP('',(#3358));
#860=EDGE_LOOP('',(#3359));
#861=EDGE_LOOP('',(#3360));
#862=EDGE_LOOP('',(#3361));
#863=EDGE_LOOP('',(#3362,#3363,#3364,#3365));
#864=EDGE_LOOP('',(#3366,#3367,#3368,#3369));
#865=EDGE_LOOP('',(#3370,#3371,#3372,#3373));
#866=EDGE_LOOP('',(#3374,#3375,#3376,#3377));
#867=EDGE_LOOP('',(#3378,#3379,#3380,#3381));
#868=EDGE_LOOP('',(#3382,#3383,#3384,#3385));
#869=EDGE_LOOP('',(#3386,#3387,#3388,#3389));
#870=EDGE_LOOP('',(#3390));
#871=EDGE_LOOP('',(#3391));
#872=EDGE_LOOP('',(#3392));
#873=EDGE_LOOP('',(#3393));
#874=EDGE_LOOP('',(#3394,#3395,#3396,#3397));
#875=EDGE_LOOP('',(#3398,#3399,#3400,#3401));
#876=EDGE_LOOP('',(#3402,#3403,#3404,#3405));
#877=EDGE_LOOP('',(#3406,#3407,#3408,#3409));
#878=EDGE_LOOP('',(#3410,#3411,#3412,#3413));
#879=EDGE_LOOP('',(#3414,#3415,#3416,#3417));
#880=EDGE_LOOP('',(#3418,#3419,#3420,#3421));
#881=EDGE_LOOP('',(#3422));
#882=EDGE_LOOP('',(#3423));
#883=EDGE_LOOP('',(#3424));
#884=EDGE_LOOP('',(#3425));
#885=EDGE_LOOP('',(#3426,#3427,#3428,#3429));
#886=EDGE_LOOP('',(#3430,#3431,#3432,#3433));
#887=EDGE_LOOP('',(#3434,#3435,#3436,#3437));
#888=EDGE_LOOP('',(#3438,#3439,#3440,#3441));
#889=EDGE_LOOP('',(#3442,#3443,#3444,#3445));
#890=EDGE_LOOP('',(#3446,#3447,#3448,#3449));
#891=EDGE_LOOP('',(#3450,#3451,#3452,#3453));
#892=EDGE_LOOP('',(#3454,#3455,#3456,#3457));
#893=EDGE_LOOP('',(#3458,#3459,#3460,#3461));
#894=EDGE_LOOP('',(#3462,#3463,#3464,#3465));
#895=EDGE_LOOP('',(#3466,#3467,#3468,#3469));
#896=EDGE_LOOP('',(#3470,#3471,#3472,#3473));
#897=EDGE_LOOP('',(#3474,#3475,#3476,#3477));
#898=EDGE_LOOP('',(#3478,#3479,#3480,#3481));
#899=EDGE_LOOP('',(#3482,#3483,#3484,#3485));
#900=EDGE_LOOP('',(#3486,#3487,#3488,#3489));
#901=EDGE_LOOP('',(#3490,#3491,#3492,#3493,#3494,#3495));
#902=EDGE_LOOP('',(#3496,#3497,#3498,#3499,#3500,#3501,#3502,#3503));
#903=EDGE_LOOP('',(#3504,#3505,#3506,#3507));
#904=EDGE_LOOP('',(#3508,#3509,#3510,#3511));
#905=EDGE_LOOP('',(#3512,#3513,#3514,#3515));
#906=EDGE_LOOP('',(#3516,#3517,#3518,#3519));
#907=EDGE_LOOP('',(#3520,#3521,#3522,#3523));
#908=EDGE_LOOP('',(#3524,#3525,#3526,#3527));
#909=EDGE_LOOP('',(#3528,#3529,#3530,#3531));
#910=EDGE_LOOP('',(#3532,#3533,#3534,#3535));
#911=EDGE_LOOP('',(#3536,#3537,#3538,#3539));
#912=EDGE_LOOP('',(#3540,#3541,#3542,#3543));
#913=EDGE_LOOP('',(#3544,#3545,#3546,#3547));
#914=EDGE_LOOP('',(#3548,#3549,#3550,#3551));
#915=EDGE_LOOP('',(#3552,#3553,#3554,#3555));
#916=EDGE_LOOP('',(#3556,#3557,#3558,#3559));
#917=EDGE_LOOP('',(#3560,#3561,#3562,#3563));
#918=EDGE_LOOP('',(#3564,#3565,#3566,#3567));
#919=EDGE_LOOP('',(#3568,#3569,#3570,#3571));
#920=EDGE_LOOP('',(#3572,#3573,#3574,#3575));
#921=EDGE_LOOP('',(#3576,#3577,#3578,#3579));
#922=EDGE_LOOP('',(#3580,#3581,#3582,#3583));
#923=EDGE_LOOP('',(#3584,#3585,#3586,#3587));
#924=EDGE_LOOP('',(#3588,#3589,#3590,#3591));
#925=EDGE_LOOP('',(#3592,#3593,#3594,#3595,#3596,#3597,#3598,#3599));
#926=EDGE_LOOP('',(#3600));
#927=EDGE_LOOP('',(#3601));
#928=EDGE_LOOP('',(#3602));
#929=EDGE_LOOP('',(#3603));
#930=EDGE_LOOP('',(#3604));
#931=EDGE_LOOP('',(#3605));
#932=EDGE_LOOP('',(#3606));
#933=EDGE_LOOP('',(#3607));
#934=EDGE_LOOP('',(#3608,#3609,#3610,#3611));
#935=EDGE_LOOP('',(#3612,#3613,#3614,#3615,#3616,#3617));
#936=EDGE_LOOP('',(#3618));
#937=EDGE_LOOP('',(#3619,#3620,#3621,#3622));
#938=EDGE_LOOP('',(#3623,#3624,#3625,#3626));
#939=EDGE_LOOP('',(#3627,#3628,#3629,#3630));
#940=EDGE_LOOP('',(#3631,#3632,#3633,#3634));
#941=EDGE_LOOP('',(#3635,#3636,#3637,#3638));
#942=EDGE_LOOP('',(#3639,#3640,#3641,#3642));
#943=EDGE_LOOP('',(#3643,#3644,#3645,#3646));
#944=EDGE_LOOP('',(#3647,#3648,#3649,#3650));
#945=EDGE_LOOP('',(#3651,#3652,#3653,#3654));
#946=EDGE_LOOP('',(#3655,#3656,#3657,#3658));
#947=EDGE_LOOP('',(#3659,#3660,#3661,#3662));
#948=EDGE_LOOP('',(#3663,#3664,#3665,#3666));
#949=EDGE_LOOP('',(#3667,#3668,#3669,#3670));
#950=EDGE_LOOP('',(#3671,#3672,#3673,#3674,#3675,#3676));
#951=EDGE_LOOP('',(#3677,#3678,#3679,#3680));
#952=EDGE_LOOP('',(#3681,#3682,#3683,#3684));
#953=EDGE_LOOP('',(#3685,#3686,#3687,#3688));
#954=EDGE_LOOP('',(#3689,#3690,#3691,#3692));
#955=EDGE_LOOP('',(#3693,#3694,#3695,#3696,#3697,#3698));
#956=EDGE_LOOP('',(#3699,#3700,#3701,#3702));
#957=EDGE_LOOP('',(#3703));
#958=EDGE_LOOP('',(#3704,#3705));
#959=EDGE_LOOP('',(#3706));
#960=EDGE_LOOP('',(#3707,#3708,#3709,#3710));
#961=EDGE_LOOP('',(#3711,#3712,#3713,#3714));
#962=EDGE_LOOP('',(#3715));
#963=EDGE_LOOP('',(#3716,#3717));
#964=EDGE_LOOP('',(#3718));
#965=EDGE_LOOP('',(#3719,#3720,#3721,#3722));
#966=EDGE_LOOP('',(#3723,#3724,#3725,#3726));
#967=EDGE_LOOP('',(#3727,#3728,#3729,#3730));
#968=EDGE_LOOP('',(#3731));
#969=EDGE_LOOP('',(#3732,#3733));
#970=EDGE_LOOP('',(#3734));
#971=EDGE_LOOP('',(#3735,#3736,#3737,#3738));
#972=EDGE_LOOP('',(#3739,#3740,#3741,#3742));
#973=EDGE_LOOP('',(#3743,#3744,#3745,#3746));
#974=EDGE_LOOP('',(#3747,#3748,#3749,#3750,#3751,#3752,#3753,#3754,#3755,
#3756,#3757,#3758,#3759,#3760,#3761,#3762,#3763,#3764,#3765,#3766,#3767,
#3768));
#975=EDGE_LOOP('',(#3769,#3770,#3771,#3772));
#976=EDGE_LOOP('',(#3773,#3774));
#977=EDGE_LOOP('',(#3775,#3776));
#978=EDGE_LOOP('',(#3777,#3778));
#979=EDGE_LOOP('',(#3779,#3780,#3781,#3782,#3783,#3784));
#980=EDGE_LOOP('',(#3785,#3786));
#981=EDGE_LOOP('',(#3787));
#982=EDGE_LOOP('',(#3788,#3789,#3790,#3791));
#983=EDGE_LOOP('',(#3792,#3793,#3794,#3795));
#984=EDGE_LOOP('',(#3796,#3797,#3798,#3799));
#985=EDGE_LOOP('',(#3800,#3801,#3802,#3803));
#986=EDGE_LOOP('',(#3804,#3805,#3806,#3807,#3808,#3809,#3810,#3811,#3812,
#3813,#3814,#3815,#3816,#3817));
#987=EDGE_LOOP('',(#3818,#3819,#3820,#3821,#3822,#3823,#3824,#3825));
#988=EDGE_LOOP('',(#3826,#3827,#3828,#3829));
#989=EDGE_LOOP('',(#3830,#3831,#3832,#3833));
#990=EDGE_LOOP('',(#3834,#3835,#3836,#3837,#3838,#3839,#3840,#3841));
#991=EDGE_LOOP('',(#3842));
#992=EDGE_LOOP('',(#3843));
#993=EDGE_LOOP('',(#3844));
#994=EDGE_LOOP('',(#3845));
#995=EDGE_LOOP('',(#3846));
#996=EDGE_LOOP('',(#3847));
#997=EDGE_LOOP('',(#3848));
#998=EDGE_LOOP('',(#3849));
#999=EDGE_LOOP('',(#3850));
#1000=EDGE_LOOP('',(#3851));
#1001=EDGE_LOOP('',(#3852));
#1002=EDGE_LOOP('',(#3853));
#1003=EDGE_LOOP('',(#3854));
#1004=EDGE_LOOP('',(#3855));
#1005=EDGE_LOOP('',(#3856));
#1006=EDGE_LOOP('',(#3857));
#1007=EDGE_LOOP('',(#3858));
#1008=EDGE_LOOP('',(#3859));
#1009=EDGE_LOOP('',(#3860));
#1010=EDGE_LOOP('',(#3861,#3862,#3863,#3864));
#1011=EDGE_LOOP('',(#3865,#3866,#3867,#3868));
#1012=EDGE_LOOP('',(#3869,#3870,#3871,#3872));
#1013=EDGE_LOOP('',(#3873,#3874,#3875,#3876));
#1014=EDGE_LOOP('',(#3877,#3878,#3879,#3880));
#1015=EDGE_LOOP('',(#3881,#3882,#3883,#3884));
#1016=EDGE_LOOP('',(#3885,#3886,#3887,#3888));
#1017=EDGE_LOOP('',(#3889,#3890,#3891,#3892));
#1018=EDGE_LOOP('',(#3893,#3894,#3895,#3896));
#1019=EDGE_LOOP('',(#3897,#3898,#3899,#3900));
#1020=EDGE_LOOP('',(#3901,#3902,#3903,#3904));
#1021=EDGE_LOOP('',(#3905,#3906,#3907,#3908));
#1022=EDGE_LOOP('',(#3909,#3910,#3911,#3912));
#1023=EDGE_LOOP('',(#3913,#3914,#3915,#3916));
#1024=EDGE_LOOP('',(#3917,#3918,#3919,#3920));
#1025=EDGE_LOOP('',(#3921,#3922,#3923,#3924));
#1026=EDGE_LOOP('',(#3925,#3926,#3927,#3928));
#1027=EDGE_LOOP('',(#3929,#3930,#3931,#3932));
#1028=EDGE_LOOP('',(#3933,#3934,#3935,#3936));
#1029=EDGE_LOOP('',(#3937,#3938,#3939,#3940));
#1030=EDGE_LOOP('',(#3941,#3942,#3943,#3944));
#1031=EDGE_LOOP('',(#3945,#3946,#3947,#3948));
#1032=EDGE_LOOP('',(#3949,#3950,#3951,#3952));
#1033=EDGE_LOOP('',(#3953,#3954,#3955,#3956));
#1034=EDGE_LOOP('',(#3957,#3958,#3959,#3960));
#1035=EDGE_LOOP('',(#3961,#3962,#3963,#3964));
#1036=EDGE_LOOP('',(#3965,#3966,#3967,#3968));
#1037=EDGE_LOOP('',(#3969,#3970,#3971,#3972));
#1038=EDGE_LOOP('',(#3973,#3974,#3975,#3976));
#1039=EDGE_LOOP('',(#3977,#3978,#3979,#3980));
#1040=EDGE_LOOP('',(#3981,#3982,#3983,#3984));
#1041=EDGE_LOOP('',(#3985,#3986,#3987,#3988));
#1042=EDGE_LOOP('',(#3989,#3990,#3991,#3992));
#1043=EDGE_LOOP('',(#3993,#3994,#3995,#3996));
#1044=EDGE_LOOP('',(#3997,#3998,#3999,#4000));
#1045=EDGE_LOOP('',(#4001,#4002,#4003,#4004));
#1046=EDGE_LOOP('',(#4005,#4006,#4007,#4008));
#1047=EDGE_LOOP('',(#4009,#4010,#4011,#4012,#4013,#4014,#4015,#4016,#4017,
#4018,#4019,#4020,#4021,#4022,#4023,#4024,#4025,#4026,#4027,#4028,#4029,
#4030,#4031,#4032,#4033,#4034,#4035,#4036,#4037,#4038));
#1048=EDGE_LOOP('',(#4039,#4040,#4041,#4042));
#1049=EDGE_LOOP('',(#4043));
#1050=EDGE_LOOP('',(#4044));
#1051=EDGE_LOOP('',(#4045));
#1052=EDGE_LOOP('',(#4046));
#1053=EDGE_LOOP('',(#4047));
#1054=EDGE_LOOP('',(#4048));
#1055=EDGE_LOOP('',(#4049));
#1056=EDGE_LOOP('',(#4050));
#1057=EDGE_LOOP('',(#4051));
#1058=EDGE_LOOP('',(#4052));
#1059=EDGE_LOOP('',(#4053));
#1060=EDGE_LOOP('',(#4054));
#1061=EDGE_LOOP('',(#4055));
#1062=EDGE_LOOP('',(#4056));
#1063=EDGE_LOOP('',(#4057));
#1064=EDGE_LOOP('',(#4058));
#1065=EDGE_LOOP('',(#4059));
#1066=EDGE_LOOP('',(#4060));
#1067=EDGE_LOOP('',(#4061));
#1068=EDGE_LOOP('',(#4062));
#1069=EDGE_LOOP('',(#4063));
#1070=EDGE_LOOP('',(#4064));
#1071=EDGE_LOOP('',(#4065));
#1072=EDGE_LOOP('',(#4066));
#1073=EDGE_LOOP('',(#4067));
#1074=EDGE_LOOP('',(#4068));
#1075=EDGE_LOOP('',(#4069));
#1076=EDGE_LOOP('',(#4070,#4071,#4072,#4073));
#1077=EDGE_LOOP('',(#4074,#4075,#4076,#4077));
#1078=EDGE_LOOP('',(#4078,#4079,#4080,#4081));
#1079=EDGE_LOOP('',(#4082,#4083,#4084,#4085));
#1080=EDGE_LOOP('',(#4086,#4087,#4088,#4089,#4090,#4091));
#1081=LINE('',#6334,#1478);
#1082=LINE('',#6336,#1479);
#1083=LINE('',#6338,#1480);
#1084=LINE('',#6339,#1481);
#1085=LINE('',#6343,#1482);
#1086=LINE('',#6345,#1483);
#1087=LINE('',#6347,#1484);
#1088=LINE('',#6348,#1485);
#1089=LINE('',#6354,#1486);
#1090=LINE('',#6357,#1487);
#1091=LINE('',#6360,#1488);
#1092=LINE('',#6362,#1489);
#1093=LINE('',#6363,#1490);
#1094=LINE('',#6366,#1491);
#1095=LINE('',#6370,#1492);
#1096=LINE('',#6374,#1493);
#1097=LINE('',#6428,#1494);
#1098=LINE('',#6430,#1495);
#1099=LINE('',#6432,#1496);
#1100=LINE('',#6434,#1497);
#1101=LINE('',#6436,#1498);
#1102=LINE('',#6438,#1499);
#1103=LINE('',#6440,#1500);
#1104=LINE('',#6442,#1501);
#1105=LINE('',#6444,#1502);
#1106=LINE('',#6446,#1503);
#1107=LINE('',#6448,#1504);
#1108=LINE('',#6450,#1505);
#1109=LINE('',#6452,#1506);
#1110=LINE('',#6454,#1507);
#1111=LINE('',#6456,#1508);
#1112=LINE('',#6458,#1509);
#1113=LINE('',#6460,#1510);
#1114=LINE('',#6462,#1511);
#1115=LINE('',#6464,#1512);
#1116=LINE('',#6466,#1513);
#1117=LINE('',#6468,#1514);
#1118=LINE('',#6470,#1515);
#1119=LINE('',#6472,#1516);
#1120=LINE('',#6473,#1517);
#1121=LINE('',#6477,#1518);
#1122=LINE('',#6480,#1519);
#1123=LINE('',#6481,#1520);
#1124=LINE('',#6485,#1521);
#1125=LINE('',#6488,#1522);
#1126=LINE('',#6489,#1523);
#1127=LINE('',#6493,#1524);
#1128=LINE('',#6495,#1525);
#1129=LINE('',#6500,#1526);
#1130=LINE('',#6506,#1527);
#1131=LINE('',#6507,#1528);
#1132=LINE('',#6508,#1529);
#1133=LINE('',#6513,#1530);
#1134=LINE('',#6518,#1531);
#1135=LINE('',#6523,#1532);
#1136=LINE('',#6528,#1533);
#1137=LINE('',#6533,#1534);
#1138=LINE('',#6538,#1535);
#1139=LINE('',#6543,#1536);
#1140=LINE('',#6548,#1537);
#1141=LINE('',#6553,#1538);
#1142=LINE('',#6558,#1539);
#1143=LINE('',#6563,#1540);
#1144=LINE('',#6568,#1541);
#1145=LINE('',#6573,#1542);
#1146=LINE('',#6578,#1543);
#1147=LINE('',#6583,#1544);
#1148=LINE('',#6588,#1545);
#1149=LINE('',#6594,#1546);
#1150=LINE('',#6595,#1547);
#1151=LINE('',#6596,#1548);
#1152=LINE('',#6601,#1549);
#1153=LINE('',#6606,#1550);
#1154=LINE('',#6611,#1551);
#1155=LINE('',#6616,#1552);
#1156=LINE('',#6621,#1553);
#1157=LINE('',#6626,#1554);
#1158=LINE('',#6631,#1555);
#1159=LINE('',#6636,#1556);
#1160=LINE('',#6638,#1557);
#1161=LINE('',#6640,#1558);
#1162=LINE('',#6643,#1559);
#1163=LINE('',#6645,#1560);
#1164=LINE('',#6646,#1561);
#1165=LINE('',#6649,#1562);
#1166=LINE('',#6650,#1563);
#1167=LINE('',#6653,#1564);
#1168=LINE('',#6655,#1565);
#1169=LINE('',#6656,#1566);
#1170=LINE('',#6659,#1567);
#1171=LINE('',#6660,#1568);
#1172=LINE('',#6663,#1569);
#1173=LINE('',#6665,#1570);
#1174=LINE('',#6666,#1571);
#1175=LINE('',#6669,#1572);
#1176=LINE('',#6670,#1573);
#1177=LINE('',#6673,#1574);
#1178=LINE('',#6675,#1575);
#1179=LINE('',#6676,#1576);
#1180=LINE('',#6679,#1577);
#1181=LINE('',#6681,#1578);
#1182=LINE('',#6683,#1579);
#1183=LINE('',#6684,#1580);
#1184=LINE('',#6687,#1581);
#1185=LINE('',#6688,#1582);
#1186=LINE('',#6691,#1583);
#1187=LINE('',#6693,#1584);
#1188=LINE('',#6694,#1585);
#1189=LINE('',#6697,#1586);
#1190=LINE('',#6699,#1587);
#1191=LINE('',#6700,#1588);
#1192=LINE('',#6704,#1589);
#1193=LINE('',#6706,#1590);
#1194=LINE('',#6708,#1591);
#1195=LINE('',#6709,#1592);
#1196=LINE('',#6711,#1593);
#1197=LINE('',#6714,#1594);
#1198=LINE('',#6716,#1595);
#1199=LINE('',#6717,#1596);
#1200=LINE('',#6719,#1597);
#1201=LINE('',#6721,#1598);
#1202=LINE('',#6723,#1599);
#1203=LINE('',#6726,#1600);
#1204=LINE('',#6727,#1601);
#1205=LINE('',#6730,#1602);
#1206=LINE('',#6731,#1603);
#1207=LINE('',#6733,#1604);
#1208=LINE('',#6736,#1605);
#1209=LINE('',#6738,#1606);
#1210=LINE('',#6739,#1607);
#1211=LINE('',#6742,#1608);
#1212=LINE('',#6743,#1609);
#1213=LINE('',#6747,#1610);
#1214=LINE('',#6748,#1611);
#1215=LINE('',#6749,#1612);
#1216=LINE('',#6752,#1613);
#1217=LINE('',#6753,#1614);
#1218=LINE('',#6756,#1615);
#1219=LINE('',#6757,#1616);
#1220=LINE('',#6759,#1617);
#1221=LINE('',#6762,#1618);
#1222=LINE('',#6763,#1619);
#1223=LINE('',#6765,#1620);
#1224=LINE('',#6767,#1621);
#1225=LINE('',#6770,#1622);
#1226=LINE('',#6771,#1623);
#1227=LINE('',#6773,#1624);
#1228=LINE('',#6779,#1625);
#1229=LINE('',#6785,#1626);
#1230=LINE('',#6790,#1627);
#1231=LINE('',#6792,#1628);
#1232=LINE('',#6794,#1629);
#1233=LINE('',#6795,#1630);
#1234=LINE('',#6798,#1631);
#1235=LINE('',#6800,#1632);
#1236=LINE('',#6801,#1633);
#1237=LINE('',#6804,#1634);
#1238=LINE('',#6806,#1635);
#1239=LINE('',#6807,#1636);
#1240=LINE('',#6809,#1637);
#1241=LINE('',#6810,#1638);
#1242=LINE('',#6818,#1639);
#1243=LINE('',#6824,#1640);
#1244=LINE('',#6829,#1641);
#1245=LINE('',#6831,#1642);
#1246=LINE('',#6833,#1643);
#1247=LINE('',#6834,#1644);
#1248=LINE('',#6837,#1645);
#1249=LINE('',#6839,#1646);
#1250=LINE('',#6840,#1647);
#1251=LINE('',#6844,#1648);
#1252=LINE('',#6845,#1649);
#1253=LINE('',#6847,#1650);
#1254=LINE('',#6849,#1651);
#1255=LINE('',#6851,#1652);
#1256=LINE('',#6853,#1653);
#1257=LINE('',#6854,#1654);
#1258=LINE('',#6856,#1655);
#1259=LINE('',#6857,#1656);
#1260=LINE('',#6865,#1657);
#1261=LINE('',#6871,#1658);
#1262=LINE('',#6876,#1659);
#1263=LINE('',#6878,#1660);
#1264=LINE('',#6880,#1661);
#1265=LINE('',#6881,#1662);
#1266=LINE('',#6884,#1663);
#1267=LINE('',#6886,#1664);
#1268=LINE('',#6887,#1665);
#1269=LINE('',#6890,#1666);
#1270=LINE('',#6892,#1667);
#1271=LINE('',#6893,#1668);
#1272=LINE('',#6895,#1669);
#1273=LINE('',#6896,#1670);
#1274=LINE('',#6904,#1671);
#1275=LINE('',#6910,#1672);
#1276=LINE('',#6915,#1673);
#1277=LINE('',#6917,#1674);
#1278=LINE('',#6919,#1675);
#1279=LINE('',#6920,#1676);
#1280=LINE('',#6923,#1677);
#1281=LINE('',#6925,#1678);
#1282=LINE('',#6926,#1679);
#1283=LINE('',#6929,#1680);
#1284=LINE('',#6931,#1681);
#1285=LINE('',#6932,#1682);
#1286=LINE('',#6934,#1683);
#1287=LINE('',#6935,#1684);
#1288=LINE('',#6944,#1685);
#1289=LINE('',#6947,#1686);
#1290=LINE('',#6951,#1687);
#1291=LINE('',#6953,#1688);
#1292=LINE('',#6955,#1689);
#1293=LINE('',#6956,#1690);
#1294=LINE('',#6960,#1691);
#1295=LINE('',#6964,#1692);
#1296=LINE('',#6969,#1693);
#1297=LINE('',#6973,#1694);
#1298=LINE('',#6978,#1695);
#1299=LINE('',#6979,#1696);
#1300=LINE('',#6980,#1697);
#1301=LINE('',#6984,#1698);
#1302=LINE('',#6990,#1699);
#1303=LINE('',#6991,#1700);
#1304=LINE('',#6992,#1701);
#1305=LINE('',#6997,#1702);
#1306=LINE('',#7002,#1703);
#1307=LINE('',#7003,#1704);
#1308=LINE('',#7004,#1705);
#1309=LINE('',#7008,#1706);
#1310=LINE('',#7014,#1707);
#1311=LINE('',#7015,#1708);
#1312=LINE('',#7016,#1709);
#1313=LINE('',#7020,#1710);
#1314=LINE('',#7021,#1711);
#1315=LINE('',#7022,#1712);
#1316=LINE('',#7029,#1713);
#1317=LINE('',#7030,#1714);
#1318=LINE('',#7031,#1715);
#1319=LINE('',#7035,#1716);
#1320=LINE('',#7036,#1717);
#1321=LINE('',#7037,#1718);
#1322=LINE('',#7044,#1719);
#1323=LINE('',#7045,#1720);
#1324=LINE('',#7047,#1721);
#1325=LINE('',#7049,#1722);
#1326=LINE('',#7050,#1723);
#1327=LINE('',#7055,#1724);
#1328=LINE('',#7059,#1725);
#1329=LINE('',#7063,#1726);
#1330=LINE('',#7066,#1727);
#1331=LINE('',#7069,#1728);
#1332=LINE('',#7071,#1729);
#1333=LINE('',#7073,#1730);
#1334=LINE('',#7074,#1731);
#1335=LINE('',#7078,#1732);
#1336=LINE('',#7079,#1733);
#1337=LINE('',#7080,#1734);
#1338=LINE('',#7085,#1735);
#1339=LINE('',#7092,#1736);
#1340=LINE('',#7095,#1737);
#1341=LINE('',#7099,#1738);
#1342=LINE('',#7100,#1739);
#1343=LINE('',#7101,#1740);
#1344=LINE('',#7106,#1741);
#1345=LINE('',#7113,#1742);
#1346=LINE('',#7116,#1743);
#1347=LINE('',#7121,#1744);
#1348=LINE('',#7126,#1745);
#1349=LINE('',#7131,#1746);
#1350=LINE('',#7136,#1747);
#1351=LINE('',#7141,#1748);
#1352=LINE('',#7146,#1749);
#1353=LINE('',#7151,#1750);
#1354=LINE('',#7156,#1751);
#1355=LINE('',#7161,#1752);
#1356=LINE('',#7166,#1753);
#1357=LINE('',#7171,#1754);
#1358=LINE('',#7176,#1755);
#1359=LINE('',#7181,#1756);
#1360=LINE('',#7186,#1757);
#1361=LINE('',#7191,#1758);
#1362=LINE('',#7194,#1759);
#1363=LINE('',#7195,#1760);
#1364=LINE('',#7196,#1761);
#1365=LINE('',#7200,#1762);
#1366=LINE('',#7204,#1763);
#1367=LINE('',#7206,#1764);
#1368=LINE('',#7208,#1765);
#1369=LINE('',#7209,#1766);
#1370=LINE('',#7210,#1767);
#1371=LINE('',#7216,#1768);
#1372=LINE('',#7218,#1769);
#1373=LINE('',#7219,#1770);
#1374=LINE('',#7222,#1771);
#1375=LINE('',#7223,#1772);
#1376=LINE('',#7226,#1773);
#1377=LINE('',#7227,#1774);
#1378=LINE('',#7229,#1775);
#1379=LINE('',#7232,#1776);
#1380=LINE('',#7234,#1777);
#1381=LINE('',#7235,#1778);
#1382=LINE('',#7238,#1779);
#1383=LINE('',#7242,#1780);
#1384=LINE('',#7243,#1781);
#1385=LINE('',#7246,#1782);
#1386=LINE('',#7250,#1783);
#1387=LINE('',#7251,#1784);
#1388=LINE('',#7254,#1785);
#1389=LINE('',#7258,#1786);
#1390=LINE('',#7259,#1787);
#1391=LINE('',#7265,#1788);
#1392=LINE('',#7267,#1789);
#1393=LINE('',#7269,#1790);
#1394=LINE('',#7270,#1791);
#1395=LINE('',#7273,#1792);
#1396=LINE('',#7275,#1793);
#1397=LINE('',#7276,#1794);
#1398=LINE('',#7277,#1795);
#1399=LINE('',#7280,#1796);
#1400=LINE('',#7281,#1797);
#1401=LINE('',#7284,#1798);
#1402=LINE('',#7285,#1799);
#1403=LINE('',#7288,#1800);
#1404=LINE('',#7290,#1801);
#1405=LINE('',#7291,#1802);
#1406=LINE('',#7294,#1803);
#1407=LINE('',#7295,#1804);
#1408=LINE('',#7298,#1805);
#1409=LINE('',#7299,#1806);
#1410=LINE('',#7300,#1807);
#1411=LINE('',#7302,#1808);
#1412=LINE('',#7313,#1809);
#1413=LINE('',#7321,#1810);
#1414=LINE('',#7328,#1811);
#1415=LINE('',#7329,#1812);
#1416=LINE('',#7331,#1813);
#1417=LINE('',#7333,#1814);
#1418=LINE('',#7341,#1815);
#1419=LINE('',#7348,#1816);
#1420=LINE('',#7349,#1817);
#1421=LINE('',#7351,#1818);
#1422=LINE('',#7353,#1819);
#1423=LINE('',#7357,#1820);
#1424=LINE('',#7363,#1821);
#1425=LINE('',#7367,#1822);
#1426=LINE('',#7368,#1823);
#1427=LINE('',#7371,#1824);
#1428=LINE('',#7373,#1825);
#1429=LINE('',#7376,#1826);
#1430=LINE('',#7378,#1827);
#1431=LINE('',#7379,#1828);
#1432=LINE('',#7380,#1829);
#1433=LINE('',#7385,#1830);
#1434=LINE('',#7391,#1831);
#1435=LINE('',#7394,#1832);
#1436=LINE('',#7434,#1833);
#1437=LINE('',#7437,#1834);
#1438=LINE('',#7442,#1835);
#1439=LINE('',#7445,#1836);
#1440=LINE('',#7450,#1837);
#1441=LINE('',#7453,#1838);
#1442=LINE('',#7458,#1839);
#1443=LINE('',#7461,#1840);
#1444=LINE('',#7466,#1841);
#1445=LINE('',#7469,#1842);
#1446=LINE('',#7474,#1843);
#1447=LINE('',#7477,#1844);
#1448=LINE('',#7482,#1845);
#1449=LINE('',#7485,#1846);
#1450=LINE('',#7490,#1847);
#1451=LINE('',#7493,#1848);
#1452=LINE('',#7498,#1849);
#1453=LINE('',#7501,#1850);
#1454=LINE('',#7506,#1851);
#1455=LINE('',#7509,#1852);
#1456=LINE('',#7514,#1853);
#1457=LINE('',#7517,#1854);
#1458=LINE('',#7522,#1855);
#1459=LINE('',#7525,#1856);
#1460=LINE('',#7530,#1857);
#1461=LINE('',#7533,#1858);
#1462=LINE('',#7538,#1859);
#1463=LINE('',#7541,#1860);
#1464=LINE('',#7546,#1861);
#1465=LINE('',#7549,#1862);
#1466=LINE('',#7554,#1863);
#1467=LINE('',#7557,#1864);
#1468=LINE('',#7562,#1865);
#1469=LINE('',#7565,#1866);
#1470=LINE('',#7570,#1867);
#1471=LINE('',#7573,#1868);
#1472=LINE('',#7578,#1869);
#1473=LINE('',#7581,#1870);
#1474=LINE('',#7585,#1871);
#1475=LINE('',#7588,#1872);
#1476=LINE('',#7589,#1873);
#1477=LINE('',#7591,#1874);
#1478=VECTOR('',#4989,10.);
#1479=VECTOR('',#4990,10.);
#1480=VECTOR('',#4991,10.);
#1481=VECTOR('',#4992,10.);
#1482=VECTOR('',#4995,10.);
#1483=VECTOR('',#4996,10.);
#1484=VECTOR('',#4997,10.);
#1485=VECTOR('',#4998,10.);
#1486=VECTOR('',#5003,10.);
#1487=VECTOR('',#5006,10.);
#1488=VECTOR('',#5009,10.);
#1489=VECTOR('',#5010,10.);
#1490=VECTOR('',#5011,10.);
#1491=VECTOR('',#5014,10.);
#1492=VECTOR('',#5017,10.);
#1493=VECTOR('',#5020,10.);
#1494=VECTOR('',#5073,10.);
#1495=VECTOR('',#5076,10.);
#1496=VECTOR('',#5077,10.);
#1497=VECTOR('',#5078,10.);
#1498=VECTOR('',#5079,10.);
#1499=VECTOR('',#5080,10.);
#1500=VECTOR('',#5081,10.);
#1501=VECTOR('',#5082,10.);
#1502=VECTOR('',#5083,10.);
#1503=VECTOR('',#5084,10.);
#1504=VECTOR('',#5085,10.);
#1505=VECTOR('',#5086,10.);
#1506=VECTOR('',#5087,10.);
#1507=VECTOR('',#5088,10.);
#1508=VECTOR('',#5089,10.);
#1509=VECTOR('',#5090,10.);
#1510=VECTOR('',#5091,10.);
#1511=VECTOR('',#5092,10.);
#1512=VECTOR('',#5093,10.);
#1513=VECTOR('',#5094,10.);
#1514=VECTOR('',#5095,10.);
#1515=VECTOR('',#5098,10.);
#1516=VECTOR('',#5099,10.);
#1517=VECTOR('',#5100,10.);
#1518=VECTOR('',#5105,10.);
#1519=VECTOR('',#5108,10.);
#1520=VECTOR('',#5109,10.);
#1521=VECTOR('',#5114,10.);
#1522=VECTOR('',#5117,10.);
#1523=VECTOR('',#5118,10.);
#1524=VECTOR('',#5123,10.);
#1525=VECTOR('',#5126,10.);
#1526=VECTOR('',#5133,1.5);
#1527=VECTOR('',#5140,1.5);
#1528=VECTOR('',#5141,10.);
#1529=VECTOR('',#5142,10.);
#1530=VECTOR('',#5149,1.5);
#1531=VECTOR('',#5156,1.5);
#1532=VECTOR('',#5163,1.5);
#1533=VECTOR('',#5170,1.49999999999999);
#1534=VECTOR('',#5177,1.50000000000002);
#1535=VECTOR('',#5184,1.5);
#1536=VECTOR('',#5191,1.5);
#1537=VECTOR('',#5198,1.5);
#1538=VECTOR('',#5205,1.5);
#1539=VECTOR('',#5212,1.5);
#1540=VECTOR('',#5219,1.50000000000002);
#1541=VECTOR('',#5226,1.5);
#1542=VECTOR('',#5233,1.5);
#1543=VECTOR('',#5240,1.5);
#1544=VECTOR('',#5247,1.5);
#1545=VECTOR('',#5254,1.5);
#1546=VECTOR('',#5261,1.5);
#1547=VECTOR('',#5262,10.);
#1548=VECTOR('',#5263,10.);
#1549=VECTOR('',#5270,1.5);
#1550=VECTOR('',#5277,1.5);
#1551=VECTOR('',#5284,1.5);
#1552=VECTOR('',#5291,1.5);
#1553=VECTOR('',#5298,1.5);
#1554=VECTOR('',#5305,1.5);
#1555=VECTOR('',#5312,1.49999999999999);
#1556=VECTOR('',#5319,1.5);
#1557=VECTOR('',#5322,10.);
#1558=VECTOR('',#5325,10.);
#1559=VECTOR('',#5328,10.);
#1560=VECTOR('',#5329,10.);
#1561=VECTOR('',#5330,10.);
#1562=VECTOR('',#5333,10.);
#1563=VECTOR('',#5334,10.);
#1564=VECTOR('',#5337,10.);
#1565=VECTOR('',#5338,10.);
#1566=VECTOR('',#5339,10.);
#1567=VECTOR('',#5342,10.);
#1568=VECTOR('',#5343,10.);
#1569=VECTOR('',#5346,10.);
#1570=VECTOR('',#5347,10.);
#1571=VECTOR('',#5348,10.);
#1572=VECTOR('',#5351,10.);
#1573=VECTOR('',#5352,10.);
#1574=VECTOR('',#5355,10.);
#1575=VECTOR('',#5356,10.);
#1576=VECTOR('',#5357,10.);
#1577=VECTOR('',#5360,10.);
#1578=VECTOR('',#5361,10.);
#1579=VECTOR('',#5362,10.);
#1580=VECTOR('',#5363,10.);
#1581=VECTOR('',#5366,10.);
#1582=VECTOR('',#5367,10.);
#1583=VECTOR('',#5370,10.);
#1584=VECTOR('',#5371,10.);
#1585=VECTOR('',#5372,10.);
#1586=VECTOR('',#5375,10.);
#1587=VECTOR('',#5376,10.);
#1588=VECTOR('',#5377,10.);
#1589=VECTOR('',#5380,10.);
#1590=VECTOR('',#5381,10.);
#1591=VECTOR('',#5382,10.);
#1592=VECTOR('',#5383,10.);
#1593=VECTOR('',#5386,10.);
#1594=VECTOR('',#5389,10.);
#1595=VECTOR('',#5390,10.);
#1596=VECTOR('',#5391,10.);
#1597=VECTOR('',#5394,10.);
#1598=VECTOR('',#5397,10.);
#1599=VECTOR('',#5400,10.);
#1600=VECTOR('',#5403,10.);
#1601=VECTOR('',#5404,10.);
#1602=VECTOR('',#5407,10.);
#1603=VECTOR('',#5408,10.);
#1604=VECTOR('',#5411,10.);
#1605=VECTOR('',#5414,10.);
#1606=VECTOR('',#5415,10.);
#1607=VECTOR('',#5416,10.);
#1608=VECTOR('',#5419,10.);
#1609=VECTOR('',#5420,10.);
#1610=VECTOR('',#5423,10.);
#1611=VECTOR('',#5424,10.);
#1612=VECTOR('',#5425,10.);
#1613=VECTOR('',#5428,10.);
#1614=VECTOR('',#5429,10.);
#1615=VECTOR('',#5432,10.);
#1616=VECTOR('',#5433,10.);
#1617=VECTOR('',#5436,10.);
#1618=VECTOR('',#5439,10.);
#1619=VECTOR('',#5440,10.);
#1620=VECTOR('',#5443,10.);
#1621=VECTOR('',#5446,10.);
#1622=VECTOR('',#5449,10.);
#1623=VECTOR('',#5450,10.);
#1624=VECTOR('',#5453,10.);
#1625=VECTOR('',#5460,0.999999999999996);
#1626=VECTOR('',#5467,0.999999999999996);
#1627=VECTOR('',#5472,10.);
#1628=VECTOR('',#5473,10.);
#1629=VECTOR('',#5474,10.);
#1630=VECTOR('',#5475,10.);
#1631=VECTOR('',#5478,10.);
#1632=VECTOR('',#5479,10.);
#1633=VECTOR('',#5480,10.);
#1634=VECTOR('',#5483,10.);
#1635=VECTOR('',#5484,10.);
#1636=VECTOR('',#5485,10.);
#1637=VECTOR('',#5488,10.);
#1638=VECTOR('',#5489,10.);
#1639=VECTOR('',#5500,0.999999999999996);
#1640=VECTOR('',#5507,0.999999999999996);
#1641=VECTOR('',#5512,10.);
#1642=VECTOR('',#5513,10.);
#1643=VECTOR('',#5514,10.);
#1644=VECTOR('',#5515,10.);
#1645=VECTOR('',#5518,10.);
#1646=VECTOR('',#5519,10.);
#1647=VECTOR('',#5520,10.);
#1648=VECTOR('',#5523,10.);
#1649=VECTOR('',#5524,10.);
#1650=VECTOR('',#5525,10.);
#1651=VECTOR('',#5526,10.);
#1652=VECTOR('',#5527,10.);
#1653=VECTOR('',#5528,10.);
#1654=VECTOR('',#5529,10.);
#1655=VECTOR('',#5532,10.);
#1656=VECTOR('',#5533,10.);
#1657=VECTOR('',#5544,1.00000000000001);
#1658=VECTOR('',#5551,0.999999999999996);
#1659=VECTOR('',#5556,10.);
#1660=VECTOR('',#5557,10.);
#1661=VECTOR('',#5558,10.);
#1662=VECTOR('',#5559,10.);
#1663=VECTOR('',#5562,10.);
#1664=VECTOR('',#5563,10.);
#1665=VECTOR('',#5564,10.);
#1666=VECTOR('',#5567,10.);
#1667=VECTOR('',#5568,10.);
#1668=VECTOR('',#5569,10.);
#1669=VECTOR('',#5572,10.);
#1670=VECTOR('',#5573,10.);
#1671=VECTOR('',#5584,0.999999999999996);
#1672=VECTOR('',#5591,0.999999999999996);
#1673=VECTOR('',#5596,10.);
#1674=VECTOR('',#5597,10.);
#1675=VECTOR('',#5598,10.);
#1676=VECTOR('',#5599,10.);
#1677=VECTOR('',#5602,10.);
#1678=VECTOR('',#5603,10.);
#1679=VECTOR('',#5604,10.);
#1680=VECTOR('',#5607,10.);
#1681=VECTOR('',#5608,10.);
#1682=VECTOR('',#5609,10.);
#1683=VECTOR('',#5612,10.);
#1684=VECTOR('',#5613,10.);
#1685=VECTOR('',#5624,10.);
#1686=VECTOR('',#5627,10.);
#1687=VECTOR('',#5630,10.);
#1688=VECTOR('',#5631,10.);
#1689=VECTOR('',#5632,10.);
#1690=VECTOR('',#5633,10.);
#1691=VECTOR('',#5636,10.);
#1692=VECTOR('',#5639,10.);
#1693=VECTOR('',#5644,10.);
#1694=VECTOR('',#5647,10.);
#1695=VECTOR('',#5652,10.);
#1696=VECTOR('',#5653,10.);
#1697=VECTOR('',#5654,10.);
#1698=VECTOR('',#5657,10.);
#1699=VECTOR('',#5664,10.);
#1700=VECTOR('',#5665,10.);
#1701=VECTOR('',#5666,10.);
#1702=VECTOR('',#5671,10.);
#1703=VECTOR('',#5676,10.);
#1704=VECTOR('',#5677,10.);
#1705=VECTOR('',#5678,10.);
#1706=VECTOR('',#5681,10.);
#1707=VECTOR('',#5688,10.);
#1708=VECTOR('',#5689,10.);
#1709=VECTOR('',#5690,10.);
#1710=VECTOR('',#5693,10.);
#1711=VECTOR('',#5694,10.);
#1712=VECTOR('',#5695,10.);
#1713=VECTOR('',#5704,10.);
#1714=VECTOR('',#5705,10.);
#1715=VECTOR('',#5706,10.);
#1716=VECTOR('',#5709,10.);
#1717=VECTOR('',#5710,10.);
#1718=VECTOR('',#5711,10.);
#1719=VECTOR('',#5720,10.);
#1720=VECTOR('',#5721,10.);
#1721=VECTOR('',#5722,10.);
#1722=VECTOR('',#5723,10.);
#1723=VECTOR('',#5724,10.);
#1724=VECTOR('',#5727,10.);
#1725=VECTOR('',#5730,10.);
#1726=VECTOR('',#5733,10.);
#1727=VECTOR('',#5736,10.);
#1728=VECTOR('',#5737,10.);
#1729=VECTOR('',#5738,10.);
#1730=VECTOR('',#5739,10.);
#1731=VECTOR('',#5740,10.);
#1732=VECTOR('',#5743,10.);
#1733=VECTOR('',#5744,10.);
#1734=VECTOR('',#5745,10.);
#1735=VECTOR('',#5750,10.);
#1736=VECTOR('',#5757,10.);
#1737=VECTOR('',#5760,10.);
#1738=VECTOR('',#5763,10.);
#1739=VECTOR('',#5764,10.);
#1740=VECTOR('',#5765,10.);
#1741=VECTOR('',#5770,10.);
#1742=VECTOR('',#5777,10.);
#1743=VECTOR('',#5780,10.);
#1744=VECTOR('',#5785,1.50000000000002);
#1745=VECTOR('',#5792,1.40000000000002);
#1746=VECTOR('',#5797,1.5);
#1747=VECTOR('',#5804,1.40000000000001);
#1748=VECTOR('',#5809,1.5);
#1749=VECTOR('',#5816,1.40000000000001);
#1750=VECTOR('',#5821,1.5);
#1751=VECTOR('',#5828,1.40000000000001);
#1752=VECTOR('',#5833,1.5);
#1753=VECTOR('',#5840,1.40000000000001);
#1754=VECTOR('',#5845,1.5);
#1755=VECTOR('',#5852,1.40000000000001);
#1756=VECTOR('',#5857,1.5);
#1757=VECTOR('',#5864,1.40000000000001);
#1758=VECTOR('',#5869,1.50000000000002);
#1759=VECTOR('',#5874,10.);
#1760=VECTOR('',#5875,10.);
#1761=VECTOR('',#5876,10.);
#1762=VECTOR('',#5881,1.40000000000002);
#1763=VECTOR('',#5884,10.);
#1764=VECTOR('',#5885,10.);
#1765=VECTOR('',#5886,10.);
#1766=VECTOR('',#5887,10.);
#1767=VECTOR('',#5888,10.);
#1768=VECTOR('',#5895,10.);
#1769=VECTOR('',#5896,10.);
#1770=VECTOR('',#5897,10.);
#1771=VECTOR('',#5900,10.);
#1772=VECTOR('',#5901,10.);
#1773=VECTOR('',#5904,10.);
#1774=VECTOR('',#5905,10.);
#1775=VECTOR('',#5908,10.);
#1776=VECTOR('',#5911,10.);
#1777=VECTOR('',#5912,10.);
#1778=VECTOR('',#5913,10.);
#1779=VECTOR('',#5916,10.);
#1780=VECTOR('',#5921,10.);
#1781=VECTOR('',#5922,10.);
#1782=VECTOR('',#5925,10.);
#1783=VECTOR('',#5930,10.);
#1784=VECTOR('',#5931,10.);
#1785=VECTOR('',#5934,10.);
#1786=VECTOR('',#5939,10.);
#1787=VECTOR('',#5940,10.);
#1788=VECTOR('',#5947,10.);
#1789=VECTOR('',#5948,10.);
#1790=VECTOR('',#5949,10.);
#1791=VECTOR('',#5950,10.);
#1792=VECTOR('',#5953,10.);
#1793=VECTOR('',#5954,10.);
#1794=VECTOR('',#5955,10.);
#1795=VECTOR('',#5956,10.);
#1796=VECTOR('',#5959,10.);
#1797=VECTOR('',#5960,10.);
#1798=VECTOR('',#5963,10.);
#1799=VECTOR('',#5964,10.);
#1800=VECTOR('',#5967,10.);
#1801=VECTOR('',#5968,10.);
#1802=VECTOR('',#5969,10.);
#1803=VECTOR('',#5972,10.);
#1804=VECTOR('',#5973,10.);
#1805=VECTOR('',#5976,10.);
#1806=VECTOR('',#5977,10.);
#1807=VECTOR('',#5978,10.);
#1808=VECTOR('',#5981,10.);
#1809=VECTOR('',#5998,0.999999999999996);
#1810=VECTOR('',#6007,10.);
#1811=VECTOR('',#6014,10.);
#1812=VECTOR('',#6015,10.);
#1813=VECTOR('',#6018,10.);
#1814=VECTOR('',#6021,0.999999999999996);
#1815=VECTOR('',#6030,10.);
#1816=VECTOR('',#6037,10.);
#1817=VECTOR('',#6038,10.);
#1818=VECTOR('',#6041,10.);
#1819=VECTOR('',#6044,0.999999999999996);
#1820=VECTOR('',#6047,10.);
#1821=VECTOR('',#6054,10.);
#1822=VECTOR('',#6059,10.);
#1823=VECTOR('',#6060,10.);
#1824=VECTOR('',#6065,0.999999999999996);
#1825=VECTOR('',#6068,10.);
#1826=VECTOR('',#6071,10.);
#1827=VECTOR('',#6072,10.);
#1828=VECTOR('',#6073,10.);
#1829=VECTOR('',#6074,10.);
#1830=VECTOR('',#6079,1.40000000000001);
#1831=VECTOR('',#6086,10.);
#1832=VECTOR('',#6089,10.);
#1833=VECTOR('',#6130,1.5);
#1834=VECTOR('',#6133,1.39999999999999);
#1835=VECTOR('',#6140,1.49999999999999);
#1836=VECTOR('',#6143,1.4);
#1837=VECTOR('',#6150,1.5);
#1838=VECTOR('',#6153,1.40000000000001);
#1839=VECTOR('',#6160,1.5);
#1840=VECTOR('',#6163,1.40000000000001);
#1841=VECTOR('',#6170,1.5);
#1842=VECTOR('',#6173,1.40000000000001);
#1843=VECTOR('',#6180,1.5);
#1844=VECTOR('',#6183,1.4);
#1845=VECTOR('',#6190,1.5);
#1846=VECTOR('',#6193,1.4);
#1847=VECTOR('',#6200,1.5);
#1848=VECTOR('',#6203,1.4);
#1849=VECTOR('',#6210,1.5);
#1850=VECTOR('',#6213,1.4);
#1851=VECTOR('',#6220,1.5);
#1852=VECTOR('',#6223,1.4);
#1853=VECTOR('',#6230,1.5);
#1854=VECTOR('',#6233,1.4);
#1855=VECTOR('',#6240,1.5);
#1856=VECTOR('',#6243,1.4);
#1857=VECTOR('',#6250,1.5);
#1858=VECTOR('',#6253,1.4);
#1859=VECTOR('',#6260,1.5);
#1860=VECTOR('',#6263,1.40000000000001);
#1861=VECTOR('',#6270,1.5);
#1862=VECTOR('',#6273,1.40000000000001);
#1863=VECTOR('',#6280,1.5);
#1864=VECTOR('',#6283,1.40000000000001);
#1865=VECTOR('',#6290,1.5);
#1866=VECTOR('',#6293,1.40000000000001);
#1867=VECTOR('',#6300,1.5);
#1868=VECTOR('',#6303,1.39999999999999);
#1869=VECTOR('',#6310,1.49999999999999);
#1870=VECTOR('',#6313,10.);
#1871=VECTOR('',#6316,10.);
#1872=VECTOR('',#6321,10.);
#1873=VECTOR('',#6322,10.);
#1874=VECTOR('',#6325,10.);
#1875=VERTEX_POINT('',#6332);
#1876=VERTEX_POINT('',#6333);
#1877=VERTEX_POINT('',#6335);
#1878=VERTEX_POINT('',#6337);
#1879=VERTEX_POINT('',#6341);
#1880=VERTEX_POINT('',#6342);
#1881=VERTEX_POINT('',#6344);
#1882=VERTEX_POINT('',#6346);
#1883=VERTEX_POINT('',#6350);
#1884=VERTEX_POINT('',#6351);
#1885=VERTEX_POINT('',#6353);
#1886=VERTEX_POINT('',#6355);
#1887=VERTEX_POINT('',#6359);
#1888=VERTEX_POINT('',#6361);
#1889=VERTEX_POINT('',#6365);
#1890=VERTEX_POINT('',#6367);
#1891=VERTEX_POINT('',#6369);
#1892=VERTEX_POINT('',#6371);
#1893=VERTEX_POINT('',#6373);
#1894=VERTEX_POINT('',#6376);
#1895=VERTEX_POINT('',#6378);
#1896=VERTEX_POINT('',#6380);
#1897=VERTEX_POINT('',#6382);
#1898=VERTEX_POINT('',#6384);
#1899=VERTEX_POINT('',#6386);
#1900=VERTEX_POINT('',#6388);
#1901=VERTEX_POINT('',#6390);
#1902=VERTEX_POINT('',#6392);
#1903=VERTEX_POINT('',#6394);
#1904=VERTEX_POINT('',#6396);
#1905=VERTEX_POINT('',#6398);
#1906=VERTEX_POINT('',#6400);
#1907=VERTEX_POINT('',#6402);
#1908=VERTEX_POINT('',#6404);
#1909=VERTEX_POINT('',#6406);
#1910=VERTEX_POINT('',#6408);
#1911=VERTEX_POINT('',#6410);
#1912=VERTEX_POINT('',#6412);
#1913=VERTEX_POINT('',#6414);
#1914=VERTEX_POINT('',#6416);
#1915=VERTEX_POINT('',#6418);
#1916=VERTEX_POINT('',#6420);
#1917=VERTEX_POINT('',#6422);
#1918=VERTEX_POINT('',#6424);
#1919=VERTEX_POINT('',#6426);
#1920=VERTEX_POINT('',#6427);
#1921=VERTEX_POINT('',#6431);
#1922=VERTEX_POINT('',#6433);
#1923=VERTEX_POINT('',#6435);
#1924=VERTEX_POINT('',#6437);
#1925=VERTEX_POINT('',#6439);
#1926=VERTEX_POINT('',#6441);
#1927=VERTEX_POINT('',#6443);
#1928=VERTEX_POINT('',#6445);
#1929=VERTEX_POINT('',#6447);
#1930=VERTEX_POINT('',#6449);
#1931=VERTEX_POINT('',#6451);
#1932=VERTEX_POINT('',#6453);
#1933=VERTEX_POINT('',#6455);
#1934=VERTEX_POINT('',#6457);
#1935=VERTEX_POINT('',#6459);
#1936=VERTEX_POINT('',#6461);
#1937=VERTEX_POINT('',#6463);
#1938=VERTEX_POINT('',#6465);
#1939=VERTEX_POINT('',#6467);
#1940=VERTEX_POINT('',#6471);
#1941=VERTEX_POINT('',#6475);
#1942=VERTEX_POINT('',#6479);
#1943=VERTEX_POINT('',#6483);
#1944=VERTEX_POINT('',#6487);
#1945=VERTEX_POINT('',#6491);
#1946=VERTEX_POINT('',#6497);
#1947=VERTEX_POINT('',#6502);
#1948=VERTEX_POINT('',#6505);
#1949=VERTEX_POINT('',#6510);
#1950=VERTEX_POINT('',#6515);
#1951=VERTEX_POINT('',#6520);
#1952=VERTEX_POINT('',#6525);
#1953=VERTEX_POINT('',#6530);
#1954=VERTEX_POINT('',#6535);
#1955=VERTEX_POINT('',#6540);
#1956=VERTEX_POINT('',#6545);
#1957=VERTEX_POINT('',#6550);
#1958=VERTEX_POINT('',#6555);
#1959=VERTEX_POINT('',#6560);
#1960=VERTEX_POINT('',#6565);
#1961=VERTEX_POINT('',#6570);
#1962=VERTEX_POINT('',#6575);
#1963=VERTEX_POINT('',#6580);
#1964=VERTEX_POINT('',#6585);
#1965=VERTEX_POINT('',#6590);
#1966=VERTEX_POINT('',#6593);
#1967=VERTEX_POINT('',#6598);
#1968=VERTEX_POINT('',#6603);
#1969=VERTEX_POINT('',#6608);
#1970=VERTEX_POINT('',#6613);
#1971=VERTEX_POINT('',#6618);
#1972=VERTEX_POINT('',#6623);
#1973=VERTEX_POINT('',#6628);
#1974=VERTEX_POINT('',#6633);
#1975=VERTEX_POINT('',#6642);
#1976=VERTEX_POINT('',#6644);
#1977=VERTEX_POINT('',#6648);
#1978=VERTEX_POINT('',#6652);
#1979=VERTEX_POINT('',#6654);
#1980=VERTEX_POINT('',#6658);
#1981=VERTEX_POINT('',#6662);
#1982=VERTEX_POINT('',#6664);
#1983=VERTEX_POINT('',#6668);
#1984=VERTEX_POINT('',#6672);
#1985=VERTEX_POINT('',#6674);
#1986=VERTEX_POINT('',#6678);
#1987=VERTEX_POINT('',#6680);
#1988=VERTEX_POINT('',#6682);
#1989=VERTEX_POINT('',#6686);
#1990=VERTEX_POINT('',#6690);
#1991=VERTEX_POINT('',#6692);
#1992=VERTEX_POINT('',#6696);
#1993=VERTEX_POINT('',#6698);
#1994=VERTEX_POINT('',#6702);
#1995=VERTEX_POINT('',#6703);
#1996=VERTEX_POINT('',#6705);
#1997=VERTEX_POINT('',#6707);
#1998=VERTEX_POINT('',#6713);
#1999=VERTEX_POINT('',#6715);
#2000=VERTEX_POINT('',#6725);
#2001=VERTEX_POINT('',#6729);
#2002=VERTEX_POINT('',#6735);
#2003=VERTEX_POINT('',#6737);
#2004=VERTEX_POINT('',#6741);
#2005=VERTEX_POINT('',#6745);
#2006=VERTEX_POINT('',#6746);
#2007=VERTEX_POINT('',#6751);
#2008=VERTEX_POINT('',#6755);
#2009=VERTEX_POINT('',#6761);
#2010=VERTEX_POINT('',#6769);
#2011=VERTEX_POINT('',#6776);
#2012=VERTEX_POINT('',#6778);
#2013=VERTEX_POINT('',#6782);
#2014=VERTEX_POINT('',#6784);
#2015=VERTEX_POINT('',#6788);
#2016=VERTEX_POINT('',#6789);
#2017=VERTEX_POINT('',#6791);
#2018=VERTEX_POINT('',#6793);
#2019=VERTEX_POINT('',#6797);
#2020=VERTEX_POINT('',#6799);
#2021=VERTEX_POINT('',#6803);
#2022=VERTEX_POINT('',#6805);
#2023=VERTEX_POINT('',#6815);
#2024=VERTEX_POINT('',#6817);
#2025=VERTEX_POINT('',#6821);
#2026=VERTEX_POINT('',#6823);
#2027=VERTEX_POINT('',#6827);
#2028=VERTEX_POINT('',#6828);
#2029=VERTEX_POINT('',#6830);
#2030=VERTEX_POINT('',#6832);
#2031=VERTEX_POINT('',#6836);
#2032=VERTEX_POINT('',#6838);
#2033=VERTEX_POINT('',#6842);
#2034=VERTEX_POINT('',#6843);
#2035=VERTEX_POINT('',#6846);
#2036=VERTEX_POINT('',#6848);
#2037=VERTEX_POINT('',#6850);
#2038=VERTEX_POINT('',#6852);
#2039=VERTEX_POINT('',#6862);
#2040=VERTEX_POINT('',#6864);
#2041=VERTEX_POINT('',#6868);
#2042=VERTEX_POINT('',#6870);
#2043=VERTEX_POINT('',#6874);
#2044=VERTEX_POINT('',#6875);
#2045=VERTEX_POINT('',#6877);
#2046=VERTEX_POINT('',#6879);
#2047=VERTEX_POINT('',#6883);
#2048=VERTEX_POINT('',#6885);
#2049=VERTEX_POINT('',#6889);
#2050=VERTEX_POINT('',#6891);
#2051=VERTEX_POINT('',#6901);
#2052=VERTEX_POINT('',#6903);
#2053=VERTEX_POINT('',#6907);
#2054=VERTEX_POINT('',#6909);
#2055=VERTEX_POINT('',#6913);
#2056=VERTEX_POINT('',#6914);
#2057=VERTEX_POINT('',#6916);
#2058=VERTEX_POINT('',#6918);
#2059=VERTEX_POINT('',#6922);
#2060=VERTEX_POINT('',#6924);
#2061=VERTEX_POINT('',#6928);
#2062=VERTEX_POINT('',#6930);
#2063=VERTEX_POINT('',#6940);
#2064=VERTEX_POINT('',#6941);
#2065=VERTEX_POINT('',#6943);
#2066=VERTEX_POINT('',#6945);
#2067=VERTEX_POINT('',#6949);
#2068=VERTEX_POINT('',#6950);
#2069=VERTEX_POINT('',#6952);
#2070=VERTEX_POINT('',#6954);
#2071=VERTEX_POINT('',#6958);
#2072=VERTEX_POINT('',#6959);
#2073=VERTEX_POINT('',#6961);
#2074=VERTEX_POINT('',#6963);
#2075=VERTEX_POINT('',#6967);
#2076=VERTEX_POINT('',#6968);
#2077=VERTEX_POINT('',#6970);
#2078=VERTEX_POINT('',#6972);
#2079=VERTEX_POINT('',#6976);
#2080=VERTEX_POINT('',#6977);
#2081=VERTEX_POINT('',#6982);
#2082=VERTEX_POINT('',#6983);
#2083=VERTEX_POINT('',#6988);
#2084=VERTEX_POINT('',#6989);
#2085=VERTEX_POINT('',#6994);
#2086=VERTEX_POINT('',#6996);
#2087=VERTEX_POINT('',#7000);
#2088=VERTEX_POINT('',#7001);
#2089=VERTEX_POINT('',#7006);
#2090=VERTEX_POINT('',#7007);
#2091=VERTEX_POINT('',#7012);
#2092=VERTEX_POINT('',#7013);
#2093=VERTEX_POINT('',#7018);
#2094=VERTEX_POINT('',#7019);
#2095=VERTEX_POINT('',#7027);
#2096=VERTEX_POINT('',#7028);
#2097=VERTEX_POINT('',#7033);
#2098=VERTEX_POINT('',#7034);
#2099=VERTEX_POINT('',#7042);
#2100=VERTEX_POINT('',#7043);
#2101=VERTEX_POINT('',#7046);
#2102=VERTEX_POINT('',#7048);
#2103=VERTEX_POINT('',#7051);
#2104=VERTEX_POINT('',#7052);
#2105=VERTEX_POINT('',#7054);
#2106=VERTEX_POINT('',#7056);
#2107=VERTEX_POINT('',#7058);
#2108=VERTEX_POINT('',#7060);
#2109=VERTEX_POINT('',#7062);
#2110=VERTEX_POINT('',#7064);
#2111=VERTEX_POINT('',#7067);
#2112=VERTEX_POINT('',#7068);
#2113=VERTEX_POINT('',#7070);
#2114=VERTEX_POINT('',#7072);
#2115=VERTEX_POINT('',#7076);
#2116=VERTEX_POINT('',#7077);
#2117=VERTEX_POINT('',#7082);
#2118=VERTEX_POINT('',#7084);
#2119=VERTEX_POINT('',#7088);
#2120=VERTEX_POINT('',#7089);
#2121=VERTEX_POINT('',#7091);
#2122=VERTEX_POINT('',#7093);
#2123=VERTEX_POINT('',#7097);
#2124=VERTEX_POINT('',#7098);
#2125=VERTEX_POINT('',#7103);
#2126=VERTEX_POINT('',#7105);
#2127=VERTEX_POINT('',#7109);
#2128=VERTEX_POINT('',#7110);
#2129=VERTEX_POINT('',#7112);
#2130=VERTEX_POINT('',#7114);
#2131=VERTEX_POINT('',#7118);
#2132=VERTEX_POINT('',#7120);
#2133=VERTEX_POINT('',#7124);
#2134=VERTEX_POINT('',#7128);
#2135=VERTEX_POINT('',#7130);
#2136=VERTEX_POINT('',#7134);
#2137=VERTEX_POINT('',#7138);
#2138=VERTEX_POINT('',#7140);
#2139=VERTEX_POINT('',#7144);
#2140=VERTEX_POINT('',#7148);
#2141=VERTEX_POINT('',#7150);
#2142=VERTEX_POINT('',#7154);
#2143=VERTEX_POINT('',#7158);
#2144=VERTEX_POINT('',#7160);
#2145=VERTEX_POINT('',#7164);
#2146=VERTEX_POINT('',#7168);
#2147=VERTEX_POINT('',#7170);
#2148=VERTEX_POINT('',#7174);
#2149=VERTEX_POINT('',#7178);
#2150=VERTEX_POINT('',#7180);
#2151=VERTEX_POINT('',#7184);
#2152=VERTEX_POINT('',#7188);
#2153=VERTEX_POINT('',#7190);
#2154=VERTEX_POINT('',#7197);
#2155=VERTEX_POINT('',#7202);
#2156=VERTEX_POINT('',#7203);
#2157=VERTEX_POINT('',#7205);
#2158=VERTEX_POINT('',#7207);
#2159=VERTEX_POINT('',#7212);
#2160=VERTEX_POINT('',#7215);
#2161=VERTEX_POINT('',#7217);
#2162=VERTEX_POINT('',#7221);
#2163=VERTEX_POINT('',#7225);
#2164=VERTEX_POINT('',#7231);
#2165=VERTEX_POINT('',#7233);
#2166=VERTEX_POINT('',#7237);
#2167=VERTEX_POINT('',#7241);
#2168=VERTEX_POINT('',#7245);
#2169=VERTEX_POINT('',#7249);
#2170=VERTEX_POINT('',#7253);
#2171=VERTEX_POINT('',#7257);
#2172=VERTEX_POINT('',#7263);
#2173=VERTEX_POINT('',#7264);
#2174=VERTEX_POINT('',#7266);
#2175=VERTEX_POINT('',#7268);
#2176=VERTEX_POINT('',#7272);
#2177=VERTEX_POINT('',#7274);
#2178=VERTEX_POINT('',#7279);
#2179=VERTEX_POINT('',#7283);
#2180=VERTEX_POINT('',#7287);
#2181=VERTEX_POINT('',#7289);
#2182=VERTEX_POINT('',#7293);
#2183=VERTEX_POINT('',#7297);
#2184=VERTEX_POINT('',#7304);
#2185=VERTEX_POINT('',#7308);
#2186=VERTEX_POINT('',#7315);
#2187=VERTEX_POINT('',#7318);
#2188=VERTEX_POINT('',#7319);
#2189=VERTEX_POINT('',#7322);
#2190=VERTEX_POINT('',#7325);
#2191=VERTEX_POINT('',#7326);
#2192=VERTEX_POINT('',#7335);
#2193=VERTEX_POINT('',#7338);
#2194=VERTEX_POINT('',#7339);
#2195=VERTEX_POINT('',#7342);
#2196=VERTEX_POINT('',#7345);
#2197=VERTEX_POINT('',#7346);
#2198=VERTEX_POINT('',#7355);
#2199=VERTEX_POINT('',#7356);
#2200=VERTEX_POINT('',#7360);
#2201=VERTEX_POINT('',#7361);
#2202=VERTEX_POINT('',#7364);
#2203=VERTEX_POINT('',#7375);
#2204=VERTEX_POINT('',#7377);
#2205=VERTEX_POINT('',#7382);
#2206=VERTEX_POINT('',#7384);
#2207=VERTEX_POINT('',#7388);
#2208=VERTEX_POINT('',#7390);
#2209=VERTEX_POINT('',#7392);
#2210=VERTEX_POINT('',#7395);
#2211=VERTEX_POINT('',#7397);
#2212=VERTEX_POINT('',#7399);
#2213=VERTEX_POINT('',#7401);
#2214=VERTEX_POINT('',#7403);
#2215=VERTEX_POINT('',#7405);
#2216=VERTEX_POINT('',#7407);
#2217=VERTEX_POINT('',#7409);
#2218=VERTEX_POINT('',#7411);
#2219=VERTEX_POINT('',#7413);
#2220=VERTEX_POINT('',#7415);
#2221=VERTEX_POINT('',#7417);
#2222=VERTEX_POINT('',#7419);
#2223=VERTEX_POINT('',#7421);
#2224=VERTEX_POINT('',#7423);
#2225=VERTEX_POINT('',#7425);
#2226=VERTEX_POINT('',#7427);
#2227=VERTEX_POINT('',#7429);
#2228=VERTEX_POINT('',#7432);
#2229=VERTEX_POINT('',#7436);
#2230=VERTEX_POINT('',#7440);
#2231=VERTEX_POINT('',#7444);
#2232=VERTEX_POINT('',#7448);
#2233=VERTEX_POINT('',#7452);
#2234=VERTEX_POINT('',#7456);
#2235=VERTEX_POINT('',#7460);
#2236=VERTEX_POINT('',#7464);
#2237=VERTEX_POINT('',#7468);
#2238=VERTEX_POINT('',#7472);
#2239=VERTEX_POINT('',#7476);
#2240=VERTEX_POINT('',#7480);
#2241=VERTEX_POINT('',#7484);
#2242=VERTEX_POINT('',#7488);
#2243=VERTEX_POINT('',#7492);
#2244=VERTEX_POINT('',#7496);
#2245=VERTEX_POINT('',#7500);
#2246=VERTEX_POINT('',#7504);
#2247=VERTEX_POINT('',#7508);
#2248=VERTEX_POINT('',#7512);
#2249=VERTEX_POINT('',#7516);
#2250=VERTEX_POINT('',#7520);
#2251=VERTEX_POINT('',#7524);
#2252=VERTEX_POINT('',#7528);
#2253=VERTEX_POINT('',#7532);
#2254=VERTEX_POINT('',#7536);
#2255=VERTEX_POINT('',#7540);
#2256=VERTEX_POINT('',#7544);
#2257=VERTEX_POINT('',#7548);
#2258=VERTEX_POINT('',#7552);
#2259=VERTEX_POINT('',#7556);
#2260=VERTEX_POINT('',#7560);
#2261=VERTEX_POINT('',#7564);
#2262=VERTEX_POINT('',#7568);
#2263=VERTEX_POINT('',#7572);
#2264=VERTEX_POINT('',#7576);
#2265=VERTEX_POINT('',#7580);
#2266=VERTEX_POINT('',#7582);
#2267=VERTEX_POINT('',#7584);
#2268=EDGE_CURVE('',#1875,#1876,#1081,.T.);
#2269=EDGE_CURVE('',#1877,#1875,#1082,.T.);
#2270=EDGE_CURVE('',#1878,#1877,#1083,.T.);
#2271=EDGE_CURVE('',#1876,#1878,#1084,.T.);
#2272=EDGE_CURVE('',#1879,#1880,#1085,.T.);
#2273=EDGE_CURVE('',#1881,#1879,#1086,.T.);
#2274=EDGE_CURVE('',#1882,#1881,#1087,.T.);
#2275=EDGE_CURVE('',#1880,#1882,#1088,.T.);
#2276=EDGE_CURVE('',#1883,#1884,#149,.T.);
#2277=EDGE_CURVE('',#1884,#1885,#1089,.T.);
#2278=EDGE_CURVE('',#1885,#1886,#150,.T.);
#2279=EDGE_CURVE('',#1886,#1883,#1090,.T.);
#2280=EDGE_CURVE('',#1886,#1887,#1091,.T.);
#2281=EDGE_CURVE('',#1888,#1887,#1092,.T.);
#2282=EDGE_CURVE('',#1883,#1888,#1093,.T.);
#2283=EDGE_CURVE('',#1889,#1885,#1094,.T.);
#2284=EDGE_CURVE('',#1890,#1889,#151,.T.);
#2285=EDGE_CURVE('',#1891,#1890,#1095,.T.);
#2286=EDGE_CURVE('',#1892,#1891,#152,.T.);
#2287=EDGE_CURVE('',#1893,#1892,#1096,.T.);
#2288=EDGE_CURVE('',#1887,#1893,#153,.T.);
#2289=EDGE_CURVE('',#1894,#1894,#154,.T.);
#2290=EDGE_CURVE('',#1895,#1895,#155,.T.);
#2291=EDGE_CURVE('',#1896,#1896,#156,.T.);
#2292=EDGE_CURVE('',#1897,#1897,#157,.T.);
#2293=EDGE_CURVE('',#1898,#1898,#158,.T.);
#2294=EDGE_CURVE('',#1899,#1899,#159,.T.);
#2295=EDGE_CURVE('',#1900,#1900,#160,.T.);
#2296=EDGE_CURVE('',#1901,#1901,#161,.T.);
#2297=EDGE_CURVE('',#1902,#1902,#162,.T.);
#2298=EDGE_CURVE('',#1903,#1903,#163,.T.);
#2299=EDGE_CURVE('',#1904,#1904,#164,.T.);
#2300=EDGE_CURVE('',#1905,#1905,#165,.T.);
#2301=EDGE_CURVE('',#1906,#1906,#166,.T.);
#2302=EDGE_CURVE('',#1907,#1907,#167,.T.);
#2303=EDGE_CURVE('',#1908,#1908,#168,.T.);
#2304=EDGE_CURVE('',#1909,#1909,#169,.T.);
#2305=EDGE_CURVE('',#1910,#1910,#170,.T.);
#2306=EDGE_CURVE('',#1911,#1911,#171,.T.);
#2307=EDGE_CURVE('',#1912,#1912,#172,.T.);
#2308=EDGE_CURVE('',#1913,#1913,#173,.T.);
#2309=EDGE_CURVE('',#1914,#1914,#174,.T.);
#2310=EDGE_CURVE('',#1915,#1915,#175,.T.);
#2311=EDGE_CURVE('',#1916,#1916,#176,.T.);
#2312=EDGE_CURVE('',#1917,#1917,#177,.T.);
#2313=EDGE_CURVE('',#1918,#1918,#178,.T.);
#2314=EDGE_CURVE('',#1919,#1920,#1097,.T.);
#2315=EDGE_CURVE('',#1919,#1919,#179,.T.);
#2316=EDGE_CURVE('',#1919,#1875,#1098,.T.);
#2317=EDGE_CURVE('',#1876,#1921,#1099,.T.);
#2318=EDGE_CURVE('',#1922,#1921,#1100,.T.);
#2319=EDGE_CURVE('',#1923,#1922,#1101,.T.);
#2320=EDGE_CURVE('',#1924,#1923,#1102,.T.);
#2321=EDGE_CURVE('',#1925,#1924,#1103,.T.);
#2322=EDGE_CURVE('',#1926,#1925,#1104,.T.);
#2323=EDGE_CURVE('',#1927,#1926,#1105,.T.);
#2324=EDGE_CURVE('',#1928,#1927,#1106,.T.);
#2325=EDGE_CURVE('',#1929,#1928,#1107,.T.);
#2326=EDGE_CURVE('',#1930,#1929,#1108,.T.);
#2327=EDGE_CURVE('',#1931,#1930,#1109,.T.);
#2328=EDGE_CURVE('',#1932,#1931,#1110,.T.);
#2329=EDGE_CURVE('',#1933,#1932,#1111,.T.);
#2330=EDGE_CURVE('',#1934,#1933,#1112,.T.);
#2331=EDGE_CURVE('',#1935,#1934,#1113,.T.);
#2332=EDGE_CURVE('',#1936,#1935,#1114,.T.);
#2333=EDGE_CURVE('',#1937,#1936,#1115,.T.);
#2334=EDGE_CURVE('',#1938,#1937,#1116,.T.);
#2335=EDGE_CURVE('',#1939,#1938,#1117,.T.);
#2336=EDGE_CURVE('',#1939,#1939,#180,.T.);
#2337=EDGE_CURVE('',#1939,#1879,#1118,.T.);
#2338=EDGE_CURVE('',#1880,#1940,#1119,.T.);
#2339=EDGE_CURVE('',#1920,#1940,#1120,.T.);
#2340=EDGE_CURVE('',#1941,#1888,#181,.T.);
#2341=EDGE_CURVE('',#1893,#1941,#1121,.T.);
#2342=EDGE_CURVE('',#1942,#1892,#1122,.T.);
#2343=EDGE_CURVE('',#1941,#1942,#1123,.T.);
#2344=EDGE_CURVE('',#1943,#1942,#182,.T.);
#2345=EDGE_CURVE('',#1891,#1943,#1124,.T.);
#2346=EDGE_CURVE('',#1944,#1890,#1125,.T.);
#2347=EDGE_CURVE('',#1943,#1944,#1126,.T.);
#2348=EDGE_CURVE('',#1945,#1944,#183,.T.);
#2349=EDGE_CURVE('',#1889,#1945,#1127,.T.);
#2350=EDGE_CURVE('',#1945,#1884,#1128,.T.);
#2351=EDGE_CURVE('',#1946,#1946,#184,.T.);
#2352=EDGE_CURVE('',#1946,#1894,#1129,.T.);
#2353=EDGE_CURVE('',#1947,#1947,#185,.T.);
#2354=EDGE_CURVE('',#1947,#1948,#1130,.T.);
#2355=EDGE_CURVE('',#1948,#1919,#1131,.T.);
#2356=EDGE_CURVE('',#1948,#1919,#1132,.T.);
#2357=EDGE_CURVE('',#1949,#1949,#186,.T.);
#2358=EDGE_CURVE('',#1949,#1895,#1133,.T.);
#2359=EDGE_CURVE('',#1950,#1950,#187,.T.);
#2360=EDGE_CURVE('',#1950,#1896,#1134,.T.);
#2361=EDGE_CURVE('',#1951,#1951,#188,.T.);
#2362=EDGE_CURVE('',#1951,#1897,#1135,.T.);
#2363=EDGE_CURVE('',#1952,#1952,#189,.T.);
#2364=EDGE_CURVE('',#1952,#1898,#1136,.T.);
#2365=EDGE_CURVE('',#1953,#1953,#190,.T.);
#2366=EDGE_CURVE('',#1953,#1899,#1137,.T.);
#2367=EDGE_CURVE('',#1954,#1954,#191,.T.);
#2368=EDGE_CURVE('',#1954,#1900,#1138,.T.);
#2369=EDGE_CURVE('',#1955,#1955,#192,.T.);
#2370=EDGE_CURVE('',#1955,#1901,#1139,.T.);
#2371=EDGE_CURVE('',#1956,#1956,#193,.T.);
#2372=EDGE_CURVE('',#1956,#1902,#1140,.T.);
#2373=EDGE_CURVE('',#1957,#1957,#194,.T.);
#2374=EDGE_CURVE('',#1957,#1903,#1141,.T.);
#2375=EDGE_CURVE('',#1958,#1958,#195,.T.);
#2376=EDGE_CURVE('',#1958,#1904,#1142,.T.);
#2377=EDGE_CURVE('',#1959,#1959,#196,.T.);
#2378=EDGE_CURVE('',#1959,#1905,#1143,.T.);
#2379=EDGE_CURVE('',#1960,#1960,#197,.T.);
#2380=EDGE_CURVE('',#1960,#1906,#1144,.T.);
#2381=EDGE_CURVE('',#1961,#1961,#198,.T.);
#2382=EDGE_CURVE('',#1961,#1907,#1145,.T.);
#2383=EDGE_CURVE('',#1962,#1962,#199,.T.);
#2384=EDGE_CURVE('',#1962,#1908,#1146,.T.);
#2385=EDGE_CURVE('',#1963,#1963,#200,.T.);
#2386=EDGE_CURVE('',#1963,#1909,#1147,.T.);
#2387=EDGE_CURVE('',#1964,#1964,#201,.T.);
#2388=EDGE_CURVE('',#1964,#1910,#1148,.T.);
#2389=EDGE_CURVE('',#1965,#1965,#202,.T.);
#2390=EDGE_CURVE('',#1965,#1966,#1149,.T.);
#2391=EDGE_CURVE('',#1939,#1966,#1150,.T.);
#2392=EDGE_CURVE('',#1939,#1966,#1151,.T.);
#2393=EDGE_CURVE('',#1967,#1967,#203,.T.);
#2394=EDGE_CURVE('',#1967,#1911,#1152,.T.);
#2395=EDGE_CURVE('',#1968,#1968,#204,.T.);
#2396=EDGE_CURVE('',#1968,#1912,#1153,.T.);
#2397=EDGE_CURVE('',#1969,#1969,#205,.T.);
#2398=EDGE_CURVE('',#1969,#1913,#1154,.T.);
#2399=EDGE_CURVE('',#1970,#1970,#206,.T.);
#2400=EDGE_CURVE('',#1970,#1914,#1155,.T.);
#2401=EDGE_CURVE('',#1971,#1971,#207,.T.);
#2402=EDGE_CURVE('',#1971,#1915,#1156,.T.);
#2403=EDGE_CURVE('',#1972,#1972,#208,.T.);
#2404=EDGE_CURVE('',#1972,#1916,#1157,.T.);
#2405=EDGE_CURVE('',#1973,#1973,#209,.T.);
#2406=EDGE_CURVE('',#1973,#1917,#1158,.T.);
#2407=EDGE_CURVE('',#1974,#1974,#210,.T.);
#2408=EDGE_CURVE('',#1974,#1918,#1159,.T.);
#2409=EDGE_CURVE('',#1948,#1877,#1160,.T.);
#2410=EDGE_CURVE('',#1966,#1881,#1161,.T.);
#2411=EDGE_CURVE('',#1931,#1975,#1162,.T.);
#2412=EDGE_CURVE('',#1976,#1975,#1163,.T.);
#2413=EDGE_CURVE('',#1932,#1976,#1164,.T.);
#2414=EDGE_CURVE('',#1930,#1977,#1165,.T.);
#2415=EDGE_CURVE('',#1975,#1977,#1166,.T.);
#2416=EDGE_CURVE('',#1923,#1978,#1167,.T.);
#2417=EDGE_CURVE('',#1979,#1978,#1168,.T.);
#2418=EDGE_CURVE('',#1924,#1979,#1169,.T.);
#2419=EDGE_CURVE('',#1922,#1980,#1170,.T.);
#2420=EDGE_CURVE('',#1978,#1980,#1171,.T.);
#2421=EDGE_CURVE('',#1928,#1981,#1172,.T.);
#2422=EDGE_CURVE('',#1982,#1981,#1173,.T.);
#2423=EDGE_CURVE('',#1929,#1982,#1174,.T.);
#2424=EDGE_CURVE('',#1921,#1983,#1175,.T.);
#2425=EDGE_CURVE('',#1980,#1983,#1176,.T.);
#2426=EDGE_CURVE('',#1878,#1984,#1177,.T.);
#2427=EDGE_CURVE('',#1984,#1985,#1178,.T.);
#2428=EDGE_CURVE('',#1983,#1985,#1179,.T.);
#2429=EDGE_CURVE('',#1986,#1920,#1180,.T.);
#2430=EDGE_CURVE('',#1987,#1986,#1181,.T.);
#2431=EDGE_CURVE('',#1988,#1987,#1182,.T.);
#2432=EDGE_CURVE('',#1988,#1948,#1183,.T.);
#2433=EDGE_CURVE('',#1940,#1989,#1184,.T.);
#2434=EDGE_CURVE('',#1986,#1989,#1185,.T.);
#2435=EDGE_CURVE('',#1990,#1966,#1186,.T.);
#2436=EDGE_CURVE('',#1991,#1990,#1187,.T.);
#2437=EDGE_CURVE('',#1882,#1991,#1188,.T.);
#2438=EDGE_CURVE('',#1938,#1992,#1189,.T.);
#2439=EDGE_CURVE('',#1993,#1992,#1190,.T.);
#2440=EDGE_CURVE('',#1990,#1993,#1191,.T.);
#2441=EDGE_CURVE('',#1994,#1995,#1192,.T.);
#2442=EDGE_CURVE('',#1995,#1996,#1193,.T.);
#2443=EDGE_CURVE('',#1996,#1997,#1194,.T.);
#2444=EDGE_CURVE('',#1997,#1994,#1195,.T.);
#2445=EDGE_CURVE('',#1984,#1988,#1196,.T.);
#2446=EDGE_CURVE('',#1926,#1998,#1197,.T.);
#2447=EDGE_CURVE('',#1999,#1998,#1198,.T.);
#2448=EDGE_CURVE('',#1927,#1999,#1199,.T.);
#2449=EDGE_CURVE('',#1981,#1999,#1200,.T.);
#2450=EDGE_CURVE('',#1977,#1982,#1201,.T.);
#2451=EDGE_CURVE('',#1985,#1987,#1202,.T.);
#2452=EDGE_CURVE('',#2000,#1976,#1203,.T.);
#2453=EDGE_CURVE('',#1933,#2000,#1204,.T.);
#2454=EDGE_CURVE('',#1991,#2001,#1205,.T.);
#2455=EDGE_CURVE('',#1989,#2001,#1206,.T.);
#2456=EDGE_CURVE('',#2001,#1993,#1207,.T.);
#2457=EDGE_CURVE('',#1935,#2002,#1208,.T.);
#2458=EDGE_CURVE('',#2003,#2002,#1209,.T.);
#2459=EDGE_CURVE('',#1936,#2003,#1210,.T.);
#2460=EDGE_CURVE('',#2004,#2003,#1211,.T.);
#2461=EDGE_CURVE('',#1937,#2004,#1212,.T.);
#2462=EDGE_CURVE('',#2005,#2006,#1213,.T.);
#2463=EDGE_CURVE('',#2005,#1997,#1214,.T.);
#2464=EDGE_CURVE('',#2006,#1996,#1215,.T.);
#2465=EDGE_CURVE('',#2006,#2007,#1216,.T.);
#2466=EDGE_CURVE('',#2007,#1995,#1217,.T.);
#2467=EDGE_CURVE('',#2007,#2008,#1218,.T.);
#2468=EDGE_CURVE('',#2008,#1994,#1219,.T.);
#2469=EDGE_CURVE('',#2008,#2005,#1220,.T.);
#2470=EDGE_CURVE('',#2009,#2000,#1221,.T.);
#2471=EDGE_CURVE('',#1934,#2009,#1222,.T.);
#2472=EDGE_CURVE('',#2002,#2009,#1223,.T.);
#2473=EDGE_CURVE('',#1992,#2004,#1224,.T.);
#2474=EDGE_CURVE('',#2010,#1979,#1225,.T.);
#2475=EDGE_CURVE('',#1925,#2010,#1226,.T.);
#2476=EDGE_CURVE('',#1998,#2010,#1227,.T.);
#2477=EDGE_CURVE('',#2011,#2011,#211,.T.);
#2478=EDGE_CURVE('',#2011,#2012,#1228,.T.);
#2479=EDGE_CURVE('',#2012,#2012,#212,.T.);
#2480=EDGE_CURVE('',#2013,#2013,#213,.T.);
#2481=EDGE_CURVE('',#2013,#2014,#1229,.T.);
#2482=EDGE_CURVE('',#2014,#2014,#214,.T.);
#2483=EDGE_CURVE('',#2015,#2016,#1230,.T.);
#2484=EDGE_CURVE('',#2015,#2017,#1231,.F.);
#2485=EDGE_CURVE('',#2018,#2017,#1232,.F.);
#2486=EDGE_CURVE('',#2016,#2018,#1233,.F.);
#2487=EDGE_CURVE('',#2016,#2019,#1234,.T.);
#2488=EDGE_CURVE('',#2020,#2018,#1235,.F.);
#2489=EDGE_CURVE('',#2019,#2020,#1236,.T.);
#2490=EDGE_CURVE('',#2019,#2021,#1237,.T.);
#2491=EDGE_CURVE('',#2022,#2020,#1238,.F.);
#2492=EDGE_CURVE('',#2021,#2022,#1239,.F.);
#2493=EDGE_CURVE('',#2021,#2015,#1240,.T.);
#2494=EDGE_CURVE('',#2017,#2022,#1241,.F.);
#2495=EDGE_CURVE('',#2023,#2023,#215,.T.);
#2496=EDGE_CURVE('',#2023,#2024,#1242,.T.);
#2497=EDGE_CURVE('',#2024,#2024,#216,.T.);
#2498=EDGE_CURVE('',#2025,#2025,#217,.T.);
#2499=EDGE_CURVE('',#2025,#2026,#1243,.T.);
#2500=EDGE_CURVE('',#2026,#2026,#218,.T.);
#2501=EDGE_CURVE('',#2027,#2028,#1244,.T.);
#2502=EDGE_CURVE('',#2029,#2027,#1245,.T.);
#2503=EDGE_CURVE('',#2030,#2029,#1246,.T.);
#2504=EDGE_CURVE('',#2028,#2030,#1247,.T.);
#2505=EDGE_CURVE('',#2031,#2029,#1248,.T.);
#2506=EDGE_CURVE('',#2032,#2031,#1249,.T.);
#2507=EDGE_CURVE('',#2030,#2032,#1250,.T.);
#2508=EDGE_CURVE('',#2033,#2034,#1251,.T.);
#2509=EDGE_CURVE('',#2032,#2033,#1252,.T.);
#2510=EDGE_CURVE('',#2035,#2031,#1253,.F.);
#2511=EDGE_CURVE('',#2036,#2035,#1254,.F.);
#2512=EDGE_CURVE('',#2037,#2036,#1255,.T.);
#2513=EDGE_CURVE('',#2037,#2038,#1256,.T.);
#2514=EDGE_CURVE('',#2034,#2038,#1257,.T.);
#2515=EDGE_CURVE('',#2027,#2035,#1258,.T.);
#2516=EDGE_CURVE('',#2036,#2028,#1259,.T.);
#2517=EDGE_CURVE('',#2039,#2039,#219,.T.);
#2518=EDGE_CURVE('',#2039,#2040,#1260,.T.);
#2519=EDGE_CURVE('',#2040,#2040,#220,.T.);
#2520=EDGE_CURVE('',#2041,#2041,#221,.T.);
#2521=EDGE_CURVE('',#2041,#2042,#1261,.T.);
#2522=EDGE_CURVE('',#2042,#2042,#222,.T.);
#2523=EDGE_CURVE('',#2043,#2044,#1262,.T.);
#2524=EDGE_CURVE('',#2043,#2045,#1263,.T.);
#2525=EDGE_CURVE('',#2046,#2045,#1264,.F.);
#2526=EDGE_CURVE('',#2044,#2046,#1265,.F.);
#2527=EDGE_CURVE('',#2044,#2047,#1266,.T.);
#2528=EDGE_CURVE('',#2048,#2046,#1267,.F.);
#2529=EDGE_CURVE('',#2047,#2048,#1268,.T.);
#2530=EDGE_CURVE('',#2047,#2049,#1269,.T.);
#2531=EDGE_CURVE('',#2050,#2048,#1270,.F.);
#2532=EDGE_CURVE('',#2049,#2050,#1271,.T.);
#2533=EDGE_CURVE('',#2049,#2043,#1272,.T.);
#2534=EDGE_CURVE('',#2045,#2050,#1273,.F.);
#2535=EDGE_CURVE('',#2051,#2051,#223,.T.);
#2536=EDGE_CURVE('',#2051,#2052,#1274,.T.);
#2537=EDGE_CURVE('',#2052,#2052,#224,.T.);
#2538=EDGE_CURVE('',#2053,#2053,#225,.T.);
#2539=EDGE_CURVE('',#2053,#2054,#1275,.T.);
#2540=EDGE_CURVE('',#2054,#2054,#226,.T.);
#2541=EDGE_CURVE('',#2055,#2056,#1276,.T.);
#2542=EDGE_CURVE('',#2057,#2055,#1277,.T.);
#2543=EDGE_CURVE('',#2058,#2057,#1278,.T.);
#2544=EDGE_CURVE('',#2056,#2058,#1279,.T.);
#2545=EDGE_CURVE('',#2059,#2057,#1280,.F.);
#2546=EDGE_CURVE('',#2060,#2059,#1281,.F.);
#2547=EDGE_CURVE('',#2058,#2060,#1282,.T.);
#2548=EDGE_CURVE('',#2061,#2059,#1283,.T.);
#2549=EDGE_CURVE('',#2062,#2061,#1284,.T.);
#2550=EDGE_CURVE('',#2060,#2062,#1285,.T.);
#2551=EDGE_CURVE('',#2055,#2061,#1286,.T.);
#2552=EDGE_CURVE('',#2062,#2056,#1287,.T.);
#2553=EDGE_CURVE('',#2063,#2064,#227,.F.);
#2554=EDGE_CURVE('',#2064,#2065,#1288,.T.);
#2555=EDGE_CURVE('',#2065,#2066,#228,.T.);
#2556=EDGE_CURVE('',#2063,#2066,#1289,.T.);
#2557=EDGE_CURVE('',#2067,#2068,#1290,.F.);
#2558=EDGE_CURVE('',#2068,#2069,#1291,.F.);
#2559=EDGE_CURVE('',#2070,#2069,#1292,.T.);
#2560=EDGE_CURVE('',#2067,#2070,#1293,.T.);
#2561=EDGE_CURVE('',#2071,#2072,#1294,.T.);
#2562=EDGE_CURVE('',#2071,#2073,#229,.T.);
#2563=EDGE_CURVE('',#2074,#2073,#1295,.T.);
#2564=EDGE_CURVE('',#2072,#2074,#230,.T.);
#2565=EDGE_CURVE('',#2075,#2076,#1296,.T.);
#2566=EDGE_CURVE('',#2077,#2075,#231,.T.);
#2567=EDGE_CURVE('',#2078,#2077,#1297,.T.);
#2568=EDGE_CURVE('',#2078,#2076,#232,.T.);
#2569=EDGE_CURVE('',#2079,#2080,#1298,.T.);
#2570=EDGE_CURVE('',#2070,#2080,#1299,.T.);
#2571=EDGE_CURVE('',#2069,#2079,#1300,.T.);
#2572=EDGE_CURVE('',#2081,#2082,#1301,.T.);
#2573=EDGE_CURVE('',#2081,#2080,#233,.T.);
#2574=EDGE_CURVE('',#2082,#2079,#234,.T.);
#2575=EDGE_CURVE('',#2083,#2084,#1302,.T.);
#2576=EDGE_CURVE('',#2071,#2084,#1303,.T.);
#2577=EDGE_CURVE('',#2072,#2083,#1304,.F.);
#2578=EDGE_CURVE('',#2085,#2083,#235,.T.);
#2579=EDGE_CURVE('',#2086,#2085,#1305,.T.);
#2580=EDGE_CURVE('',#2086,#2084,#236,.T.);
#2581=EDGE_CURVE('',#2087,#2088,#1306,.T.);
#2582=EDGE_CURVE('',#2088,#2074,#1307,.F.);
#2583=EDGE_CURVE('',#2087,#2073,#1308,.T.);
#2584=EDGE_CURVE('',#2089,#2090,#1309,.T.);
#2585=EDGE_CURVE('',#2088,#2089,#237,.T.);
#2586=EDGE_CURVE('',#2087,#2090,#238,.T.);
#2587=EDGE_CURVE('',#2091,#2092,#1310,.T.);
#2588=EDGE_CURVE('',#2081,#2092,#1311,.T.);
#2589=EDGE_CURVE('',#2082,#2091,#1312,.F.);
#2590=EDGE_CURVE('',#2093,#2094,#1313,.T.);
#2591=EDGE_CURVE('',#2094,#2075,#1314,.F.);
#2592=EDGE_CURVE('',#2093,#2076,#1315,.T.);
#2593=EDGE_CURVE('',#2094,#2091,#239,.T.);
#2594=EDGE_CURVE('',#2093,#2092,#240,.T.);
#2595=EDGE_CURVE('',#2095,#2096,#1316,.T.);
#2596=EDGE_CURVE('',#2078,#2096,#1317,.T.);
#2597=EDGE_CURVE('',#2077,#2095,#1318,.F.);
#2598=EDGE_CURVE('',#2097,#2098,#1319,.T.);
#2599=EDGE_CURVE('',#2098,#2089,#1320,.F.);
#2600=EDGE_CURVE('',#2097,#2090,#1321,.T.);
#2601=EDGE_CURVE('',#2098,#2095,#241,.T.);
#2602=EDGE_CURVE('',#2097,#2096,#242,.T.);
#2603=EDGE_CURVE('',#2099,#2100,#1322,.T.);
#2604=EDGE_CURVE('',#2100,#2068,#1323,.T.);
#2605=EDGE_CURVE('',#2101,#2067,#1324,.T.);
#2606=EDGE_CURVE('',#2101,#2102,#1325,.T.);
#2607=EDGE_CURVE('',#2102,#2099,#1326,.T.);
#2608=EDGE_CURVE('',#2103,#2104,#243,.T.);
#2609=EDGE_CURVE('',#2104,#2105,#1327,.T.);
#2610=EDGE_CURVE('',#2105,#2106,#244,.T.);
#2611=EDGE_CURVE('',#2106,#2107,#1328,.T.);
#2612=EDGE_CURVE('',#2107,#2108,#245,.T.);
#2613=EDGE_CURVE('',#2108,#2109,#1329,.T.);
#2614=EDGE_CURVE('',#2109,#2110,#246,.T.);
#2615=EDGE_CURVE('',#2110,#2103,#1330,.T.);
#2616=EDGE_CURVE('',#2111,#2112,#1331,.T.);
#2617=EDGE_CURVE('',#2112,#2113,#1332,.T.);
#2618=EDGE_CURVE('',#2113,#2114,#1333,.T.);
#2619=EDGE_CURVE('',#2114,#2111,#1334,.T.);
#2620=EDGE_CURVE('',#2115,#2116,#1335,.T.);
#2621=EDGE_CURVE('',#2086,#2116,#1336,.T.);
#2622=EDGE_CURVE('',#2085,#2115,#1337,.F.);
#2623=EDGE_CURVE('',#2117,#2115,#247,.T.);
#2624=EDGE_CURVE('',#2118,#2117,#1338,.T.);
#2625=EDGE_CURVE('',#2118,#2116,#248,.T.);
#2626=EDGE_CURVE('',#2119,#2120,#249,.T.);
#2627=EDGE_CURVE('',#2120,#2121,#1339,.T.);
#2628=EDGE_CURVE('',#2121,#2122,#250,.T.);
#2629=EDGE_CURVE('',#2122,#2119,#1340,.T.);
#2630=EDGE_CURVE('',#2123,#2124,#1341,.T.);
#2631=EDGE_CURVE('',#2123,#2121,#1342,.T.);
#2632=EDGE_CURVE('',#2124,#2120,#1343,.T.);
#2633=EDGE_CURVE('',#2124,#2125,#251,.T.);
#2634=EDGE_CURVE('',#2125,#2126,#1344,.T.);
#2635=EDGE_CURVE('',#2126,#2123,#252,.T.);
#2636=EDGE_CURVE('',#2127,#2128,#253,.F.);
#2637=EDGE_CURVE('',#2128,#2129,#1345,.T.);
#2638=EDGE_CURVE('',#2129,#2130,#254,.T.);
#2639=EDGE_CURVE('',#2127,#2130,#1346,.T.);
#2640=EDGE_CURVE('',#2131,#2131,#255,.T.);
#2641=EDGE_CURVE('',#2131,#2132,#1347,.T.);
#2642=EDGE_CURVE('',#2132,#2132,#256,.F.);
#2643=EDGE_CURVE('',#2133,#2133,#257,.T.);
#2644=EDGE_CURVE('',#2133,#2131,#1348,.T.);
#2645=EDGE_CURVE('',#2134,#2134,#258,.T.);
#2646=EDGE_CURVE('',#2134,#2135,#1349,.T.);
#2647=EDGE_CURVE('',#2135,#2135,#259,.F.);
#2648=EDGE_CURVE('',#2136,#2136,#260,.T.);
#2649=EDGE_CURVE('',#2136,#2134,#1350,.T.);
#2650=EDGE_CURVE('',#2137,#2137,#261,.T.);
#2651=EDGE_CURVE('',#2137,#2138,#1351,.T.);
#2652=EDGE_CURVE('',#2138,#2138,#262,.F.);
#2653=EDGE_CURVE('',#2139,#2139,#263,.T.);
#2654=EDGE_CURVE('',#2139,#2137,#1352,.T.);
#2655=EDGE_CURVE('',#2140,#2140,#264,.T.);
#2656=EDGE_CURVE('',#2140,#2141,#1353,.T.);
#2657=EDGE_CURVE('',#2141,#2141,#265,.F.);
#2658=EDGE_CURVE('',#2142,#2142,#266,.T.);
#2659=EDGE_CURVE('',#2142,#2140,#1354,.T.);
#2660=EDGE_CURVE('',#2143,#2143,#267,.T.);
#2661=EDGE_CURVE('',#2143,#2144,#1355,.T.);
#2662=EDGE_CURVE('',#2144,#2144,#268,.F.);
#2663=EDGE_CURVE('',#2145,#2145,#269,.T.);
#2664=EDGE_CURVE('',#2145,#2143,#1356,.T.);
#2665=EDGE_CURVE('',#2146,#2146,#270,.T.);
#2666=EDGE_CURVE('',#2146,#2147,#1357,.T.);
#2667=EDGE_CURVE('',#2147,#2147,#271,.F.);
#2668=EDGE_CURVE('',#2148,#2148,#272,.T.);
#2669=EDGE_CURVE('',#2148,#2146,#1358,.T.);
#2670=EDGE_CURVE('',#2149,#2149,#273,.T.);
#2671=EDGE_CURVE('',#2149,#2150,#1359,.T.);
#2672=EDGE_CURVE('',#2150,#2150,#274,.F.);
#2673=EDGE_CURVE('',#2151,#2151,#275,.T.);
#2674=EDGE_CURVE('',#2151,#2149,#1360,.T.);
#2675=EDGE_CURVE('',#2152,#2152,#276,.T.);
#2676=EDGE_CURVE('',#2152,#2153,#1361,.T.);
#2677=EDGE_CURVE('',#2153,#2153,#277,.F.);
#2678=EDGE_CURVE('',#2065,#2130,#1362,.T.);
#2679=EDGE_CURVE('',#2129,#2125,#1363,.T.);
#2680=EDGE_CURVE('',#2119,#2066,#1364,.T.);
#2681=EDGE_CURVE('',#2154,#2154,#278,.T.);
#2682=EDGE_CURVE('',#2154,#2152,#1365,.T.);
#2683=EDGE_CURVE('',#2155,#2156,#1366,.T.);
#2684=EDGE_CURVE('',#2156,#2157,#1367,.T.);
#2685=EDGE_CURVE('',#2157,#2158,#1368,.T.);
#2686=EDGE_CURVE('',#2118,#2158,#1369,.T.);
#2687=EDGE_CURVE('',#2117,#2155,#1370,.T.);
#2688=EDGE_CURVE('',#2159,#2159,#279,.T.);
#2689=EDGE_CURVE('',#2160,#2112,#1371,.T.);
#2690=EDGE_CURVE('',#2161,#2160,#1372,.T.);
#2691=EDGE_CURVE('',#2161,#2113,#1373,.T.);
#2692=EDGE_CURVE('',#2162,#2111,#1374,.T.);
#2693=EDGE_CURVE('',#2160,#2162,#1375,.T.);
#2694=EDGE_CURVE('',#2163,#2114,#1376,.T.);
#2695=EDGE_CURVE('',#2162,#2163,#1377,.T.);
#2696=EDGE_CURVE('',#2163,#2161,#1378,.T.);
#2697=EDGE_CURVE('',#2164,#2106,#1379,.T.);
#2698=EDGE_CURVE('',#2165,#2164,#1380,.T.);
#2699=EDGE_CURVE('',#2165,#2107,#1381,.T.);
#2700=EDGE_CURVE('',#2166,#2105,#1382,.T.);
#2701=EDGE_CURVE('',#2164,#2166,#280,.T.);
#2702=EDGE_CURVE('',#2167,#2104,#1383,.T.);
#2703=EDGE_CURVE('',#2166,#2167,#1384,.T.);
#2704=EDGE_CURVE('',#2168,#2103,#1385,.T.);
#2705=EDGE_CURVE('',#2167,#2168,#281,.T.);
#2706=EDGE_CURVE('',#2169,#2110,#1386,.T.);
#2707=EDGE_CURVE('',#2168,#2169,#1387,.T.);
#2708=EDGE_CURVE('',#2170,#2109,#1388,.T.);
#2709=EDGE_CURVE('',#2169,#2170,#282,.T.);
#2710=EDGE_CURVE('',#2171,#2108,#1389,.T.);
#2711=EDGE_CURVE('',#2170,#2171,#1390,.T.);
#2712=EDGE_CURVE('',#2171,#2165,#283,.T.);
#2713=EDGE_CURVE('',#2172,#2173,#1391,.T.);
#2714=EDGE_CURVE('',#2172,#2174,#1392,.T.);
#2715=EDGE_CURVE('',#2174,#2175,#1393,.T.);
#2716=EDGE_CURVE('',#2173,#2175,#1394,.T.);
#2717=EDGE_CURVE('',#2100,#2176,#1395,.T.);
#2718=EDGE_CURVE('',#2177,#2099,#1396,.T.);
#2719=EDGE_CURVE('',#2173,#2177,#1397,.T.);
#2720=EDGE_CURVE('',#2175,#2176,#1398,.T.);
#2721=EDGE_CURVE('',#2178,#2102,#1399,.T.);
#2722=EDGE_CURVE('',#2177,#2178,#1400,.T.);
#2723=EDGE_CURVE('',#2179,#2101,#1401,.T.);
#2724=EDGE_CURVE('',#2178,#2179,#1402,.T.);
#2725=EDGE_CURVE('',#2180,#2157,#1403,.T.);
#2726=EDGE_CURVE('',#2181,#2180,#1404,.T.);
#2727=EDGE_CURVE('',#2158,#2181,#1405,.T.);
#2728=EDGE_CURVE('',#2182,#2156,#1406,.T.);
#2729=EDGE_CURVE('',#2180,#2182,#1407,.T.);
#2730=EDGE_CURVE('',#2183,#2155,#1408,.T.);
#2731=EDGE_CURVE('',#2183,#2174,#1409,.T.);
#2732=EDGE_CURVE('',#2182,#2172,#1410,.T.);
#2733=EDGE_CURVE('',#2176,#2183,#1411,.T.);
#2734=EDGE_CURVE('',#2184,#2184,#284,.T.);
#2735=EDGE_CURVE('',#2038,#2034,#285,.T.);
#2736=EDGE_CURVE('',#2185,#2185,#286,.T.);
#2737=EDGE_CURVE('',#2033,#2037,#287,.T.);
#2738=EDGE_CURVE('',#2185,#2159,#1412,.T.);
#2739=EDGE_CURVE('',#2186,#2186,#288,.T.);
#2740=EDGE_CURVE('',#2187,#2188,#289,.T.);
#2741=EDGE_CURVE('',#2188,#2187,#1413,.T.);
#2742=EDGE_CURVE('',#2189,#2189,#290,.T.);
#2743=EDGE_CURVE('',#2190,#2191,#291,.T.);
#2744=EDGE_CURVE('',#2190,#2188,#1414,.T.);
#2745=EDGE_CURVE('',#2191,#2187,#1415,.T.);
#2746=EDGE_CURVE('',#2191,#2190,#1416,.T.);
#2747=EDGE_CURVE('',#2189,#2184,#1417,.T.);
#2748=EDGE_CURVE('',#2192,#2192,#292,.T.);
#2749=EDGE_CURVE('',#2193,#2194,#293,.T.);
#2750=EDGE_CURVE('',#2194,#2193,#1418,.T.);
#2751=EDGE_CURVE('',#2195,#2195,#294,.T.);
#2752=EDGE_CURVE('',#2196,#2197,#295,.T.);
#2753=EDGE_CURVE('',#2196,#2194,#1419,.T.);
#2754=EDGE_CURVE('',#2197,#2193,#1420,.T.);
#2755=EDGE_CURVE('',#2197,#2196,#1421,.T.);
#2756=EDGE_CURVE('',#2195,#2186,#1422,.T.);
#2757=EDGE_CURVE('',#2198,#2199,#1423,.T.);
#2758=EDGE_CURVE('',#2199,#2198,#296,.T.);
#2759=EDGE_CURVE('',#2200,#2201,#297,.T.);
#2760=EDGE_CURVE('',#2201,#2200,#1424,.T.);
#2761=EDGE_CURVE('',#2202,#2202,#298,.T.);
#2762=EDGE_CURVE('',#2199,#2201,#1425,.T.);
#2763=EDGE_CURVE('',#2198,#2200,#1426,.T.);
#2764=EDGE_CURVE('',#2202,#2192,#1427,.T.);
#2765=EDGE_CURVE('',#2127,#2064,#1428,.T.);
#2766=EDGE_CURVE('',#2179,#2203,#1429,.T.);
#2767=EDGE_CURVE('',#2204,#2203,#1430,.T.);
#2768=EDGE_CURVE('',#2063,#2204,#1431,.T.);
#2769=EDGE_CURVE('',#2122,#2181,#1432,.T.);
#2770=EDGE_CURVE('',#2205,#2205,#299,.T.);
#2771=EDGE_CURVE('',#2205,#2206,#1433,.T.);
#2772=EDGE_CURVE('',#2206,#2206,#300,.T.);
#2773=EDGE_CURVE('',#2207,#2204,#301,.T.);
#2774=EDGE_CURVE('',#2207,#2208,#1434,.T.);
#2775=EDGE_CURVE('',#2209,#2208,#302,.T.);
#2776=EDGE_CURVE('',#2209,#2128,#1435,.T.);
#2777=EDGE_CURVE('',#2210,#2210,#303,.T.);
#2778=EDGE_CURVE('',#2211,#2211,#304,.T.);
#2779=EDGE_CURVE('',#2212,#2212,#305,.T.);
#2780=EDGE_CURVE('',#2213,#2213,#306,.T.);
#2781=EDGE_CURVE('',#2214,#2214,#307,.T.);
#2782=EDGE_CURVE('',#2215,#2215,#308,.T.);
#2783=EDGE_CURVE('',#2216,#2216,#309,.T.);
#2784=EDGE_CURVE('',#2217,#2217,#310,.T.);
#2785=EDGE_CURVE('',#2218,#2218,#311,.T.);
#2786=EDGE_CURVE('',#2219,#2219,#312,.T.);
#2787=EDGE_CURVE('',#2220,#2220,#313,.T.);
#2788=EDGE_CURVE('',#2221,#2221,#314,.T.);
#2789=EDGE_CURVE('',#2222,#2222,#315,.T.);
#2790=EDGE_CURVE('',#2223,#2223,#316,.T.);
#2791=EDGE_CURVE('',#2224,#2224,#317,.T.);
#2792=EDGE_CURVE('',#2225,#2225,#318,.T.);
#2793=EDGE_CURVE('',#2226,#2226,#319,.T.);
#2794=EDGE_CURVE('',#2227,#2227,#320,.T.);
#2795=EDGE_CURVE('',#2228,#2228,#321,.T.);
#2796=EDGE_CURVE('',#2228,#2206,#1436,.T.);
#2797=EDGE_CURVE('',#2210,#2229,#1437,.T.);
#2798=EDGE_CURVE('',#2229,#2229,#322,.T.);
#2799=EDGE_CURVE('',#2230,#2230,#323,.T.);
#2800=EDGE_CURVE('',#2230,#2229,#1438,.T.);
#2801=EDGE_CURVE('',#2227,#2231,#1439,.T.);
#2802=EDGE_CURVE('',#2231,#2231,#324,.T.);
#2803=EDGE_CURVE('',#2232,#2232,#325,.T.);
#2804=EDGE_CURVE('',#2232,#2231,#1440,.T.);
#2805=EDGE_CURVE('',#2211,#2233,#1441,.T.);
#2806=EDGE_CURVE('',#2233,#2233,#326,.T.);
#2807=EDGE_CURVE('',#2234,#2234,#327,.T.);
#2808=EDGE_CURVE('',#2234,#2233,#1442,.T.);
#2809=EDGE_CURVE('',#2226,#2235,#1443,.T.);
#2810=EDGE_CURVE('',#2235,#2235,#328,.T.);
#2811=EDGE_CURVE('',#2236,#2236,#329,.T.);
#2812=EDGE_CURVE('',#2236,#2235,#1444,.T.);
#2813=EDGE_CURVE('',#2212,#2237,#1445,.T.);
#2814=EDGE_CURVE('',#2237,#2237,#330,.T.);
#2815=EDGE_CURVE('',#2238,#2238,#331,.T.);
#2816=EDGE_CURVE('',#2238,#2237,#1446,.T.);
#2817=EDGE_CURVE('',#2225,#2239,#1447,.T.);
#2818=EDGE_CURVE('',#2239,#2239,#332,.T.);
#2819=EDGE_CURVE('',#2240,#2240,#333,.T.);
#2820=EDGE_CURVE('',#2240,#2239,#1448,.T.);
#2821=EDGE_CURVE('',#2213,#2241,#1449,.T.);
#2822=EDGE_CURVE('',#2241,#2241,#334,.T.);
#2823=EDGE_CURVE('',#2242,#2242,#335,.T.);
#2824=EDGE_CURVE('',#2242,#2241,#1450,.T.);
#2825=EDGE_CURVE('',#2224,#2243,#1451,.T.);
#2826=EDGE_CURVE('',#2243,#2243,#336,.T.);
#2827=EDGE_CURVE('',#2244,#2244,#337,.T.);
#2828=EDGE_CURVE('',#2244,#2243,#1452,.T.);
#2829=EDGE_CURVE('',#2214,#2245,#1453,.T.);
#2830=EDGE_CURVE('',#2245,#2245,#338,.T.);
#2831=EDGE_CURVE('',#2246,#2246,#339,.T.);
#2832=EDGE_CURVE('',#2246,#2245,#1454,.T.);
#2833=EDGE_CURVE('',#2223,#2247,#1455,.T.);
#2834=EDGE_CURVE('',#2247,#2247,#340,.T.);
#2835=EDGE_CURVE('',#2248,#2248,#341,.T.);
#2836=EDGE_CURVE('',#2248,#2247,#1456,.T.);
#2837=EDGE_CURVE('',#2215,#2249,#1457,.T.);
#2838=EDGE_CURVE('',#2249,#2249,#342,.T.);
#2839=EDGE_CURVE('',#2250,#2250,#343,.T.);
#2840=EDGE_CURVE('',#2250,#2249,#1458,.T.);
#2841=EDGE_CURVE('',#2222,#2251,#1459,.T.);
#2842=EDGE_CURVE('',#2251,#2251,#344,.T.);
#2843=EDGE_CURVE('',#2252,#2252,#345,.T.);
#2844=EDGE_CURVE('',#2252,#2251,#1460,.T.);
#2845=EDGE_CURVE('',#2216,#2253,#1461,.T.);
#2846=EDGE_CURVE('',#2253,#2253,#346,.T.);
#2847=EDGE_CURVE('',#2254,#2254,#347,.T.);
#2848=EDGE_CURVE('',#2254,#2253,#1462,.T.);
#2849=EDGE_CURVE('',#2221,#2255,#1463,.T.);
#2850=EDGE_CURVE('',#2255,#2255,#348,.T.);
#2851=EDGE_CURVE('',#2256,#2256,#349,.T.);
#2852=EDGE_CURVE('',#2256,#2255,#1464,.T.);
#2853=EDGE_CURVE('',#2217,#2257,#1465,.T.);
#2854=EDGE_CURVE('',#2257,#2257,#350,.T.);
#2855=EDGE_CURVE('',#2258,#2258,#351,.T.);
#2856=EDGE_CURVE('',#2258,#2257,#1466,.T.);
#2857=EDGE_CURVE('',#2220,#2259,#1467,.T.);
#2858=EDGE_CURVE('',#2259,#2259,#352,.T.);
#2859=EDGE_CURVE('',#2260,#2260,#353,.T.);
#2860=EDGE_CURVE('',#2260,#2259,#1468,.T.);
#2861=EDGE_CURVE('',#2218,#2261,#1469,.T.);
#2862=EDGE_CURVE('',#2261,#2261,#354,.T.);
#2863=EDGE_CURVE('',#2262,#2262,#355,.T.);
#2864=EDGE_CURVE('',#2262,#2261,#1470,.T.);
#2865=EDGE_CURVE('',#2219,#2263,#1471,.T.);
#2866=EDGE_CURVE('',#2263,#2263,#356,.T.);
#2867=EDGE_CURVE('',#2264,#2264,#357,.T.);
#2868=EDGE_CURVE('',#2264,#2263,#1472,.T.);
#2869=EDGE_CURVE('',#2265,#2126,#1473,.T.);
#2870=EDGE_CURVE('',#2266,#2265,#358,.T.);
#2871=EDGE_CURVE('',#2267,#2266,#1474,.T.);
#2872=EDGE_CURVE('',#2203,#2267,#359,.T.);
#2873=EDGE_CURVE('',#2208,#2266,#1475,.T.);
#2874=EDGE_CURVE('',#2265,#2209,#1476,.T.);
#2875=EDGE_CURVE('',#2267,#2207,#1477,.T.);
#2876=ORIENTED_EDGE('',*,*,#2268,.F.);
#2877=ORIENTED_EDGE('',*,*,#2269,.F.);
#2878=ORIENTED_EDGE('',*,*,#2270,.F.);
#2879=ORIENTED_EDGE('',*,*,#2271,.F.);
#2880=ORIENTED_EDGE('',*,*,#2272,.F.);
#2881=ORIENTED_EDGE('',*,*,#2273,.F.);
#2882=ORIENTED_EDGE('',*,*,#2274,.F.);
#2883=ORIENTED_EDGE('',*,*,#2275,.F.);
#2884=ORIENTED_EDGE('',*,*,#2276,.T.);
#2885=ORIENTED_EDGE('',*,*,#2277,.T.);
#2886=ORIENTED_EDGE('',*,*,#2278,.T.);
#2887=ORIENTED_EDGE('',*,*,#2279,.T.);
#2888=ORIENTED_EDGE('',*,*,#2279,.F.);
#2889=ORIENTED_EDGE('',*,*,#2280,.T.);
#2890=ORIENTED_EDGE('',*,*,#2281,.F.);
#2891=ORIENTED_EDGE('',*,*,#2282,.F.);
#2892=ORIENTED_EDGE('',*,*,#2278,.F.);
#2893=ORIENTED_EDGE('',*,*,#2283,.F.);
#2894=ORIENTED_EDGE('',*,*,#2284,.F.);
#2895=ORIENTED_EDGE('',*,*,#2285,.F.);
#2896=ORIENTED_EDGE('',*,*,#2286,.F.);
#2897=ORIENTED_EDGE('',*,*,#2287,.F.);
#2898=ORIENTED_EDGE('',*,*,#2288,.F.);
#2899=ORIENTED_EDGE('',*,*,#2280,.F.);
#2900=ORIENTED_EDGE('',*,*,#2289,.T.);
#2901=ORIENTED_EDGE('',*,*,#2290,.T.);
#2902=ORIENTED_EDGE('',*,*,#2291,.T.);
#2903=ORIENTED_EDGE('',*,*,#2292,.T.);
#2904=ORIENTED_EDGE('',*,*,#2293,.T.);
#2905=ORIENTED_EDGE('',*,*,#2294,.T.);
#2906=ORIENTED_EDGE('',*,*,#2295,.T.);
#2907=ORIENTED_EDGE('',*,*,#2296,.T.);
#2908=ORIENTED_EDGE('',*,*,#2297,.T.);
#2909=ORIENTED_EDGE('',*,*,#2298,.T.);
#2910=ORIENTED_EDGE('',*,*,#2299,.T.);
#2911=ORIENTED_EDGE('',*,*,#2300,.T.);
#2912=ORIENTED_EDGE('',*,*,#2301,.T.);
#2913=ORIENTED_EDGE('',*,*,#2302,.T.);
#2914=ORIENTED_EDGE('',*,*,#2303,.T.);
#2915=ORIENTED_EDGE('',*,*,#2304,.T.);
#2916=ORIENTED_EDGE('',*,*,#2305,.T.);
#2917=ORIENTED_EDGE('',*,*,#2306,.T.);
#2918=ORIENTED_EDGE('',*,*,#2307,.T.);
#2919=ORIENTED_EDGE('',*,*,#2308,.T.);
#2920=ORIENTED_EDGE('',*,*,#2309,.T.);
#2921=ORIENTED_EDGE('',*,*,#2310,.T.);
#2922=ORIENTED_EDGE('',*,*,#2311,.T.);
#2923=ORIENTED_EDGE('',*,*,#2312,.T.);
#2924=ORIENTED_EDGE('',*,*,#2313,.T.);
#2925=ORIENTED_EDGE('',*,*,#2314,.F.);
#2926=ORIENTED_EDGE('',*,*,#2315,.T.);
#2927=ORIENTED_EDGE('',*,*,#2316,.T.);
#2928=ORIENTED_EDGE('',*,*,#2268,.T.);
#2929=ORIENTED_EDGE('',*,*,#2317,.T.);
#2930=ORIENTED_EDGE('',*,*,#2318,.F.);
#2931=ORIENTED_EDGE('',*,*,#2319,.F.);
#2932=ORIENTED_EDGE('',*,*,#2320,.F.);
#2933=ORIENTED_EDGE('',*,*,#2321,.F.);
#2934=ORIENTED_EDGE('',*,*,#2322,.F.);
#2935=ORIENTED_EDGE('',*,*,#2323,.F.);
#2936=ORIENTED_EDGE('',*,*,#2324,.F.);
#2937=ORIENTED_EDGE('',*,*,#2325,.F.);
#2938=ORIENTED_EDGE('',*,*,#2326,.F.);
#2939=ORIENTED_EDGE('',*,*,#2327,.F.);
#2940=ORIENTED_EDGE('',*,*,#2328,.F.);
#2941=ORIENTED_EDGE('',*,*,#2329,.F.);
#2942=ORIENTED_EDGE('',*,*,#2330,.F.);
#2943=ORIENTED_EDGE('',*,*,#2331,.F.);
#2944=ORIENTED_EDGE('',*,*,#2332,.F.);
#2945=ORIENTED_EDGE('',*,*,#2333,.F.);
#2946=ORIENTED_EDGE('',*,*,#2334,.F.);
#2947=ORIENTED_EDGE('',*,*,#2335,.F.);
#2948=ORIENTED_EDGE('',*,*,#2336,.T.);
#2949=ORIENTED_EDGE('',*,*,#2337,.T.);
#2950=ORIENTED_EDGE('',*,*,#2272,.T.);
#2951=ORIENTED_EDGE('',*,*,#2338,.T.);
#2952=ORIENTED_EDGE('',*,*,#2339,.F.);
#2953=ORIENTED_EDGE('',*,*,#2340,.T.);
#2954=ORIENTED_EDGE('',*,*,#2281,.T.);
#2955=ORIENTED_EDGE('',*,*,#2288,.T.);
#2956=ORIENTED_EDGE('',*,*,#2341,.T.);
#2957=ORIENTED_EDGE('',*,*,#2341,.F.);
#2958=ORIENTED_EDGE('',*,*,#2287,.T.);
#2959=ORIENTED_EDGE('',*,*,#2342,.F.);
#2960=ORIENTED_EDGE('',*,*,#2343,.F.);
#2961=ORIENTED_EDGE('',*,*,#2344,.T.);
#2962=ORIENTED_EDGE('',*,*,#2342,.T.);
#2963=ORIENTED_EDGE('',*,*,#2286,.T.);
#2964=ORIENTED_EDGE('',*,*,#2345,.T.);
#2965=ORIENTED_EDGE('',*,*,#2345,.F.);
#2966=ORIENTED_EDGE('',*,*,#2285,.T.);
#2967=ORIENTED_EDGE('',*,*,#2346,.F.);
#2968=ORIENTED_EDGE('',*,*,#2347,.F.);
#2969=ORIENTED_EDGE('',*,*,#2348,.T.);
#2970=ORIENTED_EDGE('',*,*,#2346,.T.);
#2971=ORIENTED_EDGE('',*,*,#2284,.T.);
#2972=ORIENTED_EDGE('',*,*,#2349,.T.);
#2973=ORIENTED_EDGE('',*,*,#2277,.F.);
#2974=ORIENTED_EDGE('',*,*,#2350,.F.);
#2975=ORIENTED_EDGE('',*,*,#2349,.F.);
#2976=ORIENTED_EDGE('',*,*,#2283,.T.);
#2977=ORIENTED_EDGE('',*,*,#2351,.F.);
#2978=ORIENTED_EDGE('',*,*,#2351,.T.);
#2979=ORIENTED_EDGE('',*,*,#2352,.T.);
#2980=ORIENTED_EDGE('',*,*,#2289,.F.);
#2981=ORIENTED_EDGE('',*,*,#2352,.F.);
#2982=ORIENTED_EDGE('',*,*,#2353,.F.);
#2983=ORIENTED_EDGE('',*,*,#2353,.T.);
#2984=ORIENTED_EDGE('',*,*,#2354,.T.);
#2985=ORIENTED_EDGE('',*,*,#2355,.T.);
#2986=ORIENTED_EDGE('',*,*,#2315,.F.);
#2987=ORIENTED_EDGE('',*,*,#2356,.F.);
#2988=ORIENTED_EDGE('',*,*,#2354,.F.);
#2989=ORIENTED_EDGE('',*,*,#2357,.F.);
#2990=ORIENTED_EDGE('',*,*,#2357,.T.);
#2991=ORIENTED_EDGE('',*,*,#2358,.T.);
#2992=ORIENTED_EDGE('',*,*,#2290,.F.);
#2993=ORIENTED_EDGE('',*,*,#2358,.F.);
#2994=ORIENTED_EDGE('',*,*,#2359,.F.);
#2995=ORIENTED_EDGE('',*,*,#2359,.T.);
#2996=ORIENTED_EDGE('',*,*,#2360,.T.);
#2997=ORIENTED_EDGE('',*,*,#2291,.F.);
#2998=ORIENTED_EDGE('',*,*,#2360,.F.);
#2999=ORIENTED_EDGE('',*,*,#2361,.F.);
#3000=ORIENTED_EDGE('',*,*,#2361,.T.);
#3001=ORIENTED_EDGE('',*,*,#2362,.T.);
#3002=ORIENTED_EDGE('',*,*,#2292,.F.);
#3003=ORIENTED_EDGE('',*,*,#2362,.F.);
#3004=ORIENTED_EDGE('',*,*,#2363,.F.);
#3005=ORIENTED_EDGE('',*,*,#2363,.T.);
#3006=ORIENTED_EDGE('',*,*,#2364,.T.);
#3007=ORIENTED_EDGE('',*,*,#2293,.F.);
#3008=ORIENTED_EDGE('',*,*,#2364,.F.);
#3009=ORIENTED_EDGE('',*,*,#2365,.F.);
#3010=ORIENTED_EDGE('',*,*,#2365,.T.);
#3011=ORIENTED_EDGE('',*,*,#2366,.T.);
#3012=ORIENTED_EDGE('',*,*,#2294,.F.);
#3013=ORIENTED_EDGE('',*,*,#2366,.F.);
#3014=ORIENTED_EDGE('',*,*,#2367,.F.);
#3015=ORIENTED_EDGE('',*,*,#2367,.T.);
#3016=ORIENTED_EDGE('',*,*,#2368,.T.);
#3017=ORIENTED_EDGE('',*,*,#2295,.F.);
#3018=ORIENTED_EDGE('',*,*,#2368,.F.);
#3019=ORIENTED_EDGE('',*,*,#2369,.F.);
#3020=ORIENTED_EDGE('',*,*,#2369,.T.);
#3021=ORIENTED_EDGE('',*,*,#2370,.T.);
#3022=ORIENTED_EDGE('',*,*,#2296,.F.);
#3023=ORIENTED_EDGE('',*,*,#2370,.F.);
#3024=ORIENTED_EDGE('',*,*,#2371,.F.);
#3025=ORIENTED_EDGE('',*,*,#2371,.T.);
#3026=ORIENTED_EDGE('',*,*,#2372,.T.);
#3027=ORIENTED_EDGE('',*,*,#2297,.F.);
#3028=ORIENTED_EDGE('',*,*,#2372,.F.);
#3029=ORIENTED_EDGE('',*,*,#2373,.F.);
#3030=ORIENTED_EDGE('',*,*,#2373,.T.);
#3031=ORIENTED_EDGE('',*,*,#2374,.T.);
#3032=ORIENTED_EDGE('',*,*,#2298,.F.);
#3033=ORIENTED_EDGE('',*,*,#2374,.F.);
#3034=ORIENTED_EDGE('',*,*,#2375,.F.);
#3035=ORIENTED_EDGE('',*,*,#2375,.T.);
#3036=ORIENTED_EDGE('',*,*,#2376,.T.);
#3037=ORIENTED_EDGE('',*,*,#2299,.F.);
#3038=ORIENTED_EDGE('',*,*,#2376,.F.);
#3039=ORIENTED_EDGE('',*,*,#2377,.F.);
#3040=ORIENTED_EDGE('',*,*,#2377,.T.);
#3041=ORIENTED_EDGE('',*,*,#2378,.T.);
#3042=ORIENTED_EDGE('',*,*,#2300,.F.);
#3043=ORIENTED_EDGE('',*,*,#2378,.F.);
#3044=ORIENTED_EDGE('',*,*,#2379,.F.);
#3045=ORIENTED_EDGE('',*,*,#2379,.T.);
#3046=ORIENTED_EDGE('',*,*,#2380,.T.);
#3047=ORIENTED_EDGE('',*,*,#2301,.F.);
#3048=ORIENTED_EDGE('',*,*,#2380,.F.);
#3049=ORIENTED_EDGE('',*,*,#2381,.F.);
#3050=ORIENTED_EDGE('',*,*,#2381,.T.);
#3051=ORIENTED_EDGE('',*,*,#2382,.T.);
#3052=ORIENTED_EDGE('',*,*,#2302,.F.);
#3053=ORIENTED_EDGE('',*,*,#2382,.F.);
#3054=ORIENTED_EDGE('',*,*,#2383,.F.);
#3055=ORIENTED_EDGE('',*,*,#2383,.T.);
#3056=ORIENTED_EDGE('',*,*,#2384,.T.);
#3057=ORIENTED_EDGE('',*,*,#2303,.F.);
#3058=ORIENTED_EDGE('',*,*,#2384,.F.);
#3059=ORIENTED_EDGE('',*,*,#2385,.F.);
#3060=ORIENTED_EDGE('',*,*,#2385,.T.);
#3061=ORIENTED_EDGE('',*,*,#2386,.T.);
#3062=ORIENTED_EDGE('',*,*,#2304,.F.);
#3063=ORIENTED_EDGE('',*,*,#2386,.F.);
#3064=ORIENTED_EDGE('',*,*,#2387,.F.);
#3065=ORIENTED_EDGE('',*,*,#2387,.T.);
#3066=ORIENTED_EDGE('',*,*,#2388,.T.);
#3067=ORIENTED_EDGE('',*,*,#2305,.F.);
#3068=ORIENTED_EDGE('',*,*,#2388,.F.);
#3069=ORIENTED_EDGE('',*,*,#2389,.F.);
#3070=ORIENTED_EDGE('',*,*,#2389,.T.);
#3071=ORIENTED_EDGE('',*,*,#2390,.T.);
#3072=ORIENTED_EDGE('',*,*,#2391,.F.);
#3073=ORIENTED_EDGE('',*,*,#2336,.F.);
#3074=ORIENTED_EDGE('',*,*,#2392,.T.);
#3075=ORIENTED_EDGE('',*,*,#2390,.F.);
#3076=ORIENTED_EDGE('',*,*,#2393,.F.);
#3077=ORIENTED_EDGE('',*,*,#2393,.T.);
#3078=ORIENTED_EDGE('',*,*,#2394,.T.);
#3079=ORIENTED_EDGE('',*,*,#2306,.F.);
#3080=ORIENTED_EDGE('',*,*,#2394,.F.);
#3081=ORIENTED_EDGE('',*,*,#2395,.F.);
#3082=ORIENTED_EDGE('',*,*,#2395,.T.);
#3083=ORIENTED_EDGE('',*,*,#2396,.T.);
#3084=ORIENTED_EDGE('',*,*,#2307,.F.);
#3085=ORIENTED_EDGE('',*,*,#2396,.F.);
#3086=ORIENTED_EDGE('',*,*,#2397,.F.);
#3087=ORIENTED_EDGE('',*,*,#2397,.T.);
#3088=ORIENTED_EDGE('',*,*,#2398,.T.);
#3089=ORIENTED_EDGE('',*,*,#2308,.F.);
#3090=ORIENTED_EDGE('',*,*,#2398,.F.);
#3091=ORIENTED_EDGE('',*,*,#2399,.F.);
#3092=ORIENTED_EDGE('',*,*,#2399,.T.);
#3093=ORIENTED_EDGE('',*,*,#2400,.T.);
#3094=ORIENTED_EDGE('',*,*,#2309,.F.);
#3095=ORIENTED_EDGE('',*,*,#2400,.F.);
#3096=ORIENTED_EDGE('',*,*,#2401,.F.);
#3097=ORIENTED_EDGE('',*,*,#2401,.T.);
#3098=ORIENTED_EDGE('',*,*,#2402,.T.);
#3099=ORIENTED_EDGE('',*,*,#2310,.F.);
#3100=ORIENTED_EDGE('',*,*,#2402,.F.);
#3101=ORIENTED_EDGE('',*,*,#2403,.F.);
#3102=ORIENTED_EDGE('',*,*,#2403,.T.);
#3103=ORIENTED_EDGE('',*,*,#2404,.T.);
#3104=ORIENTED_EDGE('',*,*,#2311,.F.);
#3105=ORIENTED_EDGE('',*,*,#2404,.F.);
#3106=ORIENTED_EDGE('',*,*,#2405,.F.);
#3107=ORIENTED_EDGE('',*,*,#2405,.T.);
#3108=ORIENTED_EDGE('',*,*,#2406,.T.);
#3109=ORIENTED_EDGE('',*,*,#2312,.F.);
#3110=ORIENTED_EDGE('',*,*,#2406,.F.);
#3111=ORIENTED_EDGE('',*,*,#2407,.F.);
#3112=ORIENTED_EDGE('',*,*,#2407,.T.);
#3113=ORIENTED_EDGE('',*,*,#2408,.T.);
#3114=ORIENTED_EDGE('',*,*,#2313,.F.);
#3115=ORIENTED_EDGE('',*,*,#2408,.F.);
#3116=ORIENTED_EDGE('',*,*,#2355,.F.);
#3117=ORIENTED_EDGE('',*,*,#2409,.T.);
#3118=ORIENTED_EDGE('',*,*,#2269,.T.);
#3119=ORIENTED_EDGE('',*,*,#2316,.F.);
#3120=ORIENTED_EDGE('',*,*,#2391,.T.);
#3121=ORIENTED_EDGE('',*,*,#2410,.T.);
#3122=ORIENTED_EDGE('',*,*,#2273,.T.);
#3123=ORIENTED_EDGE('',*,*,#2337,.F.);
#3124=ORIENTED_EDGE('',*,*,#2328,.T.);
#3125=ORIENTED_EDGE('',*,*,#2411,.T.);
#3126=ORIENTED_EDGE('',*,*,#2412,.F.);
#3127=ORIENTED_EDGE('',*,*,#2413,.F.);
#3128=ORIENTED_EDGE('',*,*,#2327,.T.);
#3129=ORIENTED_EDGE('',*,*,#2414,.T.);
#3130=ORIENTED_EDGE('',*,*,#2415,.F.);
#3131=ORIENTED_EDGE('',*,*,#2411,.F.);
#3132=ORIENTED_EDGE('',*,*,#2320,.T.);
#3133=ORIENTED_EDGE('',*,*,#2416,.T.);
#3134=ORIENTED_EDGE('',*,*,#2417,.F.);
#3135=ORIENTED_EDGE('',*,*,#2418,.F.);
#3136=ORIENTED_EDGE('',*,*,#2319,.T.);
#3137=ORIENTED_EDGE('',*,*,#2419,.T.);
#3138=ORIENTED_EDGE('',*,*,#2420,.F.);
#3139=ORIENTED_EDGE('',*,*,#2416,.F.);
#3140=ORIENTED_EDGE('',*,*,#2325,.T.);
#3141=ORIENTED_EDGE('',*,*,#2421,.T.);
#3142=ORIENTED_EDGE('',*,*,#2422,.F.);
#3143=ORIENTED_EDGE('',*,*,#2423,.F.);
#3144=ORIENTED_EDGE('',*,*,#2318,.T.);
#3145=ORIENTED_EDGE('',*,*,#2424,.T.);
#3146=ORIENTED_EDGE('',*,*,#2425,.F.);
#3147=ORIENTED_EDGE('',*,*,#2419,.F.);
#3148=ORIENTED_EDGE('',*,*,#2317,.F.);
#3149=ORIENTED_EDGE('',*,*,#2271,.T.);
#3150=ORIENTED_EDGE('',*,*,#2426,.T.);
#3151=ORIENTED_EDGE('',*,*,#2427,.T.);
#3152=ORIENTED_EDGE('',*,*,#2428,.F.);
#3153=ORIENTED_EDGE('',*,*,#2424,.F.);
#3154=ORIENTED_EDGE('',*,*,#2356,.T.);
#3155=ORIENTED_EDGE('',*,*,#2314,.T.);
#3156=ORIENTED_EDGE('',*,*,#2429,.F.);
#3157=ORIENTED_EDGE('',*,*,#2430,.F.);
#3158=ORIENTED_EDGE('',*,*,#2431,.F.);
#3159=ORIENTED_EDGE('',*,*,#2432,.T.);
#3160=ORIENTED_EDGE('',*,*,#2339,.T.);
#3161=ORIENTED_EDGE('',*,*,#2433,.T.);
#3162=ORIENTED_EDGE('',*,*,#2434,.F.);
#3163=ORIENTED_EDGE('',*,*,#2429,.T.);
#3164=ORIENTED_EDGE('',*,*,#2410,.F.);
#3165=ORIENTED_EDGE('',*,*,#2435,.F.);
#3166=ORIENTED_EDGE('',*,*,#2436,.F.);
#3167=ORIENTED_EDGE('',*,*,#2437,.F.);
#3168=ORIENTED_EDGE('',*,*,#2274,.T.);
#3169=ORIENTED_EDGE('',*,*,#2392,.F.);
#3170=ORIENTED_EDGE('',*,*,#2335,.T.);
#3171=ORIENTED_EDGE('',*,*,#2438,.T.);
#3172=ORIENTED_EDGE('',*,*,#2439,.F.);
#3173=ORIENTED_EDGE('',*,*,#2440,.F.);
#3174=ORIENTED_EDGE('',*,*,#2435,.T.);
#3175=ORIENTED_EDGE('',*,*,#2276,.F.);
#3176=ORIENTED_EDGE('',*,*,#2282,.T.);
#3177=ORIENTED_EDGE('',*,*,#2340,.F.);
#3178=ORIENTED_EDGE('',*,*,#2343,.T.);
#3179=ORIENTED_EDGE('',*,*,#2344,.F.);
#3180=ORIENTED_EDGE('',*,*,#2347,.T.);
#3181=ORIENTED_EDGE('',*,*,#2348,.F.);
#3182=ORIENTED_EDGE('',*,*,#2350,.T.);
#3183=ORIENTED_EDGE('',*,*,#2441,.T.);
#3184=ORIENTED_EDGE('',*,*,#2442,.T.);
#3185=ORIENTED_EDGE('',*,*,#2443,.T.);
#3186=ORIENTED_EDGE('',*,*,#2444,.T.);
#3187=ORIENTED_EDGE('',*,*,#2409,.F.);
#3188=ORIENTED_EDGE('',*,*,#2432,.F.);
#3189=ORIENTED_EDGE('',*,*,#2445,.F.);
#3190=ORIENTED_EDGE('',*,*,#2426,.F.);
#3191=ORIENTED_EDGE('',*,*,#2270,.T.);
#3192=ORIENTED_EDGE('',*,*,#2323,.T.);
#3193=ORIENTED_EDGE('',*,*,#2446,.T.);
#3194=ORIENTED_EDGE('',*,*,#2447,.F.);
#3195=ORIENTED_EDGE('',*,*,#2448,.F.);
#3196=ORIENTED_EDGE('',*,*,#2324,.T.);
#3197=ORIENTED_EDGE('',*,*,#2448,.T.);
#3198=ORIENTED_EDGE('',*,*,#2449,.F.);
#3199=ORIENTED_EDGE('',*,*,#2421,.F.);
#3200=ORIENTED_EDGE('',*,*,#2326,.T.);
#3201=ORIENTED_EDGE('',*,*,#2423,.T.);
#3202=ORIENTED_EDGE('',*,*,#2450,.F.);
#3203=ORIENTED_EDGE('',*,*,#2414,.F.);
#3204=ORIENTED_EDGE('',*,*,#2445,.T.);
#3205=ORIENTED_EDGE('',*,*,#2431,.T.);
#3206=ORIENTED_EDGE('',*,*,#2451,.F.);
#3207=ORIENTED_EDGE('',*,*,#2427,.F.);
#3208=ORIENTED_EDGE('',*,*,#2329,.T.);
#3209=ORIENTED_EDGE('',*,*,#2413,.T.);
#3210=ORIENTED_EDGE('',*,*,#2452,.F.);
#3211=ORIENTED_EDGE('',*,*,#2453,.F.);
#3212=ORIENTED_EDGE('',*,*,#2338,.F.);
#3213=ORIENTED_EDGE('',*,*,#2275,.T.);
#3214=ORIENTED_EDGE('',*,*,#2437,.T.);
#3215=ORIENTED_EDGE('',*,*,#2454,.T.);
#3216=ORIENTED_EDGE('',*,*,#2455,.F.);
#3217=ORIENTED_EDGE('',*,*,#2433,.F.);
#3218=ORIENTED_EDGE('',*,*,#2436,.T.);
#3219=ORIENTED_EDGE('',*,*,#2440,.T.);
#3220=ORIENTED_EDGE('',*,*,#2456,.F.);
#3221=ORIENTED_EDGE('',*,*,#2454,.F.);
#3222=ORIENTED_EDGE('',*,*,#2332,.T.);
#3223=ORIENTED_EDGE('',*,*,#2457,.T.);
#3224=ORIENTED_EDGE('',*,*,#2458,.F.);
#3225=ORIENTED_EDGE('',*,*,#2459,.F.);
#3226=ORIENTED_EDGE('',*,*,#2333,.T.);
#3227=ORIENTED_EDGE('',*,*,#2459,.T.);
#3228=ORIENTED_EDGE('',*,*,#2460,.F.);
#3229=ORIENTED_EDGE('',*,*,#2461,.F.);
#3230=ORIENTED_EDGE('',*,*,#2462,.F.);
#3231=ORIENTED_EDGE('',*,*,#2463,.T.);
#3232=ORIENTED_EDGE('',*,*,#2443,.F.);
#3233=ORIENTED_EDGE('',*,*,#2464,.F.);
#3234=ORIENTED_EDGE('',*,*,#2465,.F.);
#3235=ORIENTED_EDGE('',*,*,#2464,.T.);
#3236=ORIENTED_EDGE('',*,*,#2442,.F.);
#3237=ORIENTED_EDGE('',*,*,#2466,.F.);
#3238=ORIENTED_EDGE('',*,*,#2467,.F.);
#3239=ORIENTED_EDGE('',*,*,#2466,.T.);
#3240=ORIENTED_EDGE('',*,*,#2441,.F.);
#3241=ORIENTED_EDGE('',*,*,#2468,.F.);
#3242=ORIENTED_EDGE('',*,*,#2469,.F.);
#3243=ORIENTED_EDGE('',*,*,#2468,.T.);
#3244=ORIENTED_EDGE('',*,*,#2444,.F.);
#3245=ORIENTED_EDGE('',*,*,#2463,.F.);
#3246=ORIENTED_EDGE('',*,*,#2330,.T.);
#3247=ORIENTED_EDGE('',*,*,#2453,.T.);
#3248=ORIENTED_EDGE('',*,*,#2470,.F.);
#3249=ORIENTED_EDGE('',*,*,#2471,.F.);
#3250=ORIENTED_EDGE('',*,*,#2331,.T.);
#3251=ORIENTED_EDGE('',*,*,#2471,.T.);
#3252=ORIENTED_EDGE('',*,*,#2472,.F.);
#3253=ORIENTED_EDGE('',*,*,#2457,.F.);
#3254=ORIENTED_EDGE('',*,*,#2334,.T.);
#3255=ORIENTED_EDGE('',*,*,#2461,.T.);
#3256=ORIENTED_EDGE('',*,*,#2473,.F.);
#3257=ORIENTED_EDGE('',*,*,#2438,.F.);
#3258=ORIENTED_EDGE('',*,*,#2321,.T.);
#3259=ORIENTED_EDGE('',*,*,#2418,.T.);
#3260=ORIENTED_EDGE('',*,*,#2474,.F.);
#3261=ORIENTED_EDGE('',*,*,#2475,.F.);
#3262=ORIENTED_EDGE('',*,*,#2322,.T.);
#3263=ORIENTED_EDGE('',*,*,#2475,.T.);
#3264=ORIENTED_EDGE('',*,*,#2476,.F.);
#3265=ORIENTED_EDGE('',*,*,#2446,.F.);
#3266=ORIENTED_EDGE('',*,*,#2447,.T.);
#3267=ORIENTED_EDGE('',*,*,#2476,.T.);
#3268=ORIENTED_EDGE('',*,*,#2474,.T.);
#3269=ORIENTED_EDGE('',*,*,#2417,.T.);
#3270=ORIENTED_EDGE('',*,*,#2420,.T.);
#3271=ORIENTED_EDGE('',*,*,#2425,.T.);
#3272=ORIENTED_EDGE('',*,*,#2428,.T.);
#3273=ORIENTED_EDGE('',*,*,#2451,.T.);
#3274=ORIENTED_EDGE('',*,*,#2430,.T.);
#3275=ORIENTED_EDGE('',*,*,#2434,.T.);
#3276=ORIENTED_EDGE('',*,*,#2455,.T.);
#3277=ORIENTED_EDGE('',*,*,#2456,.T.);
#3278=ORIENTED_EDGE('',*,*,#2439,.T.);
#3279=ORIENTED_EDGE('',*,*,#2473,.T.);
#3280=ORIENTED_EDGE('',*,*,#2460,.T.);
#3281=ORIENTED_EDGE('',*,*,#2458,.T.);
#3282=ORIENTED_EDGE('',*,*,#2472,.T.);
#3283=ORIENTED_EDGE('',*,*,#2470,.T.);
#3284=ORIENTED_EDGE('',*,*,#2452,.T.);
#3285=ORIENTED_EDGE('',*,*,#2412,.T.);
#3286=ORIENTED_EDGE('',*,*,#2415,.T.);
#3287=ORIENTED_EDGE('',*,*,#2450,.T.);
#3288=ORIENTED_EDGE('',*,*,#2422,.T.);
#3289=ORIENTED_EDGE('',*,*,#2449,.T.);
#3290=ORIENTED_EDGE('',*,*,#2467,.T.);
#3291=ORIENTED_EDGE('',*,*,#2469,.T.);
#3292=ORIENTED_EDGE('',*,*,#2462,.T.);
#3293=ORIENTED_EDGE('',*,*,#2465,.T.);
#3294=ORIENTED_EDGE('',*,*,#2477,.F.);
#3295=ORIENTED_EDGE('',*,*,#2478,.T.);
#3296=ORIENTED_EDGE('',*,*,#2479,.F.);
#3297=ORIENTED_EDGE('',*,*,#2478,.F.);
#3298=ORIENTED_EDGE('',*,*,#2480,.F.);
#3299=ORIENTED_EDGE('',*,*,#2481,.T.);
#3300=ORIENTED_EDGE('',*,*,#2482,.F.);
#3301=ORIENTED_EDGE('',*,*,#2481,.F.);
#3302=ORIENTED_EDGE('',*,*,#2483,.F.);
#3303=ORIENTED_EDGE('',*,*,#2484,.T.);
#3304=ORIENTED_EDGE('',*,*,#2485,.F.);
#3305=ORIENTED_EDGE('',*,*,#2486,.F.);
#3306=ORIENTED_EDGE('',*,*,#2487,.F.);
#3307=ORIENTED_EDGE('',*,*,#2486,.T.);
#3308=ORIENTED_EDGE('',*,*,#2488,.F.);
#3309=ORIENTED_EDGE('',*,*,#2489,.F.);
#3310=ORIENTED_EDGE('',*,*,#2490,.F.);
#3311=ORIENTED_EDGE('',*,*,#2489,.T.);
#3312=ORIENTED_EDGE('',*,*,#2491,.F.);
#3313=ORIENTED_EDGE('',*,*,#2492,.F.);
#3314=ORIENTED_EDGE('',*,*,#2493,.F.);
#3315=ORIENTED_EDGE('',*,*,#2492,.T.);
#3316=ORIENTED_EDGE('',*,*,#2494,.F.);
#3317=ORIENTED_EDGE('',*,*,#2484,.F.);
#3318=ORIENTED_EDGE('',*,*,#2494,.T.);
#3319=ORIENTED_EDGE('',*,*,#2491,.T.);
#3320=ORIENTED_EDGE('',*,*,#2488,.T.);
#3321=ORIENTED_EDGE('',*,*,#2485,.T.);
#3322=ORIENTED_EDGE('',*,*,#2480,.T.);
#3323=ORIENTED_EDGE('',*,*,#2477,.T.);
#3324=ORIENTED_EDGE('',*,*,#2482,.T.);
#3325=ORIENTED_EDGE('',*,*,#2479,.T.);
#3326=ORIENTED_EDGE('',*,*,#2495,.F.);
#3327=ORIENTED_EDGE('',*,*,#2496,.T.);
#3328=ORIENTED_EDGE('',*,*,#2497,.F.);
#3329=ORIENTED_EDGE('',*,*,#2496,.F.);
#3330=ORIENTED_EDGE('',*,*,#2498,.F.);
#3331=ORIENTED_EDGE('',*,*,#2499,.T.);
#3332=ORIENTED_EDGE('',*,*,#2500,.F.);
#3333=ORIENTED_EDGE('',*,*,#2499,.F.);
#3334=ORIENTED_EDGE('',*,*,#2501,.F.);
#3335=ORIENTED_EDGE('',*,*,#2502,.F.);
#3336=ORIENTED_EDGE('',*,*,#2503,.F.);
#3337=ORIENTED_EDGE('',*,*,#2504,.F.);
#3338=ORIENTED_EDGE('',*,*,#2503,.T.);
#3339=ORIENTED_EDGE('',*,*,#2505,.F.);
#3340=ORIENTED_EDGE('',*,*,#2506,.F.);
#3341=ORIENTED_EDGE('',*,*,#2507,.F.);
#3342=ORIENTED_EDGE('',*,*,#2508,.F.);
#3343=ORIENTED_EDGE('',*,*,#2509,.F.);
#3344=ORIENTED_EDGE('',*,*,#2506,.T.);
#3345=ORIENTED_EDGE('',*,*,#2510,.F.);
#3346=ORIENTED_EDGE('',*,*,#2511,.F.);
#3347=ORIENTED_EDGE('',*,*,#2512,.F.);
#3348=ORIENTED_EDGE('',*,*,#2513,.T.);
#3349=ORIENTED_EDGE('',*,*,#2514,.F.);
#3350=ORIENTED_EDGE('',*,*,#2511,.T.);
#3351=ORIENTED_EDGE('',*,*,#2515,.F.);
#3352=ORIENTED_EDGE('',*,*,#2501,.T.);
#3353=ORIENTED_EDGE('',*,*,#2516,.F.);
#3354=ORIENTED_EDGE('',*,*,#2515,.T.);
#3355=ORIENTED_EDGE('',*,*,#2510,.T.);
#3356=ORIENTED_EDGE('',*,*,#2505,.T.);
#3357=ORIENTED_EDGE('',*,*,#2502,.T.);
#3358=ORIENTED_EDGE('',*,*,#2498,.T.);
#3359=ORIENTED_EDGE('',*,*,#2495,.T.);
#3360=ORIENTED_EDGE('',*,*,#2500,.T.);
#3361=ORIENTED_EDGE('',*,*,#2497,.T.);
#3362=ORIENTED_EDGE('',*,*,#2517,.F.);
#3363=ORIENTED_EDGE('',*,*,#2518,.T.);
#3364=ORIENTED_EDGE('',*,*,#2519,.F.);
#3365=ORIENTED_EDGE('',*,*,#2518,.F.);
#3366=ORIENTED_EDGE('',*,*,#2520,.F.);
#3367=ORIENTED_EDGE('',*,*,#2521,.T.);
#3368=ORIENTED_EDGE('',*,*,#2522,.F.);
#3369=ORIENTED_EDGE('',*,*,#2521,.F.);
#3370=ORIENTED_EDGE('',*,*,#2523,.F.);
#3371=ORIENTED_EDGE('',*,*,#2524,.T.);
#3372=ORIENTED_EDGE('',*,*,#2525,.F.);
#3373=ORIENTED_EDGE('',*,*,#2526,.F.);
#3374=ORIENTED_EDGE('',*,*,#2527,.F.);
#3375=ORIENTED_EDGE('',*,*,#2526,.T.);
#3376=ORIENTED_EDGE('',*,*,#2528,.F.);
#3377=ORIENTED_EDGE('',*,*,#2529,.F.);
#3378=ORIENTED_EDGE('',*,*,#2530,.F.);
#3379=ORIENTED_EDGE('',*,*,#2529,.T.);
#3380=ORIENTED_EDGE('',*,*,#2531,.F.);
#3381=ORIENTED_EDGE('',*,*,#2532,.F.);
#3382=ORIENTED_EDGE('',*,*,#2533,.F.);
#3383=ORIENTED_EDGE('',*,*,#2532,.T.);
#3384=ORIENTED_EDGE('',*,*,#2534,.F.);
#3385=ORIENTED_EDGE('',*,*,#2524,.F.);
#3386=ORIENTED_EDGE('',*,*,#2534,.T.);
#3387=ORIENTED_EDGE('',*,*,#2531,.T.);
#3388=ORIENTED_EDGE('',*,*,#2528,.T.);
#3389=ORIENTED_EDGE('',*,*,#2525,.T.);
#3390=ORIENTED_EDGE('',*,*,#2520,.T.);
#3391=ORIENTED_EDGE('',*,*,#2517,.T.);
#3392=ORIENTED_EDGE('',*,*,#2522,.T.);
#3393=ORIENTED_EDGE('',*,*,#2519,.T.);
#3394=ORIENTED_EDGE('',*,*,#2535,.F.);
#3395=ORIENTED_EDGE('',*,*,#2536,.T.);
#3396=ORIENTED_EDGE('',*,*,#2537,.F.);
#3397=ORIENTED_EDGE('',*,*,#2536,.F.);
#3398=ORIENTED_EDGE('',*,*,#2538,.F.);
#3399=ORIENTED_EDGE('',*,*,#2539,.T.);
#3400=ORIENTED_EDGE('',*,*,#2540,.F.);
#3401=ORIENTED_EDGE('',*,*,#2539,.F.);
#3402=ORIENTED_EDGE('',*,*,#2541,.F.);
#3403=ORIENTED_EDGE('',*,*,#2542,.F.);
#3404=ORIENTED_EDGE('',*,*,#2543,.F.);
#3405=ORIENTED_EDGE('',*,*,#2544,.F.);
#3406=ORIENTED_EDGE('',*,*,#2543,.T.);
#3407=ORIENTED_EDGE('',*,*,#2545,.F.);
#3408=ORIENTED_EDGE('',*,*,#2546,.F.);
#3409=ORIENTED_EDGE('',*,*,#2547,.F.);
#3410=ORIENTED_EDGE('',*,*,#2546,.T.);
#3411=ORIENTED_EDGE('',*,*,#2548,.F.);
#3412=ORIENTED_EDGE('',*,*,#2549,.F.);
#3413=ORIENTED_EDGE('',*,*,#2550,.F.);
#3414=ORIENTED_EDGE('',*,*,#2549,.T.);
#3415=ORIENTED_EDGE('',*,*,#2551,.F.);
#3416=ORIENTED_EDGE('',*,*,#2541,.T.);
#3417=ORIENTED_EDGE('',*,*,#2552,.F.);
#3418=ORIENTED_EDGE('',*,*,#2551,.T.);
#3419=ORIENTED_EDGE('',*,*,#2548,.T.);
#3420=ORIENTED_EDGE('',*,*,#2545,.T.);
#3421=ORIENTED_EDGE('',*,*,#2542,.T.);
#3422=ORIENTED_EDGE('',*,*,#2538,.T.);
#3423=ORIENTED_EDGE('',*,*,#2535,.T.);
#3424=ORIENTED_EDGE('',*,*,#2540,.T.);
#3425=ORIENTED_EDGE('',*,*,#2537,.T.);
#3426=ORIENTED_EDGE('',*,*,#2553,.T.);
#3427=ORIENTED_EDGE('',*,*,#2554,.T.);
#3428=ORIENTED_EDGE('',*,*,#2555,.T.);
#3429=ORIENTED_EDGE('',*,*,#2556,.F.);
#3430=ORIENTED_EDGE('',*,*,#2557,.T.);
#3431=ORIENTED_EDGE('',*,*,#2558,.T.);
#3432=ORIENTED_EDGE('',*,*,#2559,.F.);
#3433=ORIENTED_EDGE('',*,*,#2560,.F.);
#3434=ORIENTED_EDGE('',*,*,#2561,.F.);
#3435=ORIENTED_EDGE('',*,*,#2562,.T.);
#3436=ORIENTED_EDGE('',*,*,#2563,.F.);
#3437=ORIENTED_EDGE('',*,*,#2564,.F.);
#3438=ORIENTED_EDGE('',*,*,#2565,.F.);
#3439=ORIENTED_EDGE('',*,*,#2566,.F.);
#3440=ORIENTED_EDGE('',*,*,#2567,.F.);
#3441=ORIENTED_EDGE('',*,*,#2568,.T.);
#3442=ORIENTED_EDGE('',*,*,#2569,.T.);
#3443=ORIENTED_EDGE('',*,*,#2570,.F.);
#3444=ORIENTED_EDGE('',*,*,#2559,.T.);
#3445=ORIENTED_EDGE('',*,*,#2571,.T.);
#3446=ORIENTED_EDGE('',*,*,#2572,.F.);
#3447=ORIENTED_EDGE('',*,*,#2573,.T.);
#3448=ORIENTED_EDGE('',*,*,#2569,.F.);
#3449=ORIENTED_EDGE('',*,*,#2574,.F.);
#3450=ORIENTED_EDGE('',*,*,#2575,.T.);
#3451=ORIENTED_EDGE('',*,*,#2576,.F.);
#3452=ORIENTED_EDGE('',*,*,#2561,.T.);
#3453=ORIENTED_EDGE('',*,*,#2577,.T.);
#3454=ORIENTED_EDGE('',*,*,#2575,.F.);
#3455=ORIENTED_EDGE('',*,*,#2578,.F.);
#3456=ORIENTED_EDGE('',*,*,#2579,.F.);
#3457=ORIENTED_EDGE('',*,*,#2580,.T.);
#3458=ORIENTED_EDGE('',*,*,#2581,.T.);
#3459=ORIENTED_EDGE('',*,*,#2582,.T.);
#3460=ORIENTED_EDGE('',*,*,#2563,.T.);
#3461=ORIENTED_EDGE('',*,*,#2583,.F.);
#3462=ORIENTED_EDGE('',*,*,#2584,.F.);
#3463=ORIENTED_EDGE('',*,*,#2585,.F.);
#3464=ORIENTED_EDGE('',*,*,#2581,.F.);
#3465=ORIENTED_EDGE('',*,*,#2586,.T.);
#3466=ORIENTED_EDGE('',*,*,#2587,.T.);
#3467=ORIENTED_EDGE('',*,*,#2588,.F.);
#3468=ORIENTED_EDGE('',*,*,#2572,.T.);
#3469=ORIENTED_EDGE('',*,*,#2589,.T.);
#3470=ORIENTED_EDGE('',*,*,#2590,.T.);
#3471=ORIENTED_EDGE('',*,*,#2591,.T.);
#3472=ORIENTED_EDGE('',*,*,#2565,.T.);
#3473=ORIENTED_EDGE('',*,*,#2592,.F.);
#3474=ORIENTED_EDGE('',*,*,#2587,.F.);
#3475=ORIENTED_EDGE('',*,*,#2593,.F.);
#3476=ORIENTED_EDGE('',*,*,#2590,.F.);
#3477=ORIENTED_EDGE('',*,*,#2594,.T.);
#3478=ORIENTED_EDGE('',*,*,#2595,.T.);
#3479=ORIENTED_EDGE('',*,*,#2596,.F.);
#3480=ORIENTED_EDGE('',*,*,#2567,.T.);
#3481=ORIENTED_EDGE('',*,*,#2597,.T.);
#3482=ORIENTED_EDGE('',*,*,#2598,.T.);
#3483=ORIENTED_EDGE('',*,*,#2599,.T.);
#3484=ORIENTED_EDGE('',*,*,#2584,.T.);
#3485=ORIENTED_EDGE('',*,*,#2600,.F.);
#3486=ORIENTED_EDGE('',*,*,#2595,.F.);
#3487=ORIENTED_EDGE('',*,*,#2601,.F.);
#3488=ORIENTED_EDGE('',*,*,#2598,.F.);
#3489=ORIENTED_EDGE('',*,*,#2602,.T.);
#3490=ORIENTED_EDGE('',*,*,#2603,.T.);
#3491=ORIENTED_EDGE('',*,*,#2604,.T.);
#3492=ORIENTED_EDGE('',*,*,#2557,.F.);
#3493=ORIENTED_EDGE('',*,*,#2605,.F.);
#3494=ORIENTED_EDGE('',*,*,#2606,.T.);
#3495=ORIENTED_EDGE('',*,*,#2607,.T.);
#3496=ORIENTED_EDGE('',*,*,#2608,.T.);
#3497=ORIENTED_EDGE('',*,*,#2609,.T.);
#3498=ORIENTED_EDGE('',*,*,#2610,.T.);
#3499=ORIENTED_EDGE('',*,*,#2611,.T.);
#3500=ORIENTED_EDGE('',*,*,#2612,.T.);
#3501=ORIENTED_EDGE('',*,*,#2613,.T.);
#3502=ORIENTED_EDGE('',*,*,#2614,.T.);
#3503=ORIENTED_EDGE('',*,*,#2615,.T.);
#3504=ORIENTED_EDGE('',*,*,#2616,.T.);
#3505=ORIENTED_EDGE('',*,*,#2617,.T.);
#3506=ORIENTED_EDGE('',*,*,#2618,.T.);
#3507=ORIENTED_EDGE('',*,*,#2619,.T.);
#3508=ORIENTED_EDGE('',*,*,#2620,.T.);
#3509=ORIENTED_EDGE('',*,*,#2621,.F.);
#3510=ORIENTED_EDGE('',*,*,#2579,.T.);
#3511=ORIENTED_EDGE('',*,*,#2622,.T.);
#3512=ORIENTED_EDGE('',*,*,#2620,.F.);
#3513=ORIENTED_EDGE('',*,*,#2623,.F.);
#3514=ORIENTED_EDGE('',*,*,#2624,.F.);
#3515=ORIENTED_EDGE('',*,*,#2625,.T.);
#3516=ORIENTED_EDGE('',*,*,#2626,.T.);
#3517=ORIENTED_EDGE('',*,*,#2627,.T.);
#3518=ORIENTED_EDGE('',*,*,#2628,.T.);
#3519=ORIENTED_EDGE('',*,*,#2629,.T.);
#3520=ORIENTED_EDGE('',*,*,#2630,.F.);
#3521=ORIENTED_EDGE('',*,*,#2631,.T.);
#3522=ORIENTED_EDGE('',*,*,#2627,.F.);
#3523=ORIENTED_EDGE('',*,*,#2632,.F.);
#3524=ORIENTED_EDGE('',*,*,#2633,.T.);
#3525=ORIENTED_EDGE('',*,*,#2634,.T.);
#3526=ORIENTED_EDGE('',*,*,#2635,.T.);
#3527=ORIENTED_EDGE('',*,*,#2630,.T.);
#3528=ORIENTED_EDGE('',*,*,#2636,.T.);
#3529=ORIENTED_EDGE('',*,*,#2637,.T.);
#3530=ORIENTED_EDGE('',*,*,#2638,.T.);
#3531=ORIENTED_EDGE('',*,*,#2639,.F.);
#3532=ORIENTED_EDGE('',*,*,#2640,.F.);
#3533=ORIENTED_EDGE('',*,*,#2641,.T.);
#3534=ORIENTED_EDGE('',*,*,#2642,.F.);
#3535=ORIENTED_EDGE('',*,*,#2641,.F.);
#3536=ORIENTED_EDGE('',*,*,#2643,.T.);
#3537=ORIENTED_EDGE('',*,*,#2644,.T.);
#3538=ORIENTED_EDGE('',*,*,#2640,.T.);
#3539=ORIENTED_EDGE('',*,*,#2644,.F.);
#3540=ORIENTED_EDGE('',*,*,#2645,.F.);
#3541=ORIENTED_EDGE('',*,*,#2646,.T.);
#3542=ORIENTED_EDGE('',*,*,#2647,.F.);
#3543=ORIENTED_EDGE('',*,*,#2646,.F.);
#3544=ORIENTED_EDGE('',*,*,#2648,.T.);
#3545=ORIENTED_EDGE('',*,*,#2649,.T.);
#3546=ORIENTED_EDGE('',*,*,#2645,.T.);
#3547=ORIENTED_EDGE('',*,*,#2649,.F.);
#3548=ORIENTED_EDGE('',*,*,#2650,.F.);
#3549=ORIENTED_EDGE('',*,*,#2651,.T.);
#3550=ORIENTED_EDGE('',*,*,#2652,.F.);
#3551=ORIENTED_EDGE('',*,*,#2651,.F.);
#3552=ORIENTED_EDGE('',*,*,#2653,.T.);
#3553=ORIENTED_EDGE('',*,*,#2654,.T.);
#3554=ORIENTED_EDGE('',*,*,#2650,.T.);
#3555=ORIENTED_EDGE('',*,*,#2654,.F.);
#3556=ORIENTED_EDGE('',*,*,#2655,.F.);
#3557=ORIENTED_EDGE('',*,*,#2656,.T.);
#3558=ORIENTED_EDGE('',*,*,#2657,.F.);
#3559=ORIENTED_EDGE('',*,*,#2656,.F.);
#3560=ORIENTED_EDGE('',*,*,#2658,.T.);
#3561=ORIENTED_EDGE('',*,*,#2659,.T.);
#3562=ORIENTED_EDGE('',*,*,#2655,.T.);
#3563=ORIENTED_EDGE('',*,*,#2659,.F.);
#3564=ORIENTED_EDGE('',*,*,#2660,.F.);
#3565=ORIENTED_EDGE('',*,*,#2661,.T.);
#3566=ORIENTED_EDGE('',*,*,#2662,.F.);
#3567=ORIENTED_EDGE('',*,*,#2661,.F.);
#3568=ORIENTED_EDGE('',*,*,#2663,.T.);
#3569=ORIENTED_EDGE('',*,*,#2664,.T.);
#3570=ORIENTED_EDGE('',*,*,#2660,.T.);
#3571=ORIENTED_EDGE('',*,*,#2664,.F.);
#3572=ORIENTED_EDGE('',*,*,#2665,.F.);
#3573=ORIENTED_EDGE('',*,*,#2666,.T.);
#3574=ORIENTED_EDGE('',*,*,#2667,.F.);
#3575=ORIENTED_EDGE('',*,*,#2666,.F.);
#3576=ORIENTED_EDGE('',*,*,#2668,.T.);
#3577=ORIENTED_EDGE('',*,*,#2669,.T.);
#3578=ORIENTED_EDGE('',*,*,#2665,.T.);
#3579=ORIENTED_EDGE('',*,*,#2669,.F.);
#3580=ORIENTED_EDGE('',*,*,#2670,.F.);
#3581=ORIENTED_EDGE('',*,*,#2671,.T.);
#3582=ORIENTED_EDGE('',*,*,#2672,.F.);
#3583=ORIENTED_EDGE('',*,*,#2671,.F.);
#3584=ORIENTED_EDGE('',*,*,#2673,.T.);
#3585=ORIENTED_EDGE('',*,*,#2674,.T.);
#3586=ORIENTED_EDGE('',*,*,#2670,.T.);
#3587=ORIENTED_EDGE('',*,*,#2674,.F.);
#3588=ORIENTED_EDGE('',*,*,#2675,.F.);
#3589=ORIENTED_EDGE('',*,*,#2676,.T.);
#3590=ORIENTED_EDGE('',*,*,#2677,.F.);
#3591=ORIENTED_EDGE('',*,*,#2676,.F.);
#3592=ORIENTED_EDGE('',*,*,#2555,.F.);
#3593=ORIENTED_EDGE('',*,*,#2678,.T.);
#3594=ORIENTED_EDGE('',*,*,#2638,.F.);
#3595=ORIENTED_EDGE('',*,*,#2679,.T.);
#3596=ORIENTED_EDGE('',*,*,#2633,.F.);
#3597=ORIENTED_EDGE('',*,*,#2632,.T.);
#3598=ORIENTED_EDGE('',*,*,#2626,.F.);
#3599=ORIENTED_EDGE('',*,*,#2680,.T.);
#3600=ORIENTED_EDGE('',*,*,#2673,.F.);
#3601=ORIENTED_EDGE('',*,*,#2663,.F.);
#3602=ORIENTED_EDGE('',*,*,#2653,.F.);
#3603=ORIENTED_EDGE('',*,*,#2643,.F.);
#3604=ORIENTED_EDGE('',*,*,#2648,.F.);
#3605=ORIENTED_EDGE('',*,*,#2658,.F.);
#3606=ORIENTED_EDGE('',*,*,#2668,.F.);
#3607=ORIENTED_EDGE('',*,*,#2681,.F.);
#3608=ORIENTED_EDGE('',*,*,#2681,.T.);
#3609=ORIENTED_EDGE('',*,*,#2682,.T.);
#3610=ORIENTED_EDGE('',*,*,#2675,.T.);
#3611=ORIENTED_EDGE('',*,*,#2682,.F.);
#3612=ORIENTED_EDGE('',*,*,#2683,.T.);
#3613=ORIENTED_EDGE('',*,*,#2684,.T.);
#3614=ORIENTED_EDGE('',*,*,#2685,.T.);
#3615=ORIENTED_EDGE('',*,*,#2686,.F.);
#3616=ORIENTED_EDGE('',*,*,#2624,.T.);
#3617=ORIENTED_EDGE('',*,*,#2687,.T.);
#3618=ORIENTED_EDGE('',*,*,#2688,.T.);
#3619=ORIENTED_EDGE('',*,*,#2617,.F.);
#3620=ORIENTED_EDGE('',*,*,#2689,.F.);
#3621=ORIENTED_EDGE('',*,*,#2690,.F.);
#3622=ORIENTED_EDGE('',*,*,#2691,.T.);
#3623=ORIENTED_EDGE('',*,*,#2616,.F.);
#3624=ORIENTED_EDGE('',*,*,#2692,.F.);
#3625=ORIENTED_EDGE('',*,*,#2693,.F.);
#3626=ORIENTED_EDGE('',*,*,#2689,.T.);
#3627=ORIENTED_EDGE('',*,*,#2619,.F.);
#3628=ORIENTED_EDGE('',*,*,#2694,.F.);
#3629=ORIENTED_EDGE('',*,*,#2695,.F.);
#3630=ORIENTED_EDGE('',*,*,#2692,.T.);
#3631=ORIENTED_EDGE('',*,*,#2618,.F.);
#3632=ORIENTED_EDGE('',*,*,#2691,.F.);
#3633=ORIENTED_EDGE('',*,*,#2696,.F.);
#3634=ORIENTED_EDGE('',*,*,#2694,.T.);
#3635=ORIENTED_EDGE('',*,*,#2611,.F.);
#3636=ORIENTED_EDGE('',*,*,#2697,.F.);
#3637=ORIENTED_EDGE('',*,*,#2698,.F.);
#3638=ORIENTED_EDGE('',*,*,#2699,.T.);
#3639=ORIENTED_EDGE('',*,*,#2610,.F.);
#3640=ORIENTED_EDGE('',*,*,#2700,.F.);
#3641=ORIENTED_EDGE('',*,*,#2701,.F.);
#3642=ORIENTED_EDGE('',*,*,#2697,.T.);
#3643=ORIENTED_EDGE('',*,*,#2609,.F.);
#3644=ORIENTED_EDGE('',*,*,#2702,.F.);
#3645=ORIENTED_EDGE('',*,*,#2703,.F.);
#3646=ORIENTED_EDGE('',*,*,#2700,.T.);
#3647=ORIENTED_EDGE('',*,*,#2608,.F.);
#3648=ORIENTED_EDGE('',*,*,#2704,.F.);
#3649=ORIENTED_EDGE('',*,*,#2705,.F.);
#3650=ORIENTED_EDGE('',*,*,#2702,.T.);
#3651=ORIENTED_EDGE('',*,*,#2615,.F.);
#3652=ORIENTED_EDGE('',*,*,#2706,.F.);
#3653=ORIENTED_EDGE('',*,*,#2707,.F.);
#3654=ORIENTED_EDGE('',*,*,#2704,.T.);
#3655=ORIENTED_EDGE('',*,*,#2614,.F.);
#3656=ORIENTED_EDGE('',*,*,#2708,.F.);
#3657=ORIENTED_EDGE('',*,*,#2709,.F.);
#3658=ORIENTED_EDGE('',*,*,#2706,.T.);
#3659=ORIENTED_EDGE('',*,*,#2613,.F.);
#3660=ORIENTED_EDGE('',*,*,#2710,.F.);
#3661=ORIENTED_EDGE('',*,*,#2711,.F.);
#3662=ORIENTED_EDGE('',*,*,#2708,.T.);
#3663=ORIENTED_EDGE('',*,*,#2612,.F.);
#3664=ORIENTED_EDGE('',*,*,#2699,.F.);
#3665=ORIENTED_EDGE('',*,*,#2712,.F.);
#3666=ORIENTED_EDGE('',*,*,#2710,.T.);
#3667=ORIENTED_EDGE('',*,*,#2713,.F.);
#3668=ORIENTED_EDGE('',*,*,#2714,.T.);
#3669=ORIENTED_EDGE('',*,*,#2715,.T.);
#3670=ORIENTED_EDGE('',*,*,#2716,.F.);
#3671=ORIENTED_EDGE('',*,*,#2717,.F.);
#3672=ORIENTED_EDGE('',*,*,#2603,.F.);
#3673=ORIENTED_EDGE('',*,*,#2718,.F.);
#3674=ORIENTED_EDGE('',*,*,#2719,.F.);
#3675=ORIENTED_EDGE('',*,*,#2716,.T.);
#3676=ORIENTED_EDGE('',*,*,#2720,.T.);
#3677=ORIENTED_EDGE('',*,*,#2607,.F.);
#3678=ORIENTED_EDGE('',*,*,#2721,.F.);
#3679=ORIENTED_EDGE('',*,*,#2722,.F.);
#3680=ORIENTED_EDGE('',*,*,#2718,.T.);
#3681=ORIENTED_EDGE('',*,*,#2606,.F.);
#3682=ORIENTED_EDGE('',*,*,#2723,.F.);
#3683=ORIENTED_EDGE('',*,*,#2724,.F.);
#3684=ORIENTED_EDGE('',*,*,#2721,.T.);
#3685=ORIENTED_EDGE('',*,*,#2685,.F.);
#3686=ORIENTED_EDGE('',*,*,#2725,.F.);
#3687=ORIENTED_EDGE('',*,*,#2726,.F.);
#3688=ORIENTED_EDGE('',*,*,#2727,.F.);
#3689=ORIENTED_EDGE('',*,*,#2684,.F.);
#3690=ORIENTED_EDGE('',*,*,#2728,.F.);
#3691=ORIENTED_EDGE('',*,*,#2729,.F.);
#3692=ORIENTED_EDGE('',*,*,#2725,.T.);
#3693=ORIENTED_EDGE('',*,*,#2730,.F.);
#3694=ORIENTED_EDGE('',*,*,#2731,.T.);
#3695=ORIENTED_EDGE('',*,*,#2714,.F.);
#3696=ORIENTED_EDGE('',*,*,#2732,.F.);
#3697=ORIENTED_EDGE('',*,*,#2728,.T.);
#3698=ORIENTED_EDGE('',*,*,#2683,.F.);
#3699=ORIENTED_EDGE('',*,*,#2733,.F.);
#3700=ORIENTED_EDGE('',*,*,#2720,.F.);
#3701=ORIENTED_EDGE('',*,*,#2715,.F.);
#3702=ORIENTED_EDGE('',*,*,#2731,.F.);
#3703=ORIENTED_EDGE('',*,*,#2734,.T.);
#3704=ORIENTED_EDGE('',*,*,#2735,.T.);
#3705=ORIENTED_EDGE('',*,*,#2514,.T.);
#3706=ORIENTED_EDGE('',*,*,#2736,.T.);
#3707=ORIENTED_EDGE('',*,*,#2737,.F.);
#3708=ORIENTED_EDGE('',*,*,#2508,.T.);
#3709=ORIENTED_EDGE('',*,*,#2735,.F.);
#3710=ORIENTED_EDGE('',*,*,#2513,.F.);
#3711=ORIENTED_EDGE('',*,*,#2736,.F.);
#3712=ORIENTED_EDGE('',*,*,#2738,.T.);
#3713=ORIENTED_EDGE('',*,*,#2688,.F.);
#3714=ORIENTED_EDGE('',*,*,#2738,.F.);
#3715=ORIENTED_EDGE('',*,*,#2739,.T.);
#3716=ORIENTED_EDGE('',*,*,#2740,.T.);
#3717=ORIENTED_EDGE('',*,*,#2741,.T.);
#3718=ORIENTED_EDGE('',*,*,#2742,.T.);
#3719=ORIENTED_EDGE('',*,*,#2743,.F.);
#3720=ORIENTED_EDGE('',*,*,#2744,.T.);
#3721=ORIENTED_EDGE('',*,*,#2740,.F.);
#3722=ORIENTED_EDGE('',*,*,#2745,.F.);
#3723=ORIENTED_EDGE('',*,*,#2746,.F.);
#3724=ORIENTED_EDGE('',*,*,#2745,.T.);
#3725=ORIENTED_EDGE('',*,*,#2741,.F.);
#3726=ORIENTED_EDGE('',*,*,#2744,.F.);
#3727=ORIENTED_EDGE('',*,*,#2742,.F.);
#3728=ORIENTED_EDGE('',*,*,#2747,.T.);
#3729=ORIENTED_EDGE('',*,*,#2734,.F.);
#3730=ORIENTED_EDGE('',*,*,#2747,.F.);
#3731=ORIENTED_EDGE('',*,*,#2748,.T.);
#3732=ORIENTED_EDGE('',*,*,#2749,.T.);
#3733=ORIENTED_EDGE('',*,*,#2750,.T.);
#3734=ORIENTED_EDGE('',*,*,#2751,.T.);
#3735=ORIENTED_EDGE('',*,*,#2752,.F.);
#3736=ORIENTED_EDGE('',*,*,#2753,.T.);
#3737=ORIENTED_EDGE('',*,*,#2749,.F.);
#3738=ORIENTED_EDGE('',*,*,#2754,.F.);
#3739=ORIENTED_EDGE('',*,*,#2755,.F.);
#3740=ORIENTED_EDGE('',*,*,#2754,.T.);
#3741=ORIENTED_EDGE('',*,*,#2750,.F.);
#3742=ORIENTED_EDGE('',*,*,#2753,.F.);
#3743=ORIENTED_EDGE('',*,*,#2751,.F.);
#3744=ORIENTED_EDGE('',*,*,#2756,.T.);
#3745=ORIENTED_EDGE('',*,*,#2739,.F.);
#3746=ORIENTED_EDGE('',*,*,#2756,.F.);
#3747=ORIENTED_EDGE('',*,*,#2717,.T.);
#3748=ORIENTED_EDGE('',*,*,#2733,.T.);
#3749=ORIENTED_EDGE('',*,*,#2730,.T.);
#3750=ORIENTED_EDGE('',*,*,#2687,.F.);
#3751=ORIENTED_EDGE('',*,*,#2623,.T.);
#3752=ORIENTED_EDGE('',*,*,#2622,.F.);
#3753=ORIENTED_EDGE('',*,*,#2578,.T.);
#3754=ORIENTED_EDGE('',*,*,#2577,.F.);
#3755=ORIENTED_EDGE('',*,*,#2564,.T.);
#3756=ORIENTED_EDGE('',*,*,#2582,.F.);
#3757=ORIENTED_EDGE('',*,*,#2585,.T.);
#3758=ORIENTED_EDGE('',*,*,#2599,.F.);
#3759=ORIENTED_EDGE('',*,*,#2601,.T.);
#3760=ORIENTED_EDGE('',*,*,#2597,.F.);
#3761=ORIENTED_EDGE('',*,*,#2566,.T.);
#3762=ORIENTED_EDGE('',*,*,#2591,.F.);
#3763=ORIENTED_EDGE('',*,*,#2593,.T.);
#3764=ORIENTED_EDGE('',*,*,#2589,.F.);
#3765=ORIENTED_EDGE('',*,*,#2574,.T.);
#3766=ORIENTED_EDGE('',*,*,#2571,.F.);
#3767=ORIENTED_EDGE('',*,*,#2558,.F.);
#3768=ORIENTED_EDGE('',*,*,#2604,.F.);
#3769=ORIENTED_EDGE('',*,*,#2544,.T.);
#3770=ORIENTED_EDGE('',*,*,#2547,.T.);
#3771=ORIENTED_EDGE('',*,*,#2550,.T.);
#3772=ORIENTED_EDGE('',*,*,#2552,.T.);
#3773=ORIENTED_EDGE('',*,*,#2755,.T.);
#3774=ORIENTED_EDGE('',*,*,#2752,.T.);
#3775=ORIENTED_EDGE('',*,*,#2746,.T.);
#3776=ORIENTED_EDGE('',*,*,#2743,.T.);
#3777=ORIENTED_EDGE('',*,*,#2757,.T.);
#3778=ORIENTED_EDGE('',*,*,#2758,.T.);
#3779=ORIENTED_EDGE('',*,*,#2509,.T.);
#3780=ORIENTED_EDGE('',*,*,#2737,.T.);
#3781=ORIENTED_EDGE('',*,*,#2512,.T.);
#3782=ORIENTED_EDGE('',*,*,#2516,.T.);
#3783=ORIENTED_EDGE('',*,*,#2504,.T.);
#3784=ORIENTED_EDGE('',*,*,#2507,.T.);
#3785=ORIENTED_EDGE('',*,*,#2759,.T.);
#3786=ORIENTED_EDGE('',*,*,#2760,.T.);
#3787=ORIENTED_EDGE('',*,*,#2761,.T.);
#3788=ORIENTED_EDGE('',*,*,#2758,.F.);
#3789=ORIENTED_EDGE('',*,*,#2762,.T.);
#3790=ORIENTED_EDGE('',*,*,#2759,.F.);
#3791=ORIENTED_EDGE('',*,*,#2763,.F.);
#3792=ORIENTED_EDGE('',*,*,#2757,.F.);
#3793=ORIENTED_EDGE('',*,*,#2763,.T.);
#3794=ORIENTED_EDGE('',*,*,#2760,.F.);
#3795=ORIENTED_EDGE('',*,*,#2762,.F.);
#3796=ORIENTED_EDGE('',*,*,#2761,.F.);
#3797=ORIENTED_EDGE('',*,*,#2764,.T.);
#3798=ORIENTED_EDGE('',*,*,#2748,.F.);
#3799=ORIENTED_EDGE('',*,*,#2764,.F.);
#3800=ORIENTED_EDGE('',*,*,#2765,.F.);
#3801=ORIENTED_EDGE('',*,*,#2639,.T.);
#3802=ORIENTED_EDGE('',*,*,#2678,.F.);
#3803=ORIENTED_EDGE('',*,*,#2554,.F.);
#3804=ORIENTED_EDGE('',*,*,#2766,.T.);
#3805=ORIENTED_EDGE('',*,*,#2767,.F.);
#3806=ORIENTED_EDGE('',*,*,#2768,.F.);
#3807=ORIENTED_EDGE('',*,*,#2556,.T.);
#3808=ORIENTED_EDGE('',*,*,#2680,.F.);
#3809=ORIENTED_EDGE('',*,*,#2629,.F.);
#3810=ORIENTED_EDGE('',*,*,#2769,.T.);
#3811=ORIENTED_EDGE('',*,*,#2726,.T.);
#3812=ORIENTED_EDGE('',*,*,#2729,.T.);
#3813=ORIENTED_EDGE('',*,*,#2732,.T.);
#3814=ORIENTED_EDGE('',*,*,#2713,.T.);
#3815=ORIENTED_EDGE('',*,*,#2719,.T.);
#3816=ORIENTED_EDGE('',*,*,#2722,.T.);
#3817=ORIENTED_EDGE('',*,*,#2724,.T.);
#3818=ORIENTED_EDGE('',*,*,#2705,.T.);
#3819=ORIENTED_EDGE('',*,*,#2707,.T.);
#3820=ORIENTED_EDGE('',*,*,#2709,.T.);
#3821=ORIENTED_EDGE('',*,*,#2711,.T.);
#3822=ORIENTED_EDGE('',*,*,#2712,.T.);
#3823=ORIENTED_EDGE('',*,*,#2698,.T.);
#3824=ORIENTED_EDGE('',*,*,#2701,.T.);
#3825=ORIENTED_EDGE('',*,*,#2703,.T.);
#3826=ORIENTED_EDGE('',*,*,#2693,.T.);
#3827=ORIENTED_EDGE('',*,*,#2695,.T.);
#3828=ORIENTED_EDGE('',*,*,#2696,.T.);
#3829=ORIENTED_EDGE('',*,*,#2690,.T.);
#3830=ORIENTED_EDGE('',*,*,#2770,.T.);
#3831=ORIENTED_EDGE('',*,*,#2771,.T.);
#3832=ORIENTED_EDGE('',*,*,#2772,.T.);
#3833=ORIENTED_EDGE('',*,*,#2771,.F.);
#3834=ORIENTED_EDGE('',*,*,#2765,.T.);
#3835=ORIENTED_EDGE('',*,*,#2553,.F.);
#3836=ORIENTED_EDGE('',*,*,#2768,.T.);
#3837=ORIENTED_EDGE('',*,*,#2773,.F.);
#3838=ORIENTED_EDGE('',*,*,#2774,.T.);
#3839=ORIENTED_EDGE('',*,*,#2775,.F.);
#3840=ORIENTED_EDGE('',*,*,#2776,.T.);
#3841=ORIENTED_EDGE('',*,*,#2636,.F.);
#3842=ORIENTED_EDGE('',*,*,#2777,.F.);
#3843=ORIENTED_EDGE('',*,*,#2778,.F.);
#3844=ORIENTED_EDGE('',*,*,#2779,.F.);
#3845=ORIENTED_EDGE('',*,*,#2780,.F.);
#3846=ORIENTED_EDGE('',*,*,#2781,.F.);
#3847=ORIENTED_EDGE('',*,*,#2782,.F.);
#3848=ORIENTED_EDGE('',*,*,#2783,.F.);
#3849=ORIENTED_EDGE('',*,*,#2784,.F.);
#3850=ORIENTED_EDGE('',*,*,#2785,.F.);
#3851=ORIENTED_EDGE('',*,*,#2786,.F.);
#3852=ORIENTED_EDGE('',*,*,#2787,.F.);
#3853=ORIENTED_EDGE('',*,*,#2788,.F.);
#3854=ORIENTED_EDGE('',*,*,#2789,.F.);
#3855=ORIENTED_EDGE('',*,*,#2790,.F.);
#3856=ORIENTED_EDGE('',*,*,#2791,.F.);
#3857=ORIENTED_EDGE('',*,*,#2792,.F.);
#3858=ORIENTED_EDGE('',*,*,#2793,.F.);
#3859=ORIENTED_EDGE('',*,*,#2794,.F.);
#3860=ORIENTED_EDGE('',*,*,#2770,.F.);
#3861=ORIENTED_EDGE('',*,*,#2795,.F.);
#3862=ORIENTED_EDGE('',*,*,#2796,.T.);
#3863=ORIENTED_EDGE('',*,*,#2772,.F.);
#3864=ORIENTED_EDGE('',*,*,#2796,.F.);
#3865=ORIENTED_EDGE('',*,*,#2777,.T.);
#3866=ORIENTED_EDGE('',*,*,#2797,.T.);
#3867=ORIENTED_EDGE('',*,*,#2798,.T.);
#3868=ORIENTED_EDGE('',*,*,#2797,.F.);
#3869=ORIENTED_EDGE('',*,*,#2799,.F.);
#3870=ORIENTED_EDGE('',*,*,#2800,.T.);
#3871=ORIENTED_EDGE('',*,*,#2798,.F.);
#3872=ORIENTED_EDGE('',*,*,#2800,.F.);
#3873=ORIENTED_EDGE('',*,*,#2794,.T.);
#3874=ORIENTED_EDGE('',*,*,#2801,.T.);
#3875=ORIENTED_EDGE('',*,*,#2802,.T.);
#3876=ORIENTED_EDGE('',*,*,#2801,.F.);
#3877=ORIENTED_EDGE('',*,*,#2803,.F.);
#3878=ORIENTED_EDGE('',*,*,#2804,.T.);
#3879=ORIENTED_EDGE('',*,*,#2802,.F.);
#3880=ORIENTED_EDGE('',*,*,#2804,.F.);
#3881=ORIENTED_EDGE('',*,*,#2778,.T.);
#3882=ORIENTED_EDGE('',*,*,#2805,.T.);
#3883=ORIENTED_EDGE('',*,*,#2806,.T.);
#3884=ORIENTED_EDGE('',*,*,#2805,.F.);
#3885=ORIENTED_EDGE('',*,*,#2807,.F.);
#3886=ORIENTED_EDGE('',*,*,#2808,.T.);
#3887=ORIENTED_EDGE('',*,*,#2806,.F.);
#3888=ORIENTED_EDGE('',*,*,#2808,.F.);
#3889=ORIENTED_EDGE('',*,*,#2793,.T.);
#3890=ORIENTED_EDGE('',*,*,#2809,.T.);
#3891=ORIENTED_EDGE('',*,*,#2810,.T.);
#3892=ORIENTED_EDGE('',*,*,#2809,.F.);
#3893=ORIENTED_EDGE('',*,*,#2811,.F.);
#3894=ORIENTED_EDGE('',*,*,#2812,.T.);
#3895=ORIENTED_EDGE('',*,*,#2810,.F.);
#3896=ORIENTED_EDGE('',*,*,#2812,.F.);
#3897=ORIENTED_EDGE('',*,*,#2779,.T.);
#3898=ORIENTED_EDGE('',*,*,#2813,.T.);
#3899=ORIENTED_EDGE('',*,*,#2814,.T.);
#3900=ORIENTED_EDGE('',*,*,#2813,.F.);
#3901=ORIENTED_EDGE('',*,*,#2815,.F.);
#3902=ORIENTED_EDGE('',*,*,#2816,.T.);
#3903=ORIENTED_EDGE('',*,*,#2814,.F.);
#3904=ORIENTED_EDGE('',*,*,#2816,.F.);
#3905=ORIENTED_EDGE('',*,*,#2792,.T.);
#3906=ORIENTED_EDGE('',*,*,#2817,.T.);
#3907=ORIENTED_EDGE('',*,*,#2818,.T.);
#3908=ORIENTED_EDGE('',*,*,#2817,.F.);
#3909=ORIENTED_EDGE('',*,*,#2819,.F.);
#3910=ORIENTED_EDGE('',*,*,#2820,.T.);
#3911=ORIENTED_EDGE('',*,*,#2818,.F.);
#3912=ORIENTED_EDGE('',*,*,#2820,.F.);
#3913=ORIENTED_EDGE('',*,*,#2780,.T.);
#3914=ORIENTED_EDGE('',*,*,#2821,.T.);
#3915=ORIENTED_EDGE('',*,*,#2822,.T.);
#3916=ORIENTED_EDGE('',*,*,#2821,.F.);
#3917=ORIENTED_EDGE('',*,*,#2823,.F.);
#3918=ORIENTED_EDGE('',*,*,#2824,.T.);
#3919=ORIENTED_EDGE('',*,*,#2822,.F.);
#3920=ORIENTED_EDGE('',*,*,#2824,.F.);
#3921=ORIENTED_EDGE('',*,*,#2791,.T.);
#3922=ORIENTED_EDGE('',*,*,#2825,.T.);
#3923=ORIENTED_EDGE('',*,*,#2826,.T.);
#3924=ORIENTED_EDGE('',*,*,#2825,.F.);
#3925=ORIENTED_EDGE('',*,*,#2827,.F.);
#3926=ORIENTED_EDGE('',*,*,#2828,.T.);
#3927=ORIENTED_EDGE('',*,*,#2826,.F.);
#3928=ORIENTED_EDGE('',*,*,#2828,.F.);
#3929=ORIENTED_EDGE('',*,*,#2781,.T.);
#3930=ORIENTED_EDGE('',*,*,#2829,.T.);
#3931=ORIENTED_EDGE('',*,*,#2830,.T.);
#3932=ORIENTED_EDGE('',*,*,#2829,.F.);
#3933=ORIENTED_EDGE('',*,*,#2831,.F.);
#3934=ORIENTED_EDGE('',*,*,#2832,.T.);
#3935=ORIENTED_EDGE('',*,*,#2830,.F.);
#3936=ORIENTED_EDGE('',*,*,#2832,.F.);
#3937=ORIENTED_EDGE('',*,*,#2790,.T.);
#3938=ORIENTED_EDGE('',*,*,#2833,.T.);
#3939=ORIENTED_EDGE('',*,*,#2834,.T.);
#3940=ORIENTED_EDGE('',*,*,#2833,.F.);
#3941=ORIENTED_EDGE('',*,*,#2835,.F.);
#3942=ORIENTED_EDGE('',*,*,#2836,.T.);
#3943=ORIENTED_EDGE('',*,*,#2834,.F.);
#3944=ORIENTED_EDGE('',*,*,#2836,.F.);
#3945=ORIENTED_EDGE('',*,*,#2782,.T.);
#3946=ORIENTED_EDGE('',*,*,#2837,.T.);
#3947=ORIENTED_EDGE('',*,*,#2838,.T.);
#3948=ORIENTED_EDGE('',*,*,#2837,.F.);
#3949=ORIENTED_EDGE('',*,*,#2839,.F.);
#3950=ORIENTED_EDGE('',*,*,#2840,.T.);
#3951=ORIENTED_EDGE('',*,*,#2838,.F.);
#3952=ORIENTED_EDGE('',*,*,#2840,.F.);
#3953=ORIENTED_EDGE('',*,*,#2789,.T.);
#3954=ORIENTED_EDGE('',*,*,#2841,.T.);
#3955=ORIENTED_EDGE('',*,*,#2842,.T.);
#3956=ORIENTED_EDGE('',*,*,#2841,.F.);
#3957=ORIENTED_EDGE('',*,*,#2843,.F.);
#3958=ORIENTED_EDGE('',*,*,#2844,.T.);
#3959=ORIENTED_EDGE('',*,*,#2842,.F.);
#3960=ORIENTED_EDGE('',*,*,#2844,.F.);
#3961=ORIENTED_EDGE('',*,*,#2783,.T.);
#3962=ORIENTED_EDGE('',*,*,#2845,.T.);
#3963=ORIENTED_EDGE('',*,*,#2846,.T.);
#3964=ORIENTED_EDGE('',*,*,#2845,.F.);
#3965=ORIENTED_EDGE('',*,*,#2847,.F.);
#3966=ORIENTED_EDGE('',*,*,#2848,.T.);
#3967=ORIENTED_EDGE('',*,*,#2846,.F.);
#3968=ORIENTED_EDGE('',*,*,#2848,.F.);
#3969=ORIENTED_EDGE('',*,*,#2788,.T.);
#3970=ORIENTED_EDGE('',*,*,#2849,.T.);
#3971=ORIENTED_EDGE('',*,*,#2850,.T.);
#3972=ORIENTED_EDGE('',*,*,#2849,.F.);
#3973=ORIENTED_EDGE('',*,*,#2851,.F.);
#3974=ORIENTED_EDGE('',*,*,#2852,.T.);
#3975=ORIENTED_EDGE('',*,*,#2850,.F.);
#3976=ORIENTED_EDGE('',*,*,#2852,.F.);
#3977=ORIENTED_EDGE('',*,*,#2784,.T.);
#3978=ORIENTED_EDGE('',*,*,#2853,.T.);
#3979=ORIENTED_EDGE('',*,*,#2854,.T.);
#3980=ORIENTED_EDGE('',*,*,#2853,.F.);
#3981=ORIENTED_EDGE('',*,*,#2855,.F.);
#3982=ORIENTED_EDGE('',*,*,#2856,.T.);
#3983=ORIENTED_EDGE('',*,*,#2854,.F.);
#3984=ORIENTED_EDGE('',*,*,#2856,.F.);
#3985=ORIENTED_EDGE('',*,*,#2787,.T.);
#3986=ORIENTED_EDGE('',*,*,#2857,.T.);
#3987=ORIENTED_EDGE('',*,*,#2858,.T.);
#3988=ORIENTED_EDGE('',*,*,#2857,.F.);
#3989=ORIENTED_EDGE('',*,*,#2859,.F.);
#3990=ORIENTED_EDGE('',*,*,#2860,.T.);
#3991=ORIENTED_EDGE('',*,*,#2858,.F.);
#3992=ORIENTED_EDGE('',*,*,#2860,.F.);
#3993=ORIENTED_EDGE('',*,*,#2785,.T.);
#3994=ORIENTED_EDGE('',*,*,#2861,.T.);
#3995=ORIENTED_EDGE('',*,*,#2862,.T.);
#3996=ORIENTED_EDGE('',*,*,#2861,.F.);
#3997=ORIENTED_EDGE('',*,*,#2863,.F.);
#3998=ORIENTED_EDGE('',*,*,#2864,.T.);
#3999=ORIENTED_EDGE('',*,*,#2862,.F.);
#4000=ORIENTED_EDGE('',*,*,#2864,.F.);
#4001=ORIENTED_EDGE('',*,*,#2786,.T.);
#4002=ORIENTED_EDGE('',*,*,#2865,.T.);
#4003=ORIENTED_EDGE('',*,*,#2866,.T.);
#4004=ORIENTED_EDGE('',*,*,#2865,.F.);
#4005=ORIENTED_EDGE('',*,*,#2867,.F.);
#4006=ORIENTED_EDGE('',*,*,#2868,.T.);
#4007=ORIENTED_EDGE('',*,*,#2866,.F.);
#4008=ORIENTED_EDGE('',*,*,#2868,.F.);
#4009=ORIENTED_EDGE('',*,*,#2869,.F.);
#4010=ORIENTED_EDGE('',*,*,#2870,.F.);
#4011=ORIENTED_EDGE('',*,*,#2871,.F.);
#4012=ORIENTED_EDGE('',*,*,#2872,.F.);
#4013=ORIENTED_EDGE('',*,*,#2766,.F.);
#4014=ORIENTED_EDGE('',*,*,#2723,.T.);
#4015=ORIENTED_EDGE('',*,*,#2605,.T.);
#4016=ORIENTED_EDGE('',*,*,#2560,.T.);
#4017=ORIENTED_EDGE('',*,*,#2570,.T.);
#4018=ORIENTED_EDGE('',*,*,#2573,.F.);
#4019=ORIENTED_EDGE('',*,*,#2588,.T.);
#4020=ORIENTED_EDGE('',*,*,#2594,.F.);
#4021=ORIENTED_EDGE('',*,*,#2592,.T.);
#4022=ORIENTED_EDGE('',*,*,#2568,.F.);
#4023=ORIENTED_EDGE('',*,*,#2596,.T.);
#4024=ORIENTED_EDGE('',*,*,#2602,.F.);
#4025=ORIENTED_EDGE('',*,*,#2600,.T.);
#4026=ORIENTED_EDGE('',*,*,#2586,.F.);
#4027=ORIENTED_EDGE('',*,*,#2583,.T.);
#4028=ORIENTED_EDGE('',*,*,#2562,.F.);
#4029=ORIENTED_EDGE('',*,*,#2576,.T.);
#4030=ORIENTED_EDGE('',*,*,#2580,.F.);
#4031=ORIENTED_EDGE('',*,*,#2621,.T.);
#4032=ORIENTED_EDGE('',*,*,#2625,.F.);
#4033=ORIENTED_EDGE('',*,*,#2686,.T.);
#4034=ORIENTED_EDGE('',*,*,#2727,.T.);
#4035=ORIENTED_EDGE('',*,*,#2769,.F.);
#4036=ORIENTED_EDGE('',*,*,#2628,.F.);
#4037=ORIENTED_EDGE('',*,*,#2631,.F.);
#4038=ORIENTED_EDGE('',*,*,#2635,.F.);
#4039=ORIENTED_EDGE('',*,*,#2523,.T.);
#4040=ORIENTED_EDGE('',*,*,#2527,.T.);
#4041=ORIENTED_EDGE('',*,*,#2530,.T.);
#4042=ORIENTED_EDGE('',*,*,#2533,.T.);
#4043=ORIENTED_EDGE('',*,*,#2672,.T.);
#4044=ORIENTED_EDGE('',*,*,#2642,.T.);
#4045=ORIENTED_EDGE('',*,*,#2657,.T.);
#4046=ORIENTED_EDGE('',*,*,#2667,.T.);
#4047=ORIENTED_EDGE('',*,*,#2647,.T.);
#4048=ORIENTED_EDGE('',*,*,#2652,.T.);
#4049=ORIENTED_EDGE('',*,*,#2662,.T.);
#4050=ORIENTED_EDGE('',*,*,#2677,.T.);
#4051=ORIENTED_EDGE('',*,*,#2815,.T.);
#4052=ORIENTED_EDGE('',*,*,#2823,.T.);
#4053=ORIENTED_EDGE('',*,*,#2835,.T.);
#4054=ORIENTED_EDGE('',*,*,#2855,.T.);
#4055=ORIENTED_EDGE('',*,*,#2867,.T.);
#4056=ORIENTED_EDGE('',*,*,#2859,.T.);
#4057=ORIENTED_EDGE('',*,*,#2839,.T.);
#4058=ORIENTED_EDGE('',*,*,#2819,.T.);
#4059=ORIENTED_EDGE('',*,*,#2811,.T.);
#4060=ORIENTED_EDGE('',*,*,#2795,.T.);
#4061=ORIENTED_EDGE('',*,*,#2807,.T.);
#4062=ORIENTED_EDGE('',*,*,#2831,.T.);
#4063=ORIENTED_EDGE('',*,*,#2847,.T.);
#4064=ORIENTED_EDGE('',*,*,#2863,.T.);
#4065=ORIENTED_EDGE('',*,*,#2851,.T.);
#4066=ORIENTED_EDGE('',*,*,#2843,.T.);
#4067=ORIENTED_EDGE('',*,*,#2827,.T.);
#4068=ORIENTED_EDGE('',*,*,#2803,.T.);
#4069=ORIENTED_EDGE('',*,*,#2799,.T.);
#4070=ORIENTED_EDGE('',*,*,#2483,.T.);
#4071=ORIENTED_EDGE('',*,*,#2487,.T.);
#4072=ORIENTED_EDGE('',*,*,#2490,.T.);
#4073=ORIENTED_EDGE('',*,*,#2493,.T.);
#4074=ORIENTED_EDGE('',*,*,#2775,.T.);
#4075=ORIENTED_EDGE('',*,*,#2873,.T.);
#4076=ORIENTED_EDGE('',*,*,#2870,.T.);
#4077=ORIENTED_EDGE('',*,*,#2874,.T.);
#4078=ORIENTED_EDGE('',*,*,#2873,.F.);
#4079=ORIENTED_EDGE('',*,*,#2774,.F.);
#4080=ORIENTED_EDGE('',*,*,#2875,.F.);
#4081=ORIENTED_EDGE('',*,*,#2871,.T.);
#4082=ORIENTED_EDGE('',*,*,#2773,.T.);
#4083=ORIENTED_EDGE('',*,*,#2767,.T.);
#4084=ORIENTED_EDGE('',*,*,#2872,.T.);
#4085=ORIENTED_EDGE('',*,*,#2875,.T.);
#4086=ORIENTED_EDGE('',*,*,#2776,.F.);
#4087=ORIENTED_EDGE('',*,*,#2874,.F.);
#4088=ORIENTED_EDGE('',*,*,#2869,.T.);
#4089=ORIENTED_EDGE('',*,*,#2634,.F.);
#4090=ORIENTED_EDGE('',*,*,#2679,.F.);
#4091=ORIENTED_EDGE('',*,*,#2637,.F.);
#4092=PLANE('',#4512);
#4093=PLANE('',#4513);
#4094=PLANE('',#4517);
#4095=PLANE('',#4518);
#4096=PLANE('',#4551);
#4097=PLANE('',#4554);
#4098=PLANE('',#4557);
#4099=PLANE('',#4558);
#4100=PLANE('',#4561);
#4101=PLANE('',#4564);
#4102=PLANE('',#4567);
#4103=PLANE('',#4570);
#4104=PLANE('',#4573);
#4105=PLANE('',#4576);
#4106=PLANE('',#4579);
#4107=PLANE('',#4582);
#4108=PLANE('',#4585);
#4109=PLANE('',#4588);
#4110=PLANE('',#4591);
#4111=PLANE('',#4594);
#4112=PLANE('',#4597);
#4113=PLANE('',#4600);
#4114=PLANE('',#4603);
#4115=PLANE('',#4606);
#4116=PLANE('',#4609);
#4117=PLANE('',#4612);
#4118=PLANE('',#4615);
#4119=PLANE('',#4618);
#4120=PLANE('',#4621);
#4121=PLANE('',#4624);
#4122=PLANE('',#4627);
#4123=PLANE('',#4630);
#4124=PLANE('',#4633);
#4125=PLANE('',#4636);
#4126=PLANE('',#4639);
#4127=PLANE('',#4640);
#4128=PLANE('',#4641);
#4129=PLANE('',#4642);
#4130=PLANE('',#4643);
#4131=PLANE('',#4644);
#4132=PLANE('',#4645);
#4133=PLANE('',#4646);
#4134=PLANE('',#4647);
#4135=PLANE('',#4648);
#4136=PLANE('',#4649);
#4137=PLANE('',#4650);
#4138=PLANE('',#4651);
#4139=PLANE('',#4652);
#4140=PLANE('',#4653);
#4141=PLANE('',#4654);
#4142=PLANE('',#4655);
#4143=PLANE('',#4656);
#4144=PLANE('',#4657);
#4145=PLANE('',#4658);
#4146=PLANE('',#4659);
#4147=PLANE('',#4660);
#4148=PLANE('',#4661);
#4149=PLANE('',#4662);
#4150=PLANE('',#4663);
#4151=PLANE('',#4664);
#4152=PLANE('',#4665);
#4153=PLANE('',#4666);
#4154=PLANE('',#4667);
#4155=PLANE('',#4668);
#4156=PLANE('',#4669);
#4157=PLANE('',#4670);
#4158=PLANE('',#4671);
#4159=PLANE('',#4672);
#4160=PLANE('',#4679);
#4161=PLANE('',#4680);
#4162=PLANE('',#4681);
#4163=PLANE('',#4682);
#4164=PLANE('',#4683);
#4165=PLANE('',#4684);
#4166=PLANE('',#4685);
#4167=PLANE('',#4692);
#4168=PLANE('',#4693);
#4169=PLANE('',#4694);
#4170=PLANE('',#4695);
#4171=PLANE('',#4696);
#4172=PLANE('',#4697);
#4173=PLANE('',#4698);
#4174=PLANE('',#4705);
#4175=PLANE('',#4706);
#4176=PLANE('',#4707);
#4177=PLANE('',#4708);
#4178=PLANE('',#4709);
#4179=PLANE('',#4710);
#4180=PLANE('',#4711);
#4181=PLANE('',#4718);
#4182=PLANE('',#4719);
#4183=PLANE('',#4720);
#4184=PLANE('',#4721);
#4185=PLANE('',#4722);
#4186=PLANE('',#4723);
#4187=PLANE('',#4724);
#4188=PLANE('',#4728);
#4189=PLANE('',#4735);
#4190=PLANE('',#4739);
#4191=PLANE('',#4743);
#4192=PLANE('',#4747);
#4193=PLANE('',#4748);
#4194=PLANE('',#4752);
#4195=PLANE('',#4753);
#4196=PLANE('',#4757);
#4197=PLANE('',#4762);
#4198=PLANE('',#4769);
#4199=PLANE('',#4814);
#4200=PLANE('',#4817);
#4201=PLANE('',#4818);
#4202=PLANE('',#4820);
#4203=PLANE('',#4821);
#4204=PLANE('',#4822);
#4205=PLANE('',#4823);
#4206=PLANE('',#4824);
#4207=PLANE('',#4827);
#4208=PLANE('',#4830);
#4209=PLANE('',#4833);
#4210=PLANE('',#4836);
#4211=PLANE('',#4837);
#4212=PLANE('',#4838);
#4213=PLANE('',#4839);
#4214=PLANE('',#4840);
#4215=PLANE('',#4841);
#4216=PLANE('',#4842);
#4217=PLANE('',#4843);
#4218=PLANE('',#4844);
#4219=PLANE('',#4846);
#4220=PLANE('',#4852);
#4221=PLANE('',#4854);
#4222=PLANE('',#4859);
#4223=PLANE('',#4861);
#4224=PLANE('',#4863);
#4225=PLANE('',#4868);
#4226=PLANE('',#4870);
#4227=PLANE('',#4872);
#4228=PLANE('',#4876);
#4229=PLANE('',#4878);
#4230=PLANE('',#4879);
#4231=PLANE('',#4883);
#4232=PLANE('',#4978);
#4233=PLANE('',#4982);
#4234=PLANE('',#4984);
#4235=ADVANCED_FACE('',(#452),#4092,.F.);
#4236=ADVANCED_FACE('',(#453),#4093,.F.);
#4237=ADVANCED_FACE('',(#454),#360,.T.);
#4238=ADVANCED_FACE('',(#455),#4094,.T.);
#4239=ADVANCED_FACE('',(#456,#44,#45,#46,#47,#48,#49,#50,#51,#52,#53,#54,
#55,#56,#57,#58,#59,#60,#61,#62,#63,#64,#65,#66,#67,#68,#69),#4095,.F.);
#4240=ADVANCED_FACE('',(#457),#361,.T.);
#4241=ADVANCED_FACE('',(#458),#4096,.T.);
#4242=ADVANCED_FACE('',(#459),#362,.T.);
#4243=ADVANCED_FACE('',(#460),#4097,.T.);
#4244=ADVANCED_FACE('',(#461),#363,.T.);
#4245=ADVANCED_FACE('',(#462),#4098,.T.);
#4246=ADVANCED_FACE('',(#463),#4099,.T.);
#4247=ADVANCED_FACE('',(#464),#364,.F.);
#4248=ADVANCED_FACE('',(#465),#4100,.T.);
#4249=ADVANCED_FACE('',(#466),#365,.F.);
#4250=ADVANCED_FACE('',(#467),#4101,.T.);
#4251=ADVANCED_FACE('',(#468),#366,.F.);
#4252=ADVANCED_FACE('',(#469),#4102,.T.);
#4253=ADVANCED_FACE('',(#470),#367,.F.);
#4254=ADVANCED_FACE('',(#471),#4103,.T.);
#4255=ADVANCED_FACE('',(#472),#368,.F.);
#4256=ADVANCED_FACE('',(#473),#4104,.T.);
#4257=ADVANCED_FACE('',(#474),#369,.F.);
#4258=ADVANCED_FACE('',(#475),#4105,.T.);
#4259=ADVANCED_FACE('',(#476),#370,.F.);
#4260=ADVANCED_FACE('',(#477),#4106,.T.);
#4261=ADVANCED_FACE('',(#478),#371,.F.);
#4262=ADVANCED_FACE('',(#479),#4107,.T.);
#4263=ADVANCED_FACE('',(#480),#372,.F.);
#4264=ADVANCED_FACE('',(#481),#4108,.T.);
#4265=ADVANCED_FACE('',(#482),#373,.F.);
#4266=ADVANCED_FACE('',(#483),#4109,.T.);
#4267=ADVANCED_FACE('',(#484),#374,.F.);
#4268=ADVANCED_FACE('',(#485),#4110,.T.);
#4269=ADVANCED_FACE('',(#486),#375,.F.);
#4270=ADVANCED_FACE('',(#487),#4111,.T.);
#4271=ADVANCED_FACE('',(#488),#376,.F.);
#4272=ADVANCED_FACE('',(#489),#4112,.T.);
#4273=ADVANCED_FACE('',(#490),#377,.F.);
#4274=ADVANCED_FACE('',(#491),#4113,.T.);
#4275=ADVANCED_FACE('',(#492),#378,.F.);
#4276=ADVANCED_FACE('',(#493),#4114,.T.);
#4277=ADVANCED_FACE('',(#494),#379,.F.);
#4278=ADVANCED_FACE('',(#495),#4115,.T.);
#4279=ADVANCED_FACE('',(#496),#380,.F.);
#4280=ADVANCED_FACE('',(#497),#4116,.T.);
#4281=ADVANCED_FACE('',(#498),#381,.F.);
#4282=ADVANCED_FACE('',(#499),#4117,.T.);
#4283=ADVANCED_FACE('',(#500),#382,.F.);
#4284=ADVANCED_FACE('',(#501),#4118,.T.);
#4285=ADVANCED_FACE('',(#502),#383,.F.);
#4286=ADVANCED_FACE('',(#503),#4119,.T.);
#4287=ADVANCED_FACE('',(#504),#384,.F.);
#4288=ADVANCED_FACE('',(#505),#4120,.T.);
#4289=ADVANCED_FACE('',(#506),#385,.F.);
#4290=ADVANCED_FACE('',(#507),#4121,.T.);
#4291=ADVANCED_FACE('',(#508),#386,.F.);
#4292=ADVANCED_FACE('',(#509),#4122,.T.);
#4293=ADVANCED_FACE('',(#510),#387,.F.);
#4294=ADVANCED_FACE('',(#511),#4123,.T.);
#4295=ADVANCED_FACE('',(#512),#388,.F.);
#4296=ADVANCED_FACE('',(#513),#4124,.T.);
#4297=ADVANCED_FACE('',(#514),#389,.F.);
#4298=ADVANCED_FACE('',(#515),#4125,.T.);
#4299=ADVANCED_FACE('',(#516),#390,.F.);
#4300=ADVANCED_FACE('',(#517),#4126,.T.);
#4301=ADVANCED_FACE('',(#518),#4127,.T.);
#4302=ADVANCED_FACE('',(#519),#4128,.T.);
#4303=ADVANCED_FACE('',(#520),#4129,.T.);
#4304=ADVANCED_FACE('',(#521),#4130,.T.);
#4305=ADVANCED_FACE('',(#522),#4131,.T.);
#4306=ADVANCED_FACE('',(#523),#4132,.T.);
#4307=ADVANCED_FACE('',(#524),#4133,.T.);
#4308=ADVANCED_FACE('',(#525),#4134,.T.);
#4309=ADVANCED_FACE('',(#526),#4135,.T.);
#4310=ADVANCED_FACE('',(#527),#4136,.T.);
#4311=ADVANCED_FACE('',(#528),#4137,.F.);
#4312=ADVANCED_FACE('',(#529),#4138,.T.);
#4313=ADVANCED_FACE('',(#530,#70),#4139,.T.);
#4314=ADVANCED_FACE('',(#531),#4140,.F.);
#4315=ADVANCED_FACE('',(#532),#4141,.T.);
#4316=ADVANCED_FACE('',(#533),#4142,.T.);
#4317=ADVANCED_FACE('',(#534),#4143,.T.);
#4318=ADVANCED_FACE('',(#535),#4144,.T.);
#4319=ADVANCED_FACE('',(#536),#4145,.T.);
#4320=ADVANCED_FACE('',(#537),#4146,.T.);
#4321=ADVANCED_FACE('',(#538),#4147,.T.);
#4322=ADVANCED_FACE('',(#539),#4148,.T.);
#4323=ADVANCED_FACE('',(#540),#4149,.T.);
#4324=ADVANCED_FACE('',(#541),#4150,.F.);
#4325=ADVANCED_FACE('',(#542),#4151,.F.);
#4326=ADVANCED_FACE('',(#543),#4152,.F.);
#4327=ADVANCED_FACE('',(#544),#4153,.F.);
#4328=ADVANCED_FACE('',(#545),#4154,.T.);
#4329=ADVANCED_FACE('',(#546),#4155,.T.);
#4330=ADVANCED_FACE('',(#547),#4156,.T.);
#4331=ADVANCED_FACE('',(#548),#4157,.T.);
#4332=ADVANCED_FACE('',(#549),#4158,.T.);
#4333=ADVANCED_FACE('',(#550,#71),#4159,.F.);
#4334=ADVANCED_FACE('',(#551),#391,.F.);
#4335=ADVANCED_FACE('',(#552),#392,.F.);
#4336=ADVANCED_FACE('',(#553),#4160,.T.);
#4337=ADVANCED_FACE('',(#554),#4161,.T.);
#4338=ADVANCED_FACE('',(#555),#4162,.T.);
#4339=ADVANCED_FACE('',(#556),#4163,.T.);
#4340=ADVANCED_FACE('',(#557,#72,#73),#4164,.T.);
#4341=ADVANCED_FACE('',(#558),#4165,.T.);
#4342=ADVANCED_FACE('',(#559),#4166,.T.);
#4343=ADVANCED_FACE('',(#560),#393,.F.);
#4344=ADVANCED_FACE('',(#561),#394,.F.);
#4345=ADVANCED_FACE('',(#562),#4167,.T.);
#4346=ADVANCED_FACE('',(#563),#4168,.T.);
#4347=ADVANCED_FACE('',(#564),#4169,.T.);
#4348=ADVANCED_FACE('',(#565),#4170,.T.);
#4349=ADVANCED_FACE('',(#566,#74,#75),#4171,.T.);
#4350=ADVANCED_FACE('',(#567),#4172,.F.);
#4351=ADVANCED_FACE('',(#568),#4173,.F.);
#4352=ADVANCED_FACE('',(#569),#395,.F.);
#4353=ADVANCED_FACE('',(#570),#396,.F.);
#4354=ADVANCED_FACE('',(#571),#4174,.T.);
#4355=ADVANCED_FACE('',(#572),#4175,.T.);
#4356=ADVANCED_FACE('',(#573),#4176,.T.);
#4357=ADVANCED_FACE('',(#574),#4177,.T.);
#4358=ADVANCED_FACE('',(#575,#76,#77),#4178,.T.);
#4359=ADVANCED_FACE('',(#576),#4179,.T.);
#4360=ADVANCED_FACE('',(#577),#4180,.T.);
#4361=ADVANCED_FACE('',(#578),#397,.F.);
#4362=ADVANCED_FACE('',(#579),#398,.F.);
#4363=ADVANCED_FACE('',(#580),#4181,.T.);
#4364=ADVANCED_FACE('',(#581),#4182,.T.);
#4365=ADVANCED_FACE('',(#582),#4183,.T.);
#4366=ADVANCED_FACE('',(#583),#4184,.T.);
#4367=ADVANCED_FACE('',(#584,#78,#79),#4185,.T.);
#4368=ADVANCED_FACE('',(#585),#4186,.F.);
#4369=ADVANCED_FACE('',(#586),#4187,.F.);
#4370=ADVANCED_FACE('',(#587),#399,.T.);
#4371=ADVANCED_FACE('',(#588),#4188,.F.);
#4372=ADVANCED_FACE('',(#589),#400,.T.);
#4373=ADVANCED_FACE('',(#590),#401,.T.);
#4374=ADVANCED_FACE('',(#591),#4189,.F.);
#4375=ADVANCED_FACE('',(#592),#402,.T.);
#4376=ADVANCED_FACE('',(#593),#4190,.F.);
#4377=ADVANCED_FACE('',(#594),#403,.T.);
#4378=ADVANCED_FACE('',(#595),#4191,.F.);
#4379=ADVANCED_FACE('',(#596),#404,.T.);
#4380=ADVANCED_FACE('',(#597),#4192,.F.);
#4381=ADVANCED_FACE('',(#598),#4193,.F.);
#4382=ADVANCED_FACE('',(#599),#405,.T.);
#4383=ADVANCED_FACE('',(#600),#4194,.F.);
#4384=ADVANCED_FACE('',(#601),#4195,.F.);
#4385=ADVANCED_FACE('',(#602),#406,.T.);
#4386=ADVANCED_FACE('',(#603,#80,#81),#4196,.F.);
#4387=ADVANCED_FACE('',(#604),#4197,.F.);
#4388=ADVANCED_FACE('',(#605),#407,.T.);
#4389=ADVANCED_FACE('',(#606),#408,.T.);
#4390=ADVANCED_FACE('',(#607),#4198,.T.);
#4391=ADVANCED_FACE('',(#608),#409,.T.);
#4392=ADVANCED_FACE('',(#609),#410,.T.);
#4393=ADVANCED_FACE('',(#610),#411,.F.);
#4394=ADVANCED_FACE('',(#611),#13,.F.);
#4395=ADVANCED_FACE('',(#612),#412,.F.);
#4396=ADVANCED_FACE('',(#613),#14,.F.);
#4397=ADVANCED_FACE('',(#614),#413,.F.);
#4398=ADVANCED_FACE('',(#615),#15,.F.);
#4399=ADVANCED_FACE('',(#616),#414,.F.);
#4400=ADVANCED_FACE('',(#617),#16,.F.);
#4401=ADVANCED_FACE('',(#618),#415,.F.);
#4402=ADVANCED_FACE('',(#619),#17,.F.);
#4403=ADVANCED_FACE('',(#620),#416,.F.);
#4404=ADVANCED_FACE('',(#621),#18,.F.);
#4405=ADVANCED_FACE('',(#622),#417,.F.);
#4406=ADVANCED_FACE('',(#623),#19,.F.);
#4407=ADVANCED_FACE('',(#624),#418,.F.);
#4408=ADVANCED_FACE('',(#625,#82,#83,#84,#85,#86,#87,#88,#89),#4199,.T.);
#4409=ADVANCED_FACE('',(#626),#20,.F.);
#4410=ADVANCED_FACE('',(#627),#4200,.F.);
#4411=ADVANCED_FACE('',(#628),#4201,.F.);
#4412=ADVANCED_FACE('',(#629),#4202,.F.);
#4413=ADVANCED_FACE('',(#630),#4203,.F.);
#4414=ADVANCED_FACE('',(#631),#4204,.F.);
#4415=ADVANCED_FACE('',(#632),#4205,.F.);
#4416=ADVANCED_FACE('',(#633),#4206,.F.);
#4417=ADVANCED_FACE('',(#634),#419,.F.);
#4418=ADVANCED_FACE('',(#635),#4207,.F.);
#4419=ADVANCED_FACE('',(#636),#420,.F.);
#4420=ADVANCED_FACE('',(#637),#4208,.F.);
#4421=ADVANCED_FACE('',(#638),#421,.F.);
#4422=ADVANCED_FACE('',(#639),#4209,.F.);
#4423=ADVANCED_FACE('',(#640),#422,.F.);
#4424=ADVANCED_FACE('',(#641),#4210,.F.);
#4425=ADVANCED_FACE('',(#642),#4211,.F.);
#4426=ADVANCED_FACE('',(#643),#4212,.F.);
#4427=ADVANCED_FACE('',(#644),#4213,.F.);
#4428=ADVANCED_FACE('',(#645),#4214,.F.);
#4429=ADVANCED_FACE('',(#646),#4215,.F.);
#4430=ADVANCED_FACE('',(#647),#4216,.F.);
#4431=ADVANCED_FACE('',(#648),#4217,.F.);
#4432=ADVANCED_FACE('',(#649),#4218,.F.);
#4433=ADVANCED_FACE('',(#650,#90),#4219,.T.);
#4434=ADVANCED_FACE('',(#651),#423,.T.);
#4435=ADVANCED_FACE('',(#652),#424,.F.);
#4436=ADVANCED_FACE('',(#653),#4220,.F.);
#4437=ADVANCED_FACE('',(#654,#91),#4221,.T.);
#4438=ADVANCED_FACE('',(#655),#425,.T.);
#4439=ADVANCED_FACE('',(#656),#4222,.T.);
#4440=ADVANCED_FACE('',(#657),#426,.F.);
#4441=ADVANCED_FACE('',(#658),#4223,.F.);
#4442=ADVANCED_FACE('',(#659,#92),#4224,.T.);
#4443=ADVANCED_FACE('',(#660),#427,.T.);
#4444=ADVANCED_FACE('',(#661),#4225,.T.);
#4445=ADVANCED_FACE('',(#662),#428,.F.);
#4446=ADVANCED_FACE('',(#663,#93,#94,#95,#96,#97),#4226,.F.);
#4447=ADVANCED_FACE('',(#664,#98),#4227,.T.);
#4448=ADVANCED_FACE('',(#665),#429,.T.);
#4449=ADVANCED_FACE('',(#666),#4228,.T.);
#4450=ADVANCED_FACE('',(#667),#430,.F.);
#4451=ADVANCED_FACE('',(#668),#4229,.T.);
#4452=ADVANCED_FACE('',(#669,#99,#100),#4230,.T.);
#4453=ADVANCED_FACE('',(#670),#21,.F.);
#4454=ADVANCED_FACE('',(#671,#101,#102,#103,#104,#105,#106,#107,#108,#109,
#110,#111,#112,#113,#114,#115,#116,#117,#118,#119),#4231,.T.);
#4455=ADVANCED_FACE('',(#672),#431,.F.);
#4456=ADVANCED_FACE('',(#673),#22,.F.);
#4457=ADVANCED_FACE('',(#674),#432,.F.);
#4458=ADVANCED_FACE('',(#675),#23,.F.);
#4459=ADVANCED_FACE('',(#676),#433,.F.);
#4460=ADVANCED_FACE('',(#677),#24,.F.);
#4461=ADVANCED_FACE('',(#678),#434,.F.);
#4462=ADVANCED_FACE('',(#679),#25,.F.);
#4463=ADVANCED_FACE('',(#680),#435,.F.);
#4464=ADVANCED_FACE('',(#681),#26,.F.);
#4465=ADVANCED_FACE('',(#682),#436,.F.);
#4466=ADVANCED_FACE('',(#683),#27,.F.);
#4467=ADVANCED_FACE('',(#684),#437,.F.);
#4468=ADVANCED_FACE('',(#685),#28,.F.);
#4469=ADVANCED_FACE('',(#686),#438,.F.);
#4470=ADVANCED_FACE('',(#687),#29,.F.);
#4471=ADVANCED_FACE('',(#688),#439,.F.);
#4472=ADVANCED_FACE('',(#689),#30,.F.);
#4473=ADVANCED_FACE('',(#690),#440,.F.);
#4474=ADVANCED_FACE('',(#691),#31,.F.);
#4475=ADVANCED_FACE('',(#692),#441,.F.);
#4476=ADVANCED_FACE('',(#693),#32,.F.);
#4477=ADVANCED_FACE('',(#694),#442,.F.);
#4478=ADVANCED_FACE('',(#695),#33,.F.);
#4479=ADVANCED_FACE('',(#696),#443,.F.);
#4480=ADVANCED_FACE('',(#697),#34,.F.);
#4481=ADVANCED_FACE('',(#698),#444,.F.);
#4482=ADVANCED_FACE('',(#699),#35,.F.);
#4483=ADVANCED_FACE('',(#700),#445,.F.);
#4484=ADVANCED_FACE('',(#701),#36,.F.);
#4485=ADVANCED_FACE('',(#702),#446,.F.);
#4486=ADVANCED_FACE('',(#703),#37,.F.);
#4487=ADVANCED_FACE('',(#704),#447,.F.);
#4488=ADVANCED_FACE('',(#705),#38,.F.);
#4489=ADVANCED_FACE('',(#706),#448,.F.);
#4490=ADVANCED_FACE('',(#707),#39,.F.);
#4491=ADVANCED_FACE('',(#708),#449,.F.);
#4492=ADVANCED_FACE('',(#709,#120,#121,#122,#123,#124,#125,#126,#127,#128,
#129,#130,#131,#132,#133,#134,#135,#136,#137,#138,#139,#140,#141,#142,#143,
#144,#145,#146,#147,#148),#4232,.T.);
#4493=ADVANCED_FACE('',(#710),#450,.T.);
#4494=ADVANCED_FACE('',(#711),#4233,.T.);
#4495=ADVANCED_FACE('',(#712),#451,.T.);
#4496=ADVANCED_FACE('',(#713),#4234,.T.);
#4497=CLOSED_SHELL('',(#4235,#4236,#4237,#4238,#4239,#4240,#4241,#4242,
#4243,#4244,#4245,#4246,#4247,#4248,#4249,#4250,#4251,#4252,#4253,#4254,
#4255,#4256,#4257,#4258,#4259,#4260,#4261,#4262,#4263,#4264,#4265,#4266,
#4267,#4268,#4269,#4270,#4271,#4272,#4273,#4274,#4275,#4276,#4277,#4278,
#4279,#4280,#4281,#4282,#4283,#4284,#4285,#4286,#4287,#4288,#4289,#4290,
#4291,#4292,#4293,#4294,#4295,#4296,#4297,#4298,#4299,#4300,#4301,#4302,
#4303,#4304,#4305,#4306,#4307,#4308,#4309,#4310,#4311,#4312,#4313,#4314,
#4315,#4316,#4317,#4318,#4319,#4320,#4321,#4322,#4323,#4324,#4325,#4326,
#4327,#4328,#4329,#4330,#4331,#4332,#4333));
#4498=CLOSED_SHELL('',(#4334,#4335,#4336,#4337,#4338,#4339,#4340,#4341,
#4342,#4343,#4344,#4345,#4346,#4347,#4348,#4349,#4350,#4351,#4352,#4353,
#4354,#4355,#4356,#4357,#4358,#4359,#4360,#4361,#4362,#4363,#4364,#4365,
#4366,#4367,#4368,#4369,#4370,#4371,#4372,#4373,#4374,#4375,#4376,#4377,
#4378,#4379,#4380,#4381,#4382,#4383,#4384,#4385,#4386,#4387,#4388,#4389,
#4390,#4391,#4392,#4393,#4394,#4395,#4396,#4397,#4398,#4399,#4400,#4401,
#4402,#4403,#4404,#4405,#4406,#4407,#4408,#4409,#4410,#4411,#4412,#4413,
#4414,#4415,#4416,#4417,#4418,#4419,#4420,#4421,#4422,#4423,#4424,#4425,
#4426,#4427,#4428,#4429,#4430,#4431,#4432,#4433,#4434,#4435,#4436,#4437,
#4438,#4439,#4440,#4441,#4442,#4443,#4444,#4445,#4446,#4447,#4448,#4449,
#4450,#4451,#4452,#4453,#4454,#4455,#4456,#4457,#4458,#4459,#4460,#4461,
#4462,#4463,#4464,#4465,#4466,#4467,#4468,#4469,#4470,#4471,#4472,#4473,
#4474,#4475,#4476,#4477,#4478,#4479,#4480,#4481,#4482,#4483,#4484,#4485,
#4486,#4487,#4488,#4489,#4490,#4491,#4492,#4493,#4494,#4495,#4496));
#4499=DERIVED_UNIT_ELEMENT(#4501,1.);
#4500=DERIVED_UNIT_ELEMENT(#7599,-3.);
#4501=(
MASS_UNIT()
NAMED_UNIT(*)
SI_UNIT(.KILO.,.GRAM.)
);
#4502=DERIVED_UNIT((#4499,#4500));
#4503=MEASURE_REPRESENTATION_ITEM('density measure',
POSITIVE_RATIO_MEASURE(7850.),#4502);
#4504=PROPERTY_DEFINITION_REPRESENTATION(#4509,#4506);
#4505=PROPERTY_DEFINITION_REPRESENTATION(#4510,#4507);
#4506=REPRESENTATION('material name',(#4508),#7596);
#4507=REPRESENTATION('density',(#4503),#7596);
#4508=DESCRIPTIVE_REPRESENTATION_ITEM('Stahl','Stahl');
#4509=PROPERTY_DEFINITION('material property','material name',#7606);
#4510=PROPERTY_DEFINITION('material property','density of part',#7606);
#4511=AXIS2_PLACEMENT_3D('',#6330,#4985,#4986);
#4512=AXIS2_PLACEMENT_3D('',#6331,#4987,#4988);
#4513=AXIS2_PLACEMENT_3D('',#6340,#4993,#4994);
#4514=AXIS2_PLACEMENT_3D('',#6349,#4999,#5000);
#4515=AXIS2_PLACEMENT_3D('',#6352,#5001,#5002);
#4516=AXIS2_PLACEMENT_3D('',#6356,#5004,#5005);
#4517=AXIS2_PLACEMENT_3D('',#6358,#5007,#5008);
#4518=AXIS2_PLACEMENT_3D('',#6364,#5012,#5013);
#4519=AXIS2_PLACEMENT_3D('',#6368,#5015,#5016);
#4520=AXIS2_PLACEMENT_3D('',#6372,#5018,#5019);
#4521=AXIS2_PLACEMENT_3D('',#6375,#5021,#5022);
#4522=AXIS2_PLACEMENT_3D('',#6377,#5023,#5024);
#4523=AXIS2_PLACEMENT_3D('',#6379,#5025,#5026);
#4524=AXIS2_PLACEMENT_3D('',#6381,#5027,#5028);
#4525=AXIS2_PLACEMENT_3D('',#6383,#5029,#5030);
#4526=AXIS2_PLACEMENT_3D('',#6385,#5031,#5032);
#4527=AXIS2_PLACEMENT_3D('',#6387,#5033,#5034);
#4528=AXIS2_PLACEMENT_3D('',#6389,#5035,#5036);
#4529=AXIS2_PLACEMENT_3D('',#6391,#5037,#5038);
#4530=AXIS2_PLACEMENT_3D('',#6393,#5039,#5040);
#4531=AXIS2_PLACEMENT_3D('',#6395,#5041,#5042);
#4532=AXIS2_PLACEMENT_3D('',#6397,#5043,#5044);
#4533=AXIS2_PLACEMENT_3D('',#6399,#5045,#5046);
#4534=AXIS2_PLACEMENT_3D('',#6401,#5047,#5048);
#4535=AXIS2_PLACEMENT_3D('',#6403,#5049,#5050);
#4536=AXIS2_PLACEMENT_3D('',#6405,#5051,#5052);
#4537=AXIS2_PLACEMENT_3D('',#6407,#5053,#5054);
#4538=AXIS2_PLACEMENT_3D('',#6409,#5055,#5056);
#4539=AXIS2_PLACEMENT_3D('',#6411,#5057,#5058);
#4540=AXIS2_PLACEMENT_3D('',#6413,#5059,#5060);
#4541=AXIS2_PLACEMENT_3D('',#6415,#5061,#5062);
#4542=AXIS2_PLACEMENT_3D('',#6417,#5063,#5064);
#4543=AXIS2_PLACEMENT_3D('',#6419,#5065,#5066);
#4544=AXIS2_PLACEMENT_3D('',#6421,#5067,#5068);
#4545=AXIS2_PLACEMENT_3D('',#6423,#5069,#5070);
#4546=AXIS2_PLACEMENT_3D('',#6425,#5071,#5072);
#4547=AXIS2_PLACEMENT_3D('',#6429,#5074,#5075);
#4548=AXIS2_PLACEMENT_3D('',#6469,#5096,#5097);
#4549=AXIS2_PLACEMENT_3D('',#6474,#5101,#5102);
#4550=AXIS2_PLACEMENT_3D('',#6476,#5103,#5104);
#4551=AXIS2_PLACEMENT_3D('',#6478,#5106,#5107);
#4552=AXIS2_PLACEMENT_3D('',#6482,#5110,#5111);
#4553=AXIS2_PLACEMENT_3D('',#6484,#5112,#5113);
#4554=AXIS2_PLACEMENT_3D('',#6486,#5115,#5116);
#4555=AXIS2_PLACEMENT_3D('',#6490,#5119,#5120);
#4556=AXIS2_PLACEMENT_3D('',#6492,#5121,#5122);
#4557=AXIS2_PLACEMENT_3D('',#6494,#5124,#5125);
#4558=AXIS2_PLACEMENT_3D('',#6496,#5127,#5128);
#4559=AXIS2_PLACEMENT_3D('',#6498,#5129,#5130);
#4560=AXIS2_PLACEMENT_3D('',#6499,#5131,#5132);
#4561=AXIS2_PLACEMENT_3D('',#6501,#5134,#5135);
#4562=AXIS2_PLACEMENT_3D('',#6503,#5136,#5137);
#4563=AXIS2_PLACEMENT_3D('',#6504,#5138,#5139);
#4564=AXIS2_PLACEMENT_3D('',#6509,#5143,#5144);
#4565=AXIS2_PLACEMENT_3D('',#6511,#5145,#5146);
#4566=AXIS2_PLACEMENT_3D('',#6512,#5147,#5148);
#4567=AXIS2_PLACEMENT_3D('',#6514,#5150,#5151);
#4568=AXIS2_PLACEMENT_3D('',#6516,#5152,#5153);
#4569=AXIS2_PLACEMENT_3D('',#6517,#5154,#5155);
#4570=AXIS2_PLACEMENT_3D('',#6519,#5157,#5158);
#4571=AXIS2_PLACEMENT_3D('',#6521,#5159,#5160);
#4572=AXIS2_PLACEMENT_3D('',#6522,#5161,#5162);
#4573=AXIS2_PLACEMENT_3D('',#6524,#5164,#5165);
#4574=AXIS2_PLACEMENT_3D('',#6526,#5166,#5167);
#4575=AXIS2_PLACEMENT_3D('',#6527,#5168,#5169);
#4576=AXIS2_PLACEMENT_3D('',#6529,#5171,#5172);
#4577=AXIS2_PLACEMENT_3D('',#6531,#5173,#5174);
#4578=AXIS2_PLACEMENT_3D('',#6532,#5175,#5176);
#4579=AXIS2_PLACEMENT_3D('',#6534,#5178,#5179);
#4580=AXIS2_PLACEMENT_3D('',#6536,#5180,#5181);
#4581=AXIS2_PLACEMENT_3D('',#6537,#5182,#5183);
#4582=AXIS2_PLACEMENT_3D('',#6539,#5185,#5186);
#4583=AXIS2_PLACEMENT_3D('',#6541,#5187,#5188);
#4584=AXIS2_PLACEMENT_3D('',#6542,#5189,#5190);
#4585=AXIS2_PLACEMENT_3D('',#6544,#5192,#5193);
#4586=AXIS2_PLACEMENT_3D('',#6546,#5194,#5195);
#4587=AXIS2_PLACEMENT_3D('',#6547,#5196,#5197);
#4588=AXIS2_PLACEMENT_3D('',#6549,#5199,#5200);
#4589=AXIS2_PLACEMENT_3D('',#6551,#5201,#5202);
#4590=AXIS2_PLACEMENT_3D('',#6552,#5203,#5204);
#4591=AXIS2_PLACEMENT_3D('',#6554,#5206,#5207);
#4592=AXIS2_PLACEMENT_3D('',#6556,#5208,#5209);
#4593=AXIS2_PLACEMENT_3D('',#6557,#5210,#5211);
#4594=AXIS2_PLACEMENT_3D('',#6559,#5213,#5214);
#4595=AXIS2_PLACEMENT_3D('',#6561,#5215,#5216);
#4596=AXIS2_PLACEMENT_3D('',#6562,#5217,#5218);
#4597=AXIS2_PLACEMENT_3D('',#6564,#5220,#5221);
#4598=AXIS2_PLACEMENT_3D('',#6566,#5222,#5223);
#4599=AXIS2_PLACEMENT_3D('',#6567,#5224,#5225);
#4600=AXIS2_PLACEMENT_3D('',#6569,#5227,#5228);
#4601=AXIS2_PLACEMENT_3D('',#6571,#5229,#5230);
#4602=AXIS2_PLACEMENT_3D('',#6572,#5231,#5232);
#4603=AXIS2_PLACEMENT_3D('',#6574,#5234,#5235);
#4604=AXIS2_PLACEMENT_3D('',#6576,#5236,#5237);
#4605=AXIS2_PLACEMENT_3D('',#6577,#5238,#5239);
#4606=AXIS2_PLACEMENT_3D('',#6579,#5241,#5242);
#4607=AXIS2_PLACEMENT_3D('',#6581,#5243,#5244);
#4608=AXIS2_PLACEMENT_3D('',#6582,#5245,#5246);
#4609=AXIS2_PLACEMENT_3D('',#6584,#5248,#5249);
#4610=AXIS2_PLACEMENT_3D('',#6586,#5250,#5251);
#4611=AXIS2_PLACEMENT_3D('',#6587,#5252,#5253);
#4612=AXIS2_PLACEMENT_3D('',#6589,#5255,#5256);
#4613=AXIS2_PLACEMENT_3D('',#6591,#5257,#5258);
#4614=AXIS2_PLACEMENT_3D('',#6592,#5259,#5260);
#4615=AXIS2_PLACEMENT_3D('',#6597,#5264,#5265);
#4616=AXIS2_PLACEMENT_3D('',#6599,#5266,#5267);
#4617=AXIS2_PLACEMENT_3D('',#6600,#5268,#5269);
#4618=AXIS2_PLACEMENT_3D('',#6602,#5271,#5272);
#4619=AXIS2_PLACEMENT_3D('',#6604,#5273,#5274);
#4620=AXIS2_PLACEMENT_3D('',#6605,#5275,#5276);
#4621=AXIS2_PLACEMENT_3D('',#6607,#5278,#5279);
#4622=AXIS2_PLACEMENT_3D('',#6609,#5280,#5281);
#4623=AXIS2_PLACEMENT_3D('',#6610,#5282,#5283);
#4624=AXIS2_PLACEMENT_3D('',#6612,#5285,#5286);
#4625=AXIS2_PLACEMENT_3D('',#6614,#5287,#5288);
#4626=AXIS2_PLACEMENT_3D('',#6615,#5289,#5290);
#4627=AXIS2_PLACEMENT_3D('',#6617,#5292,#5293);
#4628=AXIS2_PLACEMENT_3D('',#6619,#5294,#5295);
#4629=AXIS2_PLACEMENT_3D('',#6620,#5296,#5297);
#4630=AXIS2_PLACEMENT_3D('',#6622,#5299,#5300);
#4631=AXIS2_PLACEMENT_3D('',#6624,#5301,#5302);
#4632=AXIS2_PLACEMENT_3D('',#6625,#5303,#5304);
#4633=AXIS2_PLACEMENT_3D('',#6627,#5306,#5307);
#4634=AXIS2_PLACEMENT_3D('',#6629,#5308,#5309);
#4635=AXIS2_PLACEMENT_3D('',#6630,#5310,#5311);
#4636=AXIS2_PLACEMENT_3D('',#6632,#5313,#5314);
#4637=AXIS2_PLACEMENT_3D('',#6634,#5315,#5316);
#4638=AXIS2_PLACEMENT_3D('',#6635,#5317,#5318);
#4639=AXIS2_PLACEMENT_3D('',#6637,#5320,#5321);
#4640=AXIS2_PLACEMENT_3D('',#6639,#5323,#5324);
#4641=AXIS2_PLACEMENT_3D('',#6641,#5326,#5327);
#4642=AXIS2_PLACEMENT_3D('',#6647,#5331,#5332);
#4643=AXIS2_PLACEMENT_3D('',#6651,#5335,#5336);
#4644=AXIS2_PLACEMENT_3D('',#6657,#5340,#5341);
#4645=AXIS2_PLACEMENT_3D('',#6661,#5344,#5345);
#4646=AXIS2_PLACEMENT_3D('',#6667,#5349,#5350);
#4647=AXIS2_PLACEMENT_3D('',#6671,#5353,#5354);
#4648=AXIS2_PLACEMENT_3D('',#6677,#5358,#5359);
#4649=AXIS2_PLACEMENT_3D('',#6685,#5364,#5365);
#4650=AXIS2_PLACEMENT_3D('',#6689,#5368,#5369);
#4651=AXIS2_PLACEMENT_3D('',#6695,#5373,#5374);
#4652=AXIS2_PLACEMENT_3D('',#6701,#5378,#5379);
#4653=AXIS2_PLACEMENT_3D('',#6710,#5384,#5385);
#4654=AXIS2_PLACEMENT_3D('',#6712,#5387,#5388);
#4655=AXIS2_PLACEMENT_3D('',#6718,#5392,#5393);
#4656=AXIS2_PLACEMENT_3D('',#6720,#5395,#5396);
#4657=AXIS2_PLACEMENT_3D('',#6722,#5398,#5399);
#4658=AXIS2_PLACEMENT_3D('',#6724,#5401,#5402);
#4659=AXIS2_PLACEMENT_3D('',#6728,#5405,#5406);
#4660=AXIS2_PLACEMENT_3D('',#6732,#5409,#5410);
#4661=AXIS2_PLACEMENT_3D('',#6734,#5412,#5413);
#4662=AXIS2_PLACEMENT_3D('',#6740,#5417,#5418);
#4663=AXIS2_PLACEMENT_3D('',#6744,#5421,#5422);
#4664=AXIS2_PLACEMENT_3D('',#6750,#5426,#5427);
#4665=AXIS2_PLACEMENT_3D('',#6754,#5430,#5431);
#4666=AXIS2_PLACEMENT_3D('',#6758,#5434,#5435);
#4667=AXIS2_PLACEMENT_3D('',#6760,#5437,#5438);
#4668=AXIS2_PLACEMENT_3D('',#6764,#5441,#5442);
#4669=AXIS2_PLACEMENT_3D('',#6766,#5444,#5445);
#4670=AXIS2_PLACEMENT_3D('',#6768,#5447,#5448);
#4671=AXIS2_PLACEMENT_3D('',#6772,#5451,#5452);
#4672=AXIS2_PLACEMENT_3D('',#6774,#5454,#5455);
#4673=AXIS2_PLACEMENT_3D('',#6775,#5456,#5457);
#4674=AXIS2_PLACEMENT_3D('',#6777,#5458,#5459);
#4675=AXIS2_PLACEMENT_3D('',#6780,#5461,#5462);
#4676=AXIS2_PLACEMENT_3D('',#6781,#5463,#5464);
#4677=AXIS2_PLACEMENT_3D('',#6783,#5465,#5466);
#4678=AXIS2_PLACEMENT_3D('',#6786,#5468,#5469);
#4679=AXIS2_PLACEMENT_3D('',#6787,#5470,#5471);
#4680=AXIS2_PLACEMENT_3D('',#6796,#5476,#5477);
#4681=AXIS2_PLACEMENT_3D('',#6802,#5481,#5482);
#4682=AXIS2_PLACEMENT_3D('',#6808,#5486,#5487);
#4683=AXIS2_PLACEMENT_3D('',#6811,#5490,#5491);
#4684=AXIS2_PLACEMENT_3D('',#6812,#5492,#5493);
#4685=AXIS2_PLACEMENT_3D('',#6813,#5494,#5495);
#4686=AXIS2_PLACEMENT_3D('',#6814,#5496,#5497);
#4687=AXIS2_PLACEMENT_3D('',#6816,#5498,#5499);
#4688=AXIS2_PLACEMENT_3D('',#6819,#5501,#5502);
#4689=AXIS2_PLACEMENT_3D('',#6820,#5503,#5504);
#4690=AXIS2_PLACEMENT_3D('',#6822,#5505,#5506);
#4691=AXIS2_PLACEMENT_3D('',#6825,#5508,#5509);
#4692=AXIS2_PLACEMENT_3D('',#6826,#5510,#5511);
#4693=AXIS2_PLACEMENT_3D('',#6835,#5516,#5517);
#4694=AXIS2_PLACEMENT_3D('',#6841,#5521,#5522);
#4695=AXIS2_PLACEMENT_3D('',#6855,#5530,#5531);
#4696=AXIS2_PLACEMENT_3D('',#6858,#5534,#5535);
#4697=AXIS2_PLACEMENT_3D('',#6859,#5536,#5537);
#4698=AXIS2_PLACEMENT_3D('',#6860,#5538,#5539);
#4699=AXIS2_PLACEMENT_3D('',#6861,#5540,#5541);
#4700=AXIS2_PLACEMENT_3D('',#6863,#5542,#5543);
#4701=AXIS2_PLACEMENT_3D('',#6866,#5545,#5546);
#4702=AXIS2_PLACEMENT_3D('',#6867,#5547,#5548);
#4703=AXIS2_PLACEMENT_3D('',#6869,#5549,#5550);
#4704=AXIS2_PLACEMENT_3D('',#6872,#5552,#5553);
#4705=AXIS2_PLACEMENT_3D('',#6873,#5554,#5555);
#4706=AXIS2_PLACEMENT_3D('',#6882,#5560,#5561);
#4707=AXIS2_PLACEMENT_3D('',#6888,#5565,#5566);
#4708=AXIS2_PLACEMENT_3D('',#6894,#5570,#5571);
#4709=AXIS2_PLACEMENT_3D('',#6897,#5574,#5575);
#4710=AXIS2_PLACEMENT_3D('',#6898,#5576,#5577);
#4711=AXIS2_PLACEMENT_3D('',#6899,#5578,#5579);
#4712=AXIS2_PLACEMENT_3D('',#6900,#5580,#5581);
#4713=AXIS2_PLACEMENT_3D('',#6902,#5582,#5583);
#4714=AXIS2_PLACEMENT_3D('',#6905,#5585,#5586);
#4715=AXIS2_PLACEMENT_3D('',#6906,#5587,#5588);
#4716=AXIS2_PLACEMENT_3D('',#6908,#5589,#5590);
#4717=AXIS2_PLACEMENT_3D('',#6911,#5592,#5593);
#4718=AXIS2_PLACEMENT_3D('',#6912,#5594,#5595);
#4719=AXIS2_PLACEMENT_3D('',#6921,#5600,#5601);
#4720=AXIS2_PLACEMENT_3D('',#6927,#5605,#5606);
#4721=AXIS2_PLACEMENT_3D('',#6933,#5610,#5611);
#4722=AXIS2_PLACEMENT_3D('',#6936,#5614,#5615);
#4723=AXIS2_PLACEMENT_3D('',#6937,#5616,#5617);
#4724=AXIS2_PLACEMENT_3D('',#6938,#5618,#5619);
#4725=AXIS2_PLACEMENT_3D('',#6939,#5620,#5621);
#4726=AXIS2_PLACEMENT_3D('',#6942,#5622,#5623);
#4727=AXIS2_PLACEMENT_3D('',#6946,#5625,#5626);
#4728=AXIS2_PLACEMENT_3D('',#6948,#5628,#5629);
#4729=AXIS2_PLACEMENT_3D('',#6957,#5634,#5635);
#4730=AXIS2_PLACEMENT_3D('',#6962,#5637,#5638);
#4731=AXIS2_PLACEMENT_3D('',#6965,#5640,#5641);
#4732=AXIS2_PLACEMENT_3D('',#6966,#5642,#5643);
#4733=AXIS2_PLACEMENT_3D('',#6971,#5645,#5646);
#4734=AXIS2_PLACEMENT_3D('',#6974,#5648,#5649);
#4735=AXIS2_PLACEMENT_3D('',#6975,#5650,#5651);
#4736=AXIS2_PLACEMENT_3D('',#6981,#5655,#5656);
#4737=AXIS2_PLACEMENT_3D('',#6985,#5658,#5659);
#4738=AXIS2_PLACEMENT_3D('',#6986,#5660,#5661);
#4739=AXIS2_PLACEMENT_3D('',#6987,#5662,#5663);
#4740=AXIS2_PLACEMENT_3D('',#6993,#5667,#5668);
#4741=AXIS2_PLACEMENT_3D('',#6995,#5669,#5670);
#4742=AXIS2_PLACEMENT_3D('',#6998,#5672,#5673);
#4743=AXIS2_PLACEMENT_3D('',#6999,#5674,#5675);
#4744=AXIS2_PLACEMENT_3D('',#7005,#5679,#5680);
#4745=AXIS2_PLACEMENT_3D('',#7009,#5682,#5683);
#4746=AXIS2_PLACEMENT_3D('',#7010,#5684,#5685);
#4747=AXIS2_PLACEMENT_3D('',#7011,#5686,#5687);
#4748=AXIS2_PLACEMENT_3D('',#7017,#5691,#5692);
#4749=AXIS2_PLACEMENT_3D('',#7023,#5696,#5697);
#4750=AXIS2_PLACEMENT_3D('',#7024,#5698,#5699);
#4751=AXIS2_PLACEMENT_3D('',#7025,#5700,#5701);
#4752=AXIS2_PLACEMENT_3D('',#7026,#5702,#5703);
#4753=AXIS2_PLACEMENT_3D('',#7032,#5707,#5708);
#4754=AXIS2_PLACEMENT_3D('',#7038,#5712,#5713);
#4755=AXIS2_PLACEMENT_3D('',#7039,#5714,#5715);
#4756=AXIS2_PLACEMENT_3D('',#7040,#5716,#5717);
#4757=AXIS2_PLACEMENT_3D('',#7041,#5718,#5719);
#4758=AXIS2_PLACEMENT_3D('',#7053,#5725,#5726);
#4759=AXIS2_PLACEMENT_3D('',#7057,#5728,#5729);
#4760=AXIS2_PLACEMENT_3D('',#7061,#5731,#5732);
#4761=AXIS2_PLACEMENT_3D('',#7065,#5734,#5735);
#4762=AXIS2_PLACEMENT_3D('',#7075,#5741,#5742);
#4763=AXIS2_PLACEMENT_3D('',#7081,#5746,#5747);
#4764=AXIS2_PLACEMENT_3D('',#7083,#5748,#5749);
#4765=AXIS2_PLACEMENT_3D('',#7086,#5751,#5752);
#4766=AXIS2_PLACEMENT_3D('',#7087,#5753,#5754);
#4767=AXIS2_PLACEMENT_3D('',#7090,#5755,#5756);
#4768=AXIS2_PLACEMENT_3D('',#7094,#5758,#5759);
#4769=AXIS2_PLACEMENT_3D('',#7096,#5761,#5762);
#4770=AXIS2_PLACEMENT_3D('',#7102,#5766,#5767);
#4771=AXIS2_PLACEMENT_3D('',#7104,#5768,#5769);
#4772=AXIS2_PLACEMENT_3D('',#7107,#5771,#5772);
#4773=AXIS2_PLACEMENT_3D('',#7108,#5773,#5774);
#4774=AXIS2_PLACEMENT_3D('',#7111,#5775,#5776);
#4775=AXIS2_PLACEMENT_3D('',#7115,#5778,#5779);
#4776=AXIS2_PLACEMENT_3D('',#7117,#5781,#5782);
#4777=AXIS2_PLACEMENT_3D('',#7119,#5783,#5784);
#4778=AXIS2_PLACEMENT_3D('',#7122,#5786,#5787);
#4779=AXIS2_PLACEMENT_3D('',#7123,#5788,#5789);
#4780=AXIS2_PLACEMENT_3D('',#7125,#5790,#5791);
#4781=AXIS2_PLACEMENT_3D('',#7127,#5793,#5794);
#4782=AXIS2_PLACEMENT_3D('',#7129,#5795,#5796);
#4783=AXIS2_PLACEMENT_3D('',#7132,#5798,#5799);
#4784=AXIS2_PLACEMENT_3D('',#7133,#5800,#5801);
#4785=AXIS2_PLACEMENT_3D('',#7135,#5802,#5803);
#4786=AXIS2_PLACEMENT_3D('',#7137,#5805,#5806);
#4787=AXIS2_PLACEMENT_3D('',#7139,#5807,#5808);
#4788=AXIS2_PLACEMENT_3D('',#7142,#5810,#5811);
#4789=AXIS2_PLACEMENT_3D('',#7143,#5812,#5813);
#4790=AXIS2_PLACEMENT_3D('',#7145,#5814,#5815);
#4791=AXIS2_PLACEMENT_3D('',#7147,#5817,#5818);
#4792=AXIS2_PLACEMENT_3D('',#7149,#5819,#5820);
#4793=AXIS2_PLACEMENT_3D('',#7152,#5822,#5823);
#4794=AXIS2_PLACEMENT_3D('',#7153,#5824,#5825);
#4795=AXIS2_PLACEMENT_3D('',#7155,#5826,#5827);
#4796=AXIS2_PLACEMENT_3D('',#7157,#5829,#5830);
#4797=AXIS2_PLACEMENT_3D('',#7159,#5831,#5832);
#4798=AXIS2_PLACEMENT_3D('',#7162,#5834,#5835);
#4799=AXIS2_PLACEMENT_3D('',#7163,#5836,#5837);
#4800=AXIS2_PLACEMENT_3D('',#7165,#5838,#5839);
#4801=AXIS2_PLACEMENT_3D('',#7167,#5841,#5842);
#4802=AXIS2_PLACEMENT_3D('',#7169,#5843,#5844);
#4803=AXIS2_PLACEMENT_3D('',#7172,#5846,#5847);
#4804=AXIS2_PLACEMENT_3D('',#7173,#5848,#5849);
#4805=AXIS2_PLACEMENT_3D('',#7175,#5850,#5851);
#4806=AXIS2_PLACEMENT_3D('',#7177,#5853,#5854);
#4807=AXIS2_PLACEMENT_3D('',#7179,#5855,#5856);
#4808=AXIS2_PLACEMENT_3D('',#7182,#5858,#5859);
#4809=AXIS2_PLACEMENT_3D('',#7183,#5860,#5861);
#4810=AXIS2_PLACEMENT_3D('',#7185,#5862,#5863);
#4811=AXIS2_PLACEMENT_3D('',#7187,#5865,#5866);
#4812=AXIS2_PLACEMENT_3D('',#7189,#5867,#5868);
#4813=AXIS2_PLACEMENT_3D('',#7192,#5870,#5871);
#4814=AXIS2_PLACEMENT_3D('',#7193,#5872,#5873);
#4815=AXIS2_PLACEMENT_3D('',#7198,#5877,#5878);
#4816=AXIS2_PLACEMENT_3D('',#7199,#5879,#5880);
#4817=AXIS2_PLACEMENT_3D('',#7201,#5882,#5883);
#4818=AXIS2_PLACEMENT_3D('',#7211,#5889,#5890);
#4819=AXIS2_PLACEMENT_3D('',#7213,#5891,#5892);
#4820=AXIS2_PLACEMENT_3D('',#7214,#5893,#5894);
#4821=AXIS2_PLACEMENT_3D('',#7220,#5898,#5899);
#4822=AXIS2_PLACEMENT_3D('',#7224,#5902,#5903);
#4823=AXIS2_PLACEMENT_3D('',#7228,#5906,#5907);
#4824=AXIS2_PLACEMENT_3D('',#7230,#5909,#5910);
#4825=AXIS2_PLACEMENT_3D('',#7236,#5914,#5915);
#4826=AXIS2_PLACEMENT_3D('',#7239,#5917,#5918);
#4827=AXIS2_PLACEMENT_3D('',#7240,#5919,#5920);
#4828=AXIS2_PLACEMENT_3D('',#7244,#5923,#5924);
#4829=AXIS2_PLACEMENT_3D('',#7247,#5926,#5927);
#4830=AXIS2_PLACEMENT_3D('',#7248,#5928,#5929);
#4831=AXIS2_PLACEMENT_3D('',#7252,#5932,#5933);
#4832=AXIS2_PLACEMENT_3D('',#7255,#5935,#5936);
#4833=AXIS2_PLACEMENT_3D('',#7256,#5937,#5938);
#4834=AXIS2_PLACEMENT_3D('',#7260,#5941,#5942);
#4835=AXIS2_PLACEMENT_3D('',#7261,#5943,#5944);
#4836=AXIS2_PLACEMENT_3D('',#7262,#5945,#5946);
#4837=AXIS2_PLACEMENT_3D('',#7271,#5951,#5952);
#4838=AXIS2_PLACEMENT_3D('',#7278,#5957,#5958);
#4839=AXIS2_PLACEMENT_3D('',#7282,#5961,#5962);
#4840=AXIS2_PLACEMENT_3D('',#7286,#5965,#5966);
#4841=AXIS2_PLACEMENT_3D('',#7292,#5970,#5971);
#4842=AXIS2_PLACEMENT_3D('',#7296,#5974,#5975);
#4843=AXIS2_PLACEMENT_3D('',#7301,#5979,#5980);
#4844=AXIS2_PLACEMENT_3D('',#7303,#5982,#5983);
#4845=AXIS2_PLACEMENT_3D('',#7305,#5984,#5985);
#4846=AXIS2_PLACEMENT_3D('',#7306,#5986,#5987);
#4847=AXIS2_PLACEMENT_3D('',#7307,#5988,#5989);
#4848=AXIS2_PLACEMENT_3D('',#7309,#5990,#5991);
#4849=AXIS2_PLACEMENT_3D('',#7310,#5992,#5993);
#4850=AXIS2_PLACEMENT_3D('',#7311,#5994,#5995);
#4851=AXIS2_PLACEMENT_3D('',#7312,#5996,#5997);
#4852=AXIS2_PLACEMENT_3D('',#7314,#5999,#6000);
#4853=AXIS2_PLACEMENT_3D('',#7316,#6001,#6002);
#4854=AXIS2_PLACEMENT_3D('',#7317,#6003,#6004);
#4855=AXIS2_PLACEMENT_3D('',#7320,#6005,#6006);
#4856=AXIS2_PLACEMENT_3D('',#7323,#6008,#6009);
#4857=AXIS2_PLACEMENT_3D('',#7324,#6010,#6011);
#4858=AXIS2_PLACEMENT_3D('',#7327,#6012,#6013);
#4859=AXIS2_PLACEMENT_3D('',#7330,#6016,#6017);
#4860=AXIS2_PLACEMENT_3D('',#7332,#6019,#6020);
#4861=AXIS2_PLACEMENT_3D('',#7334,#6022,#6023);
#4862=AXIS2_PLACEMENT_3D('',#7336,#6024,#6025);
#4863=AXIS2_PLACEMENT_3D('',#7337,#6026,#6027);
#4864=AXIS2_PLACEMENT_3D('',#7340,#6028,#6029);
#4865=AXIS2_PLACEMENT_3D('',#7343,#6031,#6032);
#4866=AXIS2_PLACEMENT_3D('',#7344,#6033,#6034);
#4867=AXIS2_PLACEMENT_3D('',#7347,#6035,#6036);
#4868=AXIS2_PLACEMENT_3D('',#7350,#6039,#6040);
#4869=AXIS2_PLACEMENT_3D('',#7352,#6042,#6043);
#4870=AXIS2_PLACEMENT_3D('',#7354,#6045,#6046);
#4871=AXIS2_PLACEMENT_3D('',#7358,#6048,#6049);
#4872=AXIS2_PLACEMENT_3D('',#7359,#6050,#6051);
#4873=AXIS2_PLACEMENT_3D('',#7362,#6052,#6053);
#4874=AXIS2_PLACEMENT_3D('',#7365,#6055,#6056);
#4875=AXIS2_PLACEMENT_3D('',#7366,#6057,#6058);
#4876=AXIS2_PLACEMENT_3D('',#7369,#6061,#6062);
#4877=AXIS2_PLACEMENT_3D('',#7370,#6063,#6064);
#4878=AXIS2_PLACEMENT_3D('',#7372,#6066,#6067);
#4879=AXIS2_PLACEMENT_3D('',#7374,#6069,#6070);
#4880=AXIS2_PLACEMENT_3D('',#7381,#6075,#6076);
#4881=AXIS2_PLACEMENT_3D('',#7383,#6077,#6078);
#4882=AXIS2_PLACEMENT_3D('',#7386,#6080,#6081);
#4883=AXIS2_PLACEMENT_3D('',#7387,#6082,#6083);
#4884=AXIS2_PLACEMENT_3D('',#7389,#6084,#6085);
#4885=AXIS2_PLACEMENT_3D('',#7393,#6087,#6088);
#4886=AXIS2_PLACEMENT_3D('',#7396,#6090,#6091);
#4887=AXIS2_PLACEMENT_3D('',#7398,#6092,#6093);
#4888=AXIS2_PLACEMENT_3D('',#7400,#6094,#6095);
#4889=AXIS2_PLACEMENT_3D('',#7402,#6096,#6097);
#4890=AXIS2_PLACEMENT_3D('',#7404,#6098,#6099);
#4891=AXIS2_PLACEMENT_3D('',#7406,#6100,#6101);
#4892=AXIS2_PLACEMENT_3D('',#7408,#6102,#6103);
#4893=AXIS2_PLACEMENT_3D('',#7410,#6104,#6105);
#4894=AXIS2_PLACEMENT_3D('',#7412,#6106,#6107);
#4895=AXIS2_PLACEMENT_3D('',#7414,#6108,#6109);
#4896=AXIS2_PLACEMENT_3D('',#7416,#6110,#6111);
#4897=AXIS2_PLACEMENT_3D('',#7418,#6112,#6113);
#4898=AXIS2_PLACEMENT_3D('',#7420,#6114,#6115);
#4899=AXIS2_PLACEMENT_3D('',#7422,#6116,#6117);
#4900=AXIS2_PLACEMENT_3D('',#7424,#6118,#6119);
#4901=AXIS2_PLACEMENT_3D('',#7426,#6120,#6121);
#4902=AXIS2_PLACEMENT_3D('',#7428,#6122,#6123);
#4903=AXIS2_PLACEMENT_3D('',#7430,#6124,#6125);
#4904=AXIS2_PLACEMENT_3D('',#7431,#6126,#6127);
#4905=AXIS2_PLACEMENT_3D('',#7433,#6128,#6129);
#4906=AXIS2_PLACEMENT_3D('',#7435,#6131,#6132);
#4907=AXIS2_PLACEMENT_3D('',#7438,#6134,#6135);
#4908=AXIS2_PLACEMENT_3D('',#7439,#6136,#6137);
#4909=AXIS2_PLACEMENT_3D('',#7441,#6138,#6139);
#4910=AXIS2_PLACEMENT_3D('',#7443,#6141,#6142);
#4911=AXIS2_PLACEMENT_3D('',#7446,#6144,#6145);
#4912=AXIS2_PLACEMENT_3D('',#7447,#6146,#6147);
#4913=AXIS2_PLACEMENT_3D('',#7449,#6148,#6149);
#4914=AXIS2_PLACEMENT_3D('',#7451,#6151,#6152);
#4915=AXIS2_PLACEMENT_3D('',#7454,#6154,#6155);
#4916=AXIS2_PLACEMENT_3D('',#7455,#6156,#6157);
#4917=AXIS2_PLACEMENT_3D('',#7457,#6158,#6159);
#4918=AXIS2_PLACEMENT_3D('',#7459,#6161,#6162);
#4919=AXIS2_PLACEMENT_3D('',#7462,#6164,#6165);
#4920=AXIS2_PLACEMENT_3D('',#7463,#6166,#6167);
#4921=AXIS2_PLACEMENT_3D('',#7465,#6168,#6169);
#4922=AXIS2_PLACEMENT_3D('',#7467,#6171,#6172);
#4923=AXIS2_PLACEMENT_3D('',#7470,#6174,#6175);
#4924=AXIS2_PLACEMENT_3D('',#7471,#6176,#6177);
#4925=AXIS2_PLACEMENT_3D('',#7473,#6178,#6179);
#4926=AXIS2_PLACEMENT_3D('',#7475,#6181,#6182);
#4927=AXIS2_PLACEMENT_3D('',#7478,#6184,#6185);
#4928=AXIS2_PLACEMENT_3D('',#7479,#6186,#6187);
#4929=AXIS2_PLACEMENT_3D('',#7481,#6188,#6189);
#4930=AXIS2_PLACEMENT_3D('',#7483,#6191,#6192);
#4931=AXIS2_PLACEMENT_3D('',#7486,#6194,#6195);
#4932=AXIS2_PLACEMENT_3D('',#7487,#6196,#6197);
#4933=AXIS2_PLACEMENT_3D('',#7489,#6198,#6199);
#4934=AXIS2_PLACEMENT_3D('',#7491,#6201,#6202);
#4935=AXIS2_PLACEMENT_3D('',#7494,#6204,#6205);
#4936=AXIS2_PLACEMENT_3D('',#7495,#6206,#6207);
#4937=AXIS2_PLACEMENT_3D('',#7497,#6208,#6209);
#4938=AXIS2_PLACEMENT_3D('',#7499,#6211,#6212);
#4939=AXIS2_PLACEMENT_3D('',#7502,#6214,#6215);
#4940=AXIS2_PLACEMENT_3D('',#7503,#6216,#6217);
#4941=AXIS2_PLACEMENT_3D('',#7505,#6218,#6219);
#4942=AXIS2_PLACEMENT_3D('',#7507,#6221,#6222);
#4943=AXIS2_PLACEMENT_3D('',#7510,#6224,#6225);
#4944=AXIS2_PLACEMENT_3D('',#7511,#6226,#6227);
#4945=AXIS2_PLACEMENT_3D('',#7513,#6228,#6229);
#4946=AXIS2_PLACEMENT_3D('',#7515,#6231,#6232);
#4947=AXIS2_PLACEMENT_3D('',#7518,#6234,#6235);
#4948=AXIS2_PLACEMENT_3D('',#7519,#6236,#6237);
#4949=AXIS2_PLACEMENT_3D('',#7521,#6238,#6239);
#4950=AXIS2_PLACEMENT_3D('',#7523,#6241,#6242);
#4951=AXIS2_PLACEMENT_3D('',#7526,#6244,#6245);
#4952=AXIS2_PLACEMENT_3D('',#7527,#6246,#6247);
#4953=AXIS2_PLACEMENT_3D('',#7529,#6248,#6249);
#4954=AXIS2_PLACEMENT_3D('',#7531,#6251,#6252);
#4955=AXIS2_PLACEMENT_3D('',#7534,#6254,#6255);
#4956=AXIS2_PLACEMENT_3D('',#7535,#6256,#6257);
#4957=AXIS2_PLACEMENT_3D('',#7537,#6258,#6259);
#4958=AXIS2_PLACEMENT_3D('',#7539,#6261,#6262);
#4959=AXIS2_PLACEMENT_3D('',#7542,#6264,#6265);
#4960=AXIS2_PLACEMENT_3D('',#7543,#6266,#6267);
#4961=AXIS2_PLACEMENT_3D('',#7545,#6268,#6269);
#4962=AXIS2_PLACEMENT_3D('',#7547,#6271,#6272);
#4963=AXIS2_PLACEMENT_3D('',#7550,#6274,#6275);
#4964=AXIS2_PLACEMENT_3D('',#7551,#6276,#6277);
#4965=AXIS2_PLACEMENT_3D('',#7553,#6278,#6279);
#4966=AXIS2_PLACEMENT_3D('',#7555,#6281,#6282);
#4967=AXIS2_PLACEMENT_3D('',#7558,#6284,#6285);
#4968=AXIS2_PLACEMENT_3D('',#7559,#6286,#6287);
#4969=AXIS2_PLACEMENT_3D('',#7561,#6288,#6289);
#4970=AXIS2_PLACEMENT_3D('',#7563,#6291,#6292);
#4971=AXIS2_PLACEMENT_3D('',#7566,#6294,#6295);
#4972=AXIS2_PLACEMENT_3D('',#7567,#6296,#6297);
#4973=AXIS2_PLACEMENT_3D('',#7569,#6298,#6299);
#4974=AXIS2_PLACEMENT_3D('',#7571,#6301,#6302);
#4975=AXIS2_PLACEMENT_3D('',#7574,#6304,#6305);
#4976=AXIS2_PLACEMENT_3D('',#7575,#6306,#6307);
#4977=AXIS2_PLACEMENT_3D('',#7577,#6308,#6309);
#4978=AXIS2_PLACEMENT_3D('',#7579,#6311,#6312);
#4979=AXIS2_PLACEMENT_3D('',#7583,#6314,#6315);
#4980=AXIS2_PLACEMENT_3D('',#7586,#6317,#6318);
#4981=AXIS2_PLACEMENT_3D('',#7587,#6319,#6320);
#4982=AXIS2_PLACEMENT_3D('',#7590,#6323,#6324);
#4983=AXIS2_PLACEMENT_3D('',#7592,#6326,#6327);
#4984=AXIS2_PLACEMENT_3D('',#7593,#6328,#6329);
#4985=DIRECTION('axis',(0.,0.,1.));
#4986=DIRECTION('refdir',(1.,0.,0.));
#4987=DIRECTION('center_axis',(0.,1.,0.));
#4988=DIRECTION('ref_axis',(0.,0.,1.));
#4989=DIRECTION('',(-1.,0.,0.));
#4990=DIRECTION('',(0.,0.,-1.));
#4991=DIRECTION('',(1.,0.,0.));
#4992=DIRECTION('',(0.,0.,1.));
#4993=DIRECTION('center_axis',(0.,1.,0.));
#4994=DIRECTION('ref_axis',(0.,0.,1.));
#4995=DIRECTION('',(-1.,0.,0.));
#4996=DIRECTION('',(0.,0.,-1.));
#4997=DIRECTION('',(1.,0.,0.));
#4998=DIRECTION('',(0.,0.,1.));
#4999=DIRECTION('center_axis',(0.,0.,1.));
#5000=DIRECTION('ref_axis',(0.707106781186553,-0.707106781186542,0.));
#5001=DIRECTION('center_axis',(0.,0.,-1.));
#5002=DIRECTION('ref_axis',(0.707106781186553,-0.707106781186542,0.));
#5003=DIRECTION('',(0.,0.,-1.));
#5004=DIRECTION('center_axis',(0.,0.,1.));
#5005=DIRECTION('ref_axis',(0.707106781186553,-0.707106781186542,0.));
#5006=DIRECTION('',(0.,0.,1.));
#5007=DIRECTION('center_axis',(1.,0.,0.));
#5008=DIRECTION('ref_axis',(0.,1.,0.));
#5009=DIRECTION('',(0.,1.,0.));
#5010=DIRECTION('',(0.,0.,-1.));
#5011=DIRECTION('',(0.,1.,0.));
#5012=DIRECTION('center_axis',(0.,0.,1.));
#5013=DIRECTION('ref_axis',(1.,0.,0.));
#5014=DIRECTION('',(1.,0.,0.));
#5015=DIRECTION('center_axis',(0.,0.,1.));
#5016=DIRECTION('ref_axis',(-0.707106781186553,-0.707106781186542,0.));
#5017=DIRECTION('',(0.,-1.,0.));
#5018=DIRECTION('center_axis',(0.,0.,1.));
#5019=DIRECTION('ref_axis',(-0.707106781186553,0.707106781186542,0.));
#5020=DIRECTION('',(-1.,0.,0.));
#5021=DIRECTION('center_axis',(0.,0.,1.));
#5022=DIRECTION('ref_axis',(0.707106781186542,0.707106781186553,0.));
#5023=DIRECTION('center_axis',(0.,0.,1.));
#5024=DIRECTION('ref_axis',(1.,0.,0.));
#5025=DIRECTION('center_axis',(0.,0.,1.));
#5026=DIRECTION('ref_axis',(1.,0.,0.));
#5027=DIRECTION('center_axis',(0.,0.,1.));
#5028=DIRECTION('ref_axis',(1.,0.,0.));
#5029=DIRECTION('center_axis',(0.,0.,1.));
#5030=DIRECTION('ref_axis',(1.,0.,0.));
#5031=DIRECTION('center_axis',(0.,0.,1.));
#5032=DIRECTION('ref_axis',(1.,0.,0.));
#5033=DIRECTION('center_axis',(0.,0.,1.));
#5034=DIRECTION('ref_axis',(1.,0.,0.));
#5035=DIRECTION('center_axis',(0.,0.,1.));
#5036=DIRECTION('ref_axis',(1.,0.,0.));
#5037=DIRECTION('center_axis',(0.,0.,1.));
#5038=DIRECTION('ref_axis',(1.,0.,0.));
#5039=DIRECTION('center_axis',(0.,0.,1.));
#5040=DIRECTION('ref_axis',(1.,0.,0.));
#5041=DIRECTION('center_axis',(0.,0.,1.));
#5042=DIRECTION('ref_axis',(1.,0.,0.));
#5043=DIRECTION('center_axis',(0.,0.,1.));
#5044=DIRECTION('ref_axis',(1.,0.,0.));
#5045=DIRECTION('center_axis',(0.,0.,1.));
#5046=DIRECTION('ref_axis',(1.,0.,0.));
#5047=DIRECTION('center_axis',(0.,0.,1.));
#5048=DIRECTION('ref_axis',(1.,0.,0.));
#5049=DIRECTION('center_axis',(0.,0.,1.));
#5050=DIRECTION('ref_axis',(1.,0.,0.));
#5051=DIRECTION('center_axis',(0.,0.,1.));
#5052=DIRECTION('ref_axis',(1.,0.,0.));
#5053=DIRECTION('center_axis',(0.,0.,1.));
#5054=DIRECTION('ref_axis',(1.,0.,0.));
#5055=DIRECTION('center_axis',(0.,0.,1.));
#5056=DIRECTION('ref_axis',(1.,0.,0.));
#5057=DIRECTION('center_axis',(0.,0.,1.));
#5058=DIRECTION('ref_axis',(1.,0.,0.));
#5059=DIRECTION('center_axis',(0.,0.,1.));
#5060=DIRECTION('ref_axis',(1.,0.,0.));
#5061=DIRECTION('center_axis',(0.,0.,1.));
#5062=DIRECTION('ref_axis',(1.,0.,0.));
#5063=DIRECTION('center_axis',(0.,0.,1.));
#5064=DIRECTION('ref_axis',(1.,0.,0.));
#5065=DIRECTION('center_axis',(0.,0.,1.));
#5066=DIRECTION('ref_axis',(1.,0.,0.));
#5067=DIRECTION('center_axis',(0.,0.,1.));
#5068=DIRECTION('ref_axis',(1.,0.,0.));
#5069=DIRECTION('center_axis',(0.,0.,1.));
#5070=DIRECTION('ref_axis',(1.,0.,0.));
#5071=DIRECTION('center_axis',(0.,0.,1.));
#5072=DIRECTION('ref_axis',(1.,0.,0.));
#5073=DIRECTION('',(0.,-1.,0.));
#5074=DIRECTION('center_axis',(0.,0.,1.));
#5075=DIRECTION('ref_axis',(1.,0.,0.));
#5076=DIRECTION('',(0.,1.,0.));
#5077=DIRECTION('',(0.,-1.,0.));
#5078=DIRECTION('',(1.,0.,0.));
#5079=DIRECTION('',(0.,1.,0.));
#5080=DIRECTION('',(-1.,0.,0.));
#5081=DIRECTION('',(0.,1.,0.));
#5082=DIRECTION('',(-1.,0.,0.));
#5083=DIRECTION('',(0.,-1.,0.));
#5084=DIRECTION('',(-1.,0.,0.));
#5085=DIRECTION('',(0.,1.,0.));
#5086=DIRECTION('',(-1.,-1.61486985400023E-16,0.));
#5087=DIRECTION('',(0.,-1.,0.));
#5088=DIRECTION('',(-1.,0.,0.));
#5089=DIRECTION('',(0.,1.,0.));
#5090=DIRECTION('',(-1.,0.,0.));
#5091=DIRECTION('',(0.,-1.,0.));
#5092=DIRECTION('',(-1.,0.,0.));
#5093=DIRECTION('',(0.,-1.,0.));
#5094=DIRECTION('',(1.,0.,0.));
#5095=DIRECTION('',(0.,-1.,0.));
#5096=DIRECTION('center_axis',(0.,0.,1.));
#5097=DIRECTION('ref_axis',(1.,0.,0.));
#5098=DIRECTION('',(0.,1.,0.));
#5099=DIRECTION('',(0.,-1.,0.));
#5100=DIRECTION('',(1.,0.,0.));
#5101=DIRECTION('center_axis',(0.,0.,1.));
#5102=DIRECTION('ref_axis',(0.707106781186542,0.707106781186553,0.));
#5103=DIRECTION('center_axis',(0.,0.,-1.));
#5104=DIRECTION('ref_axis',(0.707106781186542,0.707106781186553,0.));
#5105=DIRECTION('',(0.,0.,1.));
#5106=DIRECTION('center_axis',(0.,1.,0.));
#5107=DIRECTION('ref_axis',(-1.,0.,0.));
#5108=DIRECTION('',(0.,0.,-1.));
#5109=DIRECTION('',(-1.,0.,0.));
#5110=DIRECTION('center_axis',(0.,0.,1.));
#5111=DIRECTION('ref_axis',(-0.707106781186553,0.707106781186542,0.));
#5112=DIRECTION('center_axis',(0.,0.,-1.));
#5113=DIRECTION('ref_axis',(-0.707106781186553,0.707106781186542,0.));
#5114=DIRECTION('',(0.,0.,1.));
#5115=DIRECTION('center_axis',(-1.,0.,0.));
#5116=DIRECTION('ref_axis',(0.,-1.,0.));
#5117=DIRECTION('',(0.,0.,-1.));
#5118=DIRECTION('',(0.,-1.,0.));
#5119=DIRECTION('center_axis',(0.,0.,1.));
#5120=DIRECTION('ref_axis',(-0.707106781186553,-0.707106781186542,0.));
#5121=DIRECTION('center_axis',(0.,0.,-1.));
#5122=DIRECTION('ref_axis',(-0.707106781186553,-0.707106781186542,0.));
#5123=DIRECTION('',(0.,0.,1.));
#5124=DIRECTION('center_axis',(0.,-1.,0.));
#5125=DIRECTION('ref_axis',(1.,0.,0.));
#5126=DIRECTION('',(1.,0.,0.));
#5127=DIRECTION('center_axis',(0.,0.,-1.));
#5128=DIRECTION('ref_axis',(1.,0.,0.));
#5129=DIRECTION('center_axis',(0.,0.,1.));
#5130=DIRECTION('ref_axis',(1.,0.,0.));
#5131=DIRECTION('center_axis',(0.,0.,-1.));
#5132=DIRECTION('ref_axis',(1.,0.,0.));
#5133=DIRECTION('',(0.,0.,-1.));
#5134=DIRECTION('center_axis',(0.,0.,-1.));
#5135=DIRECTION('ref_axis',(1.,0.,0.));
#5136=DIRECTION('center_axis',(0.,0.,1.));
#5137=DIRECTION('ref_axis',(1.,0.,0.));
#5138=DIRECTION('center_axis',(0.,0.,-1.));
#5139=DIRECTION('ref_axis',(1.,0.,0.));
#5140=DIRECTION('',(0.,0.,-1.));
#5141=DIRECTION('',(0.,0.,-1.));
#5142=DIRECTION('',(0.,0.,-1.));
#5143=DIRECTION('center_axis',(0.,0.,-1.));
#5144=DIRECTION('ref_axis',(1.,0.,0.));
#5145=DIRECTION('center_axis',(0.,0.,1.));
#5146=DIRECTION('ref_axis',(1.,0.,0.));
#5147=DIRECTION('center_axis',(0.,0.,-1.));
#5148=DIRECTION('ref_axis',(1.,0.,0.));
#5149=DIRECTION('',(0.,0.,-1.));
#5150=DIRECTION('center_axis',(0.,0.,-1.));
#5151=DIRECTION('ref_axis',(1.,0.,0.));
#5152=DIRECTION('center_axis',(0.,0.,1.));
#5153=DIRECTION('ref_axis',(1.,0.,0.));
#5154=DIRECTION('center_axis',(0.,0.,-1.));
#5155=DIRECTION('ref_axis',(1.,0.,0.));
#5156=DIRECTION('',(0.,0.,-1.));
#5157=DIRECTION('center_axis',(0.,0.,-1.));
#5158=DIRECTION('ref_axis',(1.,0.,0.));
#5159=DIRECTION('center_axis',(0.,0.,1.));
#5160=DIRECTION('ref_axis',(1.,0.,0.));
#5161=DIRECTION('center_axis',(0.,0.,-1.));
#5162=DIRECTION('ref_axis',(1.,0.,0.));
#5163=DIRECTION('',(0.,0.,-1.));
#5164=DIRECTION('center_axis',(0.,0.,-1.));
#5165=DIRECTION('ref_axis',(1.,0.,0.));
#5166=DIRECTION('center_axis',(0.,0.,1.));
#5167=DIRECTION('ref_axis',(1.,0.,0.));
#5168=DIRECTION('center_axis',(0.,0.,-1.));
#5169=DIRECTION('ref_axis',(1.,0.,0.));
#5170=DIRECTION('',(0.,0.,-1.));
#5171=DIRECTION('center_axis',(0.,0.,-1.));
#5172=DIRECTION('ref_axis',(1.,0.,0.));
#5173=DIRECTION('center_axis',(0.,0.,1.));
#5174=DIRECTION('ref_axis',(1.,0.,0.));
#5175=DIRECTION('center_axis',(0.,0.,-1.));
#5176=DIRECTION('ref_axis',(1.,0.,0.));
#5177=DIRECTION('',(0.,0.,-1.));
#5178=DIRECTION('center_axis',(0.,0.,-1.));
#5179=DIRECTION('ref_axis',(1.,0.,0.));
#5180=DIRECTION('center_axis',(0.,0.,1.));
#5181=DIRECTION('ref_axis',(1.,0.,0.));
#5182=DIRECTION('center_axis',(0.,0.,-1.));
#5183=DIRECTION('ref_axis',(1.,0.,0.));
#5184=DIRECTION('',(0.,0.,-1.));
#5185=DIRECTION('center_axis',(0.,0.,-1.));
#5186=DIRECTION('ref_axis',(1.,0.,0.));
#5187=DIRECTION('center_axis',(0.,0.,1.));
#5188=DIRECTION('ref_axis',(1.,0.,0.));
#5189=DIRECTION('center_axis',(0.,0.,-1.));
#5190=DIRECTION('ref_axis',(1.,0.,0.));
#5191=DIRECTION('',(0.,0.,-1.));
#5192=DIRECTION('center_axis',(0.,0.,-1.));
#5193=DIRECTION('ref_axis',(1.,0.,0.));
#5194=DIRECTION('center_axis',(0.,0.,1.));
#5195=DIRECTION('ref_axis',(1.,0.,0.));
#5196=DIRECTION('center_axis',(0.,0.,-1.));
#5197=DIRECTION('ref_axis',(1.,0.,0.));
#5198=DIRECTION('',(0.,0.,-1.));
#5199=DIRECTION('center_axis',(0.,0.,-1.));
#5200=DIRECTION('ref_axis',(1.,0.,0.));
#5201=DIRECTION('center_axis',(0.,0.,1.));
#5202=DIRECTION('ref_axis',(1.,0.,0.));
#5203=DIRECTION('center_axis',(0.,0.,-1.));
#5204=DIRECTION('ref_axis',(1.,0.,0.));
#5205=DIRECTION('',(0.,0.,-1.));
#5206=DIRECTION('center_axis',(0.,0.,-1.));
#5207=DIRECTION('ref_axis',(1.,0.,0.));
#5208=DIRECTION('center_axis',(0.,0.,1.));
#5209=DIRECTION('ref_axis',(1.,0.,0.));
#5210=DIRECTION('center_axis',(0.,0.,-1.));
#5211=DIRECTION('ref_axis',(1.,0.,0.));
#5212=DIRECTION('',(0.,0.,-1.));
#5213=DIRECTION('center_axis',(0.,0.,-1.));
#5214=DIRECTION('ref_axis',(1.,0.,0.));
#5215=DIRECTION('center_axis',(0.,0.,1.));
#5216=DIRECTION('ref_axis',(1.,0.,0.));
#5217=DIRECTION('center_axis',(0.,0.,-1.));
#5218=DIRECTION('ref_axis',(1.,0.,0.));
#5219=DIRECTION('',(0.,0.,-1.));
#5220=DIRECTION('center_axis',(0.,0.,-1.));
#5221=DIRECTION('ref_axis',(1.,0.,0.));
#5222=DIRECTION('center_axis',(0.,0.,1.));
#5223=DIRECTION('ref_axis',(1.,0.,0.));
#5224=DIRECTION('center_axis',(0.,0.,-1.));
#5225=DIRECTION('ref_axis',(1.,0.,0.));
#5226=DIRECTION('',(0.,0.,-1.));
#5227=DIRECTION('center_axis',(0.,0.,-1.));
#5228=DIRECTION('ref_axis',(1.,0.,0.));
#5229=DIRECTION('center_axis',(0.,0.,1.));
#5230=DIRECTION('ref_axis',(1.,0.,0.));
#5231=DIRECTION('center_axis',(0.,0.,-1.));
#5232=DIRECTION('ref_axis',(1.,0.,0.));
#5233=DIRECTION('',(0.,0.,-1.));
#5234=DIRECTION('center_axis',(0.,0.,-1.));
#5235=DIRECTION('ref_axis',(1.,0.,0.));
#5236=DIRECTION('center_axis',(0.,0.,1.));
#5237=DIRECTION('ref_axis',(1.,0.,0.));
#5238=DIRECTION('center_axis',(0.,0.,-1.));
#5239=DIRECTION('ref_axis',(1.,0.,0.));
#5240=DIRECTION('',(0.,0.,-1.));
#5241=DIRECTION('center_axis',(0.,0.,-1.));
#5242=DIRECTION('ref_axis',(1.,0.,0.));
#5243=DIRECTION('center_axis',(0.,0.,1.));
#5244=DIRECTION('ref_axis',(1.,0.,0.));
#5245=DIRECTION('center_axis',(0.,0.,-1.));
#5246=DIRECTION('ref_axis',(1.,0.,0.));
#5247=DIRECTION('',(0.,0.,-1.));
#5248=DIRECTION('center_axis',(0.,0.,-1.));
#5249=DIRECTION('ref_axis',(1.,0.,0.));
#5250=DIRECTION('center_axis',(0.,0.,1.));
#5251=DIRECTION('ref_axis',(1.,0.,0.));
#5252=DIRECTION('center_axis',(0.,0.,-1.));
#5253=DIRECTION('ref_axis',(1.,0.,0.));
#5254=DIRECTION('',(0.,0.,-1.));
#5255=DIRECTION('center_axis',(0.,0.,-1.));
#5256=DIRECTION('ref_axis',(1.,0.,0.));
#5257=DIRECTION('center_axis',(0.,0.,1.));
#5258=DIRECTION('ref_axis',(1.,0.,0.));
#5259=DIRECTION('center_axis',(0.,0.,-1.));
#5260=DIRECTION('ref_axis',(1.,0.,0.));
#5261=DIRECTION('',(0.,0.,-1.));
#5262=DIRECTION('',(0.,0.,1.));
#5263=DIRECTION('',(0.,0.,1.));
#5264=DIRECTION('center_axis',(0.,0.,-1.));
#5265=DIRECTION('ref_axis',(1.,0.,0.));
#5266=DIRECTION('center_axis',(0.,0.,1.));
#5267=DIRECTION('ref_axis',(1.,0.,0.));
#5268=DIRECTION('center_axis',(0.,0.,-1.));
#5269=DIRECTION('ref_axis',(1.,0.,0.));
#5270=DIRECTION('',(0.,0.,-1.));
#5271=DIRECTION('center_axis',(0.,0.,-1.));
#5272=DIRECTION('ref_axis',(1.,0.,0.));
#5273=DIRECTION('center_axis',(0.,0.,1.));
#5274=DIRECTION('ref_axis',(1.,0.,0.));
#5275=DIRECTION('center_axis',(0.,0.,-1.));
#5276=DIRECTION('ref_axis',(1.,0.,0.));
#5277=DIRECTION('',(0.,0.,-1.));
#5278=DIRECTION('center_axis',(0.,0.,-1.));
#5279=DIRECTION('ref_axis',(1.,0.,0.));
#5280=DIRECTION('center_axis',(0.,0.,1.));
#5281=DIRECTION('ref_axis',(1.,0.,0.));
#5282=DIRECTION('center_axis',(0.,0.,-1.));
#5283=DIRECTION('ref_axis',(1.,0.,0.));
#5284=DIRECTION('',(0.,0.,-1.));
#5285=DIRECTION('center_axis',(0.,0.,-1.));
#5286=DIRECTION('ref_axis',(1.,0.,0.));
#5287=DIRECTION('center_axis',(0.,0.,1.));
#5288=DIRECTION('ref_axis',(1.,0.,0.));
#5289=DIRECTION('center_axis',(0.,0.,-1.));
#5290=DIRECTION('ref_axis',(1.,0.,0.));
#5291=DIRECTION('',(0.,0.,-1.));
#5292=DIRECTION('center_axis',(0.,0.,-1.));
#5293=DIRECTION('ref_axis',(1.,0.,0.));
#5294=DIRECTION('center_axis',(0.,0.,1.));
#5295=DIRECTION('ref_axis',(1.,0.,0.));
#5296=DIRECTION('center_axis',(0.,0.,-1.));
#5297=DIRECTION('ref_axis',(1.,0.,0.));
#5298=DIRECTION('',(0.,0.,-1.));
#5299=DIRECTION('center_axis',(0.,0.,-1.));
#5300=DIRECTION('ref_axis',(1.,0.,0.));
#5301=DIRECTION('center_axis',(0.,0.,1.));
#5302=DIRECTION('ref_axis',(1.,0.,0.));
#5303=DIRECTION('center_axis',(0.,0.,-1.));
#5304=DIRECTION('ref_axis',(1.,0.,0.));
#5305=DIRECTION('',(0.,0.,-1.));
#5306=DIRECTION('center_axis',(0.,0.,-1.));
#5307=DIRECTION('ref_axis',(1.,0.,0.));
#5308=DIRECTION('center_axis',(0.,0.,1.));
#5309=DIRECTION('ref_axis',(1.,0.,0.));
#5310=DIRECTION('center_axis',(0.,0.,-1.));
#5311=DIRECTION('ref_axis',(1.,0.,0.));
#5312=DIRECTION('',(0.,0.,-1.));
#5313=DIRECTION('center_axis',(0.,0.,-1.));
#5314=DIRECTION('ref_axis',(1.,0.,0.));
#5315=DIRECTION('center_axis',(0.,0.,1.));
#5316=DIRECTION('ref_axis',(1.,0.,0.));
#5317=DIRECTION('center_axis',(0.,0.,-1.));
#5318=DIRECTION('ref_axis',(1.,0.,0.));
#5319=DIRECTION('',(0.,0.,-1.));
#5320=DIRECTION('center_axis',(-1.,0.,0.));
#5321=DIRECTION('ref_axis',(0.,-1.,0.));
#5322=DIRECTION('',(0.,1.,0.));
#5323=DIRECTION('center_axis',(-1.,0.,0.));
#5324=DIRECTION('ref_axis',(0.,-1.,0.));
#5325=DIRECTION('',(0.,1.,0.));
#5326=DIRECTION('center_axis',(0.,1.,0.));
#5327=DIRECTION('ref_axis',(-1.,0.,0.));
#5328=DIRECTION('',(0.,0.,1.));
#5329=DIRECTION('',(-1.,0.,0.));
#5330=DIRECTION('',(0.,0.,1.));
#5331=DIRECTION('center_axis',(-1.,0.,0.));
#5332=DIRECTION('ref_axis',(0.,-1.,0.));
#5333=DIRECTION('',(0.,0.,1.));
#5334=DIRECTION('',(0.,-1.,0.));
#5335=DIRECTION('center_axis',(0.,1.,0.));
#5336=DIRECTION('ref_axis',(-1.,0.,0.));
#5337=DIRECTION('',(0.,0.,1.));
#5338=DIRECTION('',(-1.,0.,0.));
#5339=DIRECTION('',(0.,0.,1.));
#5340=DIRECTION('center_axis',(1.,0.,0.));
#5341=DIRECTION('ref_axis',(0.,1.,0.));
#5342=DIRECTION('',(0.,0.,1.));
#5343=DIRECTION('',(0.,1.,0.));
#5344=DIRECTION('center_axis',(1.,0.,0.));
#5345=DIRECTION('ref_axis',(0.,1.,0.));
#5346=DIRECTION('',(0.,0.,1.));
#5347=DIRECTION('',(0.,1.,0.));
#5348=DIRECTION('',(0.,0.,1.));
#5349=DIRECTION('center_axis',(0.,-1.,0.));
#5350=DIRECTION('ref_axis',(1.,0.,0.));
#5351=DIRECTION('',(0.,0.,1.));
#5352=DIRECTION('',(1.,0.,0.));
#5353=DIRECTION('center_axis',(1.,0.,0.));
#5354=DIRECTION('ref_axis',(0.,1.,0.));
#5355=DIRECTION('',(0.,-1.,0.));
#5356=DIRECTION('',(0.,0.,1.));
#5357=DIRECTION('',(0.,1.,0.));
#5358=DIRECTION('center_axis',(-1.,0.,0.));
#5359=DIRECTION('ref_axis',(0.,-1.,0.));
#5360=DIRECTION('',(0.,0.,-1.));
#5361=DIRECTION('',(0.,-1.,0.));
#5362=DIRECTION('',(0.,0.,1.));
#5363=DIRECTION('',(0.,1.,0.));
#5364=DIRECTION('center_axis',(0.,-1.,0.));
#5365=DIRECTION('ref_axis',(1.,0.,0.));
#5366=DIRECTION('',(0.,0.,1.));
#5367=DIRECTION('',(1.,0.,0.));
#5368=DIRECTION('center_axis',(0.,0.,1.));
#5369=DIRECTION('ref_axis',(1.,0.,0.));
#5370=DIRECTION('',(0.,1.,0.));
#5371=DIRECTION('',(1.,0.,0.));
#5372=DIRECTION('',(0.,-1.,0.));
#5373=DIRECTION('center_axis',(-1.,0.,0.));
#5374=DIRECTION('ref_axis',(0.,-1.,0.));
#5375=DIRECTION('',(0.,0.,1.));
#5376=DIRECTION('',(0.,-1.,0.));
#5377=DIRECTION('',(0.,0.,1.));
#5378=DIRECTION('center_axis',(0.,0.,1.));
#5379=DIRECTION('ref_axis',(1.,0.,0.));
#5380=DIRECTION('',(0.,1.,0.));
#5381=DIRECTION('',(1.,0.,0.));
#5382=DIRECTION('',(0.,-1.,0.));
#5383=DIRECTION('',(-1.,0.,0.));
#5384=DIRECTION('center_axis',(0.,0.,1.));
#5385=DIRECTION('ref_axis',(1.,0.,0.));
#5386=DIRECTION('',(1.,0.,0.));
#5387=DIRECTION('center_axis',(-1.,0.,0.));
#5388=DIRECTION('ref_axis',(0.,-1.,0.));
#5389=DIRECTION('',(0.,0.,1.));
#5390=DIRECTION('',(0.,-1.,0.));
#5391=DIRECTION('',(0.,0.,1.));
#5392=DIRECTION('center_axis',(0.,1.,0.));
#5393=DIRECTION('ref_axis',(-1.,0.,0.));
#5394=DIRECTION('',(-1.,0.,0.));
#5395=DIRECTION('center_axis',(-1.61486985400023E-16,1.,0.));
#5396=DIRECTION('ref_axis',(-1.,-1.61486985400023E-16,0.));
#5397=DIRECTION('',(-1.,-1.61486985400023E-16,0.));
#5398=DIRECTION('center_axis',(0.,-1.,0.));
#5399=DIRECTION('ref_axis',(1.,0.,0.));
#5400=DIRECTION('',(1.,0.,0.));
#5401=DIRECTION('center_axis',(1.,0.,0.));
#5402=DIRECTION('ref_axis',(0.,1.,0.));
#5403=DIRECTION('',(0.,1.,0.));
#5404=DIRECTION('',(0.,0.,1.));
#5405=DIRECTION('center_axis',(1.,0.,0.));
#5406=DIRECTION('ref_axis',(0.,1.,0.));
#5407=DIRECTION('',(0.,0.,1.));
#5408=DIRECTION('',(0.,1.,0.));
#5409=DIRECTION('center_axis',(0.,-1.,0.));
#5410=DIRECTION('ref_axis',(1.,0.,0.));
#5411=DIRECTION('',(1.,0.,0.));
#5412=DIRECTION('center_axis',(0.,1.,0.));
#5413=DIRECTION('ref_axis',(-1.,0.,0.));
#5414=DIRECTION('',(0.,0.,1.));
#5415=DIRECTION('',(-1.,0.,0.));
#5416=DIRECTION('',(0.,0.,1.));
#5417=DIRECTION('center_axis',(-1.,0.,0.));
#5418=DIRECTION('ref_axis',(0.,-1.,0.));
#5419=DIRECTION('',(0.,-1.,0.));
#5420=DIRECTION('',(0.,0.,1.));
#5421=DIRECTION('center_axis',(1.,0.,0.));
#5422=DIRECTION('ref_axis',(0.,1.,0.));
#5423=DIRECTION('',(0.,1.,0.));
#5424=DIRECTION('',(0.,0.,1.));
#5425=DIRECTION('',(0.,0.,1.));
#5426=DIRECTION('center_axis',(0.,1.,0.));
#5427=DIRECTION('ref_axis',(-1.,0.,0.));
#5428=DIRECTION('',(-1.,0.,0.));
#5429=DIRECTION('',(0.,0.,1.));
#5430=DIRECTION('center_axis',(-1.,0.,0.));
#5431=DIRECTION('ref_axis',(0.,-1.,0.));
#5432=DIRECTION('',(0.,-1.,0.));
#5433=DIRECTION('',(0.,0.,1.));
#5434=DIRECTION('center_axis',(0.,-1.,0.));
#5435=DIRECTION('ref_axis',(1.,0.,0.));
#5436=DIRECTION('',(1.,0.,0.));
#5437=DIRECTION('center_axis',(0.,1.,0.));
#5438=DIRECTION('ref_axis',(-1.,0.,0.));
#5439=DIRECTION('',(-1.,0.,0.));
#5440=DIRECTION('',(0.,0.,1.));
#5441=DIRECTION('center_axis',(-1.,0.,0.));
#5442=DIRECTION('ref_axis',(0.,-1.,0.));
#5443=DIRECTION('',(0.,-1.,0.));
#5444=DIRECTION('center_axis',(0.,-1.,0.));
#5445=DIRECTION('ref_axis',(1.,0.,0.));
#5446=DIRECTION('',(1.,0.,0.));
#5447=DIRECTION('center_axis',(1.,0.,0.));
#5448=DIRECTION('ref_axis',(0.,1.,0.));
#5449=DIRECTION('',(0.,1.,0.));
#5450=DIRECTION('',(0.,0.,1.));
#5451=DIRECTION('center_axis',(0.,1.,0.));
#5452=DIRECTION('ref_axis',(-1.,0.,0.));
#5453=DIRECTION('',(-1.,0.,0.));
#5454=DIRECTION('center_axis',(0.,0.,1.));
#5455=DIRECTION('ref_axis',(1.,0.,0.));
#5456=DIRECTION('center_axis',(0.,0.,1.));
#5457=DIRECTION('ref_axis',(1.,0.,0.));
#5458=DIRECTION('center_axis',(0.,0.,-1.));
#5459=DIRECTION('ref_axis',(1.,0.,0.));
#5460=DIRECTION('',(0.,0.,-1.));
#5461=DIRECTION('center_axis',(0.,0.,1.));
#5462=DIRECTION('ref_axis',(1.,0.,0.));
#5463=DIRECTION('center_axis',(0.,0.,1.));
#5464=DIRECTION('ref_axis',(1.,0.,0.));
#5465=DIRECTION('center_axis',(0.,0.,-1.));
#5466=DIRECTION('ref_axis',(1.,0.,0.));
#5467=DIRECTION('',(0.,0.,-1.));
#5468=DIRECTION('center_axis',(0.,0.,1.));
#5469=DIRECTION('ref_axis',(1.,0.,0.));
#5470=DIRECTION('center_axis',(0.,-1.,0.));
#5471=DIRECTION('ref_axis',(1.,0.,0.));
#5472=DIRECTION('',(-1.,0.,0.));
#5473=DIRECTION('',(0.,0.,-1.));
#5474=DIRECTION('',(-1.,0.,0.));
#5475=DIRECTION('',(0.,0.,-1.));
#5476=DIRECTION('center_axis',(-1.,0.,0.));
#5477=DIRECTION('ref_axis',(0.,-1.,0.));
#5478=DIRECTION('',(0.,1.,0.));
#5479=DIRECTION('',(0.,1.,0.));
#5480=DIRECTION('',(0.,0.,1.));
#5481=DIRECTION('center_axis',(0.,1.,0.));
#5482=DIRECTION('ref_axis',(-1.,0.,0.));
#5483=DIRECTION('',(1.,0.,0.));
#5484=DIRECTION('',(1.,0.,0.));
#5485=DIRECTION('',(0.,0.,-1.));
#5486=DIRECTION('center_axis',(1.,0.,0.));
#5487=DIRECTION('ref_axis',(0.,1.,0.));
#5488=DIRECTION('',(0.,-1.,0.));
#5489=DIRECTION('',(0.,-1.,0.));
#5490=DIRECTION('center_axis',(0.,0.,1.));
#5491=DIRECTION('ref_axis',(1.,0.,0.));
#5492=DIRECTION('center_axis',(0.,0.,1.));
#5493=DIRECTION('ref_axis',(1.,0.,0.));
#5494=DIRECTION('center_axis',(0.,0.,1.));
#5495=DIRECTION('ref_axis',(1.,0.,0.));
#5496=DIRECTION('center_axis',(0.,0.,1.));
#5497=DIRECTION('ref_axis',(1.,0.,0.));
#5498=DIRECTION('center_axis',(0.,0.,-1.));
#5499=DIRECTION('ref_axis',(1.,0.,0.));
#5500=DIRECTION('',(0.,0.,-1.));
#5501=DIRECTION('center_axis',(0.,0.,1.));
#5502=DIRECTION('ref_axis',(1.,0.,0.));
#5503=DIRECTION('center_axis',(0.,0.,1.));
#5504=DIRECTION('ref_axis',(1.,0.,0.));
#5505=DIRECTION('center_axis',(0.,0.,-1.));
#5506=DIRECTION('ref_axis',(1.,0.,0.));
#5507=DIRECTION('',(0.,0.,-1.));
#5508=DIRECTION('center_axis',(0.,0.,1.));
#5509=DIRECTION('ref_axis',(1.,0.,0.));
#5510=DIRECTION('center_axis',(0.,-1.,0.));
#5511=DIRECTION('ref_axis',(1.,0.,0.));
#5512=DIRECTION('',(0.,0.,-1.));
#5513=DIRECTION('',(1.,0.,0.));
#5514=DIRECTION('',(0.,0.,1.));
#5515=DIRECTION('',(-1.,0.,0.));
#5516=DIRECTION('center_axis',(-1.,0.,0.));
#5517=DIRECTION('ref_axis',(0.,-1.,0.));
#5518=DIRECTION('',(0.,-1.,0.));
#5519=DIRECTION('',(0.,0.,1.));
#5520=DIRECTION('',(0.,1.,0.));
#5521=DIRECTION('center_axis',(0.,1.,0.));
#5522=DIRECTION('ref_axis',(-1.,0.,0.));
#5523=DIRECTION('',(0.,0.,1.));
#5524=DIRECTION('',(1.,0.,0.));
#5525=DIRECTION('',(1.,0.,0.));
#5526=DIRECTION('',(0.,0.,-1.));
#5527=DIRECTION('',(1.,0.,0.));
#5528=DIRECTION('',(0.,0.,1.));
#5529=DIRECTION('',(1.,0.,0.));
#5530=DIRECTION('center_axis',(1.,0.,0.));
#5531=DIRECTION('ref_axis',(0.,1.,0.));
#5532=DIRECTION('',(0.,1.,0.));
#5533=DIRECTION('',(0.,-1.,0.));
#5534=DIRECTION('center_axis',(0.,0.,1.));
#5535=DIRECTION('ref_axis',(1.,0.,0.));
#5536=DIRECTION('center_axis',(0.,0.,-1.));
#5537=DIRECTION('ref_axis',(-1.,0.,0.));
#5538=DIRECTION('center_axis',(0.,0.,-1.));
#5539=DIRECTION('ref_axis',(-1.,0.,0.));
#5540=DIRECTION('center_axis',(0.,0.,1.));
#5541=DIRECTION('ref_axis',(1.,0.,0.));
#5542=DIRECTION('center_axis',(0.,0.,-1.));
#5543=DIRECTION('ref_axis',(1.,0.,0.));
#5544=DIRECTION('',(0.,0.,-1.));
#5545=DIRECTION('center_axis',(0.,0.,1.));
#5546=DIRECTION('ref_axis',(1.,0.,0.));
#5547=DIRECTION('center_axis',(0.,0.,1.));
#5548=DIRECTION('ref_axis',(1.,0.,0.));
#5549=DIRECTION('center_axis',(0.,0.,-1.));
#5550=DIRECTION('ref_axis',(1.,0.,0.));
#5551=DIRECTION('',(0.,0.,-1.));
#5552=DIRECTION('center_axis',(0.,0.,1.));
#5553=DIRECTION('ref_axis',(1.,0.,0.));
#5554=DIRECTION('center_axis',(0.,1.,0.));
#5555=DIRECTION('ref_axis',(-1.,0.,0.));
#5556=DIRECTION('',(1.,0.,0.));
#5557=DIRECTION('',(0.,0.,1.));
#5558=DIRECTION('',(1.,0.,0.));
#5559=DIRECTION('',(0.,0.,-1.));
#5560=DIRECTION('center_axis',(1.,0.,0.));
#5561=DIRECTION('ref_axis',(0.,1.,0.));
#5562=DIRECTION('',(0.,-1.,0.));
#5563=DIRECTION('',(0.,-1.,0.));
#5564=DIRECTION('',(0.,0.,1.));
#5565=DIRECTION('center_axis',(0.,-1.,0.));
#5566=DIRECTION('ref_axis',(1.,0.,0.));
#5567=DIRECTION('',(-1.,0.,0.));
#5568=DIRECTION('',(-1.,0.,0.));
#5569=DIRECTION('',(0.,0.,1.));
#5570=DIRECTION('center_axis',(-1.,0.,0.));
#5571=DIRECTION('ref_axis',(0.,-1.,0.));
#5572=DIRECTION('',(0.,1.,0.));
#5573=DIRECTION('',(0.,1.,0.));
#5574=DIRECTION('center_axis',(0.,0.,1.));
#5575=DIRECTION('ref_axis',(1.,0.,0.));
#5576=DIRECTION('center_axis',(0.,0.,1.));
#5577=DIRECTION('ref_axis',(1.,0.,0.));
#5578=DIRECTION('center_axis',(0.,0.,1.));
#5579=DIRECTION('ref_axis',(1.,0.,0.));
#5580=DIRECTION('center_axis',(0.,0.,1.));
#5581=DIRECTION('ref_axis',(1.,0.,0.));
#5582=DIRECTION('center_axis',(0.,0.,-1.));
#5583=DIRECTION('ref_axis',(1.,0.,0.));
#5584=DIRECTION('',(0.,0.,-1.));
#5585=DIRECTION('center_axis',(0.,0.,1.));
#5586=DIRECTION('ref_axis',(1.,0.,0.));
#5587=DIRECTION('center_axis',(0.,0.,1.));
#5588=DIRECTION('ref_axis',(1.,0.,0.));
#5589=DIRECTION('center_axis',(0.,0.,-1.));
#5590=DIRECTION('ref_axis',(1.,0.,0.));
#5591=DIRECTION('',(0.,0.,-1.));
#5592=DIRECTION('center_axis',(0.,0.,1.));
#5593=DIRECTION('ref_axis',(1.,0.,0.));
#5594=DIRECTION('center_axis',(-1.,0.,0.));
#5595=DIRECTION('ref_axis',(0.,-1.,0.));
#5596=DIRECTION('',(0.,0.,-1.));
#5597=DIRECTION('',(0.,-1.,0.));
#5598=DIRECTION('',(0.,0.,1.));
#5599=DIRECTION('',(0.,1.,0.));
#5600=DIRECTION('center_axis',(0.,1.,0.));
#5601=DIRECTION('ref_axis',(-1.,0.,0.));
#5602=DIRECTION('',(1.,0.,0.));
#5603=DIRECTION('',(0.,0.,-1.));
#5604=DIRECTION('',(1.,0.,0.));
#5605=DIRECTION('center_axis',(1.,0.,0.));
#5606=DIRECTION('ref_axis',(0.,1.,0.));
#5607=DIRECTION('',(0.,1.,0.));
#5608=DIRECTION('',(0.,0.,1.));
#5609=DIRECTION('',(0.,-1.,0.));
#5610=DIRECTION('center_axis',(0.,-1.,0.));
#5611=DIRECTION('ref_axis',(1.,0.,0.));
#5612=DIRECTION('',(1.,0.,0.));
#5613=DIRECTION('',(-1.,0.,0.));
#5614=DIRECTION('center_axis',(0.,0.,1.));
#5615=DIRECTION('ref_axis',(1.,0.,0.));
#5616=DIRECTION('center_axis',(0.,0.,-1.));
#5617=DIRECTION('ref_axis',(-1.,0.,0.));
#5618=DIRECTION('center_axis',(0.,0.,-1.));
#5619=DIRECTION('ref_axis',(-1.,0.,0.));
#5620=DIRECTION('center_axis',(0.,0.,-1.));
#5621=DIRECTION('ref_axis',(-0.707106781186554,0.707106781186541,0.));
#5622=DIRECTION('center_axis',(0.,0.,1.));
#5623=DIRECTION('ref_axis',(-0.707106781186554,0.707106781186541,0.));
#5624=DIRECTION('',(0.,0.,-1.));
#5625=DIRECTION('center_axis',(0.,0.,1.));
#5626=DIRECTION('ref_axis',(-0.707106781186554,0.707106781186541,0.));
#5627=DIRECTION('',(0.,0.,-1.));
#5628=DIRECTION('center_axis',(0.,1.,0.));
#5629=DIRECTION('ref_axis',(1.,0.,0.));
#5630=DIRECTION('',(0.,0.,1.));
#5631=DIRECTION('',(-1.,0.,0.));
#5632=DIRECTION('',(0.,0.,-1.));
#5633=DIRECTION('',(1.,0.,0.));
#5634=DIRECTION('center_axis',(0.,0.,-1.));
#5635=DIRECTION('ref_axis',(-1.83697019872103E-16,1.,0.));
#5636=DIRECTION('',(0.,0.,-1.));
#5637=DIRECTION('center_axis',(0.,0.,-1.));
#5638=DIRECTION('ref_axis',(1.,0.,0.));
#5639=DIRECTION('',(0.,0.,1.));
#5640=DIRECTION('center_axis',(0.,0.,-1.));
#5641=DIRECTION('ref_axis',(1.,0.,0.));
#5642=DIRECTION('center_axis',(0.,0.,-1.));
#5643=DIRECTION('ref_axis',(6.12323399573677E-17,1.,0.));
#5644=DIRECTION('',(0.,0.,1.));
#5645=DIRECTION('center_axis',(0.,0.,-1.));
#5646=DIRECTION('ref_axis',(1.,0.,0.));
#5647=DIRECTION('',(0.,0.,-1.));
#5648=DIRECTION('center_axis',(0.,0.,-1.));
#5649=DIRECTION('ref_axis',(1.,0.,0.));
#5650=DIRECTION('center_axis',(1.,0.,0.));
#5651=DIRECTION('ref_axis',(0.,-1.,0.));
#5652=DIRECTION('',(0.,0.,1.));
#5653=DIRECTION('',(0.,-1.,0.));
#5654=DIRECTION('',(0.,-1.,0.));
#5655=DIRECTION('center_axis',(0.,0.,-1.));
#5656=DIRECTION('ref_axis',(-0.707106781186554,0.707106781186541,0.));
#5657=DIRECTION('',(0.,0.,-1.));
#5658=DIRECTION('center_axis',(0.,0.,-1.));
#5659=DIRECTION('ref_axis',(1.,0.,0.));
#5660=DIRECTION('center_axis',(0.,0.,-1.));
#5661=DIRECTION('ref_axis',(1.,0.,0.));
#5662=DIRECTION('center_axis',(0.,-1.,0.));
#5663=DIRECTION('ref_axis',(-1.,0.,0.));
#5664=DIRECTION('',(0.,0.,1.));
#5665=DIRECTION('',(-1.,0.,0.));
#5666=DIRECTION('',(1.,0.,0.));
#5667=DIRECTION('center_axis',(0.,0.,-1.));
#5668=DIRECTION('ref_axis',(6.12323399573677E-17,1.,0.));
#5669=DIRECTION('center_axis',(0.,0.,-1.));
#5670=DIRECTION('ref_axis',(1.,0.,0.));
#5671=DIRECTION('',(0.,0.,-1.));
#5672=DIRECTION('center_axis',(0.,0.,-1.));
#5673=DIRECTION('ref_axis',(1.,0.,0.));
#5674=DIRECTION('center_axis',(0.,-1.,0.));
#5675=DIRECTION('ref_axis',(-1.,0.,0.));
#5676=DIRECTION('',(0.,0.,-1.));
#5677=DIRECTION('',(1.,0.,0.));
#5678=DIRECTION('',(-1.,0.,0.));
#5679=DIRECTION('center_axis',(0.,0.,-1.));
#5680=DIRECTION('ref_axis',(6.12323399573677E-17,1.,0.));
#5681=DIRECTION('',(0.,0.,1.));
#5682=DIRECTION('center_axis',(0.,0.,-1.));
#5683=DIRECTION('ref_axis',(1.,0.,0.));
#5684=DIRECTION('center_axis',(0.,0.,-1.));
#5685=DIRECTION('ref_axis',(1.,0.,0.));
#5686=DIRECTION('center_axis',(0.,-1.,0.));
#5687=DIRECTION('ref_axis',(-1.,0.,0.));
#5688=DIRECTION('',(0.,0.,1.));
#5689=DIRECTION('',(-1.,0.,0.));
#5690=DIRECTION('',(1.,0.,0.));
#5691=DIRECTION('center_axis',(0.,-1.,0.));
#5692=DIRECTION('ref_axis',(-1.,0.,0.));
#5693=DIRECTION('',(0.,0.,-1.));
#5694=DIRECTION('',(1.,0.,0.));
#5695=DIRECTION('',(-1.,0.,0.));
#5696=DIRECTION('center_axis',(0.,0.,-1.));
#5697=DIRECTION('ref_axis',(6.12323399573677E-17,1.,0.));
#5698=DIRECTION('center_axis',(0.,0.,-1.));
#5699=DIRECTION('ref_axis',(1.,0.,0.));
#5700=DIRECTION('center_axis',(0.,0.,-1.));
#5701=DIRECTION('ref_axis',(1.,0.,0.));
#5702=DIRECTION('center_axis',(0.,-1.,0.));
#5703=DIRECTION('ref_axis',(-1.,0.,0.));
#5704=DIRECTION('',(0.,0.,1.));
#5705=DIRECTION('',(-1.,0.,0.));
#5706=DIRECTION('',(1.,0.,0.));
#5707=DIRECTION('center_axis',(0.,-1.,0.));
#5708=DIRECTION('ref_axis',(-1.,0.,0.));
#5709=DIRECTION('',(0.,0.,-1.));
#5710=DIRECTION('',(1.,0.,0.));
#5711=DIRECTION('',(-1.,0.,0.));
#5712=DIRECTION('center_axis',(0.,0.,-1.));
#5713=DIRECTION('ref_axis',(6.12323399573677E-17,1.,0.));
#5714=DIRECTION('center_axis',(0.,0.,-1.));
#5715=DIRECTION('ref_axis',(1.,0.,0.));
#5716=DIRECTION('center_axis',(0.,0.,-1.));
#5717=DIRECTION('ref_axis',(1.,0.,0.));
#5718=DIRECTION('center_axis',(-1.,0.,0.));
#5719=DIRECTION('ref_axis',(0.,1.,0.));
#5720=DIRECTION('',(0.,-0.662546442971686,-0.749020834760667));
#5721=DIRECTION('',(0.,1.,0.));
#5722=DIRECTION('',(0.,1.,0.));
#5723=DIRECTION('',(0.,0.,-1.));
#5724=DIRECTION('',(0.,-0.952577642996798,-0.304295635957313));
#5725=DIRECTION('center_axis',(-1.,0.,0.));
#5726=DIRECTION('ref_axis',(0.,1.,0.));
#5727=DIRECTION('',(0.,-1.,0.));
#5728=DIRECTION('center_axis',(-1.,0.,0.));
#5729=DIRECTION('ref_axis',(0.,6.02154860813644E-15,-1.));
#5730=DIRECTION('',(0.,0.,1.));
#5731=DIRECTION('center_axis',(-1.,0.,0.));
#5732=DIRECTION('ref_axis',(0.,-1.,0.));
#5733=DIRECTION('',(0.,1.,0.));
#5734=DIRECTION('center_axis',(-1.,0.,0.));
#5735=DIRECTION('ref_axis',(0.,-6.02154860813644E-15,1.));
#5736=DIRECTION('',(0.,0.,-1.));
#5737=DIRECTION('',(0.,0.,-1.));
#5738=DIRECTION('',(0.,-1.,0.));
#5739=DIRECTION('',(0.,0.,1.));
#5740=DIRECTION('',(0.,1.,0.));
#5741=DIRECTION('center_axis',(0.,-1.,0.));
#5742=DIRECTION('ref_axis',(-1.,0.,0.));
#5743=DIRECTION('',(0.,0.,1.));
#5744=DIRECTION('',(-1.,0.,0.));
#5745=DIRECTION('',(1.,0.,0.));
#5746=DIRECTION('center_axis',(0.,0.,-1.));
#5747=DIRECTION('ref_axis',(1.,0.,0.));
#5748=DIRECTION('center_axis',(0.,0.,-1.));
#5749=DIRECTION('ref_axis',(1.,0.,0.));
#5750=DIRECTION('',(0.,0.,-1.));
#5751=DIRECTION('center_axis',(0.,0.,-1.));
#5752=DIRECTION('ref_axis',(1.,0.,0.));
#5753=DIRECTION('center_axis',(0.,0.,-1.));
#5754=DIRECTION('ref_axis',(-0.707106781186553,-0.707106781186542,0.));
#5755=DIRECTION('center_axis',(0.,0.,1.));
#5756=DIRECTION('ref_axis',(-0.707106781186553,-0.707106781186542,0.));
#5757=DIRECTION('',(0.,0.,1.));
#5758=DIRECTION('center_axis',(0.,0.,-1.));
#5759=DIRECTION('ref_axis',(-0.707106781186553,-0.707106781186542,0.));
#5760=DIRECTION('',(0.,0.,-1.));
#5761=DIRECTION('center_axis',(0.,-1.,0.));
#5762=DIRECTION('ref_axis',(-1.,0.,0.));
#5763=DIRECTION('',(0.,0.,-1.));
#5764=DIRECTION('',(-1.,0.,0.));
#5765=DIRECTION('',(-1.,0.,0.));
#5766=DIRECTION('center_axis',(0.,0.,-1.));
#5767=DIRECTION('ref_axis',(0.707106781186553,-0.707106781186542,0.));
#5768=DIRECTION('center_axis',(0.,0.,1.));
#5769=DIRECTION('ref_axis',(0.707106781186553,-0.707106781186542,0.));
#5770=DIRECTION('',(0.,0.,1.));
#5771=DIRECTION('center_axis',(0.,0.,-1.));
#5772=DIRECTION('ref_axis',(0.707106781186553,-0.707106781186542,0.));
#5773=DIRECTION('center_axis',(0.,0.,-1.));
#5774=DIRECTION('ref_axis',(0.707106781186553,0.707106781186542,0.));
#5775=DIRECTION('center_axis',(0.,0.,1.));
#5776=DIRECTION('ref_axis',(0.707106781186553,0.707106781186542,0.));
#5777=DIRECTION('',(0.,0.,-1.));
#5778=DIRECTION('center_axis',(0.,0.,1.));
#5779=DIRECTION('ref_axis',(0.707106781186553,0.707106781186542,0.));
#5780=DIRECTION('',(0.,0.,-1.));
#5781=DIRECTION('center_axis',(0.,0.,-1.));
#5782=DIRECTION('ref_axis',(1.,0.,0.));
#5783=DIRECTION('center_axis',(0.,0.,1.));
#5784=DIRECTION('ref_axis',(1.,0.,0.));
#5785=DIRECTION('',(0.,0.,1.));
#5786=DIRECTION('center_axis',(0.,0.,1.));
#5787=DIRECTION('ref_axis',(1.,0.,0.));
#5788=DIRECTION('center_axis',(0.,0.,-1.));
#5789=DIRECTION('ref_axis',(1.,0.,0.));
#5790=DIRECTION('center_axis',(0.,0.,-1.));
#5791=DIRECTION('ref_axis',(1.,0.,0.));
#5792=DIRECTION('',(0.707106781186552,-8.65956056235499E-17,0.707106781186543));
#5793=DIRECTION('center_axis',(0.,0.,-1.));
#5794=DIRECTION('ref_axis',(1.,0.,0.));
#5795=DIRECTION('center_axis',(0.,0.,1.));
#5796=DIRECTION('ref_axis',(1.,0.,0.));
#5797=DIRECTION('',(0.,0.,1.));
#5798=DIRECTION('center_axis',(0.,0.,1.));
#5799=DIRECTION('ref_axis',(1.,0.,0.));
#5800=DIRECTION('center_axis',(0.,0.,-1.));
#5801=DIRECTION('ref_axis',(1.,0.,0.));
#5802=DIRECTION('center_axis',(0.,0.,-1.));
#5803=DIRECTION('ref_axis',(1.,0.,0.));
#5804=DIRECTION('',(0.707106781186552,-8.65956056235499E-17,0.707106781186543));
#5805=DIRECTION('center_axis',(0.,0.,-1.));
#5806=DIRECTION('ref_axis',(1.,0.,0.));
#5807=DIRECTION('center_axis',(0.,0.,1.));
#5808=DIRECTION('ref_axis',(1.,0.,0.));
#5809=DIRECTION('',(0.,0.,1.));
#5810=DIRECTION('center_axis',(0.,0.,1.));
#5811=DIRECTION('ref_axis',(1.,0.,0.));
#5812=DIRECTION('center_axis',(0.,0.,-1.));
#5813=DIRECTION('ref_axis',(1.,0.,0.));
#5814=DIRECTION('center_axis',(0.,0.,-1.));
#5815=DIRECTION('ref_axis',(1.,0.,0.));
#5816=DIRECTION('',(0.707106781186552,-8.65956056235499E-17,0.707106781186543));
#5817=DIRECTION('center_axis',(0.,0.,-1.));
#5818=DIRECTION('ref_axis',(1.,0.,0.));
#5819=DIRECTION('center_axis',(0.,0.,1.));
#5820=DIRECTION('ref_axis',(1.,0.,0.));
#5821=DIRECTION('',(0.,0.,1.));
#5822=DIRECTION('center_axis',(0.,0.,1.));
#5823=DIRECTION('ref_axis',(1.,0.,0.));
#5824=DIRECTION('center_axis',(0.,0.,-1.));
#5825=DIRECTION('ref_axis',(1.,0.,0.));
#5826=DIRECTION('center_axis',(0.,0.,-1.));
#5827=DIRECTION('ref_axis',(1.,0.,0.));
#5828=DIRECTION('',(0.707106781186552,-8.65956056235499E-17,0.707106781186543));
#5829=DIRECTION('center_axis',(0.,0.,-1.));
#5830=DIRECTION('ref_axis',(1.,0.,0.));
#5831=DIRECTION('center_axis',(0.,0.,1.));
#5832=DIRECTION('ref_axis',(1.,0.,0.));
#5833=DIRECTION('',(0.,0.,1.));
#5834=DIRECTION('center_axis',(0.,0.,1.));
#5835=DIRECTION('ref_axis',(1.,0.,0.));
#5836=DIRECTION('center_axis',(0.,0.,-1.));
#5837=DIRECTION('ref_axis',(1.,0.,0.));
#5838=DIRECTION('center_axis',(0.,0.,-1.));
#5839=DIRECTION('ref_axis',(1.,0.,0.));
#5840=DIRECTION('',(0.707106781186552,-8.65956056235499E-17,0.707106781186543));
#5841=DIRECTION('center_axis',(0.,0.,-1.));
#5842=DIRECTION('ref_axis',(1.,0.,0.));
#5843=DIRECTION('center_axis',(0.,0.,1.));
#5844=DIRECTION('ref_axis',(1.,0.,0.));
#5845=DIRECTION('',(0.,0.,1.));
#5846=DIRECTION('center_axis',(0.,0.,1.));
#5847=DIRECTION('ref_axis',(1.,0.,0.));
#5848=DIRECTION('center_axis',(0.,0.,-1.));
#5849=DIRECTION('ref_axis',(1.,0.,0.));
#5850=DIRECTION('center_axis',(0.,0.,-1.));
#5851=DIRECTION('ref_axis',(1.,0.,0.));
#5852=DIRECTION('',(0.707106781186552,-8.65956056235499E-17,0.707106781186543));
#5853=DIRECTION('center_axis',(0.,0.,-1.));
#5854=DIRECTION('ref_axis',(1.,0.,0.));
#5855=DIRECTION('center_axis',(0.,0.,1.));
#5856=DIRECTION('ref_axis',(1.,0.,0.));
#5857=DIRECTION('',(0.,0.,1.));
#5858=DIRECTION('center_axis',(0.,0.,1.));
#5859=DIRECTION('ref_axis',(1.,0.,0.));
#5860=DIRECTION('center_axis',(0.,0.,-1.));
#5861=DIRECTION('ref_axis',(1.,0.,0.));
#5862=DIRECTION('center_axis',(0.,0.,-1.));
#5863=DIRECTION('ref_axis',(1.,0.,0.));
#5864=DIRECTION('',(0.707106781186552,-8.65956056235499E-17,0.707106781186543));
#5865=DIRECTION('center_axis',(0.,0.,-1.));
#5866=DIRECTION('ref_axis',(1.,0.,0.));
#5867=DIRECTION('center_axis',(0.,0.,1.));
#5868=DIRECTION('ref_axis',(1.,0.,0.));
#5869=DIRECTION('',(0.,0.,1.));
#5870=DIRECTION('center_axis',(0.,0.,1.));
#5871=DIRECTION('ref_axis',(1.,0.,0.));
#5872=DIRECTION('center_axis',(0.,0.,-1.));
#5873=DIRECTION('ref_axis',(-1.,0.,0.));
#5874=DIRECTION('',(1.,0.,0.));
#5875=DIRECTION('',(0.,-1.,0.));
#5876=DIRECTION('',(0.,1.,0.));
#5877=DIRECTION('center_axis',(0.,0.,-1.));
#5878=DIRECTION('ref_axis',(1.,0.,0.));
#5879=DIRECTION('center_axis',(0.,0.,-1.));
#5880=DIRECTION('ref_axis',(1.,0.,0.));
#5881=DIRECTION('',(0.707106781186552,-8.65956056235499E-17,0.707106781186543));
#5882=DIRECTION('center_axis',(-1.,0.,0.));
#5883=DIRECTION('ref_axis',(0.,1.,0.));
#5884=DIRECTION('',(0.,-0.662546442971681,0.749020834760672));
#5885=DIRECTION('',(0.,-0.952577642996792,0.304295635957332));
#5886=DIRECTION('',(0.,3.20064295387432E-15,1.));
#5887=DIRECTION('',(0.,1.,0.));
#5888=DIRECTION('',(0.,1.,0.));
#5889=DIRECTION('center_axis',(0.,0.,-1.));
#5890=DIRECTION('ref_axis',(-1.,0.,0.));
#5891=DIRECTION('center_axis',(0.,0.,1.));
#5892=DIRECTION('ref_axis',(-1.,0.,0.));
#5893=DIRECTION('center_axis',(0.,0.,-1.));
#5894=DIRECTION('ref_axis',(0.,1.,0.));
#5895=DIRECTION('',(1.,0.,0.));
#5896=DIRECTION('',(0.,1.,0.));
#5897=DIRECTION('',(1.,0.,0.));
#5898=DIRECTION('center_axis',(0.,1.,0.));
#5899=DIRECTION('ref_axis',(0.,0.,1.));
#5900=DIRECTION('',(1.,0.,0.));
#5901=DIRECTION('',(0.,0.,1.));
#5902=DIRECTION('center_axis',(0.,0.,1.));
#5903=DIRECTION('ref_axis',(0.,-1.,0.));
#5904=DIRECTION('',(1.,0.,0.));
#5905=DIRECTION('',(0.,-1.,0.));
#5906=DIRECTION('center_axis',(0.,-1.,0.));
#5907=DIRECTION('ref_axis',(0.,0.,-1.));
#5908=DIRECTION('',(0.,0.,-1.));
#5909=DIRECTION('center_axis',(0.,-1.,0.));
#5910=DIRECTION('ref_axis',(0.,0.,-1.));
#5911=DIRECTION('',(1.,0.,0.));
#5912=DIRECTION('',(0.,0.,-1.));
#5913=DIRECTION('',(1.,0.,0.));
#5914=DIRECTION('center_axis',(1.,0.,0.));
#5915=DIRECTION('ref_axis',(0.,6.02154860813644E-15,-1.));
#5916=DIRECTION('',(1.,0.,0.));
#5917=DIRECTION('center_axis',(1.,0.,0.));
#5918=DIRECTION('ref_axis',(0.,6.02154860813644E-15,-1.));
#5919=DIRECTION('center_axis',(0.,0.,-1.));
#5920=DIRECTION('ref_axis',(0.,1.,0.));
#5921=DIRECTION('',(1.,0.,0.));
#5922=DIRECTION('',(0.,1.,0.));
#5923=DIRECTION('center_axis',(1.,0.,0.));
#5924=DIRECTION('ref_axis',(0.,1.,0.));
#5925=DIRECTION('',(1.,0.,0.));
#5926=DIRECTION('center_axis',(1.,0.,0.));
#5927=DIRECTION('ref_axis',(0.,1.,0.));
#5928=DIRECTION('center_axis',(0.,1.,0.));
#5929=DIRECTION('ref_axis',(0.,0.,1.));
#5930=DIRECTION('',(1.,0.,0.));
#5931=DIRECTION('',(0.,0.,1.));
#5932=DIRECTION('center_axis',(1.,0.,0.));
#5933=DIRECTION('ref_axis',(0.,-6.02154860813644E-15,1.));
#5934=DIRECTION('',(1.,0.,0.));
#5935=DIRECTION('center_axis',(1.,0.,0.));
#5936=DIRECTION('ref_axis',(0.,-6.02154860813644E-15,1.));
#5937=DIRECTION('center_axis',(0.,0.,1.));
#5938=DIRECTION('ref_axis',(0.,-1.,0.));
#5939=DIRECTION('',(1.,0.,0.));
#5940=DIRECTION('',(0.,-1.,0.));
#5941=DIRECTION('center_axis',(1.,0.,0.));
#5942=DIRECTION('ref_axis',(0.,-1.,0.));
#5943=DIRECTION('center_axis',(1.,0.,0.));
#5944=DIRECTION('ref_axis',(0.,-1.,0.));
#5945=DIRECTION('center_axis',(0.,0.,-1.));
#5946=DIRECTION('ref_axis',(0.,1.,0.));
#5947=DIRECTION('',(0.,1.,0.));
#5948=DIRECTION('',(1.,0.,0.));
#5949=DIRECTION('',(0.,1.,0.));
#5950=DIRECTION('',(1.,0.,0.));
#5951=DIRECTION('center_axis',(0.,0.749020834760667,-0.662546442971686));
#5952=DIRECTION('ref_axis',(0.,0.662546442971686,0.749020834760667));
#5953=DIRECTION('',(1.,0.,0.));
#5954=DIRECTION('',(1.,0.,0.));
#5955=DIRECTION('',(0.,0.662546442971686,0.749020834760667));
#5956=DIRECTION('',(0.,0.662546442971686,0.749020834760667));
#5957=DIRECTION('center_axis',(0.,0.304295635957313,-0.952577642996798));
#5958=DIRECTION('ref_axis',(0.,0.952577642996798,0.304295635957313));
#5959=DIRECTION('',(1.,0.,0.));
#5960=DIRECTION('',(0.,0.952577642996798,0.304295635957313));
#5961=DIRECTION('center_axis',(0.,1.,0.));
#5962=DIRECTION('ref_axis',(0.,0.,1.));
#5963=DIRECTION('',(1.,0.,0.));
#5964=DIRECTION('',(0.,0.,1.));
#5965=DIRECTION('center_axis',(0.,-1.,3.20064295387432E-15));
#5966=DIRECTION('ref_axis',(0.,-3.20064295387432E-15,-1.));
#5967=DIRECTION('',(1.,0.,0.));
#5968=DIRECTION('',(0.,-3.20064295387432E-15,-1.));
#5969=DIRECTION('',(-1.,0.,0.));
#5970=DIRECTION('center_axis',(0.,-0.304295635957332,-0.952577642996792));
#5971=DIRECTION('ref_axis',(0.,0.952577642996792,-0.304295635957332));
#5972=DIRECTION('',(1.,0.,0.));
#5973=DIRECTION('',(0.,0.952577642996792,-0.304295635957332));
#5974=DIRECTION('center_axis',(0.,-0.749020834760672,-0.662546442971681));
#5975=DIRECTION('ref_axis',(0.,0.662546442971681,-0.749020834760672));
#5976=DIRECTION('',(-1.,0.,0.));
#5977=DIRECTION('',(0.,0.662546442971681,-0.749020834760672));
#5978=DIRECTION('',(0.,0.662546442971681,-0.749020834760672));
#5979=DIRECTION('center_axis',(1.,0.,0.));
#5980=DIRECTION('ref_axis',(0.,0.,-1.));
#5981=DIRECTION('',(0.,-1.,0.));
#5982=DIRECTION('center_axis',(0.,0.,-1.));
#5983=DIRECTION('ref_axis',(-1.,0.,0.));
#5984=DIRECTION('center_axis',(0.,0.,1.));
#5985=DIRECTION('ref_axis',(-1.,0.,0.));
#5986=DIRECTION('center_axis',(0.,0.,1.));
#5987=DIRECTION('ref_axis',(-1.,0.,0.));
#5988=DIRECTION('center_axis',(0.,0.,1.));
#5989=DIRECTION('ref_axis',(-1.,0.,0.));
#5990=DIRECTION('center_axis',(0.,0.,-1.));
#5991=DIRECTION('ref_axis',(-1.,0.,0.));
#5992=DIRECTION('center_axis',(0.,0.,1.));
#5993=DIRECTION('ref_axis',(2.84823227897248E-15,1.,0.));
#5994=DIRECTION('center_axis',(0.,0.,-1.));
#5995=DIRECTION('ref_axis',(-1.,0.,0.));
#5996=DIRECTION('center_axis',(0.,0.,1.));
#5997=DIRECTION('ref_axis',(-1.,0.,0.));
#5998=DIRECTION('',(0.,0.,-1.));
#5999=DIRECTION('center_axis',(0.,0.,-1.));
#6000=DIRECTION('ref_axis',(-1.,0.,0.));
#6001=DIRECTION('center_axis',(0.,0.,1.));
#6002=DIRECTION('ref_axis',(-1.,0.,0.));
#6003=DIRECTION('center_axis',(0.,0.,1.));
#6004=DIRECTION('ref_axis',(-1.,0.,0.));
#6005=DIRECTION('center_axis',(0.,0.,1.));
#6006=DIRECTION('ref_axis',(-1.,0.,0.));
#6007=DIRECTION('',(-1.,0.,0.));
#6008=DIRECTION('center_axis',(0.,0.,-1.));
#6009=DIRECTION('ref_axis',(-1.,0.,0.));
#6010=DIRECTION('center_axis',(0.,0.,1.));
#6011=DIRECTION('ref_axis',(-6.12323399573677E-17,-1.,0.));
#6012=DIRECTION('center_axis',(0.,0.,-1.));
#6013=DIRECTION('ref_axis',(-1.,0.,0.));
#6014=DIRECTION('',(0.,0.,1.));
#6015=DIRECTION('',(0.,0.,1.));
#6016=DIRECTION('center_axis',(0.,1.,0.));
#6017=DIRECTION('ref_axis',(-1.,0.,0.));
#6018=DIRECTION('',(1.,0.,0.));
#6019=DIRECTION('center_axis',(0.,0.,1.));
#6020=DIRECTION('ref_axis',(-1.,0.,0.));
#6021=DIRECTION('',(0.,0.,-1.));
#6022=DIRECTION('center_axis',(0.,0.,-1.));
#6023=DIRECTION('ref_axis',(-1.,0.,0.));
#6024=DIRECTION('center_axis',(0.,0.,1.));
#6025=DIRECTION('ref_axis',(-1.,0.,0.));
#6026=DIRECTION('center_axis',(0.,0.,1.));
#6027=DIRECTION('ref_axis',(-1.,0.,0.));
#6028=DIRECTION('center_axis',(0.,0.,1.));
#6029=DIRECTION('ref_axis',(-1.,0.,0.));
#6030=DIRECTION('',(1.,0.,0.));
#6031=DIRECTION('center_axis',(0.,0.,-1.));
#6032=DIRECTION('ref_axis',(-1.,0.,0.));
#6033=DIRECTION('center_axis',(0.,0.,1.));
#6034=DIRECTION('ref_axis',(1.83697019872103E-16,1.,0.));
#6035=DIRECTION('center_axis',(0.,0.,-1.));
#6036=DIRECTION('ref_axis',(-1.,0.,0.));
#6037=DIRECTION('',(0.,0.,1.));
#6038=DIRECTION('',(0.,0.,1.));
#6039=DIRECTION('center_axis',(0.,-1.,0.));
#6040=DIRECTION('ref_axis',(1.,0.,0.));
#6041=DIRECTION('',(-1.,0.,0.));
#6042=DIRECTION('center_axis',(0.,0.,1.));
#6043=DIRECTION('ref_axis',(-1.,0.,0.));
#6044=DIRECTION('',(0.,0.,-1.));
#6045=DIRECTION('center_axis',(0.,0.,-1.));
#6046=DIRECTION('ref_axis',(-1.,0.,0.));
#6047=DIRECTION('',(1.,0.,0.));
#6048=DIRECTION('center_axis',(0.,0.,-1.));
#6049=DIRECTION('ref_axis',(-1.,0.,0.));
#6050=DIRECTION('center_axis',(0.,0.,1.));
#6051=DIRECTION('ref_axis',(-1.,0.,0.));
#6052=DIRECTION('center_axis',(0.,0.,1.));
#6053=DIRECTION('ref_axis',(-1.,0.,0.));
#6054=DIRECTION('',(-1.,0.,0.));
#6055=DIRECTION('center_axis',(0.,0.,-1.));
#6056=DIRECTION('ref_axis',(-1.,0.,0.));
#6057=DIRECTION('center_axis',(0.,0.,1.));
#6058=DIRECTION('ref_axis',(-6.12323399573677E-17,-1.,0.));
#6059=DIRECTION('',(0.,0.,1.));
#6060=DIRECTION('',(0.,0.,1.));
#6061=DIRECTION('center_axis',(0.,1.,0.));
#6062=DIRECTION('ref_axis',(-1.,0.,0.));
#6063=DIRECTION('center_axis',(0.,0.,1.));
#6064=DIRECTION('ref_axis',(-1.,0.,0.));
#6065=DIRECTION('',(0.,0.,-1.));
#6066=DIRECTION('center_axis',(0.,1.,0.));
#6067=DIRECTION('ref_axis',(1.,0.,0.));
#6068=DIRECTION('',(-1.,0.,0.));
#6069=DIRECTION('center_axis',(-1.,0.,0.));
#6070=DIRECTION('ref_axis',(0.,1.,0.));
#6071=DIRECTION('',(0.,1.,0.));
#6072=DIRECTION('',(0.,0.,1.));
#6073=DIRECTION('',(0.,1.,0.));
#6074=DIRECTION('',(0.,1.,0.));
#6075=DIRECTION('center_axis',(0.,0.,-1.));
#6076=DIRECTION('ref_axis',(1.,0.,0.));
#6077=DIRECTION('center_axis',(0.,0.,-1.));
#6078=DIRECTION('ref_axis',(1.,0.,0.));
#6079=DIRECTION('',(0.707106781186553,-8.659560562355E-17,0.707106781186543));
#6080=DIRECTION('center_axis',(0.,0.,1.));
#6081=DIRECTION('ref_axis',(1.,0.,0.));
#6082=DIRECTION('center_axis',(0.,0.,-1.));
#6083=DIRECTION('ref_axis',(-1.,0.,0.));
#6084=DIRECTION('center_axis',(0.,0.,1.));
#6085=DIRECTION('ref_axis',(-0.707106781186553,0.707106781186542,0.));
#6086=DIRECTION('',(1.,0.,0.));
#6087=DIRECTION('center_axis',(0.,0.,1.));
#6088=DIRECTION('ref_axis',(0.707106781186542,0.707106781186553,0.));
#6089=DIRECTION('',(0.,-1.,0.));
#6090=DIRECTION('center_axis',(0.,0.,-1.));
#6091=DIRECTION('ref_axis',(1.,0.,0.));
#6092=DIRECTION('center_axis',(0.,0.,-1.));
#6093=DIRECTION('ref_axis',(1.,0.,0.));
#6094=DIRECTION('center_axis',(0.,0.,-1.));
#6095=DIRECTION('ref_axis',(1.,0.,0.));
#6096=DIRECTION('center_axis',(0.,0.,-1.));
#6097=DIRECTION('ref_axis',(1.,0.,0.));
#6098=DIRECTION('center_axis',(0.,0.,-1.));
#6099=DIRECTION('ref_axis',(1.,0.,0.));
#6100=DIRECTION('center_axis',(0.,0.,-1.));
#6101=DIRECTION('ref_axis',(1.,0.,0.));
#6102=DIRECTION('center_axis',(0.,0.,-1.));
#6103=DIRECTION('ref_axis',(1.,0.,0.));
#6104=DIRECTION('center_axis',(0.,0.,-1.));
#6105=DIRECTION('ref_axis',(1.,0.,0.));
#6106=DIRECTION('center_axis',(0.,0.,-1.));
#6107=DIRECTION('ref_axis',(1.,0.,0.));
#6108=DIRECTION('center_axis',(0.,0.,-1.));
#6109=DIRECTION('ref_axis',(1.,0.,0.));
#6110=DIRECTION('center_axis',(0.,0.,-1.));
#6111=DIRECTION('ref_axis',(1.,0.,0.));
#6112=DIRECTION('center_axis',(0.,0.,-1.));
#6113=DIRECTION('ref_axis',(1.,0.,0.));
#6114=DIRECTION('center_axis',(0.,0.,-1.));
#6115=DIRECTION('ref_axis',(1.,0.,0.));
#6116=DIRECTION('center_axis',(0.,0.,-1.));
#6117=DIRECTION('ref_axis',(1.,0.,0.));
#6118=DIRECTION('center_axis',(0.,0.,-1.));
#6119=DIRECTION('ref_axis',(1.,0.,0.));
#6120=DIRECTION('center_axis',(0.,0.,-1.));
#6121=DIRECTION('ref_axis',(1.,0.,0.));
#6122=DIRECTION('center_axis',(0.,0.,-1.));
#6123=DIRECTION('ref_axis',(1.,0.,0.));
#6124=DIRECTION('center_axis',(0.,0.,-1.));
#6125=DIRECTION('ref_axis',(1.,0.,0.));
#6126=DIRECTION('center_axis',(0.,0.,-1.));
#6127=DIRECTION('ref_axis',(1.,0.,0.));
#6128=DIRECTION('center_axis',(0.,0.,-1.));
#6129=DIRECTION('ref_axis',(1.,0.,0.));
#6130=DIRECTION('',(0.,0.,-1.));
#6131=DIRECTION('center_axis',(0.,0.,-1.));
#6132=DIRECTION('ref_axis',(1.,0.,0.));
#6133=DIRECTION('',(0.707106781186552,-8.65956056235499E-17,0.707106781186543));
#6134=DIRECTION('center_axis',(0.,0.,1.));
#6135=DIRECTION('ref_axis',(1.,0.,0.));
#6136=DIRECTION('center_axis',(0.,0.,-1.));
#6137=DIRECTION('ref_axis',(1.,0.,0.));
#6138=DIRECTION('center_axis',(0.,0.,-1.));
#6139=DIRECTION('ref_axis',(1.,0.,0.));
#6140=DIRECTION('',(0.,0.,-1.));
#6141=DIRECTION('center_axis',(0.,0.,-1.));
#6142=DIRECTION('ref_axis',(1.,0.,0.));
#6143=DIRECTION('',(0.707106781186546,-8.65956056235492E-17,0.707106781186549));
#6144=DIRECTION('center_axis',(0.,0.,1.));
#6145=DIRECTION('ref_axis',(1.,0.,0.));
#6146=DIRECTION('center_axis',(0.,0.,-1.));
#6147=DIRECTION('ref_axis',(1.,0.,0.));
#6148=DIRECTION('center_axis',(0.,0.,-1.));
#6149=DIRECTION('ref_axis',(1.,0.,0.));
#6150=DIRECTION('',(0.,0.,-1.));
#6151=DIRECTION('center_axis',(0.,0.,-1.));
#6152=DIRECTION('ref_axis',(1.,0.,0.));
#6153=DIRECTION('',(0.707106781186553,-8.659560562355E-17,0.707106781186543));
#6154=DIRECTION('center_axis',(0.,0.,1.));
#6155=DIRECTION('ref_axis',(1.,0.,0.));
#6156=DIRECTION('center_axis',(0.,0.,-1.));
#6157=DIRECTION('ref_axis',(1.,0.,0.));
#6158=DIRECTION('center_axis',(0.,0.,-1.));
#6159=DIRECTION('ref_axis',(1.,0.,0.));
#6160=DIRECTION('',(0.,0.,-1.));
#6161=DIRECTION('center_axis',(0.,0.,-1.));
#6162=DIRECTION('ref_axis',(1.,0.,0.));
#6163=DIRECTION('',(0.707106781186553,-8.659560562355E-17,0.707106781186543));
#6164=DIRECTION('center_axis',(0.,0.,1.));
#6165=DIRECTION('ref_axis',(1.,0.,0.));
#6166=DIRECTION('center_axis',(0.,0.,-1.));
#6167=DIRECTION('ref_axis',(1.,0.,0.));
#6168=DIRECTION('center_axis',(0.,0.,-1.));
#6169=DIRECTION('ref_axis',(1.,0.,0.));
#6170=DIRECTION('',(0.,0.,-1.));
#6171=DIRECTION('center_axis',(0.,0.,-1.));
#6172=DIRECTION('ref_axis',(1.,0.,0.));
#6173=DIRECTION('',(0.707106781186553,-8.659560562355E-17,0.707106781186543));
#6174=DIRECTION('center_axis',(0.,0.,1.));
#6175=DIRECTION('ref_axis',(1.,0.,0.));
#6176=DIRECTION('center_axis',(0.,0.,-1.));
#6177=DIRECTION('ref_axis',(1.,0.,0.));
#6178=DIRECTION('center_axis',(0.,0.,-1.));
#6179=DIRECTION('ref_axis',(1.,0.,0.));
#6180=DIRECTION('',(0.,0.,-1.));
#6181=DIRECTION('center_axis',(0.,0.,-1.));
#6182=DIRECTION('ref_axis',(1.,0.,0.));
#6183=DIRECTION('',(0.707106781186546,-8.65956056235492E-17,0.707106781186549));
#6184=DIRECTION('center_axis',(0.,0.,1.));
#6185=DIRECTION('ref_axis',(1.,0.,0.));
#6186=DIRECTION('center_axis',(0.,0.,-1.));
#6187=DIRECTION('ref_axis',(1.,0.,0.));
#6188=DIRECTION('center_axis',(0.,0.,-1.));
#6189=DIRECTION('ref_axis',(1.,0.,0.));
#6190=DIRECTION('',(0.,0.,-1.));
#6191=DIRECTION('center_axis',(0.,0.,-1.));
#6192=DIRECTION('ref_axis',(1.,0.,0.));
#6193=DIRECTION('',(0.707106781186546,-8.65956056235492E-17,0.707106781186549));
#6194=DIRECTION('center_axis',(0.,0.,1.));
#6195=DIRECTION('ref_axis',(1.,0.,0.));
#6196=DIRECTION('center_axis',(0.,0.,-1.));
#6197=DIRECTION('ref_axis',(1.,0.,0.));
#6198=DIRECTION('center_axis',(0.,0.,-1.));
#6199=DIRECTION('ref_axis',(1.,0.,0.));
#6200=DIRECTION('',(0.,0.,-1.));
#6201=DIRECTION('center_axis',(0.,0.,-1.));
#6202=DIRECTION('ref_axis',(1.,0.,0.));
#6203=DIRECTION('',(0.707106781186548,-8.65956056235494E-17,0.707106781186547));
#6204=DIRECTION('center_axis',(0.,0.,1.));
#6205=DIRECTION('ref_axis',(1.,0.,0.));
#6206=DIRECTION('center_axis',(0.,0.,-1.));
#6207=DIRECTION('ref_axis',(1.,0.,0.));
#6208=DIRECTION('center_axis',(0.,0.,-1.));
#6209=DIRECTION('ref_axis',(1.,0.,0.));
#6210=DIRECTION('',(0.,0.,-1.));
#6211=DIRECTION('center_axis',(0.,0.,-1.));
#6212=DIRECTION('ref_axis',(1.,0.,0.));
#6213=DIRECTION('',(0.707106781186548,-8.65956056235493E-17,0.707106781186548));
#6214=DIRECTION('center_axis',(0.,0.,1.));
#6215=DIRECTION('ref_axis',(1.,0.,0.));
#6216=DIRECTION('center_axis',(0.,0.,-1.));
#6217=DIRECTION('ref_axis',(1.,0.,0.));
#6218=DIRECTION('center_axis',(0.,0.,-1.));
#6219=DIRECTION('ref_axis',(1.,0.,0.));
#6220=DIRECTION('',(0.,0.,-1.));
#6221=DIRECTION('center_axis',(0.,0.,-1.));
#6222=DIRECTION('ref_axis',(1.,0.,0.));
#6223=DIRECTION('',(0.707106781186548,-8.65956056235494E-17,0.707106781186547));
#6224=DIRECTION('center_axis',(0.,0.,1.));
#6225=DIRECTION('ref_axis',(1.,0.,0.));
#6226=DIRECTION('center_axis',(0.,0.,-1.));
#6227=DIRECTION('ref_axis',(1.,0.,0.));
#6228=DIRECTION('center_axis',(0.,0.,-1.));
#6229=DIRECTION('ref_axis',(1.,0.,0.));
#6230=DIRECTION('',(0.,0.,-1.));
#6231=DIRECTION('center_axis',(0.,0.,-1.));
#6232=DIRECTION('ref_axis',(1.,0.,0.));
#6233=DIRECTION('',(0.707106781186546,-8.65956056235492E-17,0.707106781186549));
#6234=DIRECTION('center_axis',(0.,0.,1.));
#6235=DIRECTION('ref_axis',(1.,0.,0.));
#6236=DIRECTION('center_axis',(0.,0.,-1.));
#6237=DIRECTION('ref_axis',(1.,0.,0.));
#6238=DIRECTION('center_axis',(0.,0.,-1.));
#6239=DIRECTION('ref_axis',(1.,0.,0.));
#6240=DIRECTION('',(0.,0.,-1.));
#6241=DIRECTION('center_axis',(0.,0.,-1.));
#6242=DIRECTION('ref_axis',(1.,0.,0.));
#6243=DIRECTION('',(0.707106781186546,-8.65956056235492E-17,0.707106781186549));
#6244=DIRECTION('center_axis',(0.,0.,1.));
#6245=DIRECTION('ref_axis',(1.,0.,0.));
#6246=DIRECTION('center_axis',(0.,0.,-1.));
#6247=DIRECTION('ref_axis',(1.,0.,0.));
#6248=DIRECTION('center_axis',(0.,0.,-1.));
#6249=DIRECTION('ref_axis',(1.,0.,0.));
#6250=DIRECTION('',(0.,0.,-1.));
#6251=DIRECTION('center_axis',(0.,0.,-1.));
#6252=DIRECTION('ref_axis',(1.,0.,0.));
#6253=DIRECTION('',(0.707106781186546,-8.65956056235492E-17,0.707106781186549));
#6254=DIRECTION('center_axis',(0.,0.,1.));
#6255=DIRECTION('ref_axis',(1.,0.,0.));
#6256=DIRECTION('center_axis',(0.,0.,-1.));
#6257=DIRECTION('ref_axis',(1.,0.,0.));
#6258=DIRECTION('center_axis',(0.,0.,-1.));
#6259=DIRECTION('ref_axis',(1.,0.,0.));
#6260=DIRECTION('',(0.,0.,-1.));
#6261=DIRECTION('center_axis',(0.,0.,-1.));
#6262=DIRECTION('ref_axis',(1.,0.,0.));
#6263=DIRECTION('',(0.707106781186553,-8.659560562355E-17,0.707106781186543));
#6264=DIRECTION('center_axis',(0.,0.,1.));
#6265=DIRECTION('ref_axis',(1.,0.,0.));
#6266=DIRECTION('center_axis',(0.,0.,-1.));
#6267=DIRECTION('ref_axis',(1.,0.,0.));
#6268=DIRECTION('center_axis',(0.,0.,-1.));
#6269=DIRECTION('ref_axis',(1.,0.,0.));
#6270=DIRECTION('',(0.,0.,-1.));
#6271=DIRECTION('center_axis',(0.,0.,-1.));
#6272=DIRECTION('ref_axis',(1.,0.,0.));
#6273=DIRECTION('',(0.707106781186553,-8.659560562355E-17,0.707106781186543));
#6274=DIRECTION('center_axis',(0.,0.,1.));
#6275=DIRECTION('ref_axis',(1.,0.,0.));
#6276=DIRECTION('center_axis',(0.,0.,-1.));
#6277=DIRECTION('ref_axis',(1.,0.,0.));
#6278=DIRECTION('center_axis',(0.,0.,-1.));
#6279=DIRECTION('ref_axis',(1.,0.,0.));
#6280=DIRECTION('',(0.,0.,-1.));
#6281=DIRECTION('center_axis',(0.,0.,-1.));
#6282=DIRECTION('ref_axis',(1.,0.,0.));
#6283=DIRECTION('',(0.707106781186553,-8.659560562355E-17,0.707106781186543));
#6284=DIRECTION('center_axis',(0.,0.,1.));
#6285=DIRECTION('ref_axis',(1.,0.,0.));
#6286=DIRECTION('center_axis',(0.,0.,-1.));
#6287=DIRECTION('ref_axis',(1.,0.,0.));
#6288=DIRECTION('center_axis',(0.,0.,-1.));
#6289=DIRECTION('ref_axis',(1.,0.,0.));
#6290=DIRECTION('',(0.,0.,-1.));
#6291=DIRECTION('center_axis',(0.,0.,-1.));
#6292=DIRECTION('ref_axis',(1.,0.,0.));
#6293=DIRECTION('',(0.707106781186553,-8.659560562355E-17,0.707106781186543));
#6294=DIRECTION('center_axis',(0.,0.,1.));
#6295=DIRECTION('ref_axis',(1.,0.,0.));
#6296=DIRECTION('center_axis',(0.,0.,-1.));
#6297=DIRECTION('ref_axis',(1.,0.,0.));
#6298=DIRECTION('center_axis',(0.,0.,-1.));
#6299=DIRECTION('ref_axis',(1.,0.,0.));
#6300=DIRECTION('',(0.,0.,-1.));
#6301=DIRECTION('center_axis',(0.,0.,-1.));
#6302=DIRECTION('ref_axis',(1.,0.,0.));
#6303=DIRECTION('',(0.707106781186552,-8.65956056235499E-17,0.707106781186543));
#6304=DIRECTION('center_axis',(0.,0.,1.));
#6305=DIRECTION('ref_axis',(1.,0.,0.));
#6306=DIRECTION('center_axis',(0.,0.,-1.));
#6307=DIRECTION('ref_axis',(1.,0.,0.));
#6308=DIRECTION('center_axis',(0.,0.,-1.));
#6309=DIRECTION('ref_axis',(1.,0.,0.));
#6310=DIRECTION('',(0.,0.,-1.));
#6311=DIRECTION('center_axis',(0.,0.,1.));
#6312=DIRECTION('ref_axis',(1.,0.,0.));
#6313=DIRECTION('',(0.,-1.,0.));
#6314=DIRECTION('center_axis',(0.,0.,-1.));
#6315=DIRECTION('ref_axis',(0.707106781186542,0.707106781186553,0.));
#6316=DIRECTION('',(1.,0.,0.));
#6317=DIRECTION('center_axis',(0.,0.,-1.));
#6318=DIRECTION('ref_axis',(-0.707106781186553,0.707106781186542,0.));
#6319=DIRECTION('center_axis',(0.,0.,-1.));
#6320=DIRECTION('ref_axis',(0.707106781186542,0.707106781186553,0.));
#6321=DIRECTION('',(0.,0.,1.));
#6322=DIRECTION('',(0.,0.,-1.));
#6323=DIRECTION('center_axis',(0.,1.,0.));
#6324=DIRECTION('ref_axis',(1.,0.,0.));
#6325=DIRECTION('',(0.,0.,-1.));
#6326=DIRECTION('center_axis',(0.,0.,-1.));
#6327=DIRECTION('ref_axis',(-0.707106781186553,0.707106781186542,0.));
#6328=DIRECTION('center_axis',(1.,0.,0.));
#6329=DIRECTION('ref_axis',(0.,-1.,0.));
#6330=CARTESIAN_POINT('',(0.,0.,0.));
#6331=CARTESIAN_POINT('Origin',(-140.500002093613,98.0000014677644,0.));
#6332=CARTESIAN_POINT('',(-127.500002093613,98.0000014677644,0.));
#6333=CARTESIAN_POINT('',(-140.500002093613,98.0000014677644,0.));
#6334=CARTESIAN_POINT('',(-70.7500010468066,98.0000014677644,0.));
#6335=CARTESIAN_POINT('',(-127.500002093613,98.0000014677644,1.5));
#6336=CARTESIAN_POINT('',(-127.500002093613,98.0000014677644,0.));
#6337=CARTESIAN_POINT('',(-140.500002093613,98.0000014677644,1.5));
#6338=CARTESIAN_POINT('',(-3.25000104680657,98.0000014677644,1.5));
#6339=CARTESIAN_POINT('',(-140.5,98.0000014677644,0.));
#6340=CARTESIAN_POINT('Origin',(127.5,98.,0.));
#6341=CARTESIAN_POINT('',(140.5,98.,0.));
#6342=CARTESIAN_POINT('',(127.5,98.,0.));
#6343=CARTESIAN_POINT('',(63.25,98.,0.));
#6344=CARTESIAN_POINT('',(140.5,98.,1.5));
#6345=CARTESIAN_POINT('',(140.5,98.,0.));
#6346=CARTESIAN_POINT('',(127.5,98.,1.5));
#6347=CARTESIAN_POINT('',(130.75,98.,1.5));
#6348=CARTESIAN_POINT('',(127.5,98.,0.));
#6349=CARTESIAN_POINT('Origin',(160.2,-103.2,2.5));
#6350=CARTESIAN_POINT('',(162.5,-103.2,3.5));
#6351=CARTESIAN_POINT('',(160.2,-105.5,3.5));
#6352=CARTESIAN_POINT('Origin',(160.2,-103.2,3.5));
#6353=CARTESIAN_POINT('',(160.2,-105.5,0.));
#6354=CARTESIAN_POINT('',(160.2,-105.5,2.5));
#6355=CARTESIAN_POINT('',(162.5,-103.2,0.));
#6356=CARTESIAN_POINT('Origin',(160.2,-103.2,0.));
#6357=CARTESIAN_POINT('',(162.5,-103.2,2.5));
#6358=CARTESIAN_POINT('Origin',(162.5,-105.5,2.5));
#6359=CARTESIAN_POINT('',(162.5,96.2,0.));
#6360=CARTESIAN_POINT('',(162.5,-31.9999996330589,0.));
#6361=CARTESIAN_POINT('',(162.5,96.2,3.5));
#6362=CARTESIAN_POINT('',(162.5,96.2,2.5));
#6363=CARTESIAN_POINT('',(162.5,98.5,3.5));
#6364=CARTESIAN_POINT('Origin',(-1.00000000000001,41.5000007338822,0.));
#6365=CARTESIAN_POINT('',(-162.2,-105.5,0.));
#6366=CARTESIAN_POINT('',(-82.75,-105.5,0.));
#6367=CARTESIAN_POINT('',(-164.5,-103.2,0.));
#6368=CARTESIAN_POINT('Origin',(-162.2,-103.2,0.));
#6369=CARTESIAN_POINT('',(-164.5,96.2,0.));
#6370=CARTESIAN_POINT('',(-164.5,70.0000003669411,0.));
#6371=CARTESIAN_POINT('',(-162.2,98.5,0.));
#6372=CARTESIAN_POINT('Origin',(-162.2,96.2,0.));
#6373=CARTESIAN_POINT('',(160.2,98.5,0.));
#6374=CARTESIAN_POINT('',(80.75,98.5,0.));
#6375=CARTESIAN_POINT('Origin',(160.2,96.2,0.));
#6376=CARTESIAN_POINT('',(-147.5,-103.,0.));
#6377=CARTESIAN_POINT('Origin',(-146.,-103.,0.));
#6378=CARTESIAN_POINT('',(-37.5,96.,0.));
#6379=CARTESIAN_POINT('Origin',(-36.,96.,0.));
#6380=CARTESIAN_POINT('',(14.5,96.,0.));
#6381=CARTESIAN_POINT('Origin',(16.,96.,0.));
#6382=CARTESIAN_POINT('',(104.5,96.,0.));
#6383=CARTESIAN_POINT('Origin',(106.,96.,0.));
#6384=CARTESIAN_POINT('',(158.5,96.,0.));
#6385=CARTESIAN_POINT('Origin',(160.,96.,0.));
#6386=CARTESIAN_POINT('',(158.5,-103.,0.));
#6387=CARTESIAN_POINT('Origin',(160.,-103.,0.));
#6388=CARTESIAN_POINT('',(110.5,-103.,0.));
#6389=CARTESIAN_POINT('Origin',(112.,-103.,0.));
#6390=CARTESIAN_POINT('',(122.5,96.,0.));
#6391=CARTESIAN_POINT('Origin',(124.,96.,0.));
#6392=CARTESIAN_POINT('',(32.5,96.,0.));
#6393=CARTESIAN_POINT('Origin',(34.,96.,0.));
#6394=CARTESIAN_POINT('',(-55.5,96.,0.));
#6395=CARTESIAN_POINT('Origin',(-54.,96.,0.));
#6396=CARTESIAN_POINT('',(-109.5,96.,0.));
#6397=CARTESIAN_POINT('Origin',(-108.,96.,0.));
#6398=CARTESIAN_POINT('',(-163.5,-103.,0.));
#6399=CARTESIAN_POINT('Origin',(-162.,-103.,0.));
#6400=CARTESIAN_POINT('',(-131.5,-103.,0.));
#6401=CARTESIAN_POINT('Origin',(-130.,-103.,0.));
#6402=CARTESIAN_POINT('',(-145.5,96.,0.));
#6403=CARTESIAN_POINT('Origin',(-144.,96.,0.));
#6404=CARTESIAN_POINT('',(-91.5,96.,0.));
#6405=CARTESIAN_POINT('Origin',(-90.,96.,0.));
#6406=CARTESIAN_POINT('',(-2.49999999999998,96.,0.));
#6407=CARTESIAN_POINT('Origin',(-0.999999999999979,96.,0.));
#6408=CARTESIAN_POINT('',(68.5,96.,0.));
#6409=CARTESIAN_POINT('Origin',(70.,96.,0.));
#6410=CARTESIAN_POINT('',(142.5,-103.,0.));
#6411=CARTESIAN_POINT('Origin',(144.,-103.,0.));
#6412=CARTESIAN_POINT('',(126.5,-103.,0.));
#6413=CARTESIAN_POINT('Origin',(128.,-103.,0.));
#6414=CARTESIAN_POINT('',(86.5,96.,0.));
#6415=CARTESIAN_POINT('Origin',(88.,96.,0.));
#6416=CARTESIAN_POINT('',(50.5,96.,0.));
#6417=CARTESIAN_POINT('Origin',(52.,96.,0.));
#6418=CARTESIAN_POINT('',(-19.5,96.,0.));
#6419=CARTESIAN_POINT('Origin',(-18.,96.,0.));
#6420=CARTESIAN_POINT('',(-73.5,96.,0.));
#6421=CARTESIAN_POINT('Origin',(-72.,96.,0.));
#6422=CARTESIAN_POINT('',(-163.5,96.,0.));
#6423=CARTESIAN_POINT('Origin',(-162.,96.,0.));
#6424=CARTESIAN_POINT('',(-115.5,-103.,0.));
#6425=CARTESIAN_POINT('Origin',(-114.,-103.,0.));
#6426=CARTESIAN_POINT('',(-127.5,96.,0.));
#6427=CARTESIAN_POINT('',(-127.5,93.5,0.));
#6428=CARTESIAN_POINT('',(-127.5,68.5000011008233,0.));
#6429=CARTESIAN_POINT('Origin',(-126.,96.,0.));
#6430=CARTESIAN_POINT('',(-127.500002093613,68.5000011008233,0.));
#6431=CARTESIAN_POINT('',(-140.5,93.5,0.));
#6432=CARTESIAN_POINT('',(-140.500002093613,68.5000011008233,0.));
#6433=CARTESIAN_POINT('',(-160.5,93.5,0.));
#6434=CARTESIAN_POINT('',(-80.75,93.5,0.));
#6435=CARTESIAN_POINT('',(-160.5,-93.5,0.));
#6436=CARTESIAN_POINT('',(-160.5,-48.4999996330589,0.));
#6437=CARTESIAN_POINT('',(-131.5,-93.5,0.));
#6438=CARTESIAN_POINT('',(-66.25,-93.5,0.));
#6439=CARTESIAN_POINT('',(-131.5,-99.5,0.));
#6440=CARTESIAN_POINT('',(-131.5,-51.4999996330589,0.));
#6441=CARTESIAN_POINT('',(-118.5,-99.5,0.));
#6442=CARTESIAN_POINT('',(-59.75,-99.5,0.));
#6443=CARTESIAN_POINT('',(-118.5,-93.5,0.));
#6444=CARTESIAN_POINT('',(-118.5,-48.4999996330589,0.));
#6445=CARTESIAN_POINT('',(-110.,-93.5,0.));
#6446=CARTESIAN_POINT('',(-55.5,-93.5,0.));
#6447=CARTESIAN_POINT('',(-110.,-104.5,0.));
#6448=CARTESIAN_POINT('',(-110.,-53.9999996330589,0.));
#6449=CARTESIAN_POINT('',(110.,-104.5,0.));
#6450=CARTESIAN_POINT('',(54.5,-104.5,0.));
#6451=CARTESIAN_POINT('',(110.,-93.5,0.));
#6452=CARTESIAN_POINT('',(110.,-48.4999996330589,0.));
#6453=CARTESIAN_POINT('',(118.5,-93.5,0.));
#6454=CARTESIAN_POINT('',(58.75,-93.5,0.));
#6455=CARTESIAN_POINT('',(118.5,-99.5,0.));
#6456=CARTESIAN_POINT('',(118.5,-51.4999996330589,0.));
#6457=CARTESIAN_POINT('',(131.5,-99.5,0.));
#6458=CARTESIAN_POINT('',(65.25,-99.5,0.));
#6459=CARTESIAN_POINT('',(131.5,-93.5,0.));
#6460=CARTESIAN_POINT('',(131.5,-48.4999996330589,0.));
#6461=CARTESIAN_POINT('',(160.5,-93.5,0.));
#6462=CARTESIAN_POINT('',(79.75,-93.5,0.));
#6463=CARTESIAN_POINT('',(160.5,93.5,0.));
#6464=CARTESIAN_POINT('',(160.5,45.0000003669411,0.));
#6465=CARTESIAN_POINT('',(140.5,93.5,0.));
#6466=CARTESIAN_POINT('',(69.75,93.5,0.));
#6467=CARTESIAN_POINT('',(140.5,96.,0.));
#6468=CARTESIAN_POINT('',(140.5,68.5000003669411,0.));
#6469=CARTESIAN_POINT('Origin',(142.,96.,0.));
#6470=CARTESIAN_POINT('',(140.5,68.5000003669411,0.));
#6471=CARTESIAN_POINT('',(127.5,93.5,0.));
#6472=CARTESIAN_POINT('',(127.5,68.5000003669411,0.));
#6473=CARTESIAN_POINT('',(-64.25,93.5,0.));
#6474=CARTESIAN_POINT('Origin',(160.2,96.2,2.5));
#6475=CARTESIAN_POINT('',(160.2,98.5,3.5));
#6476=CARTESIAN_POINT('Origin',(160.2,96.2,3.5));
#6477=CARTESIAN_POINT('',(160.2,98.5,2.5));
#6478=CARTESIAN_POINT('Origin',(162.5,98.5,2.5));
#6479=CARTESIAN_POINT('',(-162.2,98.5,3.5));
#6480=CARTESIAN_POINT('',(-162.2,98.5,2.5));
#6481=CARTESIAN_POINT('',(-164.5,98.5,3.5));
#6482=CARTESIAN_POINT('Origin',(-162.2,96.2,2.5));
#6483=CARTESIAN_POINT('',(-164.5,96.2,3.5));
#6484=CARTESIAN_POINT('Origin',(-162.2,96.2,3.5));
#6485=CARTESIAN_POINT('',(-164.5,96.2,2.5));
#6486=CARTESIAN_POINT('Origin',(-164.5,98.5,2.5));
#6487=CARTESIAN_POINT('',(-164.5,-103.2,3.5));
#6488=CARTESIAN_POINT('',(-164.5,-103.2,2.5));
#6489=CARTESIAN_POINT('',(-164.5,-105.5,3.5));
#6490=CARTESIAN_POINT('Origin',(-162.2,-103.2,2.5));
#6491=CARTESIAN_POINT('',(-162.2,-105.5,3.5));
#6492=CARTESIAN_POINT('Origin',(-162.2,-103.2,3.5));
#6493=CARTESIAN_POINT('',(-162.2,-105.5,2.5));
#6494=CARTESIAN_POINT('Origin',(-164.5,-105.5,2.5));
#6495=CARTESIAN_POINT('',(162.5,-105.5,3.5));
#6496=CARTESIAN_POINT('Origin',(-146.,-103.,3.));
#6497=CARTESIAN_POINT('',(-147.5,-103.,3.));
#6498=CARTESIAN_POINT('Origin',(-146.,-103.,3.));
#6499=CARTESIAN_POINT('Origin',(-146.,-103.,0.));
#6500=CARTESIAN_POINT('',(-147.5,-103.,0.));
#6501=CARTESIAN_POINT('Origin',(-126.,96.,3.));
#6502=CARTESIAN_POINT('',(-127.5,96.,3.));
#6503=CARTESIAN_POINT('Origin',(-126.,96.,3.));
#6504=CARTESIAN_POINT('Origin',(-126.,96.,0.));
#6505=CARTESIAN_POINT('',(-127.5,96.,1.5));
#6506=CARTESIAN_POINT('',(-127.5,96.,0.));
#6507=CARTESIAN_POINT('',(-127.5,96.,0.));
#6508=CARTESIAN_POINT('',(-127.5,96.,0.));
#6509=CARTESIAN_POINT('Origin',(-36.,96.,3.));
#6510=CARTESIAN_POINT('',(-37.5,96.,3.));
#6511=CARTESIAN_POINT('Origin',(-36.,96.,3.));
#6512=CARTESIAN_POINT('Origin',(-36.,96.,0.));
#6513=CARTESIAN_POINT('',(-37.5,96.,0.));
#6514=CARTESIAN_POINT('Origin',(16.,96.,3.));
#6515=CARTESIAN_POINT('',(14.5,96.,3.));
#6516=CARTESIAN_POINT('Origin',(16.,96.,3.));
#6517=CARTESIAN_POINT('Origin',(16.,96.,0.));
#6518=CARTESIAN_POINT('',(14.5,96.,0.));
#6519=CARTESIAN_POINT('Origin',(106.,96.,3.));
#6520=CARTESIAN_POINT('',(104.5,96.,3.));
#6521=CARTESIAN_POINT('Origin',(106.,96.,3.));
#6522=CARTESIAN_POINT('Origin',(106.,96.,0.));
#6523=CARTESIAN_POINT('',(104.5,96.,0.));
#6524=CARTESIAN_POINT('Origin',(160.,96.,3.));
#6525=CARTESIAN_POINT('',(158.5,96.,3.));
#6526=CARTESIAN_POINT('Origin',(160.,96.,3.));
#6527=CARTESIAN_POINT('Origin',(160.,96.,0.));
#6528=CARTESIAN_POINT('',(158.5,96.,0.));
#6529=CARTESIAN_POINT('Origin',(160.,-103.,3.));
#6530=CARTESIAN_POINT('',(158.5,-103.,3.));
#6531=CARTESIAN_POINT('Origin',(160.,-103.,3.));
#6532=CARTESIAN_POINT('Origin',(160.,-103.,0.));
#6533=CARTESIAN_POINT('',(158.5,-103.,0.));
#6534=CARTESIAN_POINT('Origin',(112.,-103.,3.));
#6535=CARTESIAN_POINT('',(110.5,-103.,3.));
#6536=CARTESIAN_POINT('Origin',(112.,-103.,3.));
#6537=CARTESIAN_POINT('Origin',(112.,-103.,0.));
#6538=CARTESIAN_POINT('',(110.5,-103.,0.));
#6539=CARTESIAN_POINT('Origin',(124.,96.,3.));
#6540=CARTESIAN_POINT('',(122.5,96.,3.));
#6541=CARTESIAN_POINT('Origin',(124.,96.,3.));
#6542=CARTESIAN_POINT('Origin',(124.,96.,0.));
#6543=CARTESIAN_POINT('',(122.5,96.,0.));
#6544=CARTESIAN_POINT('Origin',(34.,96.,3.));
#6545=CARTESIAN_POINT('',(32.5,96.,3.));
#6546=CARTESIAN_POINT('Origin',(34.,96.,3.));
#6547=CARTESIAN_POINT('Origin',(34.,96.,0.));
#6548=CARTESIAN_POINT('',(32.5,96.,0.));
#6549=CARTESIAN_POINT('Origin',(-54.,96.,3.));
#6550=CARTESIAN_POINT('',(-55.5,96.,3.));
#6551=CARTESIAN_POINT('Origin',(-54.,96.,3.));
#6552=CARTESIAN_POINT('Origin',(-54.,96.,0.));
#6553=CARTESIAN_POINT('',(-55.5,96.,0.));
#6554=CARTESIAN_POINT('Origin',(-108.,96.,3.));
#6555=CARTESIAN_POINT('',(-109.5,96.,3.));
#6556=CARTESIAN_POINT('Origin',(-108.,96.,3.));
#6557=CARTESIAN_POINT('Origin',(-108.,96.,0.));
#6558=CARTESIAN_POINT('',(-109.5,96.,0.));
#6559=CARTESIAN_POINT('Origin',(-162.,-103.,3.));
#6560=CARTESIAN_POINT('',(-163.5,-103.,3.));
#6561=CARTESIAN_POINT('Origin',(-162.,-103.,3.));
#6562=CARTESIAN_POINT('Origin',(-162.,-103.,0.));
#6563=CARTESIAN_POINT('',(-163.5,-103.,0.));
#6564=CARTESIAN_POINT('Origin',(-130.,-103.,3.));
#6565=CARTESIAN_POINT('',(-131.5,-103.,3.));
#6566=CARTESIAN_POINT('Origin',(-130.,-103.,3.));
#6567=CARTESIAN_POINT('Origin',(-130.,-103.,0.));
#6568=CARTESIAN_POINT('',(-131.5,-103.,0.));
#6569=CARTESIAN_POINT('Origin',(-144.,96.,3.));
#6570=CARTESIAN_POINT('',(-145.5,96.,3.));
#6571=CARTESIAN_POINT('Origin',(-144.,96.,3.));
#6572=CARTESIAN_POINT('Origin',(-144.,96.,0.));
#6573=CARTESIAN_POINT('',(-145.5,96.,0.));
#6574=CARTESIAN_POINT('Origin',(-90.,96.,3.));
#6575=CARTESIAN_POINT('',(-91.5,96.,3.));
#6576=CARTESIAN_POINT('Origin',(-90.,96.,3.));
#6577=CARTESIAN_POINT('Origin',(-90.,96.,0.));
#6578=CARTESIAN_POINT('',(-91.5,96.,0.));
#6579=CARTESIAN_POINT('Origin',(-0.999999999999979,96.,3.));
#6580=CARTESIAN_POINT('',(-2.49999999999998,96.,3.));
#6581=CARTESIAN_POINT('Origin',(-0.999999999999979,96.,3.));
#6582=CARTESIAN_POINT('Origin',(-0.999999999999979,96.,0.));
#6583=CARTESIAN_POINT('',(-2.49999999999998,96.,0.));
#6584=CARTESIAN_POINT('Origin',(70.,96.,3.));
#6585=CARTESIAN_POINT('',(68.5,96.,3.));
#6586=CARTESIAN_POINT('Origin',(70.,96.,3.));
#6587=CARTESIAN_POINT('Origin',(70.,96.,0.));
#6588=CARTESIAN_POINT('',(68.5,96.,0.));
#6589=CARTESIAN_POINT('Origin',(142.,96.,3.));
#6590=CARTESIAN_POINT('',(140.5,96.,3.));
#6591=CARTESIAN_POINT('Origin',(142.,96.,3.));
#6592=CARTESIAN_POINT('Origin',(142.,96.,0.));
#6593=CARTESIAN_POINT('',(140.5,96.,1.5));
#6594=CARTESIAN_POINT('',(140.5,96.,0.));
#6595=CARTESIAN_POINT('',(140.5,96.,0.));
#6596=CARTESIAN_POINT('',(140.5,96.,0.));
#6597=CARTESIAN_POINT('Origin',(144.,-103.,3.));
#6598=CARTESIAN_POINT('',(142.5,-103.,3.));
#6599=CARTESIAN_POINT('Origin',(144.,-103.,3.));
#6600=CARTESIAN_POINT('Origin',(144.,-103.,0.));
#6601=CARTESIAN_POINT('',(142.5,-103.,0.));
#6602=CARTESIAN_POINT('Origin',(128.,-103.,3.));
#6603=CARTESIAN_POINT('',(126.5,-103.,3.));
#6604=CARTESIAN_POINT('Origin',(128.,-103.,3.));
#6605=CARTESIAN_POINT('Origin',(128.,-103.,0.));
#6606=CARTESIAN_POINT('',(126.5,-103.,0.));
#6607=CARTESIAN_POINT('Origin',(88.,96.,3.));
#6608=CARTESIAN_POINT('',(86.5,96.,3.));
#6609=CARTESIAN_POINT('Origin',(88.,96.,3.));
#6610=CARTESIAN_POINT('Origin',(88.,96.,0.));
#6611=CARTESIAN_POINT('',(86.5,96.,0.));
#6612=CARTESIAN_POINT('Origin',(52.,96.,3.));
#6613=CARTESIAN_POINT('',(50.5,96.,3.));
#6614=CARTESIAN_POINT('Origin',(52.,96.,3.));
#6615=CARTESIAN_POINT('Origin',(52.,96.,0.));
#6616=CARTESIAN_POINT('',(50.5,96.,0.));
#6617=CARTESIAN_POINT('Origin',(-18.,96.,3.));
#6618=CARTESIAN_POINT('',(-19.5,96.,3.));
#6619=CARTESIAN_POINT('Origin',(-18.,96.,3.));
#6620=CARTESIAN_POINT('Origin',(-18.,96.,0.));
#6621=CARTESIAN_POINT('',(-19.5,96.,0.));
#6622=CARTESIAN_POINT('Origin',(-72.,96.,3.));
#6623=CARTESIAN_POINT('',(-73.5,96.,3.));
#6624=CARTESIAN_POINT('Origin',(-72.,96.,3.));
#6625=CARTESIAN_POINT('Origin',(-72.,96.,0.));
#6626=CARTESIAN_POINT('',(-73.5,96.,0.));
#6627=CARTESIAN_POINT('Origin',(-162.,96.,3.));
#6628=CARTESIAN_POINT('',(-163.5,96.,3.));
#6629=CARTESIAN_POINT('Origin',(-162.,96.,3.));
#6630=CARTESIAN_POINT('Origin',(-162.,96.,0.));
#6631=CARTESIAN_POINT('',(-163.5,96.,0.));
#6632=CARTESIAN_POINT('Origin',(-114.,-103.,3.));
#6633=CARTESIAN_POINT('',(-115.5,-103.,3.));
#6634=CARTESIAN_POINT('Origin',(-114.,-103.,3.));
#6635=CARTESIAN_POINT('Origin',(-114.,-103.,0.));
#6636=CARTESIAN_POINT('',(-115.5,-103.,0.));
#6637=CARTESIAN_POINT('Origin',(-127.5,95.5000014677644,0.));
#6638=CARTESIAN_POINT('',(-127.500002093613,97.5000014677644,1.5));
#6639=CARTESIAN_POINT('Origin',(140.5,95.5,0.));
#6640=CARTESIAN_POINT('',(140.5,97.5,1.5));
#6641=CARTESIAN_POINT('Origin',(118.5,-93.5,0.));
#6642=CARTESIAN_POINT('',(110.,-93.5,2.5));
#6643=CARTESIAN_POINT('',(110.,-93.5,0.));
#6644=CARTESIAN_POINT('',(118.5,-93.5,2.5));
#6645=CARTESIAN_POINT('',(58.75,-93.5,2.5));
#6646=CARTESIAN_POINT('',(118.5,-93.5,0.));
#6647=CARTESIAN_POINT('Origin',(110.,-93.5,0.));
#6648=CARTESIAN_POINT('',(110.,-104.5,2.5));
#6649=CARTESIAN_POINT('',(110.,-104.5,0.));
#6650=CARTESIAN_POINT('',(110.,-48.5,2.5));
#6651=CARTESIAN_POINT('Origin',(-131.5,-93.5,0.));
#6652=CARTESIAN_POINT('',(-160.5,-93.5,2.5));
#6653=CARTESIAN_POINT('',(-160.5,-93.5,0.));
#6654=CARTESIAN_POINT('',(-131.5,-93.5,2.5));
#6655=CARTESIAN_POINT('',(-66.25,-93.5,2.5));
#6656=CARTESIAN_POINT('',(-131.5,-93.5,0.));
#6657=CARTESIAN_POINT('Origin',(-160.5,-93.5,0.));
#6658=CARTESIAN_POINT('',(-160.5,93.5,2.5));
#6659=CARTESIAN_POINT('',(-160.5,93.5,0.));
#6660=CARTESIAN_POINT('',(-160.5,-48.5,2.5));
#6661=CARTESIAN_POINT('Origin',(-110.,-104.5,0.));
#6662=CARTESIAN_POINT('',(-110.,-93.5,2.5));
#6663=CARTESIAN_POINT('',(-110.,-93.5,0.));
#6664=CARTESIAN_POINT('',(-110.,-104.5,2.5));
#6665=CARTESIAN_POINT('',(-110.,-54.,2.5));
#6666=CARTESIAN_POINT('',(-110.,-104.5,0.));
#6667=CARTESIAN_POINT('Origin',(-160.5,93.5,0.));
#6668=CARTESIAN_POINT('',(-140.5,93.5,2.5));
#6669=CARTESIAN_POINT('',(-140.5,93.5,0.));
#6670=CARTESIAN_POINT('',(-80.75,93.5,2.5));
#6671=CARTESIAN_POINT('Origin',(-140.5,93.5,0.));
#6672=CARTESIAN_POINT('',(-140.5,95.5000014677644,1.5));
#6673=CARTESIAN_POINT('',(-140.5,99.5,1.5));
#6674=CARTESIAN_POINT('',(-140.500002093613,95.5000014677644,2.5));
#6675=CARTESIAN_POINT('',(-140.500002093613,95.5000014677644,0.));
#6676=CARTESIAN_POINT('',(-140.5,45.,2.5));
#6677=CARTESIAN_POINT('Origin',(-127.5,95.5000014677644,0.));
#6678=CARTESIAN_POINT('',(-127.5,93.5,2.5));
#6679=CARTESIAN_POINT('',(-127.5,93.5,0.));
#6680=CARTESIAN_POINT('',(-127.500002093613,95.5000014677644,2.5));
#6681=CARTESIAN_POINT('',(-127.5,46.0000007338822,2.5));
#6682=CARTESIAN_POINT('',(-127.5,95.5000014677644,1.5));
#6683=CARTESIAN_POINT('',(-127.500002093613,95.5000014677644,0.));
#6684=CARTESIAN_POINT('',(-127.5,93.5,1.5));
#6685=CARTESIAN_POINT('Origin',(-127.5,93.5,0.));
#6686=CARTESIAN_POINT('',(127.5,93.5,2.5));
#6687=CARTESIAN_POINT('',(127.5,93.5,0.));
#6688=CARTESIAN_POINT('',(-64.25,93.5,2.5));
#6689=CARTESIAN_POINT('Origin',(134.,96.5,1.5));
#6690=CARTESIAN_POINT('',(140.5,95.5,1.5));
#6691=CARTESIAN_POINT('',(140.5,99.5,1.5));
#6692=CARTESIAN_POINT('',(127.5,95.5,1.5));
#6693=CARTESIAN_POINT('',(130.75,95.5,1.5));
#6694=CARTESIAN_POINT('',(127.5,93.5,1.5));
#6695=CARTESIAN_POINT('Origin',(140.5,95.5,0.));
#6696=CARTESIAN_POINT('',(140.5,93.5,2.5));
#6697=CARTESIAN_POINT('',(140.5,93.5,0.));
#6698=CARTESIAN_POINT('',(140.5,95.5,2.5));
#6699=CARTESIAN_POINT('',(140.5,46.,2.5));
#6700=CARTESIAN_POINT('',(140.5,95.5,0.));
#6701=CARTESIAN_POINT('Origin',(-1.00000000000001,-3.49999999999998,3.5));
#6702=CARTESIAN_POINT('',(-157.5,-85.5,3.5));
#6703=CARTESIAN_POINT('',(-157.5,91.5,3.5));
#6704=CARTESIAN_POINT('',(-157.5,44.,3.5));
#6705=CARTESIAN_POINT('',(155.5,91.5,3.5));
#6706=CARTESIAN_POINT('',(77.25,91.5,3.5));
#6707=CARTESIAN_POINT('',(155.5,-85.5,3.5));
#6708=CARTESIAN_POINT('',(155.5,-44.5,3.5));
#6709=CARTESIAN_POINT('',(-79.25,-85.5,3.5));
#6710=CARTESIAN_POINT('Origin',(134.,96.5,1.5));
#6711=CARTESIAN_POINT('',(-137.250001046807,95.5000014677644,1.5));
#6712=CARTESIAN_POINT('Origin',(-118.5,-93.5,0.));
#6713=CARTESIAN_POINT('',(-118.5,-99.5,2.5));
#6714=CARTESIAN_POINT('',(-118.5,-99.5,0.));
#6715=CARTESIAN_POINT('',(-118.5,-93.5,2.5));
#6716=CARTESIAN_POINT('',(-118.5,-48.5,2.5));
#6717=CARTESIAN_POINT('',(-118.5,-93.5,0.));
#6718=CARTESIAN_POINT('Origin',(-110.,-93.5,0.));
#6719=CARTESIAN_POINT('',(-55.5,-93.5,2.5));
#6720=CARTESIAN_POINT('Origin',(110.,-104.5,0.));
#6721=CARTESIAN_POINT('',(54.5,-104.5,2.5));
#6722=CARTESIAN_POINT('Origin',(-140.500002093613,95.5000014677644,0.));
#6723=CARTESIAN_POINT('',(-70.7500010468066,95.5000014677644,2.5));
#6724=CARTESIAN_POINT('Origin',(118.5,-99.5,0.));
#6725=CARTESIAN_POINT('',(118.5,-99.5,2.5));
#6726=CARTESIAN_POINT('',(118.5,-51.5,2.5));
#6727=CARTESIAN_POINT('',(118.5,-99.5,0.));
#6728=CARTESIAN_POINT('Origin',(127.5,93.5,0.));
#6729=CARTESIAN_POINT('',(127.5,95.5,2.5));
#6730=CARTESIAN_POINT('',(127.5,95.5,0.));
#6731=CARTESIAN_POINT('',(127.5,45.,2.5));
#6732=CARTESIAN_POINT('Origin',(127.5,95.5,0.));
#6733=CARTESIAN_POINT('',(63.25,95.5,2.5));
#6734=CARTESIAN_POINT('Origin',(160.5,-93.5,0.));
#6735=CARTESIAN_POINT('',(131.5,-93.5,2.5));
#6736=CARTESIAN_POINT('',(131.5,-93.5,0.));
#6737=CARTESIAN_POINT('',(160.5,-93.5,2.5));
#6738=CARTESIAN_POINT('',(79.75,-93.5,2.5));
#6739=CARTESIAN_POINT('',(160.5,-93.5,0.));
#6740=CARTESIAN_POINT('Origin',(160.5,93.5,0.));
#6741=CARTESIAN_POINT('',(160.5,93.5,2.5));
#6742=CARTESIAN_POINT('',(160.5,45.,2.5));
#6743=CARTESIAN_POINT('',(160.5,93.5,0.));
#6744=CARTESIAN_POINT('Origin',(155.5,-85.5,0.));
#6745=CARTESIAN_POINT('',(155.5,-85.5,2.5));
#6746=CARTESIAN_POINT('',(155.5,91.5,2.5));
#6747=CARTESIAN_POINT('',(155.5,-44.5,2.5));
#6748=CARTESIAN_POINT('',(155.5,-85.5,0.));
#6749=CARTESIAN_POINT('',(155.5,91.5,0.));
#6750=CARTESIAN_POINT('Origin',(155.5,91.5,0.));
#6751=CARTESIAN_POINT('',(-157.5,91.5,2.5));
#6752=CARTESIAN_POINT('',(77.25,91.5,2.5));
#6753=CARTESIAN_POINT('',(-157.5,91.5,0.));
#6754=CARTESIAN_POINT('Origin',(-157.5,91.5,0.));
#6755=CARTESIAN_POINT('',(-157.5,-85.5,2.5));
#6756=CARTESIAN_POINT('',(-157.5,44.,2.5));
#6757=CARTESIAN_POINT('',(-157.5,-85.5,0.));
#6758=CARTESIAN_POINT('Origin',(-157.5,-85.5,0.));
#6759=CARTESIAN_POINT('',(-79.25,-85.5,2.5));
#6760=CARTESIAN_POINT('Origin',(131.5,-99.5,0.));
#6761=CARTESIAN_POINT('',(131.5,-99.5,2.5));
#6762=CARTESIAN_POINT('',(65.25,-99.5,2.5));
#6763=CARTESIAN_POINT('',(131.5,-99.5,0.));
#6764=CARTESIAN_POINT('Origin',(131.5,-93.5,0.));
#6765=CARTESIAN_POINT('',(131.5,-48.5,2.5));
#6766=CARTESIAN_POINT('Origin',(140.5,93.5,0.));
#6767=CARTESIAN_POINT('',(69.75,93.5,2.5));
#6768=CARTESIAN_POINT('Origin',(-131.5,-99.5,0.));
#6769=CARTESIAN_POINT('',(-131.5,-99.5,2.5));
#6770=CARTESIAN_POINT('',(-131.5,-51.5,2.5));
#6771=CARTESIAN_POINT('',(-131.5,-99.5,0.));
#6772=CARTESIAN_POINT('Origin',(-118.5,-99.5,0.));
#6773=CARTESIAN_POINT('',(-59.75,-99.5,2.5));
#6774=CARTESIAN_POINT('Origin',(-1.00000000000001,-3.49999999999998,2.5));
#6775=CARTESIAN_POINT('Origin',(131.25,96.5,0.));
#6776=CARTESIAN_POINT('',(130.25,96.5,1.2));
#6777=CARTESIAN_POINT('Origin',(131.25,96.5,1.2));
#6778=CARTESIAN_POINT('',(130.25,96.5,0.));
#6779=CARTESIAN_POINT('',(130.25,96.5,0.));
#6780=CARTESIAN_POINT('Origin',(131.25,96.5,0.));
#6781=CARTESIAN_POINT('Origin',(136.75,96.5,0.));
#6782=CARTESIAN_POINT('',(135.75,96.5,1.2));
#6783=CARTESIAN_POINT('Origin',(136.75,96.5,1.2));
#6784=CARTESIAN_POINT('',(135.75,96.5,0.));
#6785=CARTESIAN_POINT('',(135.75,96.5,0.));
#6786=CARTESIAN_POINT('Origin',(136.75,96.5,0.));
#6787=CARTESIAN_POINT('Origin',(127.5,94.,0.));
#6788=CARTESIAN_POINT('',(140.,94.,0.));
#6789=CARTESIAN_POINT('',(128.,94.,0.));
#6790=CARTESIAN_POINT('',(63.25,94.,0.));
#6791=CARTESIAN_POINT('',(140.,94.,1.2));
#6792=CARTESIAN_POINT('',(140.,94.,0.));
#6793=CARTESIAN_POINT('',(128.,94.,1.2));
#6794=CARTESIAN_POINT('',(130.75,94.,1.2));
#6795=CARTESIAN_POINT('',(128.,94.,0.));
#6796=CARTESIAN_POINT('Origin',(128.,98.5,0.));
#6797=CARTESIAN_POINT('',(128.,98.,0.));
#6798=CARTESIAN_POINT('',(128.,70.0000003669411,0.));
#6799=CARTESIAN_POINT('',(128.,98.,1.2));
#6800=CARTESIAN_POINT('',(128.,97.25,1.2));
#6801=CARTESIAN_POINT('',(128.,98.,0.));
#6802=CARTESIAN_POINT('Origin',(140.5,98.,0.));
#6803=CARTESIAN_POINT('',(140.,98.,0.));
#6804=CARTESIAN_POINT('',(69.75,98.,0.));
#6805=CARTESIAN_POINT('',(140.,98.,1.2));
#6806=CARTESIAN_POINT('',(137.25,98.,1.2));
#6807=CARTESIAN_POINT('',(140.,98.,0.));
#6808=CARTESIAN_POINT('Origin',(140.,93.5,0.));
#6809=CARTESIAN_POINT('',(140.,67.5000003669411,0.));
#6810=CARTESIAN_POINT('',(140.,94.75,1.2));
#6811=CARTESIAN_POINT('Origin',(134.,96.,1.2));
#6812=CARTESIAN_POINT('Origin',(-1.00000000000001,41.5000007338822,0.));
#6813=CARTESIAN_POINT('Origin',(-1.00000000000001,41.5000007338822,0.));
#6814=CARTESIAN_POINT('Origin',(-127.75,-96.5,0.));
#6815=CARTESIAN_POINT('',(-128.75,-96.5,1.2));
#6816=CARTESIAN_POINT('Origin',(-127.75,-96.5,1.2));
#6817=CARTESIAN_POINT('',(-128.75,-96.5,-5.));
#6818=CARTESIAN_POINT('',(-128.75,-96.5,0.));
#6819=CARTESIAN_POINT('Origin',(-127.75,-96.5,-5.));
#6820=CARTESIAN_POINT('Origin',(-122.25,-96.5,0.));
#6821=CARTESIAN_POINT('',(-123.25,-96.5,1.2));
#6822=CARTESIAN_POINT('Origin',(-122.25,-96.5,1.2));
#6823=CARTESIAN_POINT('',(-123.25,-96.5,-5.));
#6824=CARTESIAN_POINT('',(-123.25,-96.5,0.));
#6825=CARTESIAN_POINT('Origin',(-122.25,-96.5,-5.));
#6826=CARTESIAN_POINT('Origin',(-131.5,-99.5,0.));
#6827=CARTESIAN_POINT('',(-118.5,-99.5,1.2));
#6828=CARTESIAN_POINT('',(-118.5,-99.5,-5.));
#6829=CARTESIAN_POINT('',(-118.5,-99.5,0.));
#6830=CARTESIAN_POINT('',(-131.5,-99.5,1.2));
#6831=CARTESIAN_POINT('',(-131.5,-99.5,1.2));
#6832=CARTESIAN_POINT('',(-131.5,-99.5,-5.));
#6833=CARTESIAN_POINT('',(-131.5,-99.5,0.));
#6834=CARTESIAN_POINT('',(-66.25,-99.5,-5.));
#6835=CARTESIAN_POINT('Origin',(-131.5,-93.5,0.));
#6836=CARTESIAN_POINT('',(-131.5,-94.,1.2));
#6837=CARTESIAN_POINT('',(-131.5,-93.5,1.2));
#6838=CARTESIAN_POINT('',(-131.5,-94.,-5.));
#6839=CARTESIAN_POINT('',(-131.5,-94.,0.));
#6840=CARTESIAN_POINT('',(-131.5,-77.,-5.));
#6841=CARTESIAN_POINT('Origin',(-118.5,-94.,0.));
#6842=CARTESIAN_POINT('',(-129.512759796805,-93.9999999999999,-5.));
#6843=CARTESIAN_POINT('',(-129.512759796805,-93.9999999999999,-4.));
#6844=CARTESIAN_POINT('',(-129.512759796805,-93.9999999999999,-5.));
#6845=CARTESIAN_POINT('',(-59.75,-94.,-5.));
#6846=CARTESIAN_POINT('',(-118.5,-94.,1.2));
#6847=CARTESIAN_POINT('',(-121.75,-94.,1.2));
#6848=CARTESIAN_POINT('',(-118.5,-94.,-5.));
#6849=CARTESIAN_POINT('',(-118.5,-94.,0.));
#6850=CARTESIAN_POINT('',(-126.227240203195,-94.,-5.));
#6851=CARTESIAN_POINT('',(-59.75,-94.,-5.));
#6852=CARTESIAN_POINT('',(-126.227240203195,-94.,-4.));
#6853=CARTESIAN_POINT('',(-126.227240203195,-94.,-5.));
#6854=CARTESIAN_POINT('',(-162.,-94.,-4.));
#6855=CARTESIAN_POINT('Origin',(-118.5,-99.5,0.));
#6856=CARTESIAN_POINT('',(-118.5,-99.5,1.2));
#6857=CARTESIAN_POINT('',(-118.5,-80.,-5.));
#6858=CARTESIAN_POINT('Origin',(-125.,-96.5,1.2));
#6859=CARTESIAN_POINT('Origin',(-1.00000000000001,-60.5,-5.));
#6860=CARTESIAN_POINT('Origin',(-1.00000000000001,-60.5,-5.));
#6861=CARTESIAN_POINT('Origin',(-131.25,96.5,0.));
#6862=CARTESIAN_POINT('',(-132.25,96.5,1.2));
#6863=CARTESIAN_POINT('Origin',(-131.25,96.5,1.2));
#6864=CARTESIAN_POINT('',(-132.25,96.5,0.));
#6865=CARTESIAN_POINT('',(-132.25,96.5,0.));
#6866=CARTESIAN_POINT('Origin',(-131.25,96.5,0.));
#6867=CARTESIAN_POINT('Origin',(-136.75,96.5,0.));
#6868=CARTESIAN_POINT('',(-137.75,96.5,1.2));
#6869=CARTESIAN_POINT('Origin',(-136.75,96.5,1.2));
#6870=CARTESIAN_POINT('',(-137.75,96.5,0.));
#6871=CARTESIAN_POINT('',(-137.75,96.5,0.));
#6872=CARTESIAN_POINT('Origin',(-136.75,96.5,0.));
#6873=CARTESIAN_POINT('Origin',(-127.500002093613,98.0000014677644,0.));
#6874=CARTESIAN_POINT('',(-140.000002093613,98.0000014677644,0.));
#6875=CARTESIAN_POINT('',(-128.,98.0000014677644,0.));
#6876=CARTESIAN_POINT('',(-64.2500010468066,98.0000014677644,0.));
#6877=CARTESIAN_POINT('',(-140.000002093613,98.0000014677644,1.2));
#6878=CARTESIAN_POINT('',(-140.000002093613,98.0000014677644,0.));
#6879=CARTESIAN_POINT('',(-128.,98.0000014677644,1.2));
#6880=CARTESIAN_POINT('',(-130.75000157021,98.0000014677644,1.2));
#6881=CARTESIAN_POINT('',(-128.,98.0000014677644,0.));
#6882=CARTESIAN_POINT('Origin',(-128.,93.5,0.));
#6883=CARTESIAN_POINT('',(-128.,94.,0.));
#6884=CARTESIAN_POINT('',(-128.,67.5000003669411,0.));
#6885=CARTESIAN_POINT('',(-128.,94.,1.2));
#6886=CARTESIAN_POINT('',(-128.,94.7500003669411,1.2));
#6887=CARTESIAN_POINT('',(-128.,94.,0.));
#6888=CARTESIAN_POINT('Origin',(-140.5,94.,0.));
#6889=CARTESIAN_POINT('',(-140.000002093613,94.,0.));
#6890=CARTESIAN_POINT('',(-70.75,94.,0.));
#6891=CARTESIAN_POINT('',(-140.000002093613,94.,1.2));
#6892=CARTESIAN_POINT('',(-137.250000523403,94.,1.2));
#6893=CARTESIAN_POINT('',(-140.000002093613,94.,0.));
#6894=CARTESIAN_POINT('Origin',(-140.000002093613,98.5000014677644,0.));
#6895=CARTESIAN_POINT('',(-140.000002093613,70.0000011008233,0.));
#6896=CARTESIAN_POINT('',(-140.000002093613,97.2500011008233,1.2));
#6897=CARTESIAN_POINT('Origin',(-134.000001046807,96.0000007338822,1.2));
#6898=CARTESIAN_POINT('Origin',(-1.00000000000001,41.5000007338822,0.));
#6899=CARTESIAN_POINT('Origin',(-1.00000000000001,41.5000007338822,0.));
#6900=CARTESIAN_POINT('Origin',(127.75,-96.5,0.));
#6901=CARTESIAN_POINT('',(126.75,-96.5,1.2));
#6902=CARTESIAN_POINT('Origin',(127.75,-96.5,1.2));
#6903=CARTESIAN_POINT('',(126.75,-96.5,-5.));
#6904=CARTESIAN_POINT('',(126.75,-96.5,0.));
#6905=CARTESIAN_POINT('Origin',(127.75,-96.5,-5.));
#6906=CARTESIAN_POINT('Origin',(122.25,-96.5,0.));
#6907=CARTESIAN_POINT('',(121.25,-96.5,1.2));
#6908=CARTESIAN_POINT('Origin',(122.25,-96.5,1.2));
#6909=CARTESIAN_POINT('',(121.25,-96.5,-5.));
#6910=CARTESIAN_POINT('',(121.25,-96.5,0.));
#6911=CARTESIAN_POINT('Origin',(122.25,-96.5,-5.));
#6912=CARTESIAN_POINT('Origin',(118.5,-93.5,0.));
#6913=CARTESIAN_POINT('',(118.5,-99.5,1.2));
#6914=CARTESIAN_POINT('',(118.5,-99.5,-5.));
#6915=CARTESIAN_POINT('',(118.5,-99.5,0.));
#6916=CARTESIAN_POINT('',(118.5,-94.,1.2));
#6917=CARTESIAN_POINT('',(118.5,-99.5,1.2));
#6918=CARTESIAN_POINT('',(118.5,-94.,-5.));
#6919=CARTESIAN_POINT('',(118.5,-94.,0.));
#6920=CARTESIAN_POINT('',(118.5,-77.,-5.));
#6921=CARTESIAN_POINT('Origin',(131.5,-94.,0.));
#6922=CARTESIAN_POINT('',(131.5,-94.,1.2));
#6923=CARTESIAN_POINT('',(128.25,-94.,1.2));
#6924=CARTESIAN_POINT('',(131.5,-94.,-5.));
#6925=CARTESIAN_POINT('',(131.5,-94.,0.));
#6926=CARTESIAN_POINT('',(65.25,-94.,-5.));
#6927=CARTESIAN_POINT('Origin',(131.5,-99.5,0.));
#6928=CARTESIAN_POINT('',(131.5,-99.5,1.2));
#6929=CARTESIAN_POINT('',(131.5,-93.5,1.2));
#6930=CARTESIAN_POINT('',(131.5,-99.5,-5.));
#6931=CARTESIAN_POINT('',(131.5,-99.5,0.));
#6932=CARTESIAN_POINT('',(131.5,-80.,-5.));
#6933=CARTESIAN_POINT('Origin',(118.5,-99.5,0.));
#6934=CARTESIAN_POINT('',(131.5,-99.5,1.2));
#6935=CARTESIAN_POINT('',(58.75,-99.5,-5.));
#6936=CARTESIAN_POINT('Origin',(125.,-96.5,1.2));
#6937=CARTESIAN_POINT('Origin',(-1.00000000000001,-60.5,-5.));
#6938=CARTESIAN_POINT('Origin',(-1.00000000000001,-60.5,-5.));
#6939=CARTESIAN_POINT('Origin',(-162.2,-17.8,0.));
#6940=CARTESIAN_POINT('',(-164.5,-17.8,-1.5));
#6941=CARTESIAN_POINT('',(-162.2,-15.5,-1.5));
#6942=CARTESIAN_POINT('Origin',(-162.2,-17.8,-1.5));
#6943=CARTESIAN_POINT('',(-162.2,-15.5,-6.5));
#6944=CARTESIAN_POINT('',(-162.2,-15.5,0.));
#6945=CARTESIAN_POINT('',(-164.5,-17.8,-6.5));
#6946=CARTESIAN_POINT('Origin',(-162.2,-17.8,-6.5));
#6947=CARTESIAN_POINT('',(-164.5,-17.8,0.));
#6948=CARTESIAN_POINT('Origin',(-164.5,-17.,0.));
#6949=CARTESIAN_POINT('',(-163.,-17.,0.));
#6950=CARTESIAN_POINT('',(-163.,-17.,-5.));
#6951=CARTESIAN_POINT('',(-163.,-17.,0.));
#6952=CARTESIAN_POINT('',(161.,-17.,-5.));
#6953=CARTESIAN_POINT('',(-82.75,-17.,-5.));
#6954=CARTESIAN_POINT('',(161.,-17.,0.));
#6955=CARTESIAN_POINT('',(161.,-17.,0.));
#6956=CARTESIAN_POINT('',(-82.75,-17.,0.));
#6957=CARTESIAN_POINT('Origin',(-130.,-103.,0.));
#6958=CARTESIAN_POINT('',(-132.828427124746,-104.,0.));
#6959=CARTESIAN_POINT('',(-132.828427124746,-104.,-5.));
#6960=CARTESIAN_POINT('',(-132.828427124746,-104.,0.));
#6961=CARTESIAN_POINT('',(-127.171572875254,-104.,0.));
#6962=CARTESIAN_POINT('Origin',(-130.,-103.,0.));
#6963=CARTESIAN_POINT('',(-127.171572875254,-104.,-5.));
#6964=CARTESIAN_POINT('',(-127.171572875254,-104.,0.));
#6965=CARTESIAN_POINT('Origin',(-130.,-103.,-5.));
#6966=CARTESIAN_POINT('Origin',(128.,-103.,0.));
#6967=CARTESIAN_POINT('',(130.828427124746,-104.,-5.));
#6968=CARTESIAN_POINT('',(130.828427124746,-104.,0.));
#6969=CARTESIAN_POINT('',(130.828427124746,-104.,0.));
#6970=CARTESIAN_POINT('',(125.171572875254,-104.,-5.));
#6971=CARTESIAN_POINT('Origin',(128.,-103.,-5.));
#6972=CARTESIAN_POINT('',(125.171572875254,-104.,0.));
#6973=CARTESIAN_POINT('',(125.171572875254,-104.,0.));
#6974=CARTESIAN_POINT('Origin',(128.,-103.,0.));
#6975=CARTESIAN_POINT('Origin',(161.,98.5,0.));
#6976=CARTESIAN_POINT('',(161.,-100.171572875254,-5.));
#6977=CARTESIAN_POINT('',(161.,-100.171572875254,0.));
#6978=CARTESIAN_POINT('',(161.,-100.171572875254,0.));
#6979=CARTESIAN_POINT('',(161.,70.0000003669411,0.));
#6980=CARTESIAN_POINT('',(161.,19.,-5.));
#6981=CARTESIAN_POINT('Origin',(160.,-103.,0.));
#6982=CARTESIAN_POINT('',(157.171572875254,-104.,0.));
#6983=CARTESIAN_POINT('',(157.171572875254,-104.,-5.));
#6984=CARTESIAN_POINT('',(157.171572875254,-104.,0.));
#6985=CARTESIAN_POINT('Origin',(160.,-103.,0.));
#6986=CARTESIAN_POINT('Origin',(160.,-103.,-5.));
#6987=CARTESIAN_POINT('Origin',(162.5,-104.,0.));
#6988=CARTESIAN_POINT('',(-143.171572875254,-104.,-5.));
#6989=CARTESIAN_POINT('',(-143.171572875254,-104.,0.));
#6990=CARTESIAN_POINT('',(-143.171572875254,-104.,0.));
#6991=CARTESIAN_POINT('',(80.75,-104.,0.));
#6992=CARTESIAN_POINT('',(80.75,-104.,-5.));
#6993=CARTESIAN_POINT('Origin',(-146.,-103.,0.));
#6994=CARTESIAN_POINT('',(-148.828427124746,-104.,-5.));
#6995=CARTESIAN_POINT('Origin',(-146.,-103.,-5.));
#6996=CARTESIAN_POINT('',(-148.828427124746,-104.,0.));
#6997=CARTESIAN_POINT('',(-148.828427124746,-104.,0.));
#6998=CARTESIAN_POINT('Origin',(-146.,-103.,0.));
#6999=CARTESIAN_POINT('Origin',(162.5,-104.,0.));
#7000=CARTESIAN_POINT('',(-116.828427124746,-104.,0.));
#7001=CARTESIAN_POINT('',(-116.828427124746,-104.,-5.));
#7002=CARTESIAN_POINT('',(-116.828427124746,-104.,0.));
#7003=CARTESIAN_POINT('',(80.75,-104.,-5.));
#7004=CARTESIAN_POINT('',(80.75,-104.,0.));
#7005=CARTESIAN_POINT('Origin',(-114.,-103.,0.));
#7006=CARTESIAN_POINT('',(-111.171572875254,-104.,-5.));
#7007=CARTESIAN_POINT('',(-111.171572875254,-104.,0.));
#7008=CARTESIAN_POINT('',(-111.171572875254,-104.,0.));
#7009=CARTESIAN_POINT('Origin',(-114.,-103.,-5.));
#7010=CARTESIAN_POINT('Origin',(-114.,-103.,0.));
#7011=CARTESIAN_POINT('Origin',(162.5,-104.,0.));
#7012=CARTESIAN_POINT('',(146.828427124746,-104.,-5.));
#7013=CARTESIAN_POINT('',(146.828427124746,-104.,0.));
#7014=CARTESIAN_POINT('',(146.828427124746,-104.,0.));
#7015=CARTESIAN_POINT('',(80.75,-104.,0.));
#7016=CARTESIAN_POINT('',(80.75,-104.,-5.));
#7017=CARTESIAN_POINT('Origin',(162.5,-104.,0.));
#7018=CARTESIAN_POINT('',(141.171572875254,-104.,0.));
#7019=CARTESIAN_POINT('',(141.171572875254,-104.,-5.));
#7020=CARTESIAN_POINT('',(141.171572875254,-104.,0.));
#7021=CARTESIAN_POINT('',(80.75,-104.,-5.));
#7022=CARTESIAN_POINT('',(80.75,-104.,0.));
#7023=CARTESIAN_POINT('Origin',(144.,-103.,0.));
#7024=CARTESIAN_POINT('Origin',(144.,-103.,-5.));
#7025=CARTESIAN_POINT('Origin',(144.,-103.,0.));
#7026=CARTESIAN_POINT('Origin',(162.5,-104.,0.));
#7027=CARTESIAN_POINT('',(114.828427124746,-104.,-5.));
#7028=CARTESIAN_POINT('',(114.828427124746,-104.,0.));
#7029=CARTESIAN_POINT('',(114.828427124746,-104.,0.));
#7030=CARTESIAN_POINT('',(80.75,-104.,0.));
#7031=CARTESIAN_POINT('',(80.75,-104.,-5.));
#7032=CARTESIAN_POINT('Origin',(162.5,-104.,0.));
#7033=CARTESIAN_POINT('',(109.171572875254,-104.,0.));
#7034=CARTESIAN_POINT('',(109.171572875254,-104.,-5.));
#7035=CARTESIAN_POINT('',(109.171572875254,-104.,0.));
#7036=CARTESIAN_POINT('',(80.75,-104.,-5.));
#7037=CARTESIAN_POINT('',(80.75,-104.,0.));
#7038=CARTESIAN_POINT('Origin',(112.,-103.,0.));
#7039=CARTESIAN_POINT('Origin',(112.,-103.,-5.));
#7040=CARTESIAN_POINT('Origin',(112.,-103.,0.));
#7041=CARTESIAN_POINT('Origin',(-163.,-15.5,0.));
#7042=CARTESIAN_POINT('',(-163.,-76.7947058244953,-4.30639484617765));
#7043=CARTESIAN_POINT('',(-163.,-77.4082343221888,-5.));
#7044=CARTESIAN_POINT('',(-163.,-62.8229724975019,11.4889044428796));
#7045=CARTESIAN_POINT('',(-163.,-38.,-5.));
#7046=CARTESIAN_POINT('',(-163.,-75.57,0.));
#7047=CARTESIAN_POINT('',(-163.,13.0000003669411,0.));
#7048=CARTESIAN_POINT('',(-163.,-75.57,-3.91516937446387));
#7049=CARTESIAN_POINT('',(-163.,-75.57,-1.95758468723194));
#7050=CARTESIAN_POINT('',(-163.,-48.361033072924,4.77658394946325));
#7051=CARTESIAN_POINT('',(-163.,-59.93,-3.075));
#7052=CARTESIAN_POINT('',(-163.,-61.405,-4.54999999999999));
#7053=CARTESIAN_POINT('Origin',(-163.,-61.405,-3.075));
#7054=CARTESIAN_POINT('',(-163.,-67.695,-4.55));
#7055=CARTESIAN_POINT('',(-163.,-41.5975,-4.55));
#7056=CARTESIAN_POINT('',(-163.,-69.17,-3.075));
#7057=CARTESIAN_POINT('Origin',(-163.,-67.695,-3.075));
#7058=CARTESIAN_POINT('',(-163.,-69.17,-2.475));
#7059=CARTESIAN_POINT('',(-163.,-69.17,-1.2375));
#7060=CARTESIAN_POINT('',(-163.,-67.695,-1.00000000000001));
#7061=CARTESIAN_POINT('Origin',(-163.,-67.695,-2.475));
#7062=CARTESIAN_POINT('',(-163.,-61.405,-1.));
#7063=CARTESIAN_POINT('',(-163.,-38.4525,-1.));
#7064=CARTESIAN_POINT('',(-163.,-59.93,-2.475));
#7065=CARTESIAN_POINT('Origin',(-163.,-61.405,-2.475));
#7066=CARTESIAN_POINT('',(-163.,-59.93,-1.5375));
#7067=CARTESIAN_POINT('',(-163.,-45.0000006556511,-1.025));
#7068=CARTESIAN_POINT('',(-163.,-45.0000006556511,-3.025));
#7069=CARTESIAN_POINT('',(-163.,-45.0000006556511,-1.5125));
#7070=CARTESIAN_POINT('',(-163.,-55.5000008121133,-3.025));
#7071=CARTESIAN_POINT('',(-163.,-35.5000004060566,-3.025));
#7072=CARTESIAN_POINT('',(-163.,-55.5000008121133,-1.025));
#7073=CARTESIAN_POINT('',(-163.,-55.5000008121133,-0.5125));
#7074=CARTESIAN_POINT('',(-163.,-30.2500003278255,-1.025));
#7075=CARTESIAN_POINT('Origin',(162.5,-104.,0.));
#7076=CARTESIAN_POINT('',(-159.171572875254,-104.,-5.));
#7077=CARTESIAN_POINT('',(-159.171572875254,-104.,0.));
#7078=CARTESIAN_POINT('',(-159.171572875254,-104.,0.));
#7079=CARTESIAN_POINT('',(80.75,-104.,0.));
#7080=CARTESIAN_POINT('',(80.75,-104.,-5.));
#7081=CARTESIAN_POINT('Origin',(-162.,-103.,0.));
#7082=CARTESIAN_POINT('',(-163.,-100.171572875254,-5.));
#7083=CARTESIAN_POINT('Origin',(-162.,-103.,-5.));
#7084=CARTESIAN_POINT('',(-163.,-100.171572875254,0.));
#7085=CARTESIAN_POINT('',(-163.,-100.171572875254,0.));
#7086=CARTESIAN_POINT('Origin',(-162.,-103.,0.));
#7087=CARTESIAN_POINT('Origin',(-162.2,-103.2,0.));
#7088=CARTESIAN_POINT('',(-164.5,-103.2,-6.5));
#7089=CARTESIAN_POINT('',(-162.2,-105.5,-6.5));
#7090=CARTESIAN_POINT('Origin',(-162.2,-103.2,-6.5));
#7091=CARTESIAN_POINT('',(-162.2,-105.5,0.));
#7092=CARTESIAN_POINT('',(-162.2,-105.5,0.));
#7093=CARTESIAN_POINT('',(-164.5,-103.2,0.));
#7094=CARTESIAN_POINT('Origin',(-162.2,-103.2,0.));
#7095=CARTESIAN_POINT('',(-164.5,-103.2,0.));
#7096=CARTESIAN_POINT('Origin',(162.5,-105.5,0.));
#7097=CARTESIAN_POINT('',(160.2,-105.5,0.));
#7098=CARTESIAN_POINT('',(160.2,-105.5,-6.5));
#7099=CARTESIAN_POINT('',(160.2,-105.5,0.));
#7100=CARTESIAN_POINT('',(162.5,-105.5,0.));
#7101=CARTESIAN_POINT('',(162.5,-105.5,-6.5));
#7102=CARTESIAN_POINT('Origin',(160.2,-103.2,0.));
#7103=CARTESIAN_POINT('',(162.5,-103.2,-6.5));
#7104=CARTESIAN_POINT('Origin',(160.2,-103.2,-6.5));
#7105=CARTESIAN_POINT('',(162.5,-103.2,0.));
#7106=CARTESIAN_POINT('',(162.5,-103.2,0.));
#7107=CARTESIAN_POINT('Origin',(160.2,-103.2,0.));
#7108=CARTESIAN_POINT('Origin',(160.2,-17.8,0.));
#7109=CARTESIAN_POINT('',(160.2,-15.5,-1.5));
#7110=CARTESIAN_POINT('',(162.5,-17.8,-1.5));
#7111=CARTESIAN_POINT('Origin',(160.2,-17.8,-1.5));
#7112=CARTESIAN_POINT('',(162.5,-17.8,-6.5));
#7113=CARTESIAN_POINT('',(162.5,-17.8,0.));
#7114=CARTESIAN_POINT('',(160.2,-15.5,-6.5));
#7115=CARTESIAN_POINT('Origin',(160.2,-17.8,-6.5));
#7116=CARTESIAN_POINT('',(160.2,-15.5,0.));
#7117=CARTESIAN_POINT('Origin',(160.,-103.,0.));
#7118=CARTESIAN_POINT('',(158.85,-103.,-6.));
#7119=CARTESIAN_POINT('Origin',(160.,-103.,-6.));
#7120=CARTESIAN_POINT('',(158.85,-103.,0.));
#7121=CARTESIAN_POINT('',(158.85,-103.,0.));
#7122=CARTESIAN_POINT('Origin',(160.,-103.,0.));
#7123=CARTESIAN_POINT('Origin',(160.,-103.,-6.25));
#7124=CARTESIAN_POINT('',(158.35,-103.,-6.5));
#7125=CARTESIAN_POINT('Origin',(160.,-103.,-6.5));
#7126=CARTESIAN_POINT('',(158.6,-103.,-6.25));
#7127=CARTESIAN_POINT('Origin',(144.,-103.,0.));
#7128=CARTESIAN_POINT('',(142.85,-103.,-6.));
#7129=CARTESIAN_POINT('Origin',(144.,-103.,-6.));
#7130=CARTESIAN_POINT('',(142.85,-103.,0.));
#7131=CARTESIAN_POINT('',(142.85,-103.,0.));
#7132=CARTESIAN_POINT('Origin',(144.,-103.,0.));
#7133=CARTESIAN_POINT('Origin',(144.,-103.,-6.25));
#7134=CARTESIAN_POINT('',(142.35,-103.,-6.5));
#7135=CARTESIAN_POINT('Origin',(144.,-103.,-6.5));
#7136=CARTESIAN_POINT('',(142.6,-103.,-6.25));
#7137=CARTESIAN_POINT('Origin',(128.,-103.,0.));
#7138=CARTESIAN_POINT('',(126.85,-103.,-6.));
#7139=CARTESIAN_POINT('Origin',(128.,-103.,-6.));
#7140=CARTESIAN_POINT('',(126.85,-103.,0.));
#7141=CARTESIAN_POINT('',(126.85,-103.,0.));
#7142=CARTESIAN_POINT('Origin',(128.,-103.,0.));
#7143=CARTESIAN_POINT('Origin',(128.,-103.,-6.25));
#7144=CARTESIAN_POINT('',(126.35,-103.,-6.5));
#7145=CARTESIAN_POINT('Origin',(128.,-103.,-6.5));
#7146=CARTESIAN_POINT('',(126.6,-103.,-6.25));
#7147=CARTESIAN_POINT('Origin',(112.,-103.,0.));
#7148=CARTESIAN_POINT('',(110.85,-103.,-6.));
#7149=CARTESIAN_POINT('Origin',(112.,-103.,-6.));
#7150=CARTESIAN_POINT('',(110.85,-103.,0.));
#7151=CARTESIAN_POINT('',(110.85,-103.,0.));
#7152=CARTESIAN_POINT('Origin',(112.,-103.,0.));
#7153=CARTESIAN_POINT('Origin',(112.,-103.,-6.25));
#7154=CARTESIAN_POINT('',(110.35,-103.,-6.5));
#7155=CARTESIAN_POINT('Origin',(112.,-103.,-6.5));
#7156=CARTESIAN_POINT('',(110.6,-103.,-6.25));
#7157=CARTESIAN_POINT('Origin',(-114.,-103.,0.));
#7158=CARTESIAN_POINT('',(-115.15,-103.,-6.));
#7159=CARTESIAN_POINT('Origin',(-114.,-103.,-6.));
#7160=CARTESIAN_POINT('',(-115.15,-103.,0.));
#7161=CARTESIAN_POINT('',(-115.15,-103.,0.));
#7162=CARTESIAN_POINT('Origin',(-114.,-103.,0.));
#7163=CARTESIAN_POINT('Origin',(-114.,-103.,-6.25));
#7164=CARTESIAN_POINT('',(-115.65,-103.,-6.5));
#7165=CARTESIAN_POINT('Origin',(-114.,-103.,-6.5));
#7166=CARTESIAN_POINT('',(-115.4,-103.,-6.25));
#7167=CARTESIAN_POINT('Origin',(-130.,-103.,0.));
#7168=CARTESIAN_POINT('',(-131.15,-103.,-6.));
#7169=CARTESIAN_POINT('Origin',(-130.,-103.,-6.));
#7170=CARTESIAN_POINT('',(-131.15,-103.,0.));
#7171=CARTESIAN_POINT('',(-131.15,-103.,0.));
#7172=CARTESIAN_POINT('Origin',(-130.,-103.,0.));
#7173=CARTESIAN_POINT('Origin',(-130.,-103.,-6.25));
#7174=CARTESIAN_POINT('',(-131.65,-103.,-6.5));
#7175=CARTESIAN_POINT('Origin',(-130.,-103.,-6.5));
#7176=CARTESIAN_POINT('',(-131.4,-103.,-6.25));
#7177=CARTESIAN_POINT('Origin',(-146.,-103.,0.));
#7178=CARTESIAN_POINT('',(-147.15,-103.,-6.));
#7179=CARTESIAN_POINT('Origin',(-146.,-103.,-6.));
#7180=CARTESIAN_POINT('',(-147.15,-103.,0.));
#7181=CARTESIAN_POINT('',(-147.15,-103.,0.));
#7182=CARTESIAN_POINT('Origin',(-146.,-103.,0.));
#7183=CARTESIAN_POINT('Origin',(-146.,-103.,-6.25));
#7184=CARTESIAN_POINT('',(-147.65,-103.,-6.5));
#7185=CARTESIAN_POINT('Origin',(-146.,-103.,-6.5));
#7186=CARTESIAN_POINT('',(-147.4,-103.,-6.25));
#7187=CARTESIAN_POINT('Origin',(-162.,-103.,0.));
#7188=CARTESIAN_POINT('',(-163.15,-103.,-6.));
#7189=CARTESIAN_POINT('Origin',(-162.,-103.,-6.));
#7190=CARTESIAN_POINT('',(-163.15,-103.,0.));
#7191=CARTESIAN_POINT('',(-163.15,-103.,0.));
#7192=CARTESIAN_POINT('Origin',(-162.,-103.,0.));
#7193=CARTESIAN_POINT('Origin',(-1.00000000000001,-60.5,-6.5));
#7194=CARTESIAN_POINT('',(-164.5,-15.5,-6.5));
#7195=CARTESIAN_POINT('',(162.5,-15.5,-6.5));
#7196=CARTESIAN_POINT('',(-164.5,-105.5,-6.5));
#7197=CARTESIAN_POINT('',(-163.65,-103.,-6.5));
#7198=CARTESIAN_POINT('Origin',(-162.,-103.,-6.5));
#7199=CARTESIAN_POINT('Origin',(-162.,-103.,-6.25));
#7200=CARTESIAN_POINT('',(-163.4,-103.,-6.25));
#7201=CARTESIAN_POINT('Origin',(-163.,-15.5,0.));
#7202=CARTESIAN_POINT('',(-163.,-88.7317656778114,-5.));
#7203=CARTESIAN_POINT('',(-163.,-89.3452941755051,-4.30639484617732));
#7204=CARTESIAN_POINT('',(-163.,-74.2059895155791,-21.4216548168034));
#7205=CARTESIAN_POINT('',(-163.,-90.5699999999999,-3.91516937446369));
#7206=CARTESIAN_POINT('',(-163.,-57.0780203469383,-14.6139962080814));
#7207=CARTESIAN_POINT('',(-163.,-90.5699999999999,0.));
#7208=CARTESIAN_POINT('',(-163.,-90.5699999999999,1.20136133273673E-13));
#7209=CARTESIAN_POINT('',(-163.,13.0000003669411,0.));
#7210=CARTESIAN_POINT('',(-163.,-38.,-5.));
#7211=CARTESIAN_POINT('Origin',(-1.00000000000001,-60.5,-5.));
#7212=CARTESIAN_POINT('',(-126.87,-92.1155,-5.));
#7213=CARTESIAN_POINT('Origin',(-127.87,-92.1155,-5.));
#7214=CARTESIAN_POINT('Origin',(-164.5,-55.5000008121133,-3.025));
#7215=CARTESIAN_POINT('',(-164.5,-45.0000006556511,-3.025));
#7216=CARTESIAN_POINT('',(-164.5,-45.0000006556511,-3.025));
#7217=CARTESIAN_POINT('',(-164.5,-55.5000008121133,-3.025));
#7218=CARTESIAN_POINT('',(-164.5,-35.5000004060566,-3.025));
#7219=CARTESIAN_POINT('',(-164.5,-55.5000008121133,-3.025));
#7220=CARTESIAN_POINT('Origin',(-164.5,-45.0000006556511,-3.025));
#7221=CARTESIAN_POINT('',(-164.5,-45.0000006556511,-1.025));
#7222=CARTESIAN_POINT('',(-164.5,-45.0000006556511,-1.025));
#7223=CARTESIAN_POINT('',(-164.5,-45.0000006556511,-1.5125));
#7224=CARTESIAN_POINT('Origin',(-164.5,-45.0000006556511,-1.025));
#7225=CARTESIAN_POINT('',(-164.5,-55.5000008121133,-1.025));
#7226=CARTESIAN_POINT('',(-164.5,-55.5000008121133,-1.025));
#7227=CARTESIAN_POINT('',(-164.5,-30.2500003278255,-1.025));
#7228=CARTESIAN_POINT('Origin',(-164.5,-55.5000008121133,-1.025));
#7229=CARTESIAN_POINT('',(-164.5,-55.5000008121133,-0.5125));
#7230=CARTESIAN_POINT('Origin',(-164.5,-69.17,-2.475));
#7231=CARTESIAN_POINT('',(-164.5,-69.17,-3.075));
#7232=CARTESIAN_POINT('',(-164.5,-69.17,-3.075));
#7233=CARTESIAN_POINT('',(-164.5,-69.17,-2.475));
#7234=CARTESIAN_POINT('',(-164.5,-69.17,-1.2375));
#7235=CARTESIAN_POINT('',(-164.5,-69.17,-2.475));
#7236=CARTESIAN_POINT('Origin',(-164.5,-67.695,-3.075));
#7237=CARTESIAN_POINT('',(-164.5,-67.695,-4.55));
#7238=CARTESIAN_POINT('',(-164.5,-67.695,-4.55));
#7239=CARTESIAN_POINT('Origin',(-164.5,-67.695,-3.075));
#7240=CARTESIAN_POINT('Origin',(-164.5,-67.695,-4.55));
#7241=CARTESIAN_POINT('',(-164.5,-61.405,-4.54999999999999));
#7242=CARTESIAN_POINT('',(-164.5,-61.405,-4.54999999999999));
#7243=CARTESIAN_POINT('',(-164.5,-41.5975,-4.55));
#7244=CARTESIAN_POINT('Origin',(-164.5,-61.405,-3.075));
#7245=CARTESIAN_POINT('',(-164.5,-59.93,-3.075));
#7246=CARTESIAN_POINT('',(-164.5,-59.93,-3.075));
#7247=CARTESIAN_POINT('Origin',(-164.5,-61.405,-3.075));
#7248=CARTESIAN_POINT('Origin',(-164.5,-59.93,-3.075));
#7249=CARTESIAN_POINT('',(-164.5,-59.93,-2.475));
#7250=CARTESIAN_POINT('',(-164.5,-59.93,-2.475));
#7251=CARTESIAN_POINT('',(-164.5,-59.93,-1.5375));
#7252=CARTESIAN_POINT('Origin',(-164.5,-61.405,-2.475));
#7253=CARTESIAN_POINT('',(-164.5,-61.405,-1.));
#7254=CARTESIAN_POINT('',(-164.5,-61.405,-1.));
#7255=CARTESIAN_POINT('Origin',(-164.5,-61.405,-2.475));
#7256=CARTESIAN_POINT('Origin',(-164.5,-61.405,-1.));
#7257=CARTESIAN_POINT('',(-164.5,-67.695,-1.00000000000001));
#7258=CARTESIAN_POINT('',(-164.5,-67.695,-1.00000000000001));
#7259=CARTESIAN_POINT('',(-164.5,-38.4525,-1.));
#7260=CARTESIAN_POINT('Origin',(-164.5,-67.695,-2.475));
#7261=CARTESIAN_POINT('Origin',(-164.5,-67.695,-2.475));
#7262=CARTESIAN_POINT('Origin',(-164.5,-88.245263131122,-5.55));
#7263=CARTESIAN_POINT('',(-164.5,-88.245263131122,-5.55));
#7264=CARTESIAN_POINT('',(-164.5,-77.8947368688781,-5.55));
#7265=CARTESIAN_POINT('',(-164.5,-51.872631565561,-5.55));
#7266=CARTESIAN_POINT('',(-154.5,-88.245263131122,-5.55));
#7267=CARTESIAN_POINT('',(-164.5,-88.245263131122,-5.55));
#7268=CARTESIAN_POINT('',(-154.5,-77.8947368688781,-5.55));
#7269=CARTESIAN_POINT('',(-154.5,-90.5699999999999,-5.55));
#7270=CARTESIAN_POINT('',(-164.5,-77.8947368688781,-5.55));
#7271=CARTESIAN_POINT('Origin',(-164.5,-77.8947368688781,-5.55));
#7272=CARTESIAN_POINT('',(-154.5,-77.4082343221888,-5.));
#7273=CARTESIAN_POINT('',(-82.75,-77.4082343221888,-5.));
#7274=CARTESIAN_POINT('',(-164.5,-76.7947058244953,-4.30639484617765));
#7275=CARTESIAN_POINT('',(-164.5,-76.7947058244953,-4.30639484617765));
#7276=CARTESIAN_POINT('',(-164.5,-62.8229724975019,11.4889044428796));
#7277=CARTESIAN_POINT('',(-154.5,-77.8947368688781,-5.55));
#7278=CARTESIAN_POINT('Origin',(-164.5,-76.7947058244953,-4.30639484617765));
#7279=CARTESIAN_POINT('',(-164.5,-75.57,-3.91516937446387));
#7280=CARTESIAN_POINT('',(-164.5,-75.57,-3.91516937446387));
#7281=CARTESIAN_POINT('',(-164.5,-48.361033072924,4.77658394946325));
#7282=CARTESIAN_POINT('Origin',(-164.5,-75.57,-3.91516937446387));
#7283=CARTESIAN_POINT('',(-164.5,-75.57,0.));
#7284=CARTESIAN_POINT('',(-82.75,-75.57,0.));
#7285=CARTESIAN_POINT('',(-164.5,-75.57,-1.95758468723194));
#7286=CARTESIAN_POINT('Origin',(-164.5,-90.5699999999999,0.));
#7287=CARTESIAN_POINT('',(-164.5,-90.5699999999999,-3.91516937446369));
#7288=CARTESIAN_POINT('',(-164.5,-90.5699999999999,-3.91516937446369));
#7289=CARTESIAN_POINT('',(-164.5,-90.5699999999999,0.));
#7290=CARTESIAN_POINT('',(-164.5,-90.5699999999999,1.20136133273673E-13));
#7291=CARTESIAN_POINT('',(-82.75,-90.5699999999999,0.));
#7292=CARTESIAN_POINT('Origin',(-164.5,-90.5699999999999,-3.91516937446369));
#7293=CARTESIAN_POINT('',(-164.5,-89.3452941755051,-4.30639484617732));
#7294=CARTESIAN_POINT('',(-164.5,-89.3452941755051,-4.30639484617732));
#7295=CARTESIAN_POINT('',(-164.5,-57.0780203469383,-14.6139962080814));
#7296=CARTESIAN_POINT('Origin',(-164.5,-89.3452941755051,-4.30639484617732));
#7297=CARTESIAN_POINT('',(-154.5,-88.7317656778114,-5.));
#7298=CARTESIAN_POINT('',(-82.75,-88.7317656778114,-5.));
#7299=CARTESIAN_POINT('',(-154.5,-88.245263131122,-5.55));
#7300=CARTESIAN_POINT('',(-164.5,-74.2059895155791,-21.4216548168034));
#7301=CARTESIAN_POINT('Origin',(-154.5,-83.07,-2.775));
#7302=CARTESIAN_POINT('',(-154.5,-71.785,-5.));
#7303=CARTESIAN_POINT('Origin',(-1.00000000000001,-60.5,-5.));
#7304=CARTESIAN_POINT('',(-148.38,-45.945,-5.));
#7305=CARTESIAN_POINT('Origin',(-149.38,-45.945,-5.));
#7306=CARTESIAN_POINT('Origin',(-127.87,-91.80775,-4.));
#7307=CARTESIAN_POINT('Origin',(-127.87,-92.1155,-4.));
#7308=CARTESIAN_POINT('',(-126.87,-92.1155,-4.));
#7309=CARTESIAN_POINT('Origin',(-127.87,-92.1155,-4.));
#7310=CARTESIAN_POINT('Origin',(-127.87,-92.1155,-5.));
#7311=CARTESIAN_POINT('Origin',(-127.87,-92.1155,-5.));
#7312=CARTESIAN_POINT('Origin',(-127.87,-92.1155,-5.));
#7313=CARTESIAN_POINT('',(-126.87,-92.1155,-5.));
#7314=CARTESIAN_POINT('Origin',(-1.00000000000001,-60.5,-5.));
#7315=CARTESIAN_POINT('',(-148.38,-92.115,-5.));
#7316=CARTESIAN_POINT('Origin',(-149.38,-92.115,-5.));
#7317=CARTESIAN_POINT('Origin',(-149.38,-46.2525,-4.));
#7318=CARTESIAN_POINT('',(-151.022186043054,-44.06,-4.));
#7319=CARTESIAN_POINT('',(-147.737813956946,-44.06,-4.));
#7320=CARTESIAN_POINT('Origin',(-149.38,-45.945,-4.));
#7321=CARTESIAN_POINT('',(-118.39,-44.06,-4.));
#7322=CARTESIAN_POINT('',(-148.38,-45.945,-4.));
#7323=CARTESIAN_POINT('Origin',(-149.38,-45.945,-4.));
#7324=CARTESIAN_POINT('Origin',(-149.38,-45.945,-5.));
#7325=CARTESIAN_POINT('',(-147.737813956946,-44.06,-5.));
#7326=CARTESIAN_POINT('',(-151.022186043054,-44.06,-5.));
#7327=CARTESIAN_POINT('Origin',(-149.38,-45.945,-5.));
#7328=CARTESIAN_POINT('',(-147.737813956946,-44.06,-5.));
#7329=CARTESIAN_POINT('',(-151.022186043054,-44.06,-5.));
#7330=CARTESIAN_POINT('Origin',(-147.737813956946,-44.06,-5.));
#7331=CARTESIAN_POINT('',(-74.3689069784732,-44.06,-5.));
#7332=CARTESIAN_POINT('Origin',(-149.38,-45.945,-5.));
#7333=CARTESIAN_POINT('',(-148.38,-45.945,-5.));
#7334=CARTESIAN_POINT('Origin',(-1.00000000000001,-60.5,-5.));
#7335=CARTESIAN_POINT('',(-126.87,-45.9445,-5.));
#7336=CARTESIAN_POINT('Origin',(-127.87,-45.9445,-5.));
#7337=CARTESIAN_POINT('Origin',(-149.38,-91.8075,-4.));
#7338=CARTESIAN_POINT('',(-147.737813956946,-94.,-4.));
#7339=CARTESIAN_POINT('',(-151.022186043054,-94.,-4.));
#7340=CARTESIAN_POINT('Origin',(-149.38,-92.115,-4.));
#7341=CARTESIAN_POINT('',(-162.,-94.,-4.));
#7342=CARTESIAN_POINT('',(-148.38,-92.115,-4.));
#7343=CARTESIAN_POINT('Origin',(-149.38,-92.115,-4.));
#7344=CARTESIAN_POINT('Origin',(-149.38,-92.115,-5.));
#7345=CARTESIAN_POINT('',(-151.022186043054,-94.,-5.));
#7346=CARTESIAN_POINT('',(-147.737813956946,-94.,-5.));
#7347=CARTESIAN_POINT('Origin',(-149.38,-92.115,-5.));
#7348=CARTESIAN_POINT('',(-151.022186043054,-94.,-5.));
#7349=CARTESIAN_POINT('',(-147.737813956946,-94.,-5.));
#7350=CARTESIAN_POINT('Origin',(-151.022186043054,-94.,-5.));
#7351=CARTESIAN_POINT('',(-76.0110930215268,-94.,-5.));
#7352=CARTESIAN_POINT('Origin',(-149.38,-92.115,-5.));
#7353=CARTESIAN_POINT('',(-148.38,-92.115,-5.));
#7354=CARTESIAN_POINT('Origin',(-1.00000000000001,-60.5,-5.));
#7355=CARTESIAN_POINT('',(-129.512759796805,-44.06,-5.));
#7356=CARTESIAN_POINT('',(-126.227240203195,-44.06,-5.));
#7357=CARTESIAN_POINT('',(-63.6136201015973,-44.06,-5.));
#7358=CARTESIAN_POINT('Origin',(-127.87,-45.9445,-5.));
#7359=CARTESIAN_POINT('Origin',(-127.87,-46.25225,-4.));
#7360=CARTESIAN_POINT('',(-129.512759796805,-44.06,-4.));
#7361=CARTESIAN_POINT('',(-126.227240203195,-44.06,-4.));
#7362=CARTESIAN_POINT('Origin',(-127.87,-45.9445,-4.));
#7363=CARTESIAN_POINT('',(-118.39,-44.06,-4.));
#7364=CARTESIAN_POINT('',(-126.87,-45.9445,-4.));
#7365=CARTESIAN_POINT('Origin',(-127.87,-45.9445,-4.));
#7366=CARTESIAN_POINT('Origin',(-127.87,-45.9445,-5.));
#7367=CARTESIAN_POINT('',(-126.227240203195,-44.06,-5.));
#7368=CARTESIAN_POINT('',(-129.512759796805,-44.06,-5.));
#7369=CARTESIAN_POINT('Origin',(-126.227240203195,-44.06,-5.));
#7370=CARTESIAN_POINT('Origin',(-127.87,-45.9445,-5.));
#7371=CARTESIAN_POINT('',(-126.87,-45.9445,-5.));
#7372=CARTESIAN_POINT('Origin',(-164.5,-15.5,0.));
#7373=CARTESIAN_POINT('',(-1.00000000000001,-15.5,-1.5));
#7374=CARTESIAN_POINT('Origin',(-164.5,-15.5,0.));
#7375=CARTESIAN_POINT('',(-164.5,96.2,0.));
#7376=CARTESIAN_POINT('',(-164.5,-105.5,0.));
#7377=CARTESIAN_POINT('',(-164.5,96.2,-1.5));
#7378=CARTESIAN_POINT('',(-164.5,96.2,0.));
#7379=CARTESIAN_POINT('',(-164.5,-105.5,-1.5));
#7380=CARTESIAN_POINT('',(-164.5,-105.5,0.));
#7381=CARTESIAN_POINT('Origin',(-144.,96.,-1.25));
#7382=CARTESIAN_POINT('',(-145.65,96.,-1.5));
#7383=CARTESIAN_POINT('Origin',(-144.,96.,-1.5));
#7384=CARTESIAN_POINT('',(-145.15,96.,-1.));
#7385=CARTESIAN_POINT('',(-145.4,96.,-1.25));
#7386=CARTESIAN_POINT('Origin',(-144.,96.,-1.));
#7387=CARTESIAN_POINT('Origin',(-1.00000000000001,41.5000007338822,-1.5));
#7388=CARTESIAN_POINT('',(-162.2,98.5,-1.5));
#7389=CARTESIAN_POINT('Origin',(-162.2,96.2,-1.5));
#7390=CARTESIAN_POINT('',(160.2,98.5,-1.5));
#7391=CARTESIAN_POINT('',(-164.5,98.5,-1.5));
#7392=CARTESIAN_POINT('',(162.5,96.2,-1.5));
#7393=CARTESIAN_POINT('Origin',(160.2,96.2,-1.5));
#7394=CARTESIAN_POINT('',(162.5,98.5,-1.5));
#7395=CARTESIAN_POINT('',(-163.65,96.,-1.5));
#7396=CARTESIAN_POINT('Origin',(-162.,96.,-1.5));
#7397=CARTESIAN_POINT('',(-91.65,96.,-1.5));
#7398=CARTESIAN_POINT('Origin',(-90.,96.,-1.5));
#7399=CARTESIAN_POINT('',(-127.65,96.,-1.5));
#7400=CARTESIAN_POINT('Origin',(-126.,96.,-1.5));
#7401=CARTESIAN_POINT('',(-37.65,96.,-1.5));
#7402=CARTESIAN_POINT('Origin',(-36.,96.,-1.5));
#7403=CARTESIAN_POINT('',(-2.64999999999998,96.,-1.5));
#7404=CARTESIAN_POINT('Origin',(-0.999999999999979,96.,-1.5));
#7405=CARTESIAN_POINT('',(32.35,96.,-1.5));
#7406=CARTESIAN_POINT('Origin',(34.,96.,-1.5));
#7407=CARTESIAN_POINT('',(68.35,96.,-1.5));
#7408=CARTESIAN_POINT('Origin',(70.,96.,-1.5));
#7409=CARTESIAN_POINT('',(104.35,96.,-1.5));
#7410=CARTESIAN_POINT('Origin',(106.,96.,-1.5));
#7411=CARTESIAN_POINT('',(140.35,96.,-1.5));
#7412=CARTESIAN_POINT('Origin',(142.,96.,-1.5));
#7413=CARTESIAN_POINT('',(158.35,96.,-1.5));
#7414=CARTESIAN_POINT('Origin',(160.,96.,-1.5));
#7415=CARTESIAN_POINT('',(122.35,96.,-1.5));
#7416=CARTESIAN_POINT('Origin',(124.,96.,-1.5));
#7417=CARTESIAN_POINT('',(86.35,96.,-1.5));
#7418=CARTESIAN_POINT('Origin',(88.,96.,-1.5));
#7419=CARTESIAN_POINT('',(50.35,96.,-1.5));
#7420=CARTESIAN_POINT('Origin',(52.,96.,-1.5));
#7421=CARTESIAN_POINT('',(14.35,96.,-1.5));
#7422=CARTESIAN_POINT('Origin',(16.,96.,-1.5));
#7423=CARTESIAN_POINT('',(-19.65,96.,-1.5));
#7424=CARTESIAN_POINT('Origin',(-18.,96.,-1.5));
#7425=CARTESIAN_POINT('',(-55.65,96.,-1.5));
#7426=CARTESIAN_POINT('Origin',(-54.,96.,-1.5));
#7427=CARTESIAN_POINT('',(-109.65,96.,-1.5));
#7428=CARTESIAN_POINT('Origin',(-108.,96.,-1.5));
#7429=CARTESIAN_POINT('',(-73.65,96.,-1.5));
#7430=CARTESIAN_POINT('Origin',(-72.,96.,-1.5));
#7431=CARTESIAN_POINT('Origin',(-144.,96.,0.));
#7432=CARTESIAN_POINT('',(-145.15,96.,0.));
#7433=CARTESIAN_POINT('Origin',(-144.,96.,0.));
#7434=CARTESIAN_POINT('',(-145.15,96.,0.));
#7435=CARTESIAN_POINT('Origin',(-162.,96.,-1.25));
#7436=CARTESIAN_POINT('',(-163.15,96.,-1.));
#7437=CARTESIAN_POINT('',(-163.4,96.,-1.25));
#7438=CARTESIAN_POINT('Origin',(-162.,96.,-1.));
#7439=CARTESIAN_POINT('Origin',(-162.,96.,0.));
#7440=CARTESIAN_POINT('',(-163.15,96.,0.));
#7441=CARTESIAN_POINT('Origin',(-162.,96.,0.));
#7442=CARTESIAN_POINT('',(-163.15,96.,0.));
#7443=CARTESIAN_POINT('Origin',(-72.,96.,-1.25));
#7444=CARTESIAN_POINT('',(-73.15,96.,-1.));
#7445=CARTESIAN_POINT('',(-73.4,96.,-1.25));
#7446=CARTESIAN_POINT('Origin',(-72.,96.,-1.));
#7447=CARTESIAN_POINT('Origin',(-72.,96.,0.));
#7448=CARTESIAN_POINT('',(-73.15,96.,0.));
#7449=CARTESIAN_POINT('Origin',(-72.,96.,0.));
#7450=CARTESIAN_POINT('',(-73.15,96.,0.));
#7451=CARTESIAN_POINT('Origin',(-90.,96.,-1.25));
#7452=CARTESIAN_POINT('',(-91.15,96.,-1.));
#7453=CARTESIAN_POINT('',(-91.4,96.,-1.25));
#7454=CARTESIAN_POINT('Origin',(-90.,96.,-1.));
#7455=CARTESIAN_POINT('Origin',(-90.,96.,0.));
#7456=CARTESIAN_POINT('',(-91.15,96.,0.));
#7457=CARTESIAN_POINT('Origin',(-90.,96.,0.));
#7458=CARTESIAN_POINT('',(-91.15,96.,0.));
#7459=CARTESIAN_POINT('Origin',(-108.,96.,-1.25));
#7460=CARTESIAN_POINT('',(-109.15,96.,-1.));
#7461=CARTESIAN_POINT('',(-109.4,96.,-1.25));
#7462=CARTESIAN_POINT('Origin',(-108.,96.,-1.));
#7463=CARTESIAN_POINT('Origin',(-108.,96.,0.));
#7464=CARTESIAN_POINT('',(-109.15,96.,0.));
#7465=CARTESIAN_POINT('Origin',(-108.,96.,0.));
#7466=CARTESIAN_POINT('',(-109.15,96.,0.));
#7467=CARTESIAN_POINT('Origin',(-126.,96.,-1.25));
#7468=CARTESIAN_POINT('',(-127.15,96.,-1.));
#7469=CARTESIAN_POINT('',(-127.4,96.,-1.25));
#7470=CARTESIAN_POINT('Origin',(-126.,96.,-1.));
#7471=CARTESIAN_POINT('Origin',(-126.,96.,0.));
#7472=CARTESIAN_POINT('',(-127.15,96.,0.));
#7473=CARTESIAN_POINT('Origin',(-126.,96.,0.));
#7474=CARTESIAN_POINT('',(-127.15,96.,0.));
#7475=CARTESIAN_POINT('Origin',(-54.,96.,-1.25));
#7476=CARTESIAN_POINT('',(-55.15,96.,-1.));
#7477=CARTESIAN_POINT('',(-55.4,96.,-1.25));
#7478=CARTESIAN_POINT('Origin',(-54.,96.,-1.));
#7479=CARTESIAN_POINT('Origin',(-54.,96.,0.));
#7480=CARTESIAN_POINT('',(-55.15,96.,0.));
#7481=CARTESIAN_POINT('Origin',(-54.,96.,0.));
#7482=CARTESIAN_POINT('',(-55.15,96.,0.));
#7483=CARTESIAN_POINT('Origin',(-36.,96.,-1.25));
#7484=CARTESIAN_POINT('',(-37.15,96.,-1.));
#7485=CARTESIAN_POINT('',(-37.4,96.,-1.25));
#7486=CARTESIAN_POINT('Origin',(-36.,96.,-1.));
#7487=CARTESIAN_POINT('Origin',(-36.,96.,0.));
#7488=CARTESIAN_POINT('',(-37.15,96.,0.));
#7489=CARTESIAN_POINT('Origin',(-36.,96.,0.));
#7490=CARTESIAN_POINT('',(-37.15,96.,0.));
#7491=CARTESIAN_POINT('Origin',(-18.,96.,-1.25));
#7492=CARTESIAN_POINT('',(-19.15,96.,-1.));
#7493=CARTESIAN_POINT('',(-19.4,96.,-1.25));
#7494=CARTESIAN_POINT('Origin',(-18.,96.,-1.));
#7495=CARTESIAN_POINT('Origin',(-18.,96.,0.));
#7496=CARTESIAN_POINT('',(-19.15,96.,0.));
#7497=CARTESIAN_POINT('Origin',(-18.,96.,0.));
#7498=CARTESIAN_POINT('',(-19.15,96.,0.));
#7499=CARTESIAN_POINT('Origin',(-0.999999999999979,96.,-1.25));
#7500=CARTESIAN_POINT('',(-2.14999999999998,96.,-1.));
#7501=CARTESIAN_POINT('',(-2.39999999999998,96.,-1.25));
#7502=CARTESIAN_POINT('Origin',(-0.999999999999979,96.,-1.));
#7503=CARTESIAN_POINT('Origin',(-0.999999999999979,96.,0.));
#7504=CARTESIAN_POINT('',(-2.14999999999998,96.,0.));
#7505=CARTESIAN_POINT('Origin',(-0.999999999999979,96.,0.));
#7506=CARTESIAN_POINT('',(-2.14999999999998,96.,0.));
#7507=CARTESIAN_POINT('Origin',(16.,96.,-1.25));
#7508=CARTESIAN_POINT('',(14.85,96.,-1.));
#7509=CARTESIAN_POINT('',(14.6,96.,-1.25));
#7510=CARTESIAN_POINT('Origin',(16.,96.,-1.));
#7511=CARTESIAN_POINT('Origin',(16.,96.,0.));
#7512=CARTESIAN_POINT('',(14.85,96.,0.));
#7513=CARTESIAN_POINT('Origin',(16.,96.,0.));
#7514=CARTESIAN_POINT('',(14.85,96.,0.));
#7515=CARTESIAN_POINT('Origin',(34.,96.,-1.25));
#7516=CARTESIAN_POINT('',(32.85,96.,-1.));
#7517=CARTESIAN_POINT('',(32.6,96.,-1.25));
#7518=CARTESIAN_POINT('Origin',(34.,96.,-1.));
#7519=CARTESIAN_POINT('Origin',(34.,96.,0.));
#7520=CARTESIAN_POINT('',(32.85,96.,0.));
#7521=CARTESIAN_POINT('Origin',(34.,96.,0.));
#7522=CARTESIAN_POINT('',(32.85,96.,0.));
#7523=CARTESIAN_POINT('Origin',(52.,96.,-1.25));
#7524=CARTESIAN_POINT('',(50.85,96.,-1.));
#7525=CARTESIAN_POINT('',(50.6,96.,-1.25));
#7526=CARTESIAN_POINT('Origin',(52.,96.,-1.));
#7527=CARTESIAN_POINT('Origin',(52.,96.,0.));
#7528=CARTESIAN_POINT('',(50.85,96.,0.));
#7529=CARTESIAN_POINT('Origin',(52.,96.,0.));
#7530=CARTESIAN_POINT('',(50.85,96.,0.));
#7531=CARTESIAN_POINT('Origin',(70.,96.,-1.25));
#7532=CARTESIAN_POINT('',(68.85,96.,-1.));
#7533=CARTESIAN_POINT('',(68.6,96.,-1.25));
#7534=CARTESIAN_POINT('Origin',(70.,96.,-1.));
#7535=CARTESIAN_POINT('Origin',(70.,96.,0.));
#7536=CARTESIAN_POINT('',(68.85,96.,0.));
#7537=CARTESIAN_POINT('Origin',(70.,96.,0.));
#7538=CARTESIAN_POINT('',(68.85,96.,0.));
#7539=CARTESIAN_POINT('Origin',(88.,96.,-1.25));
#7540=CARTESIAN_POINT('',(86.85,96.,-1.));
#7541=CARTESIAN_POINT('',(86.6,96.,-1.25));
#7542=CARTESIAN_POINT('Origin',(88.,96.,-1.));
#7543=CARTESIAN_POINT('Origin',(88.,96.,0.));
#7544=CARTESIAN_POINT('',(86.85,96.,0.));
#7545=CARTESIAN_POINT('Origin',(88.,96.,0.));
#7546=CARTESIAN_POINT('',(86.85,96.,0.));
#7547=CARTESIAN_POINT('Origin',(106.,96.,-1.25));
#7548=CARTESIAN_POINT('',(104.85,96.,-1.));
#7549=CARTESIAN_POINT('',(104.6,96.,-1.25));
#7550=CARTESIAN_POINT('Origin',(106.,96.,-1.));
#7551=CARTESIAN_POINT('Origin',(106.,96.,0.));
#7552=CARTESIAN_POINT('',(104.85,96.,0.));
#7553=CARTESIAN_POINT('Origin',(106.,96.,0.));
#7554=CARTESIAN_POINT('',(104.85,96.,0.));
#7555=CARTESIAN_POINT('Origin',(124.,96.,-1.25));
#7556=CARTESIAN_POINT('',(122.85,96.,-1.));
#7557=CARTESIAN_POINT('',(122.6,96.,-1.25));
#7558=CARTESIAN_POINT('Origin',(124.,96.,-1.));
#7559=CARTESIAN_POINT('Origin',(124.,96.,0.));
#7560=CARTESIAN_POINT('',(122.85,96.,0.));
#7561=CARTESIAN_POINT('Origin',(124.,96.,0.));
#7562=CARTESIAN_POINT('',(122.85,96.,0.));
#7563=CARTESIAN_POINT('Origin',(142.,96.,-1.25));
#7564=CARTESIAN_POINT('',(140.85,96.,-1.));
#7565=CARTESIAN_POINT('',(140.6,96.,-1.25));
#7566=CARTESIAN_POINT('Origin',(142.,96.,-1.));
#7567=CARTESIAN_POINT('Origin',(142.,96.,0.));
#7568=CARTESIAN_POINT('',(140.85,96.,0.));
#7569=CARTESIAN_POINT('Origin',(142.,96.,0.));
#7570=CARTESIAN_POINT('',(140.85,96.,0.));
#7571=CARTESIAN_POINT('Origin',(160.,96.,-1.25));
#7572=CARTESIAN_POINT('',(158.85,96.,-1.));
#7573=CARTESIAN_POINT('',(158.6,96.,-1.25));
#7574=CARTESIAN_POINT('Origin',(160.,96.,-1.));
#7575=CARTESIAN_POINT('Origin',(160.,96.,0.));
#7576=CARTESIAN_POINT('',(158.85,96.,0.));
#7577=CARTESIAN_POINT('Origin',(160.,96.,0.));
#7578=CARTESIAN_POINT('',(158.85,96.,0.));
#7579=CARTESIAN_POINT('Origin',(-1.00000000000001,41.5000007338822,0.));
#7580=CARTESIAN_POINT('',(162.5,96.2,0.));
#7581=CARTESIAN_POINT('',(162.5,98.5,0.));
#7582=CARTESIAN_POINT('',(160.2,98.5,0.));
#7583=CARTESIAN_POINT('Origin',(160.2,96.2,0.));
#7584=CARTESIAN_POINT('',(-162.2,98.5,0.));
#7585=CARTESIAN_POINT('',(-164.5,98.5,0.));
#7586=CARTESIAN_POINT('Origin',(-162.2,96.2,0.));
#7587=CARTESIAN_POINT('Origin',(160.2,96.2,0.));
#7588=CARTESIAN_POINT('',(160.2,98.5,0.));
#7589=CARTESIAN_POINT('',(162.5,96.2,0.));
#7590=CARTESIAN_POINT('Origin',(-164.5,98.5,0.));
#7591=CARTESIAN_POINT('',(-162.2,98.5,0.));
#7592=CARTESIAN_POINT('Origin',(-162.2,96.2,0.));
#7593=CARTESIAN_POINT('Origin',(162.5,98.5,0.));
#7594=UNCERTAINTY_MEASURE_WITH_UNIT(LENGTH_MEASURE(0.01),#7598,
'DISTANCE_ACCURACY_VALUE',
'Maximum model space distance between geometric entities at asserted c
onnectivities');
#7595=UNCERTAINTY_MEASURE_WITH_UNIT(LENGTH_MEASURE(0.01),#7598,
'DISTANCE_ACCURACY_VALUE',
'Maximum model space distance between geometric entities at asserted c
onnectivities');
#7596=(
GEOMETRIC_REPRESENTATION_CONTEXT(3)
GLOBAL_UNCERTAINTY_ASSIGNED_CONTEXT((#7594))
GLOBAL_UNIT_ASSIGNED_CONTEXT((#7598,#7600,#7601))
REPRESENTATION_CONTEXT('','3D')
);
#7597=(
GEOMETRIC_REPRESENTATION_CONTEXT(3)
GLOBAL_UNCERTAINTY_ASSIGNED_CONTEXT((#7595))
GLOBAL_UNIT_ASSIGNED_CONTEXT((#7598,#7600,#7601))
REPRESENTATION_CONTEXT('','3D')
);
#7598=(
LENGTH_UNIT()
NAMED_UNIT(*)
SI_UNIT(.MILLI.,.METRE.)
);
#7599=(
LENGTH_UNIT()
NAMED_UNIT(*)
SI_UNIT($,.METRE.)
);
#7600=(
NAMED_UNIT(*)
PLANE_ANGLE_UNIT()
SI_UNIT($,.RADIAN.)
);
#7601=(
NAMED_UNIT(*)
SI_UNIT($,.STERADIAN.)
SOLID_ANGLE_UNIT()
);
#7602=SHAPE_DEFINITION_REPRESENTATION(#7603,#7604);
#7603=PRODUCT_DEFINITION_SHAPE('',$,#7606);
#7604=SHAPE_REPRESENTATION('',(#4511),#7596);
#7605=PRODUCT_DEFINITION_CONTEXT('part definition',#7610,'design');
#7606=PRODUCT_DEFINITION('PortableMonitor','PortableMonitor v5',#7607,#7605);
#7607=PRODUCT_DEFINITION_FORMATION('',$,#7612);
#7608=PRODUCT_RELATED_PRODUCT_CATEGORY('PortableMonitor v5',
'PortableMonitor v5',(#7612));
#7609=APPLICATION_PROTOCOL_DEFINITION('international standard',
'automotive_design',2009,#7610);
#7610=APPLICATION_CONTEXT(
'Core Data for Automotive Mechanical Design Process');
#7611=PRODUCT_CONTEXT('part definition',#7610,'mechanical');
#7612=PRODUCT('PortableMonitor','PortableMonitor v5',$,(#7611));
#7613=PRESENTATION_STYLE_ASSIGNMENT((#7614));
#7614=SURFACE_STYLE_USAGE(.BOTH.,#7615);
#7615=SURFACE_SIDE_STYLE('',(#7616));
#7616=SURFACE_STYLE_FILL_AREA(#7617);
#7617=FILL_AREA_STYLE('Stahl - satiniert',(#7618));
#7618=FILL_AREA_STYLE_COLOUR('Stahl - satiniert',#7619);
#7619=COLOUR_RGB('Stahl - satiniert',0.627450980392157,0.627450980392157,
0.627450980392157);
ENDSEC;
END-ISO-10303-21;
