ISO-10303-21;
HEADER;
/* Generated by software containing ST-Developer
 * from STEP Tools, Inc. (www.steptools.com) 
 */

FILE_DESCRIPTION(
/* description */ (''),
/* implementation_level */ '2;1');

FILE_NAME(
/* name */ 'PortableMonitor split.step',
/* time_stamp */ '2026-08-13T21:19:01+03:00',
/* author */ (''),
/* organization */ (''),
/* preprocessor_version */ 'ST-DEVELOPER v20.1',
/* originating_system */ 'Autodesk Translation Framework v15.8.0.0',
/* authorisation */ '');

FILE_SCHEMA (('AUTOMOTIVE_DESIGN { 1 0 10303 214 3 1 1 }'));
ENDSEC;

DATA;
#10=MECHANICAL_DESIGN_GEOMETRIC_PRESENTATION_REPRESENTATION('',(#91,#92,
#93,#94,#95,#96,#97,#98),#19482);
#11=SHAPE_REPRESENTATION_RELATIONSHIP('SRR','None',#19489,#12);
#12=ADVANCED_BREP_SHAPE_REPRESENTATION('',(#99,#100,#101,#102,#103,#104,
#105,#106),#19481);
#13=B_SPLINE_SURFACE_WITH_KNOTS('',3,3,((#17419,#17420,#17421,#17422,#17423),
(#17424,#17425,#17426,#17427,#17428),(#17429,#17430,#17431,#17432,#17433),
(#17434,#17435,#17436,#17437,#17438),(#17439,#17440,#17441,#17442,#17443),
(#17444,#17445,#17446,#17447,#17448),(#17449,#17450,#17451,#17452,#17453)),
 .UNSPECIFIED.,.F.,.F.,.F.,(4,1,1,1,4),(4,1,4),(0.,0.285714285714286,0.571428571428571,
0.785714285714286,1.),(0.510161969505308,0.662864619188227,0.866468152098787),
 .UNSPECIFIED.);
#14=B_SPLINE_SURFACE_WITH_KNOTS('',3,3,((#18321,#18322,#18323,#18324,#18325,
#18326),(#18327,#18328,#18329,#18330,#18331,#18332),(#18333,#18334,#18335,
#18336,#18337,#18338),(#18339,#18340,#18341,#18342,#18343,#18344),(#18345,
#18346,#18347,#18348,#18349,#18350),(#18351,#18352,#18353,#18354,#18355,
#18356),(#18357,#18358,#18359,#18360,#18361,#18362)),.UNSPECIFIED.,.F.,
 .F.,.F.,(4,1,1,1,4),(4,1,1,4),(0.,0.285714285714286,0.571428571428571,
0.785714285714286,1.),(0.,0.213239359137851,0.355398931896418,0.497558504654986),
 .UNSPECIFIED.);
#15=TOROIDAL_SURFACE('',#12101,4.50000000000001,1.5);
#16=TOROIDAL_SURFACE('',#12113,4.50000000000001,1.5);
#17=TOROIDAL_SURFACE('',#12130,4.49999999999999,1.5);
#18=TOROIDAL_SURFACE('',#12295,4.50000000000001,1.5);
#19=TOROIDAL_SURFACE('',#12311,4.50000000000001,1.5);
#20=TOROIDAL_SURFACE('',#12333,4.50000000000001,1.5);
#21=SPHERICAL_SURFACE('',#12075,1.5);
#22=SPHERICAL_SURFACE('',#12083,1.5);
#23=SPHERICAL_SURFACE('',#12090,1.5);
#24=SPHERICAL_SURFACE('',#12097,1.49999999999999);
#25=SPHERICAL_SURFACE('',#12106,1.5);
#26=SPHERICAL_SURFACE('',#12122,1.5);
#27=SPHERICAL_SURFACE('',#12263,1.49999999999999);
#28=SPHERICAL_SURFACE('',#12281,1.49999999999999);
#29=SPHERICAL_SURFACE('',#12291,1.49999999999999);
#30=SPHERICAL_SURFACE('',#12300,1.5);
#31=SPHERICAL_SURFACE('',#12307,1.49999999999999);
#32=SPHERICAL_SURFACE('',#12329,1.5);
#33=ELLIPSE('',#12068,2.12132034355964,1.5);
#34=ELLIPSE('',#12251,2.12132034355963,1.5);
#35=ELLIPSE('',#12271,4.92941673409481,1.5);
#36=ELLIPSE('',#12272,2.00261452070194,1.5);
#37=ELLIPSE('',#12287,2.00261452070193,1.5);
#38=ELLIPSE('',#12288,4.9294167340945,1.5);
#39=B_SPLINE_CURVE_WITH_KNOTS('',3,(#17111,#17112,#17113,#17114,#17115,
#17116,#17117,#17118,#17119,#17120),.UNSPECIFIED.,.F.,.F.,(4,2,2,2,4),(0.74665120381489,
0.788124610802901,0.847345256721084,0.903702089625791,0.960058922530498),
 .UNSPECIFIED.);
#40=B_SPLINE_CURVE_WITH_KNOTS('',3,(#17128,#17129,#17130,#17131,#17132,
#17133,#17134,#17135),.UNSPECIFIED.,.F.,.F.,(4,2,2,4),(-0.494817714597451,
-0.392980505212785,-0.256073055031871,-0.230476653671718),.UNSPECIFIED.);
#41=B_SPLINE_CURVE_WITH_KNOTS('',3,(#17137,#17138,#17139,#17140),
 .UNSPECIFIED.,.F.,.F.,(4,4),(-0.866468152098787,-0.710186851996572),
 .UNSPECIFIED.);
#42=B_SPLINE_CURVE_WITH_KNOTS('',3,(#17149,#17150,#17151,#17152,#17153,
#17154),.UNSPECIFIED.,.F.,.F.,(4,2,4),(0.746651203824682,0.788124610802901,
0.79881478841603),.UNSPECIFIED.);
#43=B_SPLINE_CURVE_WITH_KNOTS('',3,(#17164,#17165,#17166,#17167,#17168,
#17169,#17170,#17171,#17172,#17173,#17174,#17175,#17176,#17177,#17178,#17179,
#17180,#17181,#17182,#17183,#17184,#17185,#17186),.UNSPECIFIED.,.F.,.F.,
(4,2,2,2,2,3,2,2,2,2,4),(1.47827103447971,1.58011055227846,1.71701800245938,
1.84505452997532,1.90907279373328,1.97309105749125,2.03710932124922,2.10112758500719,
2.22916411252313,2.36607156270404,2.46791108050279),.UNSPECIFIED.);
#44=B_SPLINE_CURVE_WITH_KNOTS('',3,(#17193,#17194,#17195,#17196,#17197,
#17198,#17199,#17200,#17201,#17202),.UNSPECIFIED.,.F.,.F.,(4,2,2,2,4),(0.480029461265249,
0.536386294169956,0.592743127074663,0.651963772992846,0.693437179971065),
 .UNSPECIFIED.);
#45=B_SPLINE_CURVE_WITH_KNOTS('',3,(#17206,#17207,#17208,#17209,#17210,
#17211,#17212,#17213,#17214,#17215,#17216,#17217),.UNSPECIFIED.,.F.,.F.,
(4,2,2,2,2,4),(0.189563155062885,0.298846475255299,0.597692950510599,0.792828955483142,
0.890396957969414,0.962999963556128),.UNSPECIFIED.);
#46=B_SPLINE_CURVE_WITH_KNOTS('',3,(#17221,#17222,#17223,#17224,#17225,
#17226,#17227,#17228,#17229,#17230),.UNSPECIFIED.,.F.,.F.,(4,2,2,2,4),(6.69638644902453,
6.76898945461124,6.86655745709752,7.06169346207006,7.10329404579891),
 .UNSPECIFIED.);
#47=B_SPLINE_CURVE_WITH_KNOTS('',3,(#17231,#17232,#17233,#17234,#17235,
#17236,#17237,#17238,#17239,#17240,#17241,#17242),.UNSPECIFIED.,.F.,.F.,
(4,2,2,2,2,4),(0.,0.0740594652369548,0.161660355042054,0.223779057744909,
0.274159932340743,0.320611878749372),.UNSPECIFIED.);
#48=B_SPLINE_CURVE_WITH_KNOTS('',3,(#17279,#17280,#17281,#17282),
 .UNSPECIFIED.,.F.,.F.,(4,4),(1.19402912580043,1.33148260927412),
 .UNSPECIFIED.);
#49=B_SPLINE_CURVE_WITH_KNOTS('',3,(#17454,#17455,#17456,#17457,#17458),
 .UNSPECIFIED.,.F.,.F.,(4,1,4),(0.510161969505308,0.662864619188227,0.866468152098787),
 .UNSPECIFIED.);
#50=B_SPLINE_CURVE_WITH_KNOTS('',3,(#17929,#17930,#17931,#17932,#17933,
#17934),.UNSPECIFIED.,.F.,.F.,(4,2,4),(-0.318785327150785,-0.308095149537653,
-0.266621742559435),.UNSPECIFIED.);
#51=B_SPLINE_CURVE_WITH_KNOTS('',3,(#17937,#17938,#17939,#17940,#17941,
#17942,#17943,#17944,#17945,#17946,#17947,#17948,#17949,#17950,#17951,#17952,
#17953,#17954,#17955,#17956,#17957,#17958,#17959),.UNSPECIFIED.,.F.,.F.,
(4,2,2,2,2,3,2,2,2,2,4),(1.47822376351819,1.57344053791354,1.70366466164757,
1.8388785863332,1.90648554867601,1.97409251101882,2.03811077477679,2.10212903853476,
2.2301655660507,2.36707301623161,2.46891253403036),.UNSPECIFIED.);
#52=B_SPLINE_CURVE_WITH_KNOTS('',3,(#17961,#17962,#17963,#17964,#17965,
#17966,#17967,#17968,#17969,#17970),.UNSPECIFIED.,.F.,.F.,(4,2,2,2,4),(0.746651203819289,
0.788124610802897,0.84734525672108,0.903702089625787,0.960058922530495),
 .UNSPECIFIED.);
#53=B_SPLINE_CURVE_WITH_KNOTS('',3,(#17974,#17975,#17976,#17977,#17978,
#17979,#17980,#17981,#17982,#17983),.UNSPECIFIED.,.F.,.F.,(4,2,2,2,4),(0.480029461265247,
0.536697200165825,0.593364939066403,0.652273996053934,0.693438809871714),
 .UNSPECIFIED.);
#54=B_SPLINE_CURVE_WITH_KNOTS('',3,(#17985,#17986,#17987,#17988,#17989,
#17990),.UNSPECIFIED.,.F.,.F.,(4,2,4),(0.350466893679372,0.392980505212789,
0.494820023011541),.UNSPECIFIED.);
#55=B_SPLINE_CURVE_WITH_KNOTS('',3,(#17992,#17993,#17994,#17995,#17996,
#17997),.UNSPECIFIED.,.F.,.F.,(4,2,4),(0.133614152285177,0.256073055031875,
0.350466893679372),.UNSPECIFIED.);
#56=B_SPLINE_CURVE_WITH_KNOTS('',3,(#17999,#18000,#18001,#18002,#18003,
#18004,#18005,#18006,#18007,#18008,#18009,#18010,#18011,#18012),
 .UNSPECIFIED.,.F.,.F.,(4,2,2,2,2,2,4),(0.,0.116741202706505,0.210918774806345,
0.299913203655819,0.390570671769418,0.450594306991465,0.507787629799091),
 .UNSPECIFIED.);
#57=B_SPLINE_CURVE_WITH_KNOTS('',3,(#18014,#18015,#18016,#18017,#18018,
#18019),.UNSPECIFIED.,.F.,.F.,(4,2,4),(0.869866379791662,0.89039695796942,
0.962999963556135),.UNSPECIFIED.);
#58=B_SPLINE_CURVE_WITH_KNOTS('',3,(#18023,#18024,#18025,#18026,#18027,
#18028,#18029,#18030,#18031,#18032,#18033,#18034),.UNSPECIFIED.,.F.,.F.,
(4,2,2,2,2,4),(6.69638644902452,6.76898945461123,6.8665574570975,7.06169346207005,
7.36053993732535,7.46982325751776),.UNSPECIFIED.);
#59=B_SPLINE_CURVE_WITH_KNOTS('',3,(#18057,#18058,#18059,#18060,#18061),
 .UNSPECIFIED.,.F.,.F.,(4,1,4),(-0.253102352428433,-0.213239359137851,0.),
 .UNSPECIFIED.);
#60=B_SPLINE_CURVE_WITH_KNOTS('',3,(#18078,#18079,#18080,#18081,#18082,
#18083,#18084,#18085,#18086,#18087),.UNSPECIFIED.,.F.,.F.,(4,2,2,2,4),(1.48539499393725,
1.51199870934867,1.56690884497425,1.61920571849107,1.67150259200789),
 .UNSPECIFIED.);
#61=B_SPLINE_CURVE_WITH_KNOTS('',3,(#18091,#18092,#18093,#18094,#18095,
#18096,#18097,#18098,#18099,#18100),.UNSPECIFIED.,.F.,.F.,(4,2,2,2,4),(0.,
0.0522968735168198,0.10459374703364,0.159503882659218,0.186107598070634),
 .UNSPECIFIED.);
#62=B_SPLINE_CURVE_WITH_KNOTS('',3,(#18219,#18220,#18221,#18222),
 .UNSPECIFIED.,.F.,.F.,(4,4),(0.,0.137453483473695),.UNSPECIFIED.);
#63=B_SPLINE_CURVE_WITH_KNOTS('',3,(#18363,#18364,#18365,#18366,#18367,
#18368),.UNSPECIFIED.,.F.,.F.,(4,1,1,4),(0.,0.213239359137851,0.355398931896418,
0.497558504654986),.UNSPECIFIED.);
#64=CONICAL_SURFACE('',#11786,1.39999999999999,0.785398163397455);
#65=CONICAL_SURFACE('',#11791,1.40000000000001,0.785398163397455);
#66=CONICAL_SURFACE('',#11796,1.40000000000001,0.785398163397455);
#67=CONICAL_SURFACE('',#11801,1.40000000000001,0.785398163397455);
#68=CONICAL_SURFACE('',#11806,1.40000000000001,0.785398163397455);
#69=CONICAL_SURFACE('',#11811,1.4,0.785398163397447);
#70=CONICAL_SURFACE('',#11816,1.4,0.785398163397447);
#71=CONICAL_SURFACE('',#11821,1.4,0.785398163397447);
#72=CONICAL_SURFACE('',#11826,1.4,0.785398163397449);
#73=CONICAL_SURFACE('',#11831,1.4,0.785398163397448);
#74=CONICAL_SURFACE('',#11969,1.40000000000001,0.785398163397455);
#75=CONICAL_SURFACE('',#11973,1.39999999999999,0.785398163397455);
#76=CONICAL_SURFACE('',#11977,1.4,0.785398163397447);
#77=CONICAL_SURFACE('',#11981,1.40000000000001,0.785398163397455);
#78=CONICAL_SURFACE('',#11985,1.40000000000001,0.785398163397455);
#79=CONICAL_SURFACE('',#11989,1.40000000000001,0.785398163397455);
#80=CONICAL_SURFACE('',#11993,1.4,0.785398163397447);
#81=CONICAL_SURFACE('',#11997,1.4,0.785398163397447);
#82=CONICAL_SURFACE('',#12001,1.4,0.785398163397449);
#83=CONICAL_SURFACE('',#12225,1.40000000000002,0.785398163397455);
#84=CONICAL_SURFACE('',#12229,1.40000000000001,0.785398163397455);
#85=CONICAL_SURFACE('',#12233,1.40000000000001,0.785398163397455);
#86=CONICAL_SURFACE('',#12237,1.40000000000001,0.785398163397455);
#87=CONICAL_SURFACE('',#12442,1.40000000000001,0.785398163397455);
#88=CONICAL_SURFACE('',#12446,1.40000000000001,0.785398163397455);
#89=CONICAL_SURFACE('',#12450,1.40000000000001,0.785398163397455);
#90=CONICAL_SURFACE('',#12454,1.40000000000002,0.785398163397455);
#91=STYLED_ITEM('',(#19498),#99);
#92=STYLED_ITEM('',(#19498),#100);
#93=STYLED_ITEM('',(#19498),#101);
#94=STYLED_ITEM('',(#19498),#102);
#95=STYLED_ITEM('',(#19498),#103);
#96=STYLED_ITEM('',(#19498),#104);
#97=STYLED_ITEM('',(#19498),#105);
#98=STYLED_ITEM('',(#19498),#106);
#99=MANIFOLD_SOLID_BREP('K\X\F6rper2',#11731);
#100=MANIFOLD_SOLID_BREP('K\X\F6rper63',#11732);
#101=MANIFOLD_SOLID_BREP('K\X\F6rper64',#11733);
#102=MANIFOLD_SOLID_BREP('K\X\F6rper65',#11734);
#103=MANIFOLD_SOLID_BREP('K\X\F6rper66',#11735);
#104=MANIFOLD_SOLID_BREP('K\X\F6rper67',#11736);
#105=MANIFOLD_SOLID_BREP('K\X\F6rper68',#11737);
#106=MANIFOLD_SOLID_BREP('K\X\F6rper69',#11738);
#107=FACE_BOUND('',#1263,.T.);
#108=FACE_BOUND('',#1264,.T.);
#109=FACE_BOUND('',#1368,.T.);
#110=FACE_BOUND('',#1369,.T.);
#111=FACE_BOUND('',#1370,.T.);
#112=FACE_BOUND('',#1371,.T.);
#113=FACE_BOUND('',#1372,.T.);
#114=FACE_BOUND('',#1373,.T.);
#115=FACE_BOUND('',#1374,.T.);
#116=FACE_BOUND('',#1375,.T.);
#117=FACE_BOUND('',#1376,.T.);
#118=FACE_BOUND('',#1377,.T.);
#119=FACE_BOUND('',#1380,.T.);
#120=FACE_BOUND('',#1381,.T.);
#121=FACE_BOUND('',#1382,.T.);
#122=FACE_BOUND('',#1383,.T.);
#123=FACE_BOUND('',#1384,.T.);
#124=FACE_BOUND('',#1385,.T.);
#125=FACE_BOUND('',#1386,.T.);
#126=FACE_BOUND('',#1387,.T.);
#127=FACE_BOUND('',#1388,.T.);
#128=FACE_BOUND('',#1389,.T.);
#129=FACE_BOUND('',#1390,.T.);
#130=FACE_BOUND('',#1399,.T.);
#131=FACE_BOUND('',#1400,.T.);
#132=FACE_BOUND('',#1434,.T.);
#133=FACE_BOUND('',#1435,.T.);
#134=FACE_BOUND('',#1436,.T.);
#135=FACE_BOUND('',#1437,.T.);
#136=FACE_BOUND('',#1438,.T.);
#137=FACE_BOUND('',#1439,.T.);
#138=FACE_BOUND('',#1440,.T.);
#139=FACE_BOUND('',#1441,.T.);
#140=FACE_BOUND('',#1442,.T.);
#141=FACE_BOUND('',#1466,.T.);
#142=FACE_BOUND('',#1467,.T.);
#143=FACE_BOUND('',#1468,.T.);
#144=FACE_BOUND('',#1469,.T.);
#145=FACE_BOUND('',#1470,.T.);
#146=FACE_BOUND('',#1471,.T.);
#147=FACE_BOUND('',#1472,.T.);
#148=FACE_BOUND('',#1473,.T.);
#149=FACE_BOUND('',#1474,.T.);
#150=FACE_BOUND('',#1475,.T.);
#151=FACE_BOUND('',#1525,.T.);
#152=FACE_BOUND('',#1526,.T.);
#153=FACE_BOUND('',#1628,.T.);
#154=FACE_BOUND('',#1629,.T.);
#155=FACE_BOUND('',#1630,.T.);
#156=FACE_BOUND('',#1631,.T.);
#157=FACE_BOUND('',#1652,.T.);
#158=FACE_BOUND('',#1653,.T.);
#159=FACE_BOUND('',#1654,.T.);
#160=FACE_BOUND('',#1655,.T.);
#161=FACE_BOUND('',#1660,.T.);
#162=FACE_BOUND('',#1661,.T.);
#163=FACE_BOUND('',#1673,.T.);
#164=FACE_BOUND('',#1691,.T.);
#165=FACE_BOUND('',#1692,.T.);
#166=FACE_BOUND('',#1693,.T.);
#167=FACE_BOUND('',#1775,.T.);
#168=FACE_BOUND('',#1776,.T.);
#169=FACE_BOUND('',#1777,.T.);
#170=FACE_BOUND('',#1778,.T.);
#171=FACE_BOUND('',#1781,.T.);
#172=FACE_BOUND('',#1782,.T.);
#173=FACE_BOUND('',#1821,.T.);
#174=FACE_BOUND('',#1826,.T.);
#175=FACE_BOUND('',#1832,.T.);
#176=FACE_BOUND('',#1837,.T.);
#177=FACE_BOUND('',#1843,.T.);
#178=FACE_BOUND('',#1844,.T.);
#179=FACE_BOUND('',#1845,.T.);
#180=FACE_BOUND('',#1846,.T.);
#181=FACE_BOUND('',#1852,.T.);
#182=FACE_BOUND('',#1853,.T.);
#183=FACE_BOUND('',#1860,.T.);
#184=FACE_BOUND('',#1861,.T.);
#185=FACE_BOUND('',#1901,.T.);
#186=FACE_BOUND('',#1902,.T.);
#187=FACE_BOUND('',#1903,.T.);
#188=FACE_BOUND('',#1904,.T.);
#189=FACE_BOUND('',#1905,.T.);
#190=FACE_BOUND('',#1906,.T.);
#191=FACE_BOUND('',#1915,.T.);
#192=FACE_BOUND('',#1916,.T.);
#193=FACE_BOUND('',#1917,.T.);
#194=FACE_BOUND('',#1918,.T.);
#195=FACE_BOUND('',#1919,.T.);
#196=FACE_BOUND('',#1920,.T.);
#197=FACE_BOUND('',#1921,.T.);
#198=FACE_BOUND('',#1922,.T.);
#199=FACE_BOUND('',#1923,.T.);
#200=FACE_BOUND('',#1924,.T.);
#201=FACE_BOUND('',#1925,.T.);
#202=FACE_BOUND('',#1926,.T.);
#203=FACE_BOUND('',#1927,.T.);
#204=FACE_BOUND('',#1928,.T.);
#205=FACE_BOUND('',#1929,.T.);
#206=CIRCLE('',#11757,1.50000000000002);
#207=CIRCLE('',#11758,1.50000000000002);
#208=CIRCLE('',#11761,1.49999999999999);
#209=CIRCLE('',#11762,1.49999999999999);
#210=CIRCLE('',#11765,2.3);
#211=CIRCLE('',#11766,2.3);
#212=CIRCLE('',#11768,2.3);
#213=CIRCLE('',#11771,2.3);
#214=CIRCLE('',#11777,0.999999999999996);
#215=CIRCLE('',#11779,0.999999999999996);
#216=CIRCLE('',#11781,2.3);
#217=CIRCLE('',#11782,2.3);
#218=CIRCLE('',#11784,1.14999999999999);
#219=CIRCLE('',#11785,1.14999999999999);
#220=CIRCLE('',#11787,1.64999999999999);
#221=CIRCLE('',#11789,1.15);
#222=CIRCLE('',#11790,1.15);
#223=CIRCLE('',#11792,1.65000000000001);
#224=CIRCLE('',#11794,1.15);
#225=CIRCLE('',#11795,1.15);
#226=CIRCLE('',#11797,1.65000000000001);
#227=CIRCLE('',#11799,1.15);
#228=CIRCLE('',#11800,1.15);
#229=CIRCLE('',#11802,1.65000000000001);
#230=CIRCLE('',#11804,1.15);
#231=CIRCLE('',#11805,1.15);
#232=CIRCLE('',#11807,1.65000000000001);
#233=CIRCLE('',#11809,1.15);
#234=CIRCLE('',#11810,1.15);
#235=CIRCLE('',#11812,1.65);
#236=CIRCLE('',#11814,1.15);
#237=CIRCLE('',#11815,1.15);
#238=CIRCLE('',#11817,1.65);
#239=CIRCLE('',#11819,1.15);
#240=CIRCLE('',#11820,1.15);
#241=CIRCLE('',#11822,1.65);
#242=CIRCLE('',#11824,1.15);
#243=CIRCLE('',#11825,1.15);
#244=CIRCLE('',#11827,1.65);
#245=CIRCLE('',#11829,1.15);
#246=CIRCLE('',#11830,1.15);
#247=CIRCLE('',#11832,1.65);
#248=CIRCLE('',#11907,2.3);
#249=CIRCLE('',#11909,2.3);
#250=CIRCLE('',#11913,0.999999999999996);
#251=CIRCLE('',#11915,0.999999999999996);
#252=CIRCLE('',#11922,0.999999999999996);
#253=CIRCLE('',#11924,1.00000000000001);
#254=CIRCLE('',#11926,2.3);
#255=CIRCLE('',#11927,2.3);
#256=CIRCLE('',#11958,2.3);
#257=CIRCLE('',#11959,1.65000000000001);
#258=CIRCLE('',#11960,1.65);
#259=CIRCLE('',#11961,1.65000000000001);
#260=CIRCLE('',#11962,1.65);
#261=CIRCLE('',#11963,1.65);
#262=CIRCLE('',#11964,1.65);
#263=CIRCLE('',#11965,1.65000000000001);
#264=CIRCLE('',#11966,1.65000000000001);
#265=CIRCLE('',#11967,1.64999999999999);
#266=CIRCLE('',#11970,1.15);
#267=CIRCLE('',#11972,1.15);
#268=CIRCLE('',#11974,1.14999999999999);
#269=CIRCLE('',#11976,1.14999999999999);
#270=CIRCLE('',#11978,1.15);
#271=CIRCLE('',#11980,1.15);
#272=CIRCLE('',#11982,1.15);
#273=CIRCLE('',#11984,1.15);
#274=CIRCLE('',#11986,1.15);
#275=CIRCLE('',#11988,1.15);
#276=CIRCLE('',#11990,1.15);
#277=CIRCLE('',#11992,1.15);
#278=CIRCLE('',#11994,1.15);
#279=CIRCLE('',#11996,1.15);
#280=CIRCLE('',#11998,1.15);
#281=CIRCLE('',#12000,1.15);
#282=CIRCLE('',#12002,1.15);
#283=CIRCLE('',#12004,1.15);
#284=CIRCLE('',#12007,2.3);
#285=CIRCLE('',#12053,1.00000000000001);
#286=CIRCLE('',#12055,0.999999999999996);
#287=CIRCLE('',#12062,1.5);
#288=CIRCLE('',#12064,2.99999999999999);
#289=CIRCLE('',#12065,2.99999999999999);
#290=CIRCLE('',#12067,1.5);
#291=CIRCLE('',#12070,3.00000000000001);
#292=CIRCLE('',#12073,1.5);
#293=CIRCLE('',#12076,1.49999999999999);
#294=CIRCLE('',#12077,1.5);
#295=CIRCLE('',#12078,1.5);
#296=CIRCLE('',#12080,1.5);
#297=CIRCLE('',#12082,1.5);
#298=CIRCLE('',#12084,1.5);
#299=CIRCLE('',#12085,1.5);
#300=CIRCLE('',#12086,1.5);
#301=CIRCLE('',#12089,1.5);
#302=CIRCLE('',#12091,1.49999999999998);
#303=CIRCLE('',#12092,1.5);
#304=CIRCLE('',#12093,1.5);
#305=CIRCLE('',#12095,1.5);
#306=CIRCLE('',#12098,1.5);
#307=CIRCLE('',#12099,1.49999999999999);
#308=CIRCLE('',#12100,1.5);
#309=CIRCLE('',#12102,4.50000000000001);
#310=CIRCLE('',#12103,3.00000000000001);
#311=CIRCLE('',#12105,1.5);
#312=CIRCLE('',#12107,1.5);
#313=CIRCLE('',#12108,1.5);
#314=CIRCLE('',#12109,1.5);
#315=CIRCLE('',#12112,1.5);
#316=CIRCLE('',#12114,4.50000000000001);
#317=CIRCLE('',#12115,3.00000000000001);
#318=CIRCLE('',#12117,4.49999999999999);
#319=CIRCLE('',#12121,3.00000000000001);
#320=CIRCLE('',#12123,1.5);
#321=CIRCLE('',#12124,1.5);
#322=CIRCLE('',#12125,1.5);
#323=CIRCLE('',#12127,1.5);
#324=CIRCLE('',#12129,1.5);
#325=CIRCLE('',#12131,1.5);
#326=CIRCLE('',#12134,5.);
#327=CIRCLE('',#12135,5.);
#328=CIRCLE('',#12137,5.);
#329=CIRCLE('',#12139,5.);
#330=CIRCLE('',#12143,0.999999999999996);
#331=CIRCLE('',#12145,0.999999999999996);
#332=CIRCLE('',#12207,2.3);
#333=CIRCLE('',#12208,2.3);
#334=CIRCLE('',#12209,1.65000000000001);
#335=CIRCLE('',#12210,1.65000000000003);
#336=CIRCLE('',#12211,1.65000000000001);
#337=CIRCLE('',#12212,1.65000000000001);
#338=CIRCLE('',#12216,3.00000000000001);
#339=CIRCLE('',#12219,2.3);
#340=CIRCLE('',#12221,2.3);
#341=CIRCLE('',#12223,1.15000000000002);
#342=CIRCLE('',#12224,1.15000000000002);
#343=CIRCLE('',#12227,1.15);
#344=CIRCLE('',#12228,1.15);
#345=CIRCLE('',#12231,1.15);
#346=CIRCLE('',#12232,1.15);
#347=CIRCLE('',#12235,1.15);
#348=CIRCLE('',#12236,1.15);
#349=CIRCLE('',#12245,0.999999999999996);
#350=CIRCLE('',#12247,0.999999999999996);
#351=CIRCLE('',#12252,1.5);
#352=CIRCLE('',#12255,3.00000000000001);
#353=CIRCLE('',#12257,1.5);
#354=CIRCLE('',#12259,1.5);
#355=CIRCLE('',#12261,3.00000000000001);
#356=CIRCLE('',#12262,3.00000000000001);
#357=CIRCLE('',#12264,1.5);
#358=CIRCLE('',#12265,1.49999999999999);
#359=CIRCLE('',#12266,1.5);
#360=CIRCLE('',#12268,1.5);
#361=CIRCLE('',#12270,1.5);
#362=CIRCLE('',#12274,1.5);
#363=CIRCLE('',#12276,1.475);
#364=CIRCLE('',#12277,1.47499999999999);
#365=CIRCLE('',#12278,1.475);
#366=CIRCLE('',#12279,1.47499999999999);
#367=CIRCLE('',#12282,1.5);
#368=CIRCLE('',#12283,1.49999999999999);
#369=CIRCLE('',#12284,1.49999999999999);
#370=CIRCLE('',#12286,1.5);
#371=CIRCLE('',#12290,1.5);
#372=CIRCLE('',#12292,1.5);
#373=CIRCLE('',#12293,1.49999999999999);
#374=CIRCLE('',#12294,1.5);
#375=CIRCLE('',#12296,4.50000000000001);
#376=CIRCLE('',#12297,3.00000000000001);
#377=CIRCLE('',#12299,1.5);
#378=CIRCLE('',#12301,1.5);
#379=CIRCLE('',#12302,1.5);
#380=CIRCLE('',#12303,1.5);
#381=CIRCLE('',#12306,1.5);
#382=CIRCLE('',#12308,1.5);
#383=CIRCLE('',#12309,1.49999999999999);
#384=CIRCLE('',#12310,1.5);
#385=CIRCLE('',#12312,4.50000000000001);
#386=CIRCLE('',#12313,3.00000000000001);
#387=CIRCLE('',#12315,1.5);
#388=CIRCLE('',#12318,3.00000000000001);
#389=CIRCLE('',#12321,2.5);
#390=CIRCLE('',#12322,4.50000000000001);
#391=CIRCLE('',#12323,2.5);
#392=CIRCLE('',#12324,2.5);
#393=CIRCLE('',#12325,2.5);
#394=CIRCLE('',#12327,5.);
#395=CIRCLE('',#12328,5.);
#396=CIRCLE('',#12330,1.5);
#397=CIRCLE('',#12331,1.5);
#398=CIRCLE('',#12332,1.5);
#399=CIRCLE('',#12334,1.5);
#400=CIRCLE('',#12336,1.5);
#401=CIRCLE('',#12338,1.5);
#402=CIRCLE('',#12340,5.);
#403=CIRCLE('',#12341,5.);
#404=CIRCLE('',#12345,0.999999999999996);
#405=CIRCLE('',#12347,0.999999999999996);
#406=CIRCLE('',#12418,3.00000000000001);
#407=CIRCLE('',#12419,2.3);
#408=CIRCLE('',#12420,1.15);
#409=CIRCLE('',#12421,1.15);
#410=CIRCLE('',#12422,1.15);
#411=CIRCLE('',#12423,1.15000000000002);
#412=CIRCLE('',#12426,1.47499999999999);
#413=CIRCLE('',#12427,1.475);
#414=CIRCLE('',#12428,1.47499999999999);
#415=CIRCLE('',#12429,1.475);
#416=CIRCLE('',#12436,2.3);
#417=CIRCLE('',#12438,2.3);
#418=CIRCLE('',#12439,2.3);
#419=CIRCLE('',#12441,1.15);
#420=CIRCLE('',#12443,1.65000000000001);
#421=CIRCLE('',#12445,1.15);
#422=CIRCLE('',#12447,1.65000000000001);
#423=CIRCLE('',#12449,1.15);
#424=CIRCLE('',#12451,1.65000000000001);
#425=CIRCLE('',#12453,1.15000000000002);
#426=CIRCLE('',#12455,1.65000000000003);
#427=CIRCLE('',#12457,0.999999999999996);
#428=CIRCLE('',#12479,0.999999999999996);
#429=CIRCLE('',#12481,2.5);
#430=CIRCLE('',#12482,0.999999999999996);
#431=CIRCLE('',#12486,0.999999999999996);
#432=CIRCLE('',#12488,2.5);
#433=CIRCLE('',#12489,0.999999999999996);
#434=CIRCLE('',#12494,0.999999999999996);
#435=CIRCLE('',#12496,2.5);
#436=CIRCLE('',#12497,0.999999999999996);
#437=CIRCLE('',#12502,2.5);
#438=CIRCLE('',#12503,0.999999999999996);
#439=CIRCLE('',#12511,0.999999999999996);
#440=CIRCLE('',#12513,0.999999999999996);
#441=CIRCLE('',#12519,2.3);
#442=CIRCLE('',#12520,2.3);
#443=CIRCLE('',#12524,2.3);
#444=CIRCLE('',#12525,2.3);
#445=CIRCLE('',#12526,1.49999999999999);
#446=CIRCLE('',#12527,1.50000000000002);
#447=CIRCLE('',#12532,1.50000000000002);
#448=CIRCLE('',#12535,1.49999999999999);
#449=CIRCLE('',#12554,1.5);
#450=CIRCLE('',#12555,1.5);
#451=CIRCLE('',#12558,1.5);
#452=CIRCLE('',#12559,1.5);
#453=CIRCLE('',#12562,1.5);
#454=CIRCLE('',#12563,1.5);
#455=CIRCLE('',#12566,1.5);
#456=CIRCLE('',#12567,1.5);
#457=CIRCLE('',#12570,1.5);
#458=CIRCLE('',#12571,1.5);
#459=CIRCLE('',#12574,1.5);
#460=CIRCLE('',#12575,1.5);
#461=CIRCLE('',#12589,1.5);
#462=CIRCLE('',#12590,1.5);
#463=CIRCLE('',#12591,1.5);
#464=CIRCLE('',#12592,1.5);
#465=CIRCLE('',#12593,1.5);
#466=CIRCLE('',#12594,1.5);
#467=CIRCLE('',#12595,1.5);
#468=CIRCLE('',#12596,1.5);
#469=CIRCLE('',#12597,1.5);
#470=CIRCLE('',#12598,1.5);
#471=CIRCLE('',#12599,1.5);
#472=CIRCLE('',#12600,1.5);
#473=CIRCLE('',#12601,1.5);
#474=CIRCLE('',#12602,1.5);
#475=CIRCLE('',#12603,1.5);
#476=CIRCLE('',#12604,1.5);
#477=CIRCLE('',#12605,1.5);
#478=CIRCLE('',#12612,1.5);
#479=CIRCLE('',#12615,1.5);
#480=CIRCLE('',#12618,1.5);
#481=CIRCLE('',#12621,1.5);
#482=CIRCLE('',#12624,1.5);
#483=CIRCLE('',#12627,1.5);
#484=CIRCLE('',#12630,1.5);
#485=CIRCLE('',#12633,1.5);
#486=CIRCLE('',#12636,1.5);
#487=CIRCLE('',#12639,1.5);
#488=CIRCLE('',#12642,1.5);
#489=CIRCLE('',#12645,1.5);
#490=CIRCLE('',#12648,1.5);
#491=CIRCLE('',#12651,1.5);
#492=CIRCLE('',#12654,1.5);
#493=CIRCLE('',#12657,1.5);
#494=CIRCLE('',#12660,1.5);
#495=CYLINDRICAL_SURFACE('',#11756,1.50000000000002);
#496=CYLINDRICAL_SURFACE('',#11760,1.49999999999999);
#497=CYLINDRICAL_SURFACE('',#11764,2.3);
#498=CYLINDRICAL_SURFACE('',#11770,2.3);
#499=CYLINDRICAL_SURFACE('',#11780,2.3);
#500=CYLINDRICAL_SURFACE('',#11783,1.14999999999999);
#501=CYLINDRICAL_SURFACE('',#11788,1.15);
#502=CYLINDRICAL_SURFACE('',#11793,1.15);
#503=CYLINDRICAL_SURFACE('',#11798,1.15);
#504=CYLINDRICAL_SURFACE('',#11803,1.15);
#505=CYLINDRICAL_SURFACE('',#11808,1.15);
#506=CYLINDRICAL_SURFACE('',#11813,1.15);
#507=CYLINDRICAL_SURFACE('',#11818,1.15);
#508=CYLINDRICAL_SURFACE('',#11823,1.15);
#509=CYLINDRICAL_SURFACE('',#11828,1.15);
#510=CYLINDRICAL_SURFACE('',#11908,2.3);
#511=CYLINDRICAL_SURFACE('',#11912,0.999999999999996);
#512=CYLINDRICAL_SURFACE('',#11914,0.999999999999996);
#513=CYLINDRICAL_SURFACE('',#11925,2.3);
#514=CYLINDRICAL_SURFACE('',#11971,1.15);
#515=CYLINDRICAL_SURFACE('',#11975,1.14999999999999);
#516=CYLINDRICAL_SURFACE('',#11979,1.15);
#517=CYLINDRICAL_SURFACE('',#11983,1.15);
#518=CYLINDRICAL_SURFACE('',#11987,1.15);
#519=CYLINDRICAL_SURFACE('',#11991,1.15);
#520=CYLINDRICAL_SURFACE('',#11995,1.15);
#521=CYLINDRICAL_SURFACE('',#11999,1.15);
#522=CYLINDRICAL_SURFACE('',#12003,1.15);
#523=CYLINDRICAL_SURFACE('',#12006,2.3);
#524=CYLINDRICAL_SURFACE('',#12052,1.00000000000001);
#525=CYLINDRICAL_SURFACE('',#12054,0.999999999999996);
#526=CYLINDRICAL_SURFACE('',#12061,1.5);
#527=CYLINDRICAL_SURFACE('',#12063,2.99999999999999);
#528=CYLINDRICAL_SURFACE('',#12066,1.5);
#529=CYLINDRICAL_SURFACE('',#12069,3.00000000000001);
#530=CYLINDRICAL_SURFACE('',#12071,5.);
#531=CYLINDRICAL_SURFACE('',#12072,1.5);
#532=CYLINDRICAL_SURFACE('',#12079,1.5);
#533=CYLINDRICAL_SURFACE('',#12081,1.5);
#534=CYLINDRICAL_SURFACE('',#12087,1.5);
#535=CYLINDRICAL_SURFACE('',#12088,1.5);
#536=CYLINDRICAL_SURFACE('',#12094,1.5);
#537=CYLINDRICAL_SURFACE('',#12096,1.5);
#538=CYLINDRICAL_SURFACE('',#12104,1.5);
#539=CYLINDRICAL_SURFACE('',#12110,1.5);
#540=CYLINDRICAL_SURFACE('',#12111,1.5);
#541=CYLINDRICAL_SURFACE('',#12120,3.00000000000001);
#542=CYLINDRICAL_SURFACE('',#12126,1.5);
#543=CYLINDRICAL_SURFACE('',#12128,1.5);
#544=CYLINDRICAL_SURFACE('',#12133,5.);
#545=CYLINDRICAL_SURFACE('',#12138,5.);
#546=CYLINDRICAL_SURFACE('',#12215,3.00000000000001);
#547=CYLINDRICAL_SURFACE('',#12218,2.3);
#548=CYLINDRICAL_SURFACE('',#12220,2.3);
#549=CYLINDRICAL_SURFACE('',#12222,1.15000000000002);
#550=CYLINDRICAL_SURFACE('',#12226,1.15);
#551=CYLINDRICAL_SURFACE('',#12230,1.15);
#552=CYLINDRICAL_SURFACE('',#12234,1.15);
#553=CYLINDRICAL_SURFACE('',#12244,0.999999999999996);
#554=CYLINDRICAL_SURFACE('',#12246,0.999999999999996);
#555=CYLINDRICAL_SURFACE('',#12250,1.5);
#556=CYLINDRICAL_SURFACE('',#12253,5.);
#557=CYLINDRICAL_SURFACE('',#12254,3.00000000000001);
#558=CYLINDRICAL_SURFACE('',#12256,1.5);
#559=CYLINDRICAL_SURFACE('',#12258,1.5);
#560=CYLINDRICAL_SURFACE('',#12260,3.00000000000001);
#561=CYLINDRICAL_SURFACE('',#12267,1.5);
#562=CYLINDRICAL_SURFACE('',#12269,1.5);
#563=CYLINDRICAL_SURFACE('',#12273,1.5);
#564=CYLINDRICAL_SURFACE('',#12285,1.5);
#565=CYLINDRICAL_SURFACE('',#12289,1.5);
#566=CYLINDRICAL_SURFACE('',#12298,1.5);
#567=CYLINDRICAL_SURFACE('',#12304,1.5);
#568=CYLINDRICAL_SURFACE('',#12305,1.5);
#569=CYLINDRICAL_SURFACE('',#12314,1.5);
#570=CYLINDRICAL_SURFACE('',#12316,1.5);
#571=CYLINDRICAL_SURFACE('',#12317,3.00000000000001);
#572=CYLINDRICAL_SURFACE('',#12326,5.);
#573=CYLINDRICAL_SURFACE('',#12335,1.5);
#574=CYLINDRICAL_SURFACE('',#12337,1.5);
#575=CYLINDRICAL_SURFACE('',#12339,5.);
#576=CYLINDRICAL_SURFACE('',#12431,3.00000000000001);
#577=CYLINDRICAL_SURFACE('',#12435,2.3);
#578=CYLINDRICAL_SURFACE('',#12437,2.3);
#579=CYLINDRICAL_SURFACE('',#12440,1.15);
#580=CYLINDRICAL_SURFACE('',#12444,1.15);
#581=CYLINDRICAL_SURFACE('',#12448,1.15);
#582=CYLINDRICAL_SURFACE('',#12452,1.15000000000002);
#583=CYLINDRICAL_SURFACE('',#12463,1.475);
#584=CYLINDRICAL_SURFACE('',#12465,1.47499999999999);
#585=CYLINDRICAL_SURFACE('',#12467,1.475);
#586=CYLINDRICAL_SURFACE('',#12469,1.47499999999999);
#587=CYLINDRICAL_SURFACE('',#12483,2.5);
#588=CYLINDRICAL_SURFACE('',#12484,0.999999999999996);
#589=CYLINDRICAL_SURFACE('',#12490,2.5);
#590=CYLINDRICAL_SURFACE('',#12492,0.999999999999996);
#591=CYLINDRICAL_SURFACE('',#12498,2.5);
#592=CYLINDRICAL_SURFACE('',#12500,0.999999999999996);
#593=CYLINDRICAL_SURFACE('',#12504,2.5);
#594=CYLINDRICAL_SURFACE('',#12506,0.999999999999996);
#595=CYLINDRICAL_SURFACE('',#12510,0.999999999999996);
#596=CYLINDRICAL_SURFACE('',#12512,0.999999999999996);
#597=CYLINDRICAL_SURFACE('',#12528,2.3);
#598=CYLINDRICAL_SURFACE('',#12530,2.3);
#599=CYLINDRICAL_SURFACE('',#12533,1.50000000000002);
#600=CYLINDRICAL_SURFACE('',#12536,1.49999999999999);
#601=CYLINDRICAL_SURFACE('',#12553,1.5);
#602=CYLINDRICAL_SURFACE('',#12557,1.5);
#603=CYLINDRICAL_SURFACE('',#12561,1.5);
#604=CYLINDRICAL_SURFACE('',#12565,1.5);
#605=CYLINDRICAL_SURFACE('',#12569,1.5);
#606=CYLINDRICAL_SURFACE('',#12573,1.5);
#607=CYLINDRICAL_SURFACE('',#12613,1.5);
#608=CYLINDRICAL_SURFACE('',#12616,1.5);
#609=CYLINDRICAL_SURFACE('',#12619,1.5);
#610=CYLINDRICAL_SURFACE('',#12622,1.5);
#611=CYLINDRICAL_SURFACE('',#12625,1.5);
#612=CYLINDRICAL_SURFACE('',#12628,1.5);
#613=CYLINDRICAL_SURFACE('',#12631,1.5);
#614=CYLINDRICAL_SURFACE('',#12634,1.5);
#615=CYLINDRICAL_SURFACE('',#12637,1.5);
#616=CYLINDRICAL_SURFACE('',#12640,1.5);
#617=CYLINDRICAL_SURFACE('',#12643,1.5);
#618=CYLINDRICAL_SURFACE('',#12646,1.5);
#619=CYLINDRICAL_SURFACE('',#12649,1.5);
#620=CYLINDRICAL_SURFACE('',#12652,1.5);
#621=CYLINDRICAL_SURFACE('',#12655,1.5);
#622=CYLINDRICAL_SURFACE('',#12658,1.5);
#623=CYLINDRICAL_SURFACE('',#12661,1.5);
#624=FACE_OUTER_BOUND('',#1253,.T.);
#625=FACE_OUTER_BOUND('',#1254,.T.);
#626=FACE_OUTER_BOUND('',#1255,.T.);
#627=FACE_OUTER_BOUND('',#1256,.T.);
#628=FACE_OUTER_BOUND('',#1257,.T.);
#629=FACE_OUTER_BOUND('',#1258,.T.);
#630=FACE_OUTER_BOUND('',#1259,.T.);
#631=FACE_OUTER_BOUND('',#1260,.T.);
#632=FACE_OUTER_BOUND('',#1261,.T.);
#633=FACE_OUTER_BOUND('',#1262,.T.);
#634=FACE_OUTER_BOUND('',#1265,.T.);
#635=FACE_OUTER_BOUND('',#1266,.T.);
#636=FACE_OUTER_BOUND('',#1267,.T.);
#637=FACE_OUTER_BOUND('',#1268,.T.);
#638=FACE_OUTER_BOUND('',#1269,.T.);
#639=FACE_OUTER_BOUND('',#1270,.T.);
#640=FACE_OUTER_BOUND('',#1271,.T.);
#641=FACE_OUTER_BOUND('',#1272,.T.);
#642=FACE_OUTER_BOUND('',#1273,.T.);
#643=FACE_OUTER_BOUND('',#1274,.T.);
#644=FACE_OUTER_BOUND('',#1275,.T.);
#645=FACE_OUTER_BOUND('',#1276,.T.);
#646=FACE_OUTER_BOUND('',#1277,.T.);
#647=FACE_OUTER_BOUND('',#1278,.T.);
#648=FACE_OUTER_BOUND('',#1279,.T.);
#649=FACE_OUTER_BOUND('',#1280,.T.);
#650=FACE_OUTER_BOUND('',#1281,.T.);
#651=FACE_OUTER_BOUND('',#1282,.T.);
#652=FACE_OUTER_BOUND('',#1283,.T.);
#653=FACE_OUTER_BOUND('',#1284,.T.);
#654=FACE_OUTER_BOUND('',#1285,.T.);
#655=FACE_OUTER_BOUND('',#1286,.T.);
#656=FACE_OUTER_BOUND('',#1287,.T.);
#657=FACE_OUTER_BOUND('',#1288,.T.);
#658=FACE_OUTER_BOUND('',#1289,.T.);
#659=FACE_OUTER_BOUND('',#1290,.T.);
#660=FACE_OUTER_BOUND('',#1291,.T.);
#661=FACE_OUTER_BOUND('',#1292,.T.);
#662=FACE_OUTER_BOUND('',#1293,.T.);
#663=FACE_OUTER_BOUND('',#1294,.T.);
#664=FACE_OUTER_BOUND('',#1295,.T.);
#665=FACE_OUTER_BOUND('',#1296,.T.);
#666=FACE_OUTER_BOUND('',#1297,.T.);
#667=FACE_OUTER_BOUND('',#1298,.T.);
#668=FACE_OUTER_BOUND('',#1299,.T.);
#669=FACE_OUTER_BOUND('',#1300,.T.);
#670=FACE_OUTER_BOUND('',#1301,.T.);
#671=FACE_OUTER_BOUND('',#1302,.T.);
#672=FACE_OUTER_BOUND('',#1303,.T.);
#673=FACE_OUTER_BOUND('',#1304,.T.);
#674=FACE_OUTER_BOUND('',#1305,.T.);
#675=FACE_OUTER_BOUND('',#1306,.T.);
#676=FACE_OUTER_BOUND('',#1307,.T.);
#677=FACE_OUTER_BOUND('',#1308,.T.);
#678=FACE_OUTER_BOUND('',#1309,.T.);
#679=FACE_OUTER_BOUND('',#1310,.T.);
#680=FACE_OUTER_BOUND('',#1311,.T.);
#681=FACE_OUTER_BOUND('',#1312,.T.);
#682=FACE_OUTER_BOUND('',#1313,.T.);
#683=FACE_OUTER_BOUND('',#1314,.T.);
#684=FACE_OUTER_BOUND('',#1315,.T.);
#685=FACE_OUTER_BOUND('',#1316,.T.);
#686=FACE_OUTER_BOUND('',#1317,.T.);
#687=FACE_OUTER_BOUND('',#1318,.T.);
#688=FACE_OUTER_BOUND('',#1319,.T.);
#689=FACE_OUTER_BOUND('',#1320,.T.);
#690=FACE_OUTER_BOUND('',#1321,.T.);
#691=FACE_OUTER_BOUND('',#1322,.T.);
#692=FACE_OUTER_BOUND('',#1323,.T.);
#693=FACE_OUTER_BOUND('',#1324,.T.);
#694=FACE_OUTER_BOUND('',#1325,.T.);
#695=FACE_OUTER_BOUND('',#1326,.T.);
#696=FACE_OUTER_BOUND('',#1327,.T.);
#697=FACE_OUTER_BOUND('',#1328,.T.);
#698=FACE_OUTER_BOUND('',#1329,.T.);
#699=FACE_OUTER_BOUND('',#1330,.T.);
#700=FACE_OUTER_BOUND('',#1331,.T.);
#701=FACE_OUTER_BOUND('',#1332,.T.);
#702=FACE_OUTER_BOUND('',#1333,.T.);
#703=FACE_OUTER_BOUND('',#1334,.T.);
#704=FACE_OUTER_BOUND('',#1335,.T.);
#705=FACE_OUTER_BOUND('',#1336,.T.);
#706=FACE_OUTER_BOUND('',#1337,.T.);
#707=FACE_OUTER_BOUND('',#1338,.T.);
#708=FACE_OUTER_BOUND('',#1339,.T.);
#709=FACE_OUTER_BOUND('',#1340,.T.);
#710=FACE_OUTER_BOUND('',#1341,.T.);
#711=FACE_OUTER_BOUND('',#1342,.T.);
#712=FACE_OUTER_BOUND('',#1343,.T.);
#713=FACE_OUTER_BOUND('',#1344,.T.);
#714=FACE_OUTER_BOUND('',#1345,.T.);
#715=FACE_OUTER_BOUND('',#1346,.T.);
#716=FACE_OUTER_BOUND('',#1347,.T.);
#717=FACE_OUTER_BOUND('',#1348,.T.);
#718=FACE_OUTER_BOUND('',#1349,.T.);
#719=FACE_OUTER_BOUND('',#1350,.T.);
#720=FACE_OUTER_BOUND('',#1351,.T.);
#721=FACE_OUTER_BOUND('',#1352,.T.);
#722=FACE_OUTER_BOUND('',#1353,.T.);
#723=FACE_OUTER_BOUND('',#1354,.T.);
#724=FACE_OUTER_BOUND('',#1355,.T.);
#725=FACE_OUTER_BOUND('',#1356,.T.);
#726=FACE_OUTER_BOUND('',#1357,.T.);
#727=FACE_OUTER_BOUND('',#1358,.T.);
#728=FACE_OUTER_BOUND('',#1359,.T.);
#729=FACE_OUTER_BOUND('',#1360,.T.);
#730=FACE_OUTER_BOUND('',#1361,.T.);
#731=FACE_OUTER_BOUND('',#1362,.T.);
#732=FACE_OUTER_BOUND('',#1363,.T.);
#733=FACE_OUTER_BOUND('',#1364,.T.);
#734=FACE_OUTER_BOUND('',#1365,.T.);
#735=FACE_OUTER_BOUND('',#1366,.T.);
#736=FACE_OUTER_BOUND('',#1367,.T.);
#737=FACE_OUTER_BOUND('',#1378,.T.);
#738=FACE_OUTER_BOUND('',#1379,.T.);
#739=FACE_OUTER_BOUND('',#1391,.T.);
#740=FACE_OUTER_BOUND('',#1392,.T.);
#741=FACE_OUTER_BOUND('',#1393,.T.);
#742=FACE_OUTER_BOUND('',#1394,.T.);
#743=FACE_OUTER_BOUND('',#1395,.T.);
#744=FACE_OUTER_BOUND('',#1396,.T.);
#745=FACE_OUTER_BOUND('',#1397,.T.);
#746=FACE_OUTER_BOUND('',#1398,.T.);
#747=FACE_OUTER_BOUND('',#1401,.T.);
#748=FACE_OUTER_BOUND('',#1402,.T.);
#749=FACE_OUTER_BOUND('',#1403,.T.);
#750=FACE_OUTER_BOUND('',#1404,.T.);
#751=FACE_OUTER_BOUND('',#1405,.T.);
#752=FACE_OUTER_BOUND('',#1406,.T.);
#753=FACE_OUTER_BOUND('',#1407,.T.);
#754=FACE_OUTER_BOUND('',#1408,.T.);
#755=FACE_OUTER_BOUND('',#1409,.T.);
#756=FACE_OUTER_BOUND('',#1410,.T.);
#757=FACE_OUTER_BOUND('',#1411,.T.);
#758=FACE_OUTER_BOUND('',#1412,.T.);
#759=FACE_OUTER_BOUND('',#1413,.T.);
#760=FACE_OUTER_BOUND('',#1414,.T.);
#761=FACE_OUTER_BOUND('',#1415,.T.);
#762=FACE_OUTER_BOUND('',#1416,.T.);
#763=FACE_OUTER_BOUND('',#1417,.T.);
#764=FACE_OUTER_BOUND('',#1418,.T.);
#765=FACE_OUTER_BOUND('',#1419,.T.);
#766=FACE_OUTER_BOUND('',#1420,.T.);
#767=FACE_OUTER_BOUND('',#1421,.T.);
#768=FACE_OUTER_BOUND('',#1422,.T.);
#769=FACE_OUTER_BOUND('',#1423,.T.);
#770=FACE_OUTER_BOUND('',#1424,.T.);
#771=FACE_OUTER_BOUND('',#1425,.T.);
#772=FACE_OUTER_BOUND('',#1426,.T.);
#773=FACE_OUTER_BOUND('',#1427,.T.);
#774=FACE_OUTER_BOUND('',#1428,.T.);
#775=FACE_OUTER_BOUND('',#1429,.T.);
#776=FACE_OUTER_BOUND('',#1430,.T.);
#777=FACE_OUTER_BOUND('',#1431,.T.);
#778=FACE_OUTER_BOUND('',#1432,.T.);
#779=FACE_OUTER_BOUND('',#1433,.T.);
#780=FACE_OUTER_BOUND('',#1443,.T.);
#781=FACE_OUTER_BOUND('',#1444,.T.);
#782=FACE_OUTER_BOUND('',#1445,.T.);
#783=FACE_OUTER_BOUND('',#1446,.T.);
#784=FACE_OUTER_BOUND('',#1447,.T.);
#785=FACE_OUTER_BOUND('',#1448,.T.);
#786=FACE_OUTER_BOUND('',#1449,.T.);
#787=FACE_OUTER_BOUND('',#1450,.T.);
#788=FACE_OUTER_BOUND('',#1451,.T.);
#789=FACE_OUTER_BOUND('',#1452,.T.);
#790=FACE_OUTER_BOUND('',#1453,.T.);
#791=FACE_OUTER_BOUND('',#1454,.T.);
#792=FACE_OUTER_BOUND('',#1455,.T.);
#793=FACE_OUTER_BOUND('',#1456,.T.);
#794=FACE_OUTER_BOUND('',#1457,.T.);
#795=FACE_OUTER_BOUND('',#1458,.T.);
#796=FACE_OUTER_BOUND('',#1459,.T.);
#797=FACE_OUTER_BOUND('',#1460,.T.);
#798=FACE_OUTER_BOUND('',#1461,.T.);
#799=FACE_OUTER_BOUND('',#1462,.T.);
#800=FACE_OUTER_BOUND('',#1463,.T.);
#801=FACE_OUTER_BOUND('',#1464,.T.);
#802=FACE_OUTER_BOUND('',#1465,.T.);
#803=FACE_OUTER_BOUND('',#1476,.T.);
#804=FACE_OUTER_BOUND('',#1477,.T.);
#805=FACE_OUTER_BOUND('',#1478,.T.);
#806=FACE_OUTER_BOUND('',#1479,.T.);
#807=FACE_OUTER_BOUND('',#1480,.T.);
#808=FACE_OUTER_BOUND('',#1481,.T.);
#809=FACE_OUTER_BOUND('',#1482,.T.);
#810=FACE_OUTER_BOUND('',#1483,.T.);
#811=FACE_OUTER_BOUND('',#1484,.T.);
#812=FACE_OUTER_BOUND('',#1485,.T.);
#813=FACE_OUTER_BOUND('',#1486,.T.);
#814=FACE_OUTER_BOUND('',#1487,.T.);
#815=FACE_OUTER_BOUND('',#1488,.T.);
#816=FACE_OUTER_BOUND('',#1489,.T.);
#817=FACE_OUTER_BOUND('',#1490,.T.);
#818=FACE_OUTER_BOUND('',#1491,.T.);
#819=FACE_OUTER_BOUND('',#1492,.T.);
#820=FACE_OUTER_BOUND('',#1493,.T.);
#821=FACE_OUTER_BOUND('',#1494,.T.);
#822=FACE_OUTER_BOUND('',#1495,.T.);
#823=FACE_OUTER_BOUND('',#1496,.T.);
#824=FACE_OUTER_BOUND('',#1497,.T.);
#825=FACE_OUTER_BOUND('',#1498,.T.);
#826=FACE_OUTER_BOUND('',#1499,.T.);
#827=FACE_OUTER_BOUND('',#1500,.T.);
#828=FACE_OUTER_BOUND('',#1501,.T.);
#829=FACE_OUTER_BOUND('',#1502,.T.);
#830=FACE_OUTER_BOUND('',#1503,.T.);
#831=FACE_OUTER_BOUND('',#1504,.T.);
#832=FACE_OUTER_BOUND('',#1505,.T.);
#833=FACE_OUTER_BOUND('',#1506,.T.);
#834=FACE_OUTER_BOUND('',#1507,.T.);
#835=FACE_OUTER_BOUND('',#1508,.T.);
#836=FACE_OUTER_BOUND('',#1509,.T.);
#837=FACE_OUTER_BOUND('',#1510,.T.);
#838=FACE_OUTER_BOUND('',#1511,.T.);
#839=FACE_OUTER_BOUND('',#1512,.T.);
#840=FACE_OUTER_BOUND('',#1513,.T.);
#841=FACE_OUTER_BOUND('',#1514,.T.);
#842=FACE_OUTER_BOUND('',#1515,.T.);
#843=FACE_OUTER_BOUND('',#1516,.T.);
#844=FACE_OUTER_BOUND('',#1517,.T.);
#845=FACE_OUTER_BOUND('',#1518,.T.);
#846=FACE_OUTER_BOUND('',#1519,.T.);
#847=FACE_OUTER_BOUND('',#1520,.T.);
#848=FACE_OUTER_BOUND('',#1521,.T.);
#849=FACE_OUTER_BOUND('',#1522,.T.);
#850=FACE_OUTER_BOUND('',#1523,.T.);
#851=FACE_OUTER_BOUND('',#1524,.T.);
#852=FACE_OUTER_BOUND('',#1527,.T.);
#853=FACE_OUTER_BOUND('',#1528,.T.);
#854=FACE_OUTER_BOUND('',#1529,.T.);
#855=FACE_OUTER_BOUND('',#1530,.T.);
#856=FACE_OUTER_BOUND('',#1531,.T.);
#857=FACE_OUTER_BOUND('',#1532,.T.);
#858=FACE_OUTER_BOUND('',#1533,.T.);
#859=FACE_OUTER_BOUND('',#1534,.T.);
#860=FACE_OUTER_BOUND('',#1535,.T.);
#861=FACE_OUTER_BOUND('',#1536,.T.);
#862=FACE_OUTER_BOUND('',#1537,.T.);
#863=FACE_OUTER_BOUND('',#1538,.T.);
#864=FACE_OUTER_BOUND('',#1539,.T.);
#865=FACE_OUTER_BOUND('',#1540,.T.);
#866=FACE_OUTER_BOUND('',#1541,.T.);
#867=FACE_OUTER_BOUND('',#1542,.T.);
#868=FACE_OUTER_BOUND('',#1543,.T.);
#869=FACE_OUTER_BOUND('',#1544,.T.);
#870=FACE_OUTER_BOUND('',#1545,.T.);
#871=FACE_OUTER_BOUND('',#1546,.T.);
#872=FACE_OUTER_BOUND('',#1547,.T.);
#873=FACE_OUTER_BOUND('',#1548,.T.);
#874=FACE_OUTER_BOUND('',#1549,.T.);
#875=FACE_OUTER_BOUND('',#1550,.T.);
#876=FACE_OUTER_BOUND('',#1551,.T.);
#877=FACE_OUTER_BOUND('',#1552,.T.);
#878=FACE_OUTER_BOUND('',#1553,.T.);
#879=FACE_OUTER_BOUND('',#1554,.T.);
#880=FACE_OUTER_BOUND('',#1555,.T.);
#881=FACE_OUTER_BOUND('',#1556,.T.);
#882=FACE_OUTER_BOUND('',#1557,.T.);
#883=FACE_OUTER_BOUND('',#1558,.T.);
#884=FACE_OUTER_BOUND('',#1559,.T.);
#885=FACE_OUTER_BOUND('',#1560,.T.);
#886=FACE_OUTER_BOUND('',#1561,.T.);
#887=FACE_OUTER_BOUND('',#1562,.T.);
#888=FACE_OUTER_BOUND('',#1563,.T.);
#889=FACE_OUTER_BOUND('',#1564,.T.);
#890=FACE_OUTER_BOUND('',#1565,.T.);
#891=FACE_OUTER_BOUND('',#1566,.T.);
#892=FACE_OUTER_BOUND('',#1567,.T.);
#893=FACE_OUTER_BOUND('',#1568,.T.);
#894=FACE_OUTER_BOUND('',#1569,.T.);
#895=FACE_OUTER_BOUND('',#1570,.T.);
#896=FACE_OUTER_BOUND('',#1571,.T.);
#897=FACE_OUTER_BOUND('',#1572,.T.);
#898=FACE_OUTER_BOUND('',#1573,.T.);
#899=FACE_OUTER_BOUND('',#1574,.T.);
#900=FACE_OUTER_BOUND('',#1575,.T.);
#901=FACE_OUTER_BOUND('',#1576,.T.);
#902=FACE_OUTER_BOUND('',#1577,.T.);
#903=FACE_OUTER_BOUND('',#1578,.T.);
#904=FACE_OUTER_BOUND('',#1579,.T.);
#905=FACE_OUTER_BOUND('',#1580,.T.);
#906=FACE_OUTER_BOUND('',#1581,.T.);
#907=FACE_OUTER_BOUND('',#1582,.T.);
#908=FACE_OUTER_BOUND('',#1583,.T.);
#909=FACE_OUTER_BOUND('',#1584,.T.);
#910=FACE_OUTER_BOUND('',#1585,.T.);
#911=FACE_OUTER_BOUND('',#1586,.T.);
#912=FACE_OUTER_BOUND('',#1587,.T.);
#913=FACE_OUTER_BOUND('',#1588,.T.);
#914=FACE_OUTER_BOUND('',#1589,.T.);
#915=FACE_OUTER_BOUND('',#1590,.T.);
#916=FACE_OUTER_BOUND('',#1591,.T.);
#917=FACE_OUTER_BOUND('',#1592,.T.);
#918=FACE_OUTER_BOUND('',#1593,.T.);
#919=FACE_OUTER_BOUND('',#1594,.T.);
#920=FACE_OUTER_BOUND('',#1595,.T.);
#921=FACE_OUTER_BOUND('',#1596,.T.);
#922=FACE_OUTER_BOUND('',#1597,.T.);
#923=FACE_OUTER_BOUND('',#1598,.T.);
#924=FACE_OUTER_BOUND('',#1599,.T.);
#925=FACE_OUTER_BOUND('',#1600,.T.);
#926=FACE_OUTER_BOUND('',#1601,.T.);
#927=FACE_OUTER_BOUND('',#1602,.T.);
#928=FACE_OUTER_BOUND('',#1603,.T.);
#929=FACE_OUTER_BOUND('',#1604,.T.);
#930=FACE_OUTER_BOUND('',#1605,.T.);
#931=FACE_OUTER_BOUND('',#1606,.T.);
#932=FACE_OUTER_BOUND('',#1607,.T.);
#933=FACE_OUTER_BOUND('',#1608,.T.);
#934=FACE_OUTER_BOUND('',#1609,.T.);
#935=FACE_OUTER_BOUND('',#1610,.T.);
#936=FACE_OUTER_BOUND('',#1611,.T.);
#937=FACE_OUTER_BOUND('',#1612,.T.);
#938=FACE_OUTER_BOUND('',#1613,.T.);
#939=FACE_OUTER_BOUND('',#1614,.T.);
#940=FACE_OUTER_BOUND('',#1615,.T.);
#941=FACE_OUTER_BOUND('',#1616,.T.);
#942=FACE_OUTER_BOUND('',#1617,.T.);
#943=FACE_OUTER_BOUND('',#1618,.T.);
#944=FACE_OUTER_BOUND('',#1619,.T.);
#945=FACE_OUTER_BOUND('',#1620,.T.);
#946=FACE_OUTER_BOUND('',#1621,.T.);
#947=FACE_OUTER_BOUND('',#1622,.T.);
#948=FACE_OUTER_BOUND('',#1623,.T.);
#949=FACE_OUTER_BOUND('',#1624,.T.);
#950=FACE_OUTER_BOUND('',#1625,.T.);
#951=FACE_OUTER_BOUND('',#1626,.T.);
#952=FACE_OUTER_BOUND('',#1627,.T.);
#953=FACE_OUTER_BOUND('',#1632,.T.);
#954=FACE_OUTER_BOUND('',#1633,.T.);
#955=FACE_OUTER_BOUND('',#1634,.T.);
#956=FACE_OUTER_BOUND('',#1635,.T.);
#957=FACE_OUTER_BOUND('',#1636,.T.);
#958=FACE_OUTER_BOUND('',#1637,.T.);
#959=FACE_OUTER_BOUND('',#1638,.T.);
#960=FACE_OUTER_BOUND('',#1639,.T.);
#961=FACE_OUTER_BOUND('',#1640,.T.);
#962=FACE_OUTER_BOUND('',#1641,.T.);
#963=FACE_OUTER_BOUND('',#1642,.T.);
#964=FACE_OUTER_BOUND('',#1643,.T.);
#965=FACE_OUTER_BOUND('',#1644,.T.);
#966=FACE_OUTER_BOUND('',#1645,.T.);
#967=FACE_OUTER_BOUND('',#1646,.T.);
#968=FACE_OUTER_BOUND('',#1647,.T.);
#969=FACE_OUTER_BOUND('',#1648,.T.);
#970=FACE_OUTER_BOUND('',#1649,.T.);
#971=FACE_OUTER_BOUND('',#1650,.T.);
#972=FACE_OUTER_BOUND('',#1651,.T.);
#973=FACE_OUTER_BOUND('',#1656,.T.);
#974=FACE_OUTER_BOUND('',#1657,.T.);
#975=FACE_OUTER_BOUND('',#1658,.T.);
#976=FACE_OUTER_BOUND('',#1659,.T.);
#977=FACE_OUTER_BOUND('',#1662,.T.);
#978=FACE_OUTER_BOUND('',#1663,.T.);
#979=FACE_OUTER_BOUND('',#1664,.T.);
#980=FACE_OUTER_BOUND('',#1665,.T.);
#981=FACE_OUTER_BOUND('',#1666,.T.);
#982=FACE_OUTER_BOUND('',#1667,.T.);
#983=FACE_OUTER_BOUND('',#1668,.T.);
#984=FACE_OUTER_BOUND('',#1669,.T.);
#985=FACE_OUTER_BOUND('',#1670,.T.);
#986=FACE_OUTER_BOUND('',#1671,.T.);
#987=FACE_OUTER_BOUND('',#1672,.T.);
#988=FACE_OUTER_BOUND('',#1674,.T.);
#989=FACE_OUTER_BOUND('',#1675,.T.);
#990=FACE_OUTER_BOUND('',#1676,.T.);
#991=FACE_OUTER_BOUND('',#1677,.T.);
#992=FACE_OUTER_BOUND('',#1678,.T.);
#993=FACE_OUTER_BOUND('',#1679,.T.);
#994=FACE_OUTER_BOUND('',#1680,.T.);
#995=FACE_OUTER_BOUND('',#1681,.T.);
#996=FACE_OUTER_BOUND('',#1682,.T.);
#997=FACE_OUTER_BOUND('',#1683,.T.);
#998=FACE_OUTER_BOUND('',#1684,.T.);
#999=FACE_OUTER_BOUND('',#1685,.T.);
#1000=FACE_OUTER_BOUND('',#1686,.T.);
#1001=FACE_OUTER_BOUND('',#1687,.T.);
#1002=FACE_OUTER_BOUND('',#1688,.T.);
#1003=FACE_OUTER_BOUND('',#1689,.T.);
#1004=FACE_OUTER_BOUND('',#1690,.T.);
#1005=FACE_OUTER_BOUND('',#1694,.T.);
#1006=FACE_OUTER_BOUND('',#1695,.T.);
#1007=FACE_OUTER_BOUND('',#1696,.T.);
#1008=FACE_OUTER_BOUND('',#1697,.T.);
#1009=FACE_OUTER_BOUND('',#1698,.T.);
#1010=FACE_OUTER_BOUND('',#1699,.T.);
#1011=FACE_OUTER_BOUND('',#1700,.T.);
#1012=FACE_OUTER_BOUND('',#1701,.T.);
#1013=FACE_OUTER_BOUND('',#1702,.T.);
#1014=FACE_OUTER_BOUND('',#1703,.T.);
#1015=FACE_OUTER_BOUND('',#1704,.T.);
#1016=FACE_OUTER_BOUND('',#1705,.T.);
#1017=FACE_OUTER_BOUND('',#1706,.T.);
#1018=FACE_OUTER_BOUND('',#1707,.T.);
#1019=FACE_OUTER_BOUND('',#1708,.T.);
#1020=FACE_OUTER_BOUND('',#1709,.T.);
#1021=FACE_OUTER_BOUND('',#1710,.T.);
#1022=FACE_OUTER_BOUND('',#1711,.T.);
#1023=FACE_OUTER_BOUND('',#1712,.T.);
#1024=FACE_OUTER_BOUND('',#1713,.T.);
#1025=FACE_OUTER_BOUND('',#1714,.T.);
#1026=FACE_OUTER_BOUND('',#1715,.T.);
#1027=FACE_OUTER_BOUND('',#1716,.T.);
#1028=FACE_OUTER_BOUND('',#1717,.T.);
#1029=FACE_OUTER_BOUND('',#1718,.T.);
#1030=FACE_OUTER_BOUND('',#1719,.T.);
#1031=FACE_OUTER_BOUND('',#1720,.T.);
#1032=FACE_OUTER_BOUND('',#1721,.T.);
#1033=FACE_OUTER_BOUND('',#1722,.T.);
#1034=FACE_OUTER_BOUND('',#1723,.T.);
#1035=FACE_OUTER_BOUND('',#1724,.T.);
#1036=FACE_OUTER_BOUND('',#1725,.T.);
#1037=FACE_OUTER_BOUND('',#1726,.T.);
#1038=FACE_OUTER_BOUND('',#1727,.T.);
#1039=FACE_OUTER_BOUND('',#1728,.T.);
#1040=FACE_OUTER_BOUND('',#1729,.T.);
#1041=FACE_OUTER_BOUND('',#1730,.T.);
#1042=FACE_OUTER_BOUND('',#1731,.T.);
#1043=FACE_OUTER_BOUND('',#1732,.T.);
#1044=FACE_OUTER_BOUND('',#1733,.T.);
#1045=FACE_OUTER_BOUND('',#1734,.T.);
#1046=FACE_OUTER_BOUND('',#1735,.T.);
#1047=FACE_OUTER_BOUND('',#1736,.T.);
#1048=FACE_OUTER_BOUND('',#1737,.T.);
#1049=FACE_OUTER_BOUND('',#1738,.T.);
#1050=FACE_OUTER_BOUND('',#1739,.T.);
#1051=FACE_OUTER_BOUND('',#1740,.T.);
#1052=FACE_OUTER_BOUND('',#1741,.T.);
#1053=FACE_OUTER_BOUND('',#1742,.T.);
#1054=FACE_OUTER_BOUND('',#1743,.T.);
#1055=FACE_OUTER_BOUND('',#1744,.T.);
#1056=FACE_OUTER_BOUND('',#1745,.T.);
#1057=FACE_OUTER_BOUND('',#1746,.T.);
#1058=FACE_OUTER_BOUND('',#1747,.T.);
#1059=FACE_OUTER_BOUND('',#1748,.T.);
#1060=FACE_OUTER_BOUND('',#1749,.T.);
#1061=FACE_OUTER_BOUND('',#1750,.T.);
#1062=FACE_OUTER_BOUND('',#1751,.T.);
#1063=FACE_OUTER_BOUND('',#1752,.T.);
#1064=FACE_OUTER_BOUND('',#1753,.T.);
#1065=FACE_OUTER_BOUND('',#1754,.T.);
#1066=FACE_OUTER_BOUND('',#1755,.T.);
#1067=FACE_OUTER_BOUND('',#1756,.T.);
#1068=FACE_OUTER_BOUND('',#1757,.T.);
#1069=FACE_OUTER_BOUND('',#1758,.T.);
#1070=FACE_OUTER_BOUND('',#1759,.T.);
#1071=FACE_OUTER_BOUND('',#1760,.T.);
#1072=FACE_OUTER_BOUND('',#1761,.T.);
#1073=FACE_OUTER_BOUND('',#1762,.T.);
#1074=FACE_OUTER_BOUND('',#1763,.T.);
#1075=FACE_OUTER_BOUND('',#1764,.T.);
#1076=FACE_OUTER_BOUND('',#1765,.T.);
#1077=FACE_OUTER_BOUND('',#1766,.T.);
#1078=FACE_OUTER_BOUND('',#1767,.T.);
#1079=FACE_OUTER_BOUND('',#1768,.T.);
#1080=FACE_OUTER_BOUND('',#1769,.T.);
#1081=FACE_OUTER_BOUND('',#1770,.T.);
#1082=FACE_OUTER_BOUND('',#1771,.T.);
#1083=FACE_OUTER_BOUND('',#1772,.T.);
#1084=FACE_OUTER_BOUND('',#1773,.T.);
#1085=FACE_OUTER_BOUND('',#1774,.T.);
#1086=FACE_OUTER_BOUND('',#1779,.T.);
#1087=FACE_OUTER_BOUND('',#1780,.T.);
#1088=FACE_OUTER_BOUND('',#1783,.T.);
#1089=FACE_OUTER_BOUND('',#1784,.T.);
#1090=FACE_OUTER_BOUND('',#1785,.T.);
#1091=FACE_OUTER_BOUND('',#1786,.T.);
#1092=FACE_OUTER_BOUND('',#1787,.T.);
#1093=FACE_OUTER_BOUND('',#1788,.T.);
#1094=FACE_OUTER_BOUND('',#1789,.T.);
#1095=FACE_OUTER_BOUND('',#1790,.T.);
#1096=FACE_OUTER_BOUND('',#1791,.T.);
#1097=FACE_OUTER_BOUND('',#1792,.T.);
#1098=FACE_OUTER_BOUND('',#1793,.T.);
#1099=FACE_OUTER_BOUND('',#1794,.T.);
#1100=FACE_OUTER_BOUND('',#1795,.T.);
#1101=FACE_OUTER_BOUND('',#1796,.T.);
#1102=FACE_OUTER_BOUND('',#1797,.T.);
#1103=FACE_OUTER_BOUND('',#1798,.T.);
#1104=FACE_OUTER_BOUND('',#1799,.T.);
#1105=FACE_OUTER_BOUND('',#1800,.T.);
#1106=FACE_OUTER_BOUND('',#1801,.T.);
#1107=FACE_OUTER_BOUND('',#1802,.T.);
#1108=FACE_OUTER_BOUND('',#1803,.T.);
#1109=FACE_OUTER_BOUND('',#1804,.T.);
#1110=FACE_OUTER_BOUND('',#1805,.T.);
#1111=FACE_OUTER_BOUND('',#1806,.T.);
#1112=FACE_OUTER_BOUND('',#1807,.T.);
#1113=FACE_OUTER_BOUND('',#1808,.T.);
#1114=FACE_OUTER_BOUND('',#1809,.T.);
#1115=FACE_OUTER_BOUND('',#1810,.T.);
#1116=FACE_OUTER_BOUND('',#1811,.T.);
#1117=FACE_OUTER_BOUND('',#1812,.T.);
#1118=FACE_OUTER_BOUND('',#1813,.T.);
#1119=FACE_OUTER_BOUND('',#1814,.T.);
#1120=FACE_OUTER_BOUND('',#1815,.T.);
#1121=FACE_OUTER_BOUND('',#1816,.T.);
#1122=FACE_OUTER_BOUND('',#1817,.T.);
#1123=FACE_OUTER_BOUND('',#1818,.T.);
#1124=FACE_OUTER_BOUND('',#1819,.T.);
#1125=FACE_OUTER_BOUND('',#1820,.T.);
#1126=FACE_OUTER_BOUND('',#1822,.T.);
#1127=FACE_OUTER_BOUND('',#1823,.T.);
#1128=FACE_OUTER_BOUND('',#1824,.T.);
#1129=FACE_OUTER_BOUND('',#1825,.T.);
#1130=FACE_OUTER_BOUND('',#1827,.T.);
#1131=FACE_OUTER_BOUND('',#1828,.T.);
#1132=FACE_OUTER_BOUND('',#1829,.T.);
#1133=FACE_OUTER_BOUND('',#1830,.T.);
#1134=FACE_OUTER_BOUND('',#1831,.T.);
#1135=FACE_OUTER_BOUND('',#1833,.T.);
#1136=FACE_OUTER_BOUND('',#1834,.T.);
#1137=FACE_OUTER_BOUND('',#1835,.T.);
#1138=FACE_OUTER_BOUND('',#1836,.T.);
#1139=FACE_OUTER_BOUND('',#1838,.T.);
#1140=FACE_OUTER_BOUND('',#1839,.T.);
#1141=FACE_OUTER_BOUND('',#1840,.T.);
#1142=FACE_OUTER_BOUND('',#1841,.T.);
#1143=FACE_OUTER_BOUND('',#1842,.T.);
#1144=FACE_OUTER_BOUND('',#1847,.T.);
#1145=FACE_OUTER_BOUND('',#1848,.T.);
#1146=FACE_OUTER_BOUND('',#1849,.T.);
#1147=FACE_OUTER_BOUND('',#1850,.T.);
#1148=FACE_OUTER_BOUND('',#1851,.T.);
#1149=FACE_OUTER_BOUND('',#1854,.T.);
#1150=FACE_OUTER_BOUND('',#1855,.T.);
#1151=FACE_OUTER_BOUND('',#1856,.T.);
#1152=FACE_OUTER_BOUND('',#1857,.T.);
#1153=FACE_OUTER_BOUND('',#1858,.T.);
#1154=FACE_OUTER_BOUND('',#1859,.T.);
#1155=FACE_OUTER_BOUND('',#1862,.T.);
#1156=FACE_OUTER_BOUND('',#1863,.T.);
#1157=FACE_OUTER_BOUND('',#1864,.T.);
#1158=FACE_OUTER_BOUND('',#1865,.T.);
#1159=FACE_OUTER_BOUND('',#1866,.T.);
#1160=FACE_OUTER_BOUND('',#1867,.T.);
#1161=FACE_OUTER_BOUND('',#1868,.T.);
#1162=FACE_OUTER_BOUND('',#1869,.T.);
#1163=FACE_OUTER_BOUND('',#1870,.T.);
#1164=FACE_OUTER_BOUND('',#1871,.T.);
#1165=FACE_OUTER_BOUND('',#1872,.T.);
#1166=FACE_OUTER_BOUND('',#1873,.T.);
#1167=FACE_OUTER_BOUND('',#1874,.T.);
#1168=FACE_OUTER_BOUND('',#1875,.T.);
#1169=FACE_OUTER_BOUND('',#1876,.T.);
#1170=FACE_OUTER_BOUND('',#1877,.T.);
#1171=FACE_OUTER_BOUND('',#1878,.T.);
#1172=FACE_OUTER_BOUND('',#1879,.T.);
#1173=FACE_OUTER_BOUND('',#1880,.T.);
#1174=FACE_OUTER_BOUND('',#1881,.T.);
#1175=FACE_OUTER_BOUND('',#1882,.T.);
#1176=FACE_OUTER_BOUND('',#1883,.T.);
#1177=FACE_OUTER_BOUND('',#1884,.T.);
#1178=FACE_OUTER_BOUND('',#1885,.T.);
#1179=FACE_OUTER_BOUND('',#1886,.T.);
#1180=FACE_OUTER_BOUND('',#1887,.T.);
#1181=FACE_OUTER_BOUND('',#1888,.T.);
#1182=FACE_OUTER_BOUND('',#1889,.T.);
#1183=FACE_OUTER_BOUND('',#1890,.T.);
#1184=FACE_OUTER_BOUND('',#1891,.T.);
#1185=FACE_OUTER_BOUND('',#1892,.T.);
#1186=FACE_OUTER_BOUND('',#1893,.T.);
#1187=FACE_OUTER_BOUND('',#1894,.T.);
#1188=FACE_OUTER_BOUND('',#1895,.T.);
#1189=FACE_OUTER_BOUND('',#1896,.T.);
#1190=FACE_OUTER_BOUND('',#1897,.T.);
#1191=FACE_OUTER_BOUND('',#1898,.T.);
#1192=FACE_OUTER_BOUND('',#1899,.T.);
#1193=FACE_OUTER_BOUND('',#1900,.T.);
#1194=FACE_OUTER_BOUND('',#1907,.T.);
#1195=FACE_OUTER_BOUND('',#1908,.T.);
#1196=FACE_OUTER_BOUND('',#1909,.T.);
#1197=FACE_OUTER_BOUND('',#1910,.T.);
#1198=FACE_OUTER_BOUND('',#1911,.T.);
#1199=FACE_OUTER_BOUND('',#1912,.T.);
#1200=FACE_OUTER_BOUND('',#1913,.T.);
#1201=FACE_OUTER_BOUND('',#1914,.T.);
#1202=FACE_OUTER_BOUND('',#1930,.T.);
#1203=FACE_OUTER_BOUND('',#1931,.T.);
#1204=FACE_OUTER_BOUND('',#1932,.T.);
#1205=FACE_OUTER_BOUND('',#1933,.T.);
#1206=FACE_OUTER_BOUND('',#1934,.T.);
#1207=FACE_OUTER_BOUND('',#1935,.T.);
#1208=FACE_OUTER_BOUND('',#1936,.T.);
#1209=FACE_OUTER_BOUND('',#1937,.T.);
#1210=FACE_OUTER_BOUND('',#1938,.T.);
#1211=FACE_OUTER_BOUND('',#1939,.T.);
#1212=FACE_OUTER_BOUND('',#1940,.T.);
#1213=FACE_OUTER_BOUND('',#1941,.T.);
#1214=FACE_OUTER_BOUND('',#1942,.T.);
#1215=FACE_OUTER_BOUND('',#1943,.T.);
#1216=FACE_OUTER_BOUND('',#1944,.T.);
#1217=FACE_OUTER_BOUND('',#1945,.T.);
#1218=FACE_OUTER_BOUND('',#1946,.T.);
#1219=FACE_OUTER_BOUND('',#1947,.T.);
#1220=FACE_OUTER_BOUND('',#1948,.T.);
#1221=FACE_OUTER_BOUND('',#1949,.T.);
#1222=FACE_OUTER_BOUND('',#1950,.T.);
#1223=FACE_OUTER_BOUND('',#1951,.T.);
#1224=FACE_OUTER_BOUND('',#1952,.T.);
#1225=FACE_OUTER_BOUND('',#1953,.T.);
#1226=FACE_OUTER_BOUND('',#1954,.T.);
#1227=FACE_OUTER_BOUND('',#1955,.T.);
#1228=FACE_OUTER_BOUND('',#1956,.T.);
#1229=FACE_OUTER_BOUND('',#1957,.T.);
#1230=FACE_OUTER_BOUND('',#1958,.T.);
#1231=FACE_OUTER_BOUND('',#1959,.T.);
#1232=FACE_OUTER_BOUND('',#1960,.T.);
#1233=FACE_OUTER_BOUND('',#1961,.T.);
#1234=FACE_OUTER_BOUND('',#1962,.T.);
#1235=FACE_OUTER_BOUND('',#1963,.T.);
#1236=FACE_OUTER_BOUND('',#1964,.T.);
#1237=FACE_OUTER_BOUND('',#1965,.T.);
#1238=FACE_OUTER_BOUND('',#1966,.T.);
#1239=FACE_OUTER_BOUND('',#1967,.T.);
#1240=FACE_OUTER_BOUND('',#1968,.T.);
#1241=FACE_OUTER_BOUND('',#1969,.T.);
#1242=FACE_OUTER_BOUND('',#1970,.T.);
#1243=FACE_OUTER_BOUND('',#1971,.T.);
#1244=FACE_OUTER_BOUND('',#1972,.T.);
#1245=FACE_OUTER_BOUND('',#1973,.T.);
#1246=FACE_OUTER_BOUND('',#1974,.T.);
#1247=FACE_OUTER_BOUND('',#1975,.T.);
#1248=FACE_OUTER_BOUND('',#1976,.T.);
#1249=FACE_OUTER_BOUND('',#1977,.T.);
#1250=FACE_OUTER_BOUND('',#1978,.T.);
#1251=FACE_OUTER_BOUND('',#1979,.T.);
#1252=FACE_OUTER_BOUND('',#1980,.T.);
#1253=EDGE_LOOP('',(#7355,#7356,#7357,#7358));
#1254=EDGE_LOOP('',(#7359,#7360,#7361,#7362));
#1255=EDGE_LOOP('',(#7363,#7364,#7365,#7366));
#1256=EDGE_LOOP('',(#7367,#7368,#7369,#7370));
#1257=EDGE_LOOP('',(#7371,#7372,#7373,#7374));
#1258=EDGE_LOOP('',(#7375));
#1259=EDGE_LOOP('',(#7376,#7377,#7378,#7379));
#1260=EDGE_LOOP('',(#7380));
#1261=EDGE_LOOP('',(#7381,#7382,#7383,#7384));
#1262=EDGE_LOOP('',(#7385,#7386,#7387,#7388,#7389,#7390,#7391,#7392,#7393,
#7394));
#1263=EDGE_LOOP('',(#7395));
#1264=EDGE_LOOP('',(#7396));
#1265=EDGE_LOOP('',(#7397,#7398,#7399,#7400));
#1266=EDGE_LOOP('',(#7401,#7402,#7403,#7404));
#1267=EDGE_LOOP('',(#7405,#7406,#7407,#7408));
#1268=EDGE_LOOP('',(#7409,#7410,#7411,#7412,#7413,#7414));
#1269=EDGE_LOOP('',(#7415,#7416,#7417,#7418));
#1270=EDGE_LOOP('',(#7419,#7420,#7421,#7422,#7423,#7424,#7425,#7426));
#1271=EDGE_LOOP('',(#7427));
#1272=EDGE_LOOP('',(#7428));
#1273=EDGE_LOOP('',(#7429,#7430,#7431,#7432));
#1274=EDGE_LOOP('',(#7433,#7434,#7435,#7436));
#1275=EDGE_LOOP('',(#7437,#7438,#7439,#7440));
#1276=EDGE_LOOP('',(#7441,#7442,#7443,#7444));
#1277=EDGE_LOOP('',(#7445,#7446,#7447,#7448));
#1278=EDGE_LOOP('',(#7449,#7450,#7451,#7452));
#1279=EDGE_LOOP('',(#7453,#7454,#7455,#7456));
#1280=EDGE_LOOP('',(#7457,#7458,#7459,#7460));
#1281=EDGE_LOOP('',(#7461,#7462,#7463,#7464));
#1282=EDGE_LOOP('',(#7465,#7466,#7467,#7468));
#1283=EDGE_LOOP('',(#7469,#7470,#7471,#7472));
#1284=EDGE_LOOP('',(#7473,#7474,#7475,#7476));
#1285=EDGE_LOOP('',(#7477,#7478,#7479,#7480));
#1286=EDGE_LOOP('',(#7481,#7482,#7483,#7484));
#1287=EDGE_LOOP('',(#7485,#7486,#7487,#7488));
#1288=EDGE_LOOP('',(#7489,#7490,#7491,#7492));
#1289=EDGE_LOOP('',(#7493,#7494,#7495,#7496));
#1290=EDGE_LOOP('',(#7497,#7498,#7499,#7500));
#1291=EDGE_LOOP('',(#7501,#7502,#7503,#7504));
#1292=EDGE_LOOP('',(#7505,#7506,#7507,#7508));
#1293=EDGE_LOOP('',(#7509,#7510,#7511,#7512));
#1294=EDGE_LOOP('',(#7513,#7514,#7515,#7516));
#1295=EDGE_LOOP('',(#7517,#7518,#7519,#7520));
#1296=EDGE_LOOP('',(#7521,#7522,#7523,#7524));
#1297=EDGE_LOOP('',(#7525,#7526,#7527,#7528));
#1298=EDGE_LOOP('',(#7529,#7530,#7531,#7532));
#1299=EDGE_LOOP('',(#7533,#7534,#7535,#7536));
#1300=EDGE_LOOP('',(#7537,#7538,#7539,#7540));
#1301=EDGE_LOOP('',(#7541,#7542,#7543,#7544));
#1302=EDGE_LOOP('',(#7545,#7546,#7547,#7548));
#1303=EDGE_LOOP('',(#7549,#7550,#7551,#7552));
#1304=EDGE_LOOP('',(#7553,#7554,#7555,#7556));
#1305=EDGE_LOOP('',(#7557,#7558,#7559,#7560));
#1306=EDGE_LOOP('',(#7561,#7562,#7563,#7564));
#1307=EDGE_LOOP('',(#7565,#7566,#7567,#7568));
#1308=EDGE_LOOP('',(#7569,#7570,#7571,#7572));
#1309=EDGE_LOOP('',(#7573,#7574,#7575,#7576));
#1310=EDGE_LOOP('',(#7577,#7578,#7579,#7580));
#1311=EDGE_LOOP('',(#7581,#7582,#7583,#7584));
#1312=EDGE_LOOP('',(#7585,#7586,#7587,#7588));
#1313=EDGE_LOOP('',(#7589,#7590,#7591,#7592));
#1314=EDGE_LOOP('',(#7593,#7594,#7595,#7596));
#1315=EDGE_LOOP('',(#7597,#7598,#7599,#7600));
#1316=EDGE_LOOP('',(#7601,#7602,#7603,#7604));
#1317=EDGE_LOOP('',(#7605,#7606,#7607,#7608));
#1318=EDGE_LOOP('',(#7609,#7610,#7611,#7612));
#1319=EDGE_LOOP('',(#7613,#7614,#7615,#7616));
#1320=EDGE_LOOP('',(#7617,#7618,#7619,#7620));
#1321=EDGE_LOOP('',(#7621,#7622,#7623,#7624));
#1322=EDGE_LOOP('',(#7625,#7626,#7627,#7628));
#1323=EDGE_LOOP('',(#7629,#7630,#7631,#7632));
#1324=EDGE_LOOP('',(#7633,#7634,#7635,#7636));
#1325=EDGE_LOOP('',(#7637,#7638,#7639,#7640));
#1326=EDGE_LOOP('',(#7641,#7642,#7643,#7644));
#1327=EDGE_LOOP('',(#7645,#7646,#7647,#7648));
#1328=EDGE_LOOP('',(#7649,#7650,#7651,#7652));
#1329=EDGE_LOOP('',(#7653,#7654,#7655,#7656));
#1330=EDGE_LOOP('',(#7657,#7658,#7659,#7660));
#1331=EDGE_LOOP('',(#7661,#7662,#7663,#7664));
#1332=EDGE_LOOP('',(#7665,#7666,#7667,#7668));
#1333=EDGE_LOOP('',(#7669,#7670,#7671,#7672));
#1334=EDGE_LOOP('',(#7673,#7674,#7675,#7676));
#1335=EDGE_LOOP('',(#7677,#7678,#7679,#7680));
#1336=EDGE_LOOP('',(#7681,#7682,#7683,#7684));
#1337=EDGE_LOOP('',(#7685,#7686,#7687,#7688));
#1338=EDGE_LOOP('',(#7689,#7690,#7691,#7692));
#1339=EDGE_LOOP('',(#7693,#7694,#7695,#7696));
#1340=EDGE_LOOP('',(#7697,#7698,#7699,#7700));
#1341=EDGE_LOOP('',(#7701,#7702,#7703,#7704));
#1342=EDGE_LOOP('',(#7705,#7706,#7707,#7708));
#1343=EDGE_LOOP('',(#7709,#7710,#7711,#7712));
#1344=EDGE_LOOP('',(#7713,#7714,#7715,#7716));
#1345=EDGE_LOOP('',(#7717,#7718,#7719,#7720));
#1346=EDGE_LOOP('',(#7721,#7722,#7723,#7724));
#1347=EDGE_LOOP('',(#7725,#7726,#7727,#7728));
#1348=EDGE_LOOP('',(#7729,#7730,#7731,#7732));
#1349=EDGE_LOOP('',(#7733,#7734,#7735,#7736));
#1350=EDGE_LOOP('',(#7737,#7738,#7739,#7740));
#1351=EDGE_LOOP('',(#7741,#7742,#7743,#7744));
#1352=EDGE_LOOP('',(#7745,#7746,#7747,#7748));
#1353=EDGE_LOOP('',(#7749,#7750,#7751,#7752));
#1354=EDGE_LOOP('',(#7753,#7754,#7755,#7756));
#1355=EDGE_LOOP('',(#7757,#7758,#7759,#7760));
#1356=EDGE_LOOP('',(#7761,#7762,#7763,#7764));
#1357=EDGE_LOOP('',(#7765,#7766,#7767,#7768));
#1358=EDGE_LOOP('',(#7769,#7770,#7771,#7772));
#1359=EDGE_LOOP('',(#7773,#7774,#7775,#7776));
#1360=EDGE_LOOP('',(#7777,#7778,#7779,#7780));
#1361=EDGE_LOOP('',(#7781,#7782,#7783,#7784));
#1362=EDGE_LOOP('',(#7785,#7786,#7787,#7788));
#1363=EDGE_LOOP('',(#7789,#7790,#7791,#7792));
#1364=EDGE_LOOP('',(#7793,#7794,#7795,#7796));
#1365=EDGE_LOOP('',(#7797,#7798,#7799,#7800));
#1366=EDGE_LOOP('',(#7801,#7802,#7803,#7804));
#1367=EDGE_LOOP('',(#7805,#7806,#7807,#7808,#7809,#7810,#7811,#7812,#7813,
#7814,#7815,#7816,#7817,#7818,#7819,#7820,#7821,#7822,#7823,#7824,#7825,
#7826,#7827,#7828,#7829,#7830,#7831,#7832,#7833,#7834,#7835,#7836,#7837,
#7838,#7839,#7840,#7841,#7842,#7843,#7844,#7845,#7846,#7847,#7848,#7849,
#7850,#7851,#7852,#7853,#7854,#7855,#7856,#7857,#7858,#7859,#7860,#7861,
#7862,#7863,#7864,#7865,#7866,#7867,#7868,#7869,#7870,#7871,#7872,#7873,
#7874,#7875,#7876,#7877,#7878,#7879,#7880));
#1368=EDGE_LOOP('',(#7881));
#1369=EDGE_LOOP('',(#7882));
#1370=EDGE_LOOP('',(#7883));
#1371=EDGE_LOOP('',(#7884));
#1372=EDGE_LOOP('',(#7885));
#1373=EDGE_LOOP('',(#7886));
#1374=EDGE_LOOP('',(#7887));
#1375=EDGE_LOOP('',(#7888));
#1376=EDGE_LOOP('',(#7889));
#1377=EDGE_LOOP('',(#7890));
#1378=EDGE_LOOP('',(#7891,#7892,#7893,#7894));
#1379=EDGE_LOOP('',(#7895,#7896,#7897,#7898,#7899,#7900,#7901,#7902,#7903,
#7904,#7905,#7906,#7907,#7908,#7909,#7910,#7911,#7912,#7913,#7914,#7915,
#7916,#7917,#7918,#7919,#7920,#7921,#7922,#7923,#7924,#7925,#7926,#7927,
#7928,#7929,#7930,#7931,#7932,#7933,#7934,#7935,#7936,#7937,#7938,#7939,
#7940,#7941,#7942,#7943,#7944,#7945,#7946,#7947,#7948,#7949,#7950,#7951,
#7952,#7953,#7954,#7955,#7956,#7957,#7958,#7959,#7960,#7961,#7962,#7963,
#7964,#7965,#7966,#7967,#7968,#7969,#7970));
#1380=EDGE_LOOP('',(#7971));
#1381=EDGE_LOOP('',(#7972));
#1382=EDGE_LOOP('',(#7973));
#1383=EDGE_LOOP('',(#7974));
#1384=EDGE_LOOP('',(#7975));
#1385=EDGE_LOOP('',(#7976));
#1386=EDGE_LOOP('',(#7977));
#1387=EDGE_LOOP('',(#7978));
#1388=EDGE_LOOP('',(#7979));
#1389=EDGE_LOOP('',(#7980));
#1390=EDGE_LOOP('',(#7981,#7982,#7983,#7984));
#1391=EDGE_LOOP('',(#7985,#7986,#7987,#7988));
#1392=EDGE_LOOP('',(#7989,#7990,#7991,#7992));
#1393=EDGE_LOOP('',(#7993,#7994,#7995,#7996));
#1394=EDGE_LOOP('',(#7997,#7998,#7999,#8000));
#1395=EDGE_LOOP('',(#8001,#8002,#8003,#8004));
#1396=EDGE_LOOP('',(#8005,#8006,#8007,#8008));
#1397=EDGE_LOOP('',(#8009,#8010,#8011,#8012));
#1398=EDGE_LOOP('',(#8013,#8014,#8015,#8016));
#1399=EDGE_LOOP('',(#8017));
#1400=EDGE_LOOP('',(#8018));
#1401=EDGE_LOOP('',(#8019));
#1402=EDGE_LOOP('',(#8020));
#1403=EDGE_LOOP('',(#8021,#8022,#8023,#8024));
#1404=EDGE_LOOP('',(#8025,#8026,#8027,#8028));
#1405=EDGE_LOOP('',(#8029,#8030,#8031,#8032));
#1406=EDGE_LOOP('',(#8033,#8034,#8035,#8036));
#1407=EDGE_LOOP('',(#8037,#8038,#8039,#8040));
#1408=EDGE_LOOP('',(#8041,#8042,#8043,#8044));
#1409=EDGE_LOOP('',(#8045,#8046,#8047,#8048));
#1410=EDGE_LOOP('',(#8049,#8050,#8051,#8052));
#1411=EDGE_LOOP('',(#8053,#8054,#8055,#8056));
#1412=EDGE_LOOP('',(#8057,#8058,#8059,#8060));
#1413=EDGE_LOOP('',(#8061,#8062,#8063,#8064));
#1414=EDGE_LOOP('',(#8065,#8066,#8067,#8068));
#1415=EDGE_LOOP('',(#8069,#8070,#8071,#8072));
#1416=EDGE_LOOP('',(#8073,#8074,#8075,#8076));
#1417=EDGE_LOOP('',(#8077,#8078,#8079,#8080));
#1418=EDGE_LOOP('',(#8081,#8082,#8083,#8084));
#1419=EDGE_LOOP('',(#8085,#8086,#8087,#8088));
#1420=EDGE_LOOP('',(#8089,#8090,#8091,#8092));
#1421=EDGE_LOOP('',(#8093,#8094,#8095,#8096));
#1422=EDGE_LOOP('',(#8097,#8098,#8099,#8100));
#1423=EDGE_LOOP('',(#8101,#8102,#8103,#8104));
#1424=EDGE_LOOP('',(#8105,#8106,#8107,#8108));
#1425=EDGE_LOOP('',(#8109,#8110,#8111,#8112));
#1426=EDGE_LOOP('',(#8113,#8114,#8115,#8116));
#1427=EDGE_LOOP('',(#8117,#8118,#8119,#8120));
#1428=EDGE_LOOP('',(#8121,#8122,#8123,#8124));
#1429=EDGE_LOOP('',(#8125,#8126,#8127,#8128));
#1430=EDGE_LOOP('',(#8129,#8130,#8131,#8132));
#1431=EDGE_LOOP('',(#8133,#8134,#8135,#8136));
#1432=EDGE_LOOP('',(#8137,#8138,#8139,#8140));
#1433=EDGE_LOOP('',(#8141,#8142,#8143,#8144,#8145,#8146,#8147,#8148,#8149,
#8150,#8151,#8152,#8153,#8154,#8155,#8156,#8157,#8158,#8159,#8160,#8161,
#8162,#8163,#8164,#8165,#8166,#8167,#8168,#8169,#8170,#8171,#8172,#8173,
#8174,#8175,#8176,#8177,#8178,#8179,#8180,#8181,#8182,#8183,#8184,#8185,
#8186,#8187,#8188,#8189,#8190,#8191,#8192,#8193,#8194,#8195,#8196,#8197,
#8198,#8199,#8200,#8201,#8202,#8203,#8204,#8205,#8206,#8207,#8208,#8209,
#8210,#8211,#8212,#8213,#8214,#8215,#8216));
#1434=EDGE_LOOP('',(#8217));
#1435=EDGE_LOOP('',(#8218));
#1436=EDGE_LOOP('',(#8219));
#1437=EDGE_LOOP('',(#8220));
#1438=EDGE_LOOP('',(#8221));
#1439=EDGE_LOOP('',(#8222));
#1440=EDGE_LOOP('',(#8223));
#1441=EDGE_LOOP('',(#8224));
#1442=EDGE_LOOP('',(#8225));
#1443=EDGE_LOOP('',(#8226,#8227,#8228,#8229));
#1444=EDGE_LOOP('',(#8230,#8231,#8232,#8233));
#1445=EDGE_LOOP('',(#8234,#8235,#8236,#8237));
#1446=EDGE_LOOP('',(#8238,#8239,#8240,#8241));
#1447=EDGE_LOOP('',(#8242,#8243,#8244,#8245));
#1448=EDGE_LOOP('',(#8246,#8247,#8248,#8249));
#1449=EDGE_LOOP('',(#8250,#8251,#8252,#8253));
#1450=EDGE_LOOP('',(#8254,#8255,#8256,#8257));
#1451=EDGE_LOOP('',(#8258,#8259,#8260,#8261));
#1452=EDGE_LOOP('',(#8262,#8263,#8264,#8265));
#1453=EDGE_LOOP('',(#8266,#8267,#8268,#8269));
#1454=EDGE_LOOP('',(#8270,#8271,#8272,#8273));
#1455=EDGE_LOOP('',(#8274,#8275,#8276,#8277));
#1456=EDGE_LOOP('',(#8278,#8279,#8280,#8281));
#1457=EDGE_LOOP('',(#8282,#8283,#8284,#8285));
#1458=EDGE_LOOP('',(#8286,#8287,#8288,#8289));
#1459=EDGE_LOOP('',(#8290,#8291,#8292,#8293));
#1460=EDGE_LOOP('',(#8294,#8295,#8296,#8297));
#1461=EDGE_LOOP('',(#8298,#8299,#8300,#8301));
#1462=EDGE_LOOP('',(#8302,#8303,#8304,#8305));
#1463=EDGE_LOOP('',(#8306,#8307,#8308,#8309));
#1464=EDGE_LOOP('',(#8310,#8311,#8312,#8313));
#1465=EDGE_LOOP('',(#8314,#8315,#8316,#8317,#8318,#8319,#8320,#8321,#8322,
#8323,#8324,#8325,#8326,#8327,#8328,#8329,#8330,#8331,#8332,#8333,#8334,
#8335,#8336,#8337,#8338,#8339,#8340,#8341,#8342,#8343,#8344,#8345,#8346,
#8347,#8348,#8349,#8350,#8351,#8352,#8353,#8354,#8355,#8356,#8357,#8358,
#8359,#8360,#8361,#8362,#8363,#8364,#8365,#8366,#8367,#8368,#8369,#8370,
#8371,#8372,#8373,#8374,#8375,#8376,#8377,#8378,#8379,#8380,#8381,#8382,
#8383,#8384,#8385,#8386,#8387,#8388,#8389));
#1466=EDGE_LOOP('',(#8390));
#1467=EDGE_LOOP('',(#8391));
#1468=EDGE_LOOP('',(#8392));
#1469=EDGE_LOOP('',(#8393));
#1470=EDGE_LOOP('',(#8394));
#1471=EDGE_LOOP('',(#8395));
#1472=EDGE_LOOP('',(#8396));
#1473=EDGE_LOOP('',(#8397));
#1474=EDGE_LOOP('',(#8398));
#1475=EDGE_LOOP('',(#8399,#8400,#8401,#8402));
#1476=EDGE_LOOP('',(#8403,#8404,#8405,#8406));
#1477=EDGE_LOOP('',(#8407,#8408,#8409,#8410));
#1478=EDGE_LOOP('',(#8411,#8412,#8413,#8414));
#1479=EDGE_LOOP('',(#8415,#8416,#8417,#8418));
#1480=EDGE_LOOP('',(#8419,#8420,#8421,#8422));
#1481=EDGE_LOOP('',(#8423,#8424,#8425,#8426));
#1482=EDGE_LOOP('',(#8427,#8428,#8429,#8430));
#1483=EDGE_LOOP('',(#8431,#8432,#8433,#8434));
#1484=EDGE_LOOP('',(#8435,#8436,#8437,#8438));
#1485=EDGE_LOOP('',(#8439,#8440,#8441,#8442));
#1486=EDGE_LOOP('',(#8443,#8444,#8445,#8446));
#1487=EDGE_LOOP('',(#8447,#8448,#8449,#8450));
#1488=EDGE_LOOP('',(#8451,#8452,#8453,#8454));
#1489=EDGE_LOOP('',(#8455,#8456,#8457,#8458));
#1490=EDGE_LOOP('',(#8459,#8460,#8461,#8462));
#1491=EDGE_LOOP('',(#8463,#8464,#8465,#8466));
#1492=EDGE_LOOP('',(#8467,#8468,#8469,#8470));
#1493=EDGE_LOOP('',(#8471,#8472,#8473,#8474));
#1494=EDGE_LOOP('',(#8475,#8476,#8477,#8478));
#1495=EDGE_LOOP('',(#8479,#8480,#8481,#8482));
#1496=EDGE_LOOP('',(#8483,#8484,#8485,#8486));
#1497=EDGE_LOOP('',(#8487,#8488,#8489,#8490));
#1498=EDGE_LOOP('',(#8491,#8492,#8493,#8494));
#1499=EDGE_LOOP('',(#8495,#8496,#8497,#8498));
#1500=EDGE_LOOP('',(#8499,#8500,#8501,#8502));
#1501=EDGE_LOOP('',(#8503,#8504,#8505,#8506));
#1502=EDGE_LOOP('',(#8507,#8508,#8509,#8510));
#1503=EDGE_LOOP('',(#8511,#8512,#8513,#8514));
#1504=EDGE_LOOP('',(#8515,#8516,#8517,#8518));
#1505=EDGE_LOOP('',(#8519,#8520,#8521,#8522));
#1506=EDGE_LOOP('',(#8523,#8524,#8525,#8526));
#1507=EDGE_LOOP('',(#8527,#8528,#8529,#8530));
#1508=EDGE_LOOP('',(#8531,#8532,#8533,#8534));
#1509=EDGE_LOOP('',(#8535,#8536,#8537,#8538));
#1510=EDGE_LOOP('',(#8539,#8540,#8541,#8542));
#1511=EDGE_LOOP('',(#8543,#8544,#8545,#8546));
#1512=EDGE_LOOP('',(#8547,#8548,#8549,#8550));
#1513=EDGE_LOOP('',(#8551,#8552,#8553,#8554));
#1514=EDGE_LOOP('',(#8555,#8556,#8557,#8558));
#1515=EDGE_LOOP('',(#8559,#8560,#8561,#8562));
#1516=EDGE_LOOP('',(#8563,#8564,#8565,#8566));
#1517=EDGE_LOOP('',(#8567,#8568,#8569,#8570));
#1518=EDGE_LOOP('',(#8571,#8572,#8573,#8574));
#1519=EDGE_LOOP('',(#8575,#8576,#8577,#8578));
#1520=EDGE_LOOP('',(#8579,#8580,#8581,#8582));
#1521=EDGE_LOOP('',(#8583,#8584,#8585,#8586));
#1522=EDGE_LOOP('',(#8587,#8588,#8589,#8590));
#1523=EDGE_LOOP('',(#8591,#8592,#8593,#8594));
#1524=EDGE_LOOP('',(#8595,#8596,#8597,#8598));
#1525=EDGE_LOOP('',(#8599));
#1526=EDGE_LOOP('',(#8600));
#1527=EDGE_LOOP('',(#8601,#8602,#8603,#8604));
#1528=EDGE_LOOP('',(#8605,#8606,#8607,#8608,#8609,#8610));
#1529=EDGE_LOOP('',(#8611,#8612,#8613,#8614,#8615));
#1530=EDGE_LOOP('',(#8616,#8617,#8618,#8619));
#1531=EDGE_LOOP('',(#8620,#8621,#8622,#8623,#8624,#8625,#8626,#8627,#8628,
#8629,#8630));
#1532=EDGE_LOOP('',(#8631,#8632,#8633,#8634));
#1533=EDGE_LOOP('',(#8635,#8636,#8637,#8638));
#1534=EDGE_LOOP('',(#8639,#8640,#8641));
#1535=EDGE_LOOP('',(#8642,#8643,#8644,#8645));
#1536=EDGE_LOOP('',(#8646,#8647,#8648,#8649));
#1537=EDGE_LOOP('',(#8650,#8651,#8652));
#1538=EDGE_LOOP('',(#8653,#8654,#8655,#8656,#8657,#8658));
#1539=EDGE_LOOP('',(#8659,#8660,#8661,#8662));
#1540=EDGE_LOOP('',(#8663,#8664,#8665));
#1541=EDGE_LOOP('',(#8666,#8667,#8668,#8669));
#1542=EDGE_LOOP('',(#8670,#8671,#8672,#8673));
#1543=EDGE_LOOP('',(#8674,#8675,#8676));
#1544=EDGE_LOOP('',(#8677,#8678,#8679,#8680));
#1545=EDGE_LOOP('',(#8681,#8682,#8683,#8684));
#1546=EDGE_LOOP('',(#8685,#8686,#8687));
#1547=EDGE_LOOP('',(#8688,#8689,#8690,#8691));
#1548=EDGE_LOOP('',(#8692,#8693,#8694,#8695));
#1549=EDGE_LOOP('',(#8696,#8697,#8698,#8699));
#1550=EDGE_LOOP('',(#8700,#8701,#8702,#8703,#8704,#8705,#8706,#8707,#8708,
#8709,#8710,#8711,#8712,#8713,#8714,#8715,#8716,#8717,#8718,#8719,#8720,
#8721,#8722,#8723,#8724,#8725,#8726,#8727,#8728,#8729,#8730,#8731,#8732,
#8733));
#1551=EDGE_LOOP('',(#8734,#8735,#8736,#8737));
#1552=EDGE_LOOP('',(#8738,#8739,#8740,#8741));
#1553=EDGE_LOOP('',(#8742,#8743,#8744,#8745));
#1554=EDGE_LOOP('',(#8746,#8747,#8748));
#1555=EDGE_LOOP('',(#8749,#8750,#8751,#8752));
#1556=EDGE_LOOP('',(#8753,#8754,#8755,#8756));
#1557=EDGE_LOOP('',(#8757,#8758,#8759,#8760));
#1558=EDGE_LOOP('',(#8761,#8762,#8763,#8764));
#1559=EDGE_LOOP('',(#8765,#8766,#8767,#8768));
#1560=EDGE_LOOP('',(#8769,#8770,#8771,#8772,#8773,#8774));
#1561=EDGE_LOOP('',(#8775,#8776,#8777,#8778,#8779,#8780));
#1562=EDGE_LOOP('',(#8781,#8782,#8783,#8784,#8785,#8786));
#1563=EDGE_LOOP('',(#8787,#8788,#8789,#8790));
#1564=EDGE_LOOP('',(#8791,#8792,#8793,#8794));
#1565=EDGE_LOOP('',(#8795));
#1566=EDGE_LOOP('',(#8796));
#1567=EDGE_LOOP('',(#8797,#8798,#8799,#8800));
#1568=EDGE_LOOP('',(#8801,#8802,#8803,#8804));
#1569=EDGE_LOOP('',(#8805,#8806,#8807,#8808));
#1570=EDGE_LOOP('',(#8809,#8810,#8811,#8812));
#1571=EDGE_LOOP('',(#8813,#8814,#8815,#8816,#8817,#8818,#8819,#8820,#8821,
#8822,#8823,#8824,#8825,#8826,#8827,#8828,#8829,#8830,#8831,#8832,#8833,
#8834,#8835,#8836,#8837,#8838,#8839,#8840,#8841,#8842,#8843,#8844,#8845,
#8846,#8847,#8848,#8849,#8850,#8851,#8852,#8853,#8854,#8855,#8856));
#1572=EDGE_LOOP('',(#8857,#8858,#8859,#8860));
#1573=EDGE_LOOP('',(#8861,#8862,#8863,#8864));
#1574=EDGE_LOOP('',(#8865,#8866,#8867,#8868));
#1575=EDGE_LOOP('',(#8869,#8870,#8871,#8872));
#1576=EDGE_LOOP('',(#8873,#8874,#8875,#8876));
#1577=EDGE_LOOP('',(#8877,#8878,#8879,#8880));
#1578=EDGE_LOOP('',(#8881,#8882,#8883,#8884));
#1579=EDGE_LOOP('',(#8885,#8886,#8887,#8888));
#1580=EDGE_LOOP('',(#8889,#8890,#8891,#8892));
#1581=EDGE_LOOP('',(#8893,#8894,#8895,#8896));
#1582=EDGE_LOOP('',(#8897,#8898,#8899,#8900));
#1583=EDGE_LOOP('',(#8901,#8902,#8903,#8904));
#1584=EDGE_LOOP('',(#8905,#8906,#8907,#8908));
#1585=EDGE_LOOP('',(#8909,#8910,#8911,#8912));
#1586=EDGE_LOOP('',(#8913,#8914,#8915,#8916));
#1587=EDGE_LOOP('',(#8917,#8918,#8919,#8920));
#1588=EDGE_LOOP('',(#8921,#8922,#8923,#8924));
#1589=EDGE_LOOP('',(#8925,#8926,#8927,#8928));
#1590=EDGE_LOOP('',(#8929,#8930,#8931,#8932));
#1591=EDGE_LOOP('',(#8933,#8934,#8935,#8936));
#1592=EDGE_LOOP('',(#8937,#8938,#8939,#8940));
#1593=EDGE_LOOP('',(#8941,#8942,#8943,#8944));
#1594=EDGE_LOOP('',(#8945,#8946,#8947,#8948));
#1595=EDGE_LOOP('',(#8949,#8950,#8951,#8952));
#1596=EDGE_LOOP('',(#8953,#8954,#8955,#8956));
#1597=EDGE_LOOP('',(#8957,#8958,#8959,#8960));
#1598=EDGE_LOOP('',(#8961,#8962,#8963,#8964));
#1599=EDGE_LOOP('',(#8965,#8966,#8967,#8968));
#1600=EDGE_LOOP('',(#8969,#8970,#8971,#8972));
#1601=EDGE_LOOP('',(#8973,#8974,#8975,#8976));
#1602=EDGE_LOOP('',(#8977,#8978,#8979,#8980));
#1603=EDGE_LOOP('',(#8981,#8982,#8983,#8984));
#1604=EDGE_LOOP('',(#8985,#8986,#8987,#8988,#8989,#8990,#8991));
#1605=EDGE_LOOP('',(#8992,#8993,#8994,#8995));
#1606=EDGE_LOOP('',(#8996,#8997,#8998,#8999,#9000,#9001,#9002));
#1607=EDGE_LOOP('',(#9003,#9004,#9005,#9006));
#1608=EDGE_LOOP('',(#9007,#9008,#9009,#9010));
#1609=EDGE_LOOP('',(#9011,#9012,#9013,#9014));
#1610=EDGE_LOOP('',(#9015,#9016,#9017,#9018));
#1611=EDGE_LOOP('',(#9019,#9020,#9021,#9022));
#1612=EDGE_LOOP('',(#9023,#9024,#9025,#9026));
#1613=EDGE_LOOP('',(#9027,#9028,#9029,#9030));
#1614=EDGE_LOOP('',(#9031,#9032,#9033,#9034));
#1615=EDGE_LOOP('',(#9035,#9036,#9037,#9038));
#1616=EDGE_LOOP('',(#9039,#9040,#9041,#9042));
#1617=EDGE_LOOP('',(#9043,#9044,#9045,#9046));
#1618=EDGE_LOOP('',(#9047,#9048,#9049,#9050));
#1619=EDGE_LOOP('',(#9051,#9052,#9053,#9054));
#1620=EDGE_LOOP('',(#9055,#9056,#9057,#9058));
#1621=EDGE_LOOP('',(#9059,#9060,#9061,#9062));
#1622=EDGE_LOOP('',(#9063,#9064,#9065,#9066));
#1623=EDGE_LOOP('',(#9067,#9068,#9069,#9070));
#1624=EDGE_LOOP('',(#9071,#9072,#9073,#9074));
#1625=EDGE_LOOP('',(#9075,#9076,#9077,#9078));
#1626=EDGE_LOOP('',(#9079,#9080,#9081,#9082));
#1627=EDGE_LOOP('',(#9083,#9084,#9085,#9086,#9087,#9088,#9089,#9090,#9091,
#9092,#9093,#9094,#9095,#9096,#9097,#9098,#9099,#9100,#9101,#9102,#9103,
#9104,#9105,#9106,#9107,#9108,#9109,#9110));
#1628=EDGE_LOOP('',(#9111));
#1629=EDGE_LOOP('',(#9112));
#1630=EDGE_LOOP('',(#9113));
#1631=EDGE_LOOP('',(#9114));
#1632=EDGE_LOOP('',(#9115,#9116,#9117,#9118));
#1633=EDGE_LOOP('',(#9119,#9120,#9121,#9122));
#1634=EDGE_LOOP('',(#9123,#9124,#9125,#9126));
#1635=EDGE_LOOP('',(#9127,#9128,#9129,#9130));
#1636=EDGE_LOOP('',(#9131,#9132,#9133,#9134));
#1637=EDGE_LOOP('',(#9135,#9136,#9137,#9138));
#1638=EDGE_LOOP('',(#9139,#9140,#9141,#9142));
#1639=EDGE_LOOP('',(#9143,#9144,#9145,#9146));
#1640=EDGE_LOOP('',(#9147,#9148,#9149,#9150));
#1641=EDGE_LOOP('',(#9151,#9152,#9153,#9154));
#1642=EDGE_LOOP('',(#9155,#9156,#9157,#9158));
#1643=EDGE_LOOP('',(#9159,#9160,#9161,#9162));
#1644=EDGE_LOOP('',(#9163,#9164,#9165,#9166));
#1645=EDGE_LOOP('',(#9167,#9168,#9169,#9170));
#1646=EDGE_LOOP('',(#9171,#9172,#9173,#9174));
#1647=EDGE_LOOP('',(#9175,#9176,#9177,#9178));
#1648=EDGE_LOOP('',(#9179,#9180,#9181,#9182));
#1649=EDGE_LOOP('',(#9183,#9184,#9185,#9186));
#1650=EDGE_LOOP('',(#9187,#9188,#9189,#9190));
#1651=EDGE_LOOP('',(#9191,#9192,#9193,#9194,#9195,#9196,#9197,#9198,#9199,
#9200,#9201,#9202,#9203,#9204,#9205,#9206,#9207,#9208,#9209,#9210,#9211,
#9212,#9213,#9214,#9215,#9216,#9217,#9218,#9219,#9220,#9221,#9222,#9223,
#9224,#9225,#9226,#9227,#9228,#9229,#9230,#9231,#9232,#9233,#9234,#9235,
#9236,#9237,#9238,#9239,#9240,#9241,#9242,#9243,#9244,#9245,#9246,#9247,
#9248,#9249,#9250,#9251,#9252,#9253,#9254,#9255,#9256));
#1652=EDGE_LOOP('',(#9257));
#1653=EDGE_LOOP('',(#9258));
#1654=EDGE_LOOP('',(#9259));
#1655=EDGE_LOOP('',(#9260));
#1656=EDGE_LOOP('',(#9261,#9262,#9263,#9264));
#1657=EDGE_LOOP('',(#9265,#9266,#9267,#9268));
#1658=EDGE_LOOP('',(#9269,#9270,#9271,#9272,#9273,#9274));
#1659=EDGE_LOOP('',(#9275,#9276,#9277,#9278));
#1660=EDGE_LOOP('',(#9279));
#1661=EDGE_LOOP('',(#9280));
#1662=EDGE_LOOP('',(#9281,#9282,#9283,#9284,#9285));
#1663=EDGE_LOOP('',(#9286,#9287,#9288,#9289,#9290,#9291,#9292,#9293,#9294,
#9295,#9296,#9297));
#1664=EDGE_LOOP('',(#9298,#9299,#9300,#9301));
#1665=EDGE_LOOP('',(#9302,#9303,#9304,#9305));
#1666=EDGE_LOOP('',(#9306,#9307,#9308,#9309));
#1667=EDGE_LOOP('',(#9310,#9311,#9312,#9313,#9314,#9315,#9316));
#1668=EDGE_LOOP('',(#9317,#9318,#9319));
#1669=EDGE_LOOP('',(#9320,#9321,#9322,#9323));
#1670=EDGE_LOOP('',(#9324,#9325,#9326,#9327,#9328,#9329,#9330,#9331,#9332,
#9333));
#1671=EDGE_LOOP('',(#9334,#9335,#9336,#9337));
#1672=EDGE_LOOP('',(#9338,#9339,#9340,#9341,#9342,#9343,#9344,#9345,#9346,
#9347,#9348,#9349));
#1673=EDGE_LOOP('',(#9350,#9351,#9352,#9353));
#1674=EDGE_LOOP('',(#9354,#9355,#9356,#9357));
#1675=EDGE_LOOP('',(#9358,#9359,#9360));
#1676=EDGE_LOOP('',(#9361,#9362,#9363,#9364,#9365,#9366));
#1677=EDGE_LOOP('',(#9367,#9368,#9369,#9370));
#1678=EDGE_LOOP('',(#9371,#9372,#9373));
#1679=EDGE_LOOP('',(#9374,#9375,#9376,#9377));
#1680=EDGE_LOOP('',(#9378,#9379,#9380,#9381));
#1681=EDGE_LOOP('',(#9382,#9383,#9384));
#1682=EDGE_LOOP('',(#9385,#9386,#9387,#9388));
#1683=EDGE_LOOP('',(#9389,#9390,#9391,#9392));
#1684=EDGE_LOOP('',(#9393,#9394,#9395));
#1685=EDGE_LOOP('',(#9396,#9397,#9398,#9399));
#1686=EDGE_LOOP('',(#9400,#9401,#9402,#9403));
#1687=EDGE_LOOP('',(#9404,#9405,#9406,#9407,#9408,#9409));
#1688=EDGE_LOOP('',(#9410,#9411,#9412,#9413));
#1689=EDGE_LOOP('',(#9414,#9415,#9416,#9417));
#1690=EDGE_LOOP('',(#9418,#9419,#9420,#9421,#9422,#9423,#9424,#9425,#9426,
#9427,#9428,#9429,#9430,#9431,#9432,#9433,#9434,#9435,#9436,#9437,#9438,
#9439,#9440,#9441,#9442,#9443,#9444,#9445,#9446,#9447,#9448,#9449,#9450,
#9451,#9452,#9453,#9454,#9455,#9456,#9457));
#1691=EDGE_LOOP('',(#9458,#9459));
#1692=EDGE_LOOP('',(#9460,#9461));
#1693=EDGE_LOOP('',(#9462,#9463));
#1694=EDGE_LOOP('',(#9464,#9465,#9466,#9467,#9468,#9469));
#1695=EDGE_LOOP('',(#9470,#9471,#9472));
#1696=EDGE_LOOP('',(#9473,#9474,#9475,#9476));
#1697=EDGE_LOOP('',(#9477,#9478,#9479,#9480));
#1698=EDGE_LOOP('',(#9481,#9482,#9483,#9484));
#1699=EDGE_LOOP('',(#9485,#9486,#9487,#9488));
#1700=EDGE_LOOP('',(#9489,#9490,#9491,#9492,#9493,#9494));
#1701=EDGE_LOOP('',(#9495,#9496,#9497,#9498));
#1702=EDGE_LOOP('',(#9499,#9500,#9501,#9502));
#1703=EDGE_LOOP('',(#9503));
#1704=EDGE_LOOP('',(#9504));
#1705=EDGE_LOOP('',(#9505,#9506,#9507,#9508));
#1706=EDGE_LOOP('',(#9509,#9510,#9511,#9512));
#1707=EDGE_LOOP('',(#9513,#9514,#9515,#9516,#9517,#9518,#9519,#9520,#9521,
#9522,#9523,#9524,#9525,#9526,#9527,#9528,#9529,#9530,#9531,#9532,#9533,
#9534,#9535,#9536,#9537,#9538,#9539,#9540,#9541,#9542,#9543,#9544,#9545,
#9546,#9547,#9548,#9549,#9550,#9551,#9552,#9553,#9554,#9555,#9556,#9557,
#9558));
#1708=EDGE_LOOP('',(#9559,#9560,#9561,#9562,#9563));
#1709=EDGE_LOOP('',(#9564,#9565,#9566,#9567));
#1710=EDGE_LOOP('',(#9568,#9569,#9570,#9571));
#1711=EDGE_LOOP('',(#9572,#9573,#9574,#9575));
#1712=EDGE_LOOP('',(#9576,#9577,#9578,#9579));
#1713=EDGE_LOOP('',(#9580,#9581,#9582,#9583));
#1714=EDGE_LOOP('',(#9584,#9585,#9586,#9587));
#1715=EDGE_LOOP('',(#9588,#9589,#9590,#9591));
#1716=EDGE_LOOP('',(#9592,#9593,#9594,#9595));
#1717=EDGE_LOOP('',(#9596,#9597,#9598,#9599));
#1718=EDGE_LOOP('',(#9600,#9601,#9602,#9603));
#1719=EDGE_LOOP('',(#9604,#9605,#9606,#9607));
#1720=EDGE_LOOP('',(#9608,#9609,#9610,#9611));
#1721=EDGE_LOOP('',(#9612,#9613,#9614,#9615));
#1722=EDGE_LOOP('',(#9616,#9617,#9618,#9619));
#1723=EDGE_LOOP('',(#9620,#9621,#9622,#9623));
#1724=EDGE_LOOP('',(#9624,#9625,#9626,#9627));
#1725=EDGE_LOOP('',(#9628,#9629,#9630,#9631));
#1726=EDGE_LOOP('',(#9632,#9633,#9634,#9635));
#1727=EDGE_LOOP('',(#9636,#9637,#9638,#9639));
#1728=EDGE_LOOP('',(#9640,#9641,#9642,#9643));
#1729=EDGE_LOOP('',(#9644,#9645,#9646,#9647));
#1730=EDGE_LOOP('',(#9648,#9649,#9650,#9651));
#1731=EDGE_LOOP('',(#9652,#9653,#9654,#9655));
#1732=EDGE_LOOP('',(#9656,#9657,#9658,#9659));
#1733=EDGE_LOOP('',(#9660,#9661,#9662,#9663));
#1734=EDGE_LOOP('',(#9664,#9665,#9666,#9667));
#1735=EDGE_LOOP('',(#9668,#9669,#9670,#9671));
#1736=EDGE_LOOP('',(#9672,#9673,#9674,#9675));
#1737=EDGE_LOOP('',(#9676,#9677,#9678,#9679));
#1738=EDGE_LOOP('',(#9680,#9681,#9682,#9683));
#1739=EDGE_LOOP('',(#9684,#9685,#9686,#9687));
#1740=EDGE_LOOP('',(#9688,#9689,#9690,#9691));
#1741=EDGE_LOOP('',(#9692,#9693,#9694,#9695));
#1742=EDGE_LOOP('',(#9696,#9697,#9698,#9699));
#1743=EDGE_LOOP('',(#9700,#9701,#9702,#9703));
#1744=EDGE_LOOP('',(#9704,#9705,#9706,#9707));
#1745=EDGE_LOOP('',(#9708,#9709,#9710,#9711));
#1746=EDGE_LOOP('',(#9712,#9713,#9714,#9715));
#1747=EDGE_LOOP('',(#9716,#9717,#9718,#9719));
#1748=EDGE_LOOP('',(#9720,#9721,#9722,#9723));
#1749=EDGE_LOOP('',(#9724,#9725,#9726,#9727));
#1750=EDGE_LOOP('',(#9728,#9729,#9730,#9731));
#1751=EDGE_LOOP('',(#9732,#9733,#9734,#9735));
#1752=EDGE_LOOP('',(#9736,#9737,#9738,#9739));
#1753=EDGE_LOOP('',(#9740,#9741,#9742,#9743));
#1754=EDGE_LOOP('',(#9744,#9745,#9746,#9747));
#1755=EDGE_LOOP('',(#9748,#9749,#9750,#9751));
#1756=EDGE_LOOP('',(#9752,#9753,#9754,#9755));
#1757=EDGE_LOOP('',(#9756,#9757,#9758,#9759));
#1758=EDGE_LOOP('',(#9760,#9761,#9762,#9763));
#1759=EDGE_LOOP('',(#9764,#9765,#9766,#9767));
#1760=EDGE_LOOP('',(#9768,#9769,#9770,#9771));
#1761=EDGE_LOOP('',(#9772,#9773,#9774,#9775));
#1762=EDGE_LOOP('',(#9776,#9777,#9778,#9779));
#1763=EDGE_LOOP('',(#9780,#9781,#9782,#9783));
#1764=EDGE_LOOP('',(#9784,#9785,#9786,#9787));
#1765=EDGE_LOOP('',(#9788,#9789,#9790,#9791));
#1766=EDGE_LOOP('',(#9792,#9793,#9794,#9795));
#1767=EDGE_LOOP('',(#9796,#9797,#9798,#9799));
#1768=EDGE_LOOP('',(#9800,#9801,#9802,#9803));
#1769=EDGE_LOOP('',(#9804,#9805,#9806,#9807));
#1770=EDGE_LOOP('',(#9808,#9809,#9810,#9811));
#1771=EDGE_LOOP('',(#9812,#9813,#9814,#9815,#9816,#9817,#9818));
#1772=EDGE_LOOP('',(#9819,#9820,#9821,#9822));
#1773=EDGE_LOOP('',(#9823,#9824,#9825,#9826,#9827,#9828,#9829,#9830));
#1774=EDGE_LOOP('',(#9831,#9832,#9833,#9834,#9835,#9836,#9837,#9838,#9839,
#9840,#9841,#9842,#9843,#9844,#9845,#9846,#9847,#9848,#9849,#9850,#9851,
#9852));
#1775=EDGE_LOOP('',(#9853));
#1776=EDGE_LOOP('',(#9854));
#1777=EDGE_LOOP('',(#9855));
#1778=EDGE_LOOP('',(#9856));
#1779=EDGE_LOOP('',(#9857,#9858,#9859,#9860));
#1780=EDGE_LOOP('',(#9861,#9862,#9863,#9864,#9865,#9866,#9867,#9868,#9869,
#9870,#9871,#9872));
#1781=EDGE_LOOP('',(#9873,#9874,#9875,#9876));
#1782=EDGE_LOOP('',(#9877,#9878,#9879,#9880,#9881,#9882,#9883,#9884));
#1783=EDGE_LOOP('',(#9885,#9886,#9887,#9888));
#1784=EDGE_LOOP('',(#9889,#9890,#9891,#9892));
#1785=EDGE_LOOP('',(#9893,#9894,#9895,#9896));
#1786=EDGE_LOOP('',(#9897,#9898,#9899,#9900));
#1787=EDGE_LOOP('',(#9901,#9902,#9903,#9904));
#1788=EDGE_LOOP('',(#9905,#9906,#9907,#9908));
#1789=EDGE_LOOP('',(#9909,#9910,#9911,#9912));
#1790=EDGE_LOOP('',(#9913,#9914,#9915,#9916));
#1791=EDGE_LOOP('',(#9917,#9918,#9919,#9920));
#1792=EDGE_LOOP('',(#9921,#9922,#9923,#9924));
#1793=EDGE_LOOP('',(#9925,#9926,#9927,#9928));
#1794=EDGE_LOOP('',(#9929,#9930,#9931,#9932));
#1795=EDGE_LOOP('',(#9933,#9934,#9935,#9936));
#1796=EDGE_LOOP('',(#9937,#9938,#9939,#9940));
#1797=EDGE_LOOP('',(#9941,#9942,#9943,#9944));
#1798=EDGE_LOOP('',(#9945));
#1799=EDGE_LOOP('',(#9946,#9947,#9948,#9949));
#1800=EDGE_LOOP('',(#9950,#9951,#9952,#9953));
#1801=EDGE_LOOP('',(#9954,#9955,#9956,#9957));
#1802=EDGE_LOOP('',(#9958,#9959,#9960,#9961));
#1803=EDGE_LOOP('',(#9962,#9963,#9964,#9965));
#1804=EDGE_LOOP('',(#9966,#9967,#9968,#9969,#9970));
#1805=EDGE_LOOP('',(#9971,#9972,#9973,#9974));
#1806=EDGE_LOOP('',(#9975,#9976,#9977,#9978,#9979));
#1807=EDGE_LOOP('',(#9980,#9981,#9982,#9983));
#1808=EDGE_LOOP('',(#9984,#9985,#9986,#9987));
#1809=EDGE_LOOP('',(#9988,#9989,#9990,#9991));
#1810=EDGE_LOOP('',(#9992,#9993,#9994,#9995));
#1811=EDGE_LOOP('',(#9996,#9997,#9998,#9999));
#1812=EDGE_LOOP('',(#10000,#10001,#10002,#10003,#10004,#10005));
#1813=EDGE_LOOP('',(#10006,#10007,#10008,#10009));
#1814=EDGE_LOOP('',(#10010,#10011,#10012,#10013,#10014));
#1815=EDGE_LOOP('',(#10015,#10016,#10017,#10018,#10019));
#1816=EDGE_LOOP('',(#10020,#10021,#10022,#10023));
#1817=EDGE_LOOP('',(#10024,#10025,#10026,#10027,#10028,#10029));
#1818=EDGE_LOOP('',(#10030,#10031,#10032,#10033));
#1819=EDGE_LOOP('',(#10034));
#1820=EDGE_LOOP('',(#10035,#10036));
#1821=EDGE_LOOP('',(#10037));
#1822=EDGE_LOOP('',(#10038,#10039,#10040,#10041));
#1823=EDGE_LOOP('',(#10042,#10043,#10044,#10045));
#1824=EDGE_LOOP('',(#10046));
#1825=EDGE_LOOP('',(#10047,#10048));
#1826=EDGE_LOOP('',(#10049));
#1827=EDGE_LOOP('',(#10050,#10051,#10052,#10053));
#1828=EDGE_LOOP('',(#10054,#10055,#10056,#10057));
#1829=EDGE_LOOP('',(#10058,#10059,#10060,#10061));
#1830=EDGE_LOOP('',(#10062));
#1831=EDGE_LOOP('',(#10063,#10064));
#1832=EDGE_LOOP('',(#10065));
#1833=EDGE_LOOP('',(#10066,#10067,#10068,#10069));
#1834=EDGE_LOOP('',(#10070,#10071,#10072,#10073));
#1835=EDGE_LOOP('',(#10074,#10075,#10076,#10077));
#1836=EDGE_LOOP('',(#10078,#10079));
#1837=EDGE_LOOP('',(#10080));
#1838=EDGE_LOOP('',(#10081,#10082,#10083,#10084));
#1839=EDGE_LOOP('',(#10085,#10086,#10087,#10088));
#1840=EDGE_LOOP('',(#10089,#10090,#10091,#10092));
#1841=EDGE_LOOP('',(#10093,#10094,#10095,#10096,#10097,#10098,#10099,#10100,
#10101,#10102,#10103,#10104,#10105,#10106,#10107,#10108,#10109,#10110,#10111,
#10112,#10113,#10114,#10115,#10116,#10117,#10118,#10119,#10120,#10121,#10122,
#10123,#10124,#10125,#10126,#10127,#10128,#10129,#10130,#10131,#10132,#10133,
#10134,#10135,#10136,#10137,#10138,#10139,#10140,#10141,#10142,#10143,#10144));
#1842=EDGE_LOOP('',(#10145,#10146,#10147,#10148,#10149,#10150,#10151,#10152,
#10153,#10154,#10155,#10156,#10157,#10158,#10159,#10160,#10161,#10162,#10163,
#10164,#10165,#10166,#10167,#10168,#10169,#10170,#10171,#10172));
#1843=EDGE_LOOP('',(#10173));
#1844=EDGE_LOOP('',(#10174));
#1845=EDGE_LOOP('',(#10175));
#1846=EDGE_LOOP('',(#10176));
#1847=EDGE_LOOP('',(#10177,#10178,#10179,#10180,#10181,#10182,#10183,#10184,
#10185,#10186));
#1848=EDGE_LOOP('',(#10187,#10188,#10189,#10190));
#1849=EDGE_LOOP('',(#10191,#10192,#10193,#10194));
#1850=EDGE_LOOP('',(#10195,#10196,#10197,#10198,#10199,#10200));
#1851=EDGE_LOOP('',(#10201,#10202,#10203,#10204));
#1852=EDGE_LOOP('',(#10205));
#1853=EDGE_LOOP('',(#10206));
#1854=EDGE_LOOP('',(#10207,#10208,#10209,#10210,#10211,#10212,#10213,#10214));
#1855=EDGE_LOOP('',(#10215,#10216,#10217,#10218));
#1856=EDGE_LOOP('',(#10219,#10220,#10221,#10222,#10223,#10224));
#1857=EDGE_LOOP('',(#10225,#10226,#10227,#10228));
#1858=EDGE_LOOP('',(#10229,#10230,#10231,#10232));
#1859=EDGE_LOOP('',(#10233,#10234,#10235,#10236,#10237,#10238,#10239,#10240,
#10241,#10242));
#1860=EDGE_LOOP('',(#10243));
#1861=EDGE_LOOP('',(#10244));
#1862=EDGE_LOOP('',(#10245,#10246,#10247,#10248));
#1863=EDGE_LOOP('',(#10249,#10250,#10251,#10252));
#1864=EDGE_LOOP('',(#10253,#10254,#10255,#10256));
#1865=EDGE_LOOP('',(#10257));
#1866=EDGE_LOOP('',(#10258,#10259,#10260,#10261));
#1867=EDGE_LOOP('',(#10262));
#1868=EDGE_LOOP('',(#10263,#10264,#10265,#10266));
#1869=EDGE_LOOP('',(#10267,#10268,#10269,#10270));
#1870=EDGE_LOOP('',(#10271,#10272,#10273,#10274));
#1871=EDGE_LOOP('',(#10275,#10276,#10277,#10278));
#1872=EDGE_LOOP('',(#10279,#10280,#10281,#10282));
#1873=EDGE_LOOP('',(#10283,#10284,#10285,#10286));
#1874=EDGE_LOOP('',(#10287,#10288,#10289,#10290));
#1875=EDGE_LOOP('',(#10291,#10292,#10293,#10294));
#1876=EDGE_LOOP('',(#10295,#10296,#10297,#10298));
#1877=EDGE_LOOP('',(#10299,#10300,#10301,#10302));
#1878=EDGE_LOOP('',(#10303,#10304,#10305,#10306));
#1879=EDGE_LOOP('',(#10307,#10308,#10309,#10310));
#1880=EDGE_LOOP('',(#10311,#10312,#10313,#10314));
#1881=EDGE_LOOP('',(#10315,#10316,#10317,#10318));
#1882=EDGE_LOOP('',(#10319,#10320,#10321,#10322));
#1883=EDGE_LOOP('',(#10323,#10324,#10325,#10326));
#1884=EDGE_LOOP('',(#10327,#10328,#10329,#10330));
#1885=EDGE_LOOP('',(#10331,#10332,#10333,#10334));
#1886=EDGE_LOOP('',(#10335));
#1887=EDGE_LOOP('',(#10336,#10337,#10338,#10339));
#1888=EDGE_LOOP('',(#10340));
#1889=EDGE_LOOP('',(#10341,#10342,#10343,#10344));
#1890=EDGE_LOOP('',(#10345));
#1891=EDGE_LOOP('',(#10346,#10347,#10348,#10349));
#1892=EDGE_LOOP('',(#10350));
#1893=EDGE_LOOP('',(#10351,#10352,#10353,#10354));
#1894=EDGE_LOOP('',(#10355));
#1895=EDGE_LOOP('',(#10356,#10357,#10358,#10359));
#1896=EDGE_LOOP('',(#10360));
#1897=EDGE_LOOP('',(#10361,#10362,#10363,#10364));
#1898=EDGE_LOOP('',(#10365,#10366,#10367,#10368));
#1899=EDGE_LOOP('',(#10369,#10370,#10371,#10372,#10373,#10374));
#1900=EDGE_LOOP('',(#10375,#10376,#10377,#10378,#10379,#10380,#10381,#10382,
#10383,#10384,#10385,#10386,#10387,#10388,#10389,#10390));
#1901=EDGE_LOOP('',(#10391));
#1902=EDGE_LOOP('',(#10392));
#1903=EDGE_LOOP('',(#10393));
#1904=EDGE_LOOP('',(#10394));
#1905=EDGE_LOOP('',(#10395));
#1906=EDGE_LOOP('',(#10396));
#1907=EDGE_LOOP('',(#10397,#10398,#10399,#10400,#10401,#10402,#10403,#10404,
#10405,#10406,#10407,#10408,#10409,#10410,#10411,#10412));
#1908=EDGE_LOOP('',(#10413,#10414,#10415,#10416));
#1909=EDGE_LOOP('',(#10417,#10418,#10419,#10420,#10421,#10422));
#1910=EDGE_LOOP('',(#10423,#10424,#10425,#10426,#10427,#10428));
#1911=EDGE_LOOP('',(#10429,#10430,#10431,#10432));
#1912=EDGE_LOOP('',(#10433,#10434,#10435,#10436,#10437,#10438,#10439,#10440,
#10441,#10442,#10443,#10444));
#1913=EDGE_LOOP('',(#10445,#10446,#10447,#10448));
#1914=EDGE_LOOP('',(#10449,#10450,#10451,#10452,#10453,#10454,#10455,#10456,
#10457,#10458,#10459,#10460,#10461,#10462,#10463,#10464));
#1915=EDGE_LOOP('',(#10465));
#1916=EDGE_LOOP('',(#10466));
#1917=EDGE_LOOP('',(#10467));
#1918=EDGE_LOOP('',(#10468));
#1919=EDGE_LOOP('',(#10469));
#1920=EDGE_LOOP('',(#10470));
#1921=EDGE_LOOP('',(#10471));
#1922=EDGE_LOOP('',(#10472));
#1923=EDGE_LOOP('',(#10473));
#1924=EDGE_LOOP('',(#10474));
#1925=EDGE_LOOP('',(#10475));
#1926=EDGE_LOOP('',(#10476));
#1927=EDGE_LOOP('',(#10477));
#1928=EDGE_LOOP('',(#10478));
#1929=EDGE_LOOP('',(#10479));
#1930=EDGE_LOOP('',(#10480,#10481,#10482,#10483,#10484,#10485));
#1931=EDGE_LOOP('',(#10486,#10487,#10488,#10489));
#1932=EDGE_LOOP('',(#10490,#10491,#10492,#10493));
#1933=EDGE_LOOP('',(#10494,#10495,#10496,#10497));
#1934=EDGE_LOOP('',(#10498,#10499,#10500,#10501));
#1935=EDGE_LOOP('',(#10502));
#1936=EDGE_LOOP('',(#10503,#10504,#10505,#10506,#10507,#10508));
#1937=EDGE_LOOP('',(#10509));
#1938=EDGE_LOOP('',(#10510,#10511,#10512,#10513));
#1939=EDGE_LOOP('',(#10514));
#1940=EDGE_LOOP('',(#10515,#10516,#10517,#10518));
#1941=EDGE_LOOP('',(#10519));
#1942=EDGE_LOOP('',(#10520,#10521,#10522,#10523));
#1943=EDGE_LOOP('',(#10524));
#1944=EDGE_LOOP('',(#10525,#10526,#10527,#10528));
#1945=EDGE_LOOP('',(#10529));
#1946=EDGE_LOOP('',(#10530,#10531,#10532,#10533));
#1947=EDGE_LOOP('',(#10534));
#1948=EDGE_LOOP('',(#10535,#10536,#10537,#10538));
#1949=EDGE_LOOP('',(#10539));
#1950=EDGE_LOOP('',(#10540,#10541,#10542,#10543));
#1951=EDGE_LOOP('',(#10544));
#1952=EDGE_LOOP('',(#10545,#10546,#10547,#10548));
#1953=EDGE_LOOP('',(#10549));
#1954=EDGE_LOOP('',(#10550,#10551,#10552,#10553));
#1955=EDGE_LOOP('',(#10554));
#1956=EDGE_LOOP('',(#10555,#10556,#10557,#10558));
#1957=EDGE_LOOP('',(#10559));
#1958=EDGE_LOOP('',(#10560,#10561,#10562,#10563));
#1959=EDGE_LOOP('',(#10564));
#1960=EDGE_LOOP('',(#10565,#10566,#10567,#10568,#10569,#10570));
#1961=EDGE_LOOP('',(#10571));
#1962=EDGE_LOOP('',(#10572,#10573,#10574,#10575));
#1963=EDGE_LOOP('',(#10576));
#1964=EDGE_LOOP('',(#10577,#10578,#10579,#10580));
#1965=EDGE_LOOP('',(#10581));
#1966=EDGE_LOOP('',(#10582,#10583,#10584,#10585));
#1967=EDGE_LOOP('',(#10586));
#1968=EDGE_LOOP('',(#10587,#10588,#10589,#10590));
#1969=EDGE_LOOP('',(#10591,#10592,#10593,#10594));
#1970=EDGE_LOOP('',(#10595,#10596,#10597,#10598));
#1971=EDGE_LOOP('',(#10599,#10600,#10601,#10602,#10603,#10604));
#1972=EDGE_LOOP('',(#10605,#10606,#10607,#10608,#10609,#10610));
#1973=EDGE_LOOP('',(#10611,#10612,#10613,#10614));
#1974=EDGE_LOOP('',(#10615,#10616,#10617,#10618,#10619));
#1975=EDGE_LOOP('',(#10620,#10621,#10622,#10623,#10624,#10625));
#1976=EDGE_LOOP('',(#10626,#10627,#10628,#10629,#10630));
#1977=EDGE_LOOP('',(#10631,#10632,#10633,#10634));
#1978=EDGE_LOOP('',(#10635,#10636,#10637,#10638,#10639,#10640));
#1979=EDGE_LOOP('',(#10641,#10642,#10643,#10644));
#1980=EDGE_LOOP('',(#10645,#10646,#10647,#10648));
#1981=LINE('',#15851,#3308);
#1982=LINE('',#15853,#3309);
#1983=LINE('',#15855,#3310);
#1984=LINE('',#15856,#3311);
#1985=LINE('',#15859,#3312);
#1986=LINE('',#15861,#3313);
#1987=LINE('',#15862,#3314);
#1988=LINE('',#15865,#3315);
#1989=LINE('',#15866,#3316);
#1990=LINE('',#15869,#3317);
#1991=LINE('',#15870,#3318);
#1992=LINE('',#15875,#3319);
#1993=LINE('',#15882,#3320);
#1994=LINE('',#15890,#3321);
#1995=LINE('',#15893,#3322);
#1996=LINE('',#15896,#3323);
#1997=LINE('',#15897,#3324);
#1998=LINE('',#15899,#3325);
#1999=LINE('',#15903,#3326);
#2000=LINE('',#15904,#3327);
#2001=LINE('',#15907,#3328);
#2002=LINE('',#15908,#3329);
#2003=LINE('',#15912,#3330);
#2004=LINE('',#15915,#3331);
#2005=LINE('',#15916,#3332);
#2006=LINE('',#15919,#3333);
#2007=LINE('',#15920,#3334);
#2008=LINE('',#15922,#3335);
#2009=LINE('',#15935,#3336);
#2010=LINE('',#15938,#3337);
#2011=LINE('',#15943,#3338);
#2012=LINE('',#15948,#3339);
#2013=LINE('',#15953,#3340);
#2014=LINE('',#15958,#3341);
#2015=LINE('',#15963,#3342);
#2016=LINE('',#15968,#3343);
#2017=LINE('',#15973,#3344);
#2018=LINE('',#15978,#3345);
#2019=LINE('',#15983,#3346);
#2020=LINE('',#15988,#3347);
#2021=LINE('',#15993,#3348);
#2022=LINE('',#15998,#3349);
#2023=LINE('',#16003,#3350);
#2024=LINE('',#16008,#3351);
#2025=LINE('',#16013,#3352);
#2026=LINE('',#16018,#3353);
#2027=LINE('',#16023,#3354);
#2028=LINE('',#16028,#3355);
#2029=LINE('',#16033,#3356);
#2030=LINE('',#16038,#3357);
#2031=LINE('',#16042,#3358);
#2032=LINE('',#16044,#3359);
#2033=LINE('',#16046,#3360);
#2034=LINE('',#16047,#3361);
#2035=LINE('',#16051,#3362);
#2036=LINE('',#16052,#3363);
#2037=LINE('',#16053,#3364);
#2038=LINE('',#16056,#3365);
#2039=LINE('',#16058,#3366);
#2040=LINE('',#16059,#3367);
#2041=LINE('',#16062,#3368);
#2042=LINE('',#16064,#3369);
#2043=LINE('',#16065,#3370);
#2044=LINE('',#16068,#3371);
#2045=LINE('',#16070,#3372);
#2046=LINE('',#16071,#3373);
#2047=LINE('',#16074,#3374);
#2048=LINE('',#16076,#3375);
#2049=LINE('',#16077,#3376);
#2050=LINE('',#16080,#3377);
#2051=LINE('',#16082,#3378);
#2052=LINE('',#16083,#3379);
#2053=LINE('',#16086,#3380);
#2054=LINE('',#16088,#3381);
#2055=LINE('',#16089,#3382);
#2056=LINE('',#16092,#3383);
#2057=LINE('',#16094,#3384);
#2058=LINE('',#16095,#3385);
#2059=LINE('',#16098,#3386);
#2060=LINE('',#16100,#3387);
#2061=LINE('',#16101,#3388);
#2062=LINE('',#16104,#3389);
#2063=LINE('',#16106,#3390);
#2064=LINE('',#16107,#3391);
#2065=LINE('',#16110,#3392);
#2066=LINE('',#16112,#3393);
#2067=LINE('',#16113,#3394);
#2068=LINE('',#16116,#3395);
#2069=LINE('',#16118,#3396);
#2070=LINE('',#16119,#3397);
#2071=LINE('',#16122,#3398);
#2072=LINE('',#16124,#3399);
#2073=LINE('',#16125,#3400);
#2074=LINE('',#16128,#3401);
#2075=LINE('',#16130,#3402);
#2076=LINE('',#16131,#3403);
#2077=LINE('',#16134,#3404);
#2078=LINE('',#16136,#3405);
#2079=LINE('',#16137,#3406);
#2080=LINE('',#16140,#3407);
#2081=LINE('',#16142,#3408);
#2082=LINE('',#16143,#3409);
#2083=LINE('',#16146,#3410);
#2084=LINE('',#16148,#3411);
#2085=LINE('',#16149,#3412);
#2086=LINE('',#16152,#3413);
#2087=LINE('',#16154,#3414);
#2088=LINE('',#16155,#3415);
#2089=LINE('',#16158,#3416);
#2090=LINE('',#16160,#3417);
#2091=LINE('',#16161,#3418);
#2092=LINE('',#16164,#3419);
#2093=LINE('',#16166,#3420);
#2094=LINE('',#16167,#3421);
#2095=LINE('',#16170,#3422);
#2096=LINE('',#16172,#3423);
#2097=LINE('',#16173,#3424);
#2098=LINE('',#16176,#3425);
#2099=LINE('',#16178,#3426);
#2100=LINE('',#16179,#3427);
#2101=LINE('',#16182,#3428);
#2102=LINE('',#16184,#3429);
#2103=LINE('',#16185,#3430);
#2104=LINE('',#16188,#3431);
#2105=LINE('',#16190,#3432);
#2106=LINE('',#16191,#3433);
#2107=LINE('',#16194,#3434);
#2108=LINE('',#16196,#3435);
#2109=LINE('',#16197,#3436);
#2110=LINE('',#16200,#3437);
#2111=LINE('',#16202,#3438);
#2112=LINE('',#16203,#3439);
#2113=LINE('',#16206,#3440);
#2114=LINE('',#16208,#3441);
#2115=LINE('',#16209,#3442);
#2116=LINE('',#16212,#3443);
#2117=LINE('',#16214,#3444);
#2118=LINE('',#16215,#3445);
#2119=LINE('',#16218,#3446);
#2120=LINE('',#16220,#3447);
#2121=LINE('',#16221,#3448);
#2122=LINE('',#16225,#3449);
#2123=LINE('',#16226,#3450);
#2124=LINE('',#16227,#3451);
#2125=LINE('',#16231,#3452);
#2126=LINE('',#16233,#3453);
#2127=LINE('',#16235,#3454);
#2128=LINE('',#16236,#3455);
#2129=LINE('',#16240,#3456);
#2130=LINE('',#16242,#3457);
#2131=LINE('',#16244,#3458);
#2132=LINE('',#16245,#3459);
#2133=LINE('',#16249,#3460);
#2134=LINE('',#16251,#3461);
#2135=LINE('',#16253,#3462);
#2136=LINE('',#16254,#3463);
#2137=LINE('',#16258,#3464);
#2138=LINE('',#16260,#3465);
#2139=LINE('',#16262,#3466);
#2140=LINE('',#16263,#3467);
#2141=LINE('',#16267,#3468);
#2142=LINE('',#16269,#3469);
#2143=LINE('',#16271,#3470);
#2144=LINE('',#16272,#3471);
#2145=LINE('',#16276,#3472);
#2146=LINE('',#16278,#3473);
#2147=LINE('',#16280,#3474);
#2148=LINE('',#16281,#3475);
#2149=LINE('',#16285,#3476);
#2150=LINE('',#16287,#3477);
#2151=LINE('',#16289,#3478);
#2152=LINE('',#16290,#3479);
#2153=LINE('',#16294,#3480);
#2154=LINE('',#16296,#3481);
#2155=LINE('',#16298,#3482);
#2156=LINE('',#16299,#3483);
#2157=LINE('',#16303,#3484);
#2158=LINE('',#16305,#3485);
#2159=LINE('',#16307,#3486);
#2160=LINE('',#16308,#3487);
#2161=LINE('',#16312,#3488);
#2162=LINE('',#16314,#3489);
#2163=LINE('',#16316,#3490);
#2164=LINE('',#16317,#3491);
#2165=LINE('',#16320,#3492);
#2166=LINE('',#16322,#3493);
#2167=LINE('',#16323,#3494);
#2168=LINE('',#16325,#3495);
#2169=LINE('',#16326,#3496);
#2170=LINE('',#16329,#3497);
#2171=LINE('',#16331,#3498);
#2172=LINE('',#16332,#3499);
#2173=LINE('',#16335,#3500);
#2174=LINE('',#16337,#3501);
#2175=LINE('',#16338,#3502);
#2176=LINE('',#16340,#3503);
#2177=LINE('',#16341,#3504);
#2178=LINE('',#16344,#3505);
#2179=LINE('',#16346,#3506);
#2180=LINE('',#16347,#3507);
#2181=LINE('',#16350,#3508);
#2182=LINE('',#16352,#3509);
#2183=LINE('',#16353,#3510);
#2184=LINE('',#16355,#3511);
#2185=LINE('',#16356,#3512);
#2186=LINE('',#16359,#3513);
#2187=LINE('',#16361,#3514);
#2188=LINE('',#16362,#3515);
#2189=LINE('',#16365,#3516);
#2190=LINE('',#16367,#3517);
#2191=LINE('',#16368,#3518);
#2192=LINE('',#16370,#3519);
#2193=LINE('',#16371,#3520);
#2194=LINE('',#16374,#3521);
#2195=LINE('',#16376,#3522);
#2196=LINE('',#16377,#3523);
#2197=LINE('',#16380,#3524);
#2198=LINE('',#16382,#3525);
#2199=LINE('',#16383,#3526);
#2200=LINE('',#16385,#3527);
#2201=LINE('',#16386,#3528);
#2202=LINE('',#16389,#3529);
#2203=LINE('',#16391,#3530);
#2204=LINE('',#16392,#3531);
#2205=LINE('',#16395,#3532);
#2206=LINE('',#16397,#3533);
#2207=LINE('',#16398,#3534);
#2208=LINE('',#16400,#3535);
#2209=LINE('',#16401,#3536);
#2210=LINE('',#16404,#3537);
#2211=LINE('',#16406,#3538);
#2212=LINE('',#16407,#3539);
#2213=LINE('',#16410,#3540);
#2214=LINE('',#16412,#3541);
#2215=LINE('',#16413,#3542);
#2216=LINE('',#16415,#3543);
#2217=LINE('',#16416,#3544);
#2218=LINE('',#16419,#3545);
#2219=LINE('',#16421,#3546);
#2220=LINE('',#16422,#3547);
#2221=LINE('',#16425,#3548);
#2222=LINE('',#16427,#3549);
#2223=LINE('',#16428,#3550);
#2224=LINE('',#16430,#3551);
#2225=LINE('',#16431,#3552);
#2226=LINE('',#16434,#3553);
#2227=LINE('',#16436,#3554);
#2228=LINE('',#16437,#3555);
#2229=LINE('',#16440,#3556);
#2230=LINE('',#16442,#3557);
#2231=LINE('',#16443,#3558);
#2232=LINE('',#16445,#3559);
#2233=LINE('',#16446,#3560);
#2234=LINE('',#16449,#3561);
#2235=LINE('',#16451,#3562);
#2236=LINE('',#16452,#3563);
#2237=LINE('',#16455,#3564);
#2238=LINE('',#16457,#3565);
#2239=LINE('',#16458,#3566);
#2240=LINE('',#16460,#3567);
#2241=LINE('',#16461,#3568);
#2242=LINE('',#16464,#3569);
#2243=LINE('',#16466,#3570);
#2244=LINE('',#16467,#3571);
#2245=LINE('',#16470,#3572);
#2246=LINE('',#16472,#3573);
#2247=LINE('',#16473,#3574);
#2248=LINE('',#16475,#3575);
#2249=LINE('',#16476,#3576);
#2250=LINE('',#16479,#3577);
#2251=LINE('',#16484,#3578);
#2252=LINE('',#16486,#3579);
#2253=LINE('',#16489,#3580);
#2254=LINE('',#16491,#3581);
#2255=LINE('',#16493,#3582);
#2256=LINE('',#16494,#3583);
#2257=LINE('',#16499,#3584);
#2258=LINE('',#16503,#3585);
#2259=LINE('',#16506,#3586);
#2260=LINE('',#16508,#3587);
#2261=LINE('',#16509,#3588);
#2262=LINE('',#16512,#3589);
#2263=LINE('',#16513,#3590);
#2264=LINE('',#16516,#3591);
#2265=LINE('',#16517,#3592);
#2266=LINE('',#16519,#3593);
#2267=LINE('',#16532,#3594);
#2268=LINE('',#16535,#3595);
#2269=LINE('',#16538,#3596);
#2270=LINE('',#16540,#3597);
#2271=LINE('',#16541,#3598);
#2272=LINE('',#16545,#3599);
#2273=LINE('',#16547,#3600);
#2274=LINE('',#16549,#3601);
#2275=LINE('',#16550,#3602);
#2276=LINE('',#16553,#3603);
#2277=LINE('',#16555,#3604);
#2278=LINE('',#16556,#3605);
#2279=LINE('',#16559,#3606);
#2280=LINE('',#16561,#3607);
#2281=LINE('',#16562,#3608);
#2282=LINE('',#16565,#3609);
#2283=LINE('',#16567,#3610);
#2284=LINE('',#16568,#3611);
#2285=LINE('',#16571,#3612);
#2286=LINE('',#16573,#3613);
#2287=LINE('',#16574,#3614);
#2288=LINE('',#16577,#3615);
#2289=LINE('',#16579,#3616);
#2290=LINE('',#16580,#3617);
#2291=LINE('',#16583,#3618);
#2292=LINE('',#16585,#3619);
#2293=LINE('',#16586,#3620);
#2294=LINE('',#16589,#3621);
#2295=LINE('',#16591,#3622);
#2296=LINE('',#16592,#3623);
#2297=LINE('',#16595,#3624);
#2298=LINE('',#16597,#3625);
#2299=LINE('',#16598,#3626);
#2300=LINE('',#16601,#3627);
#2301=LINE('',#16603,#3628);
#2302=LINE('',#16604,#3629);
#2303=LINE('',#16607,#3630);
#2304=LINE('',#16609,#3631);
#2305=LINE('',#16610,#3632);
#2306=LINE('',#16613,#3633);
#2307=LINE('',#16615,#3634);
#2308=LINE('',#16616,#3635);
#2309=LINE('',#16619,#3636);
#2310=LINE('',#16621,#3637);
#2311=LINE('',#16622,#3638);
#2312=LINE('',#16625,#3639);
#2313=LINE('',#16627,#3640);
#2314=LINE('',#16628,#3641);
#2315=LINE('',#16631,#3642);
#2316=LINE('',#16633,#3643);
#2317=LINE('',#16634,#3644);
#2318=LINE('',#16637,#3645);
#2319=LINE('',#16639,#3646);
#2320=LINE('',#16640,#3647);
#2321=LINE('',#16643,#3648);
#2322=LINE('',#16645,#3649);
#2323=LINE('',#16646,#3650);
#2324=LINE('',#16649,#3651);
#2325=LINE('',#16651,#3652);
#2326=LINE('',#16652,#3653);
#2327=LINE('',#16655,#3654);
#2328=LINE('',#16657,#3655);
#2329=LINE('',#16658,#3656);
#2330=LINE('',#16661,#3657);
#2331=LINE('',#16663,#3658);
#2332=LINE('',#16664,#3659);
#2333=LINE('',#16667,#3660);
#2334=LINE('',#16669,#3661);
#2335=LINE('',#16670,#3662);
#2336=LINE('',#16673,#3663);
#2337=LINE('',#16675,#3664);
#2338=LINE('',#16676,#3665);
#2339=LINE('',#16679,#3666);
#2340=LINE('',#16681,#3667);
#2341=LINE('',#16682,#3668);
#2342=LINE('',#16685,#3669);
#2343=LINE('',#16687,#3670);
#2344=LINE('',#16688,#3671);
#2345=LINE('',#16691,#3672);
#2346=LINE('',#16693,#3673);
#2347=LINE('',#16694,#3674);
#2348=LINE('',#16697,#3675);
#2349=LINE('',#16699,#3676);
#2350=LINE('',#16700,#3677);
#2351=LINE('',#16703,#3678);
#2352=LINE('',#16705,#3679);
#2353=LINE('',#16706,#3680);
#2354=LINE('',#16709,#3681);
#2355=LINE('',#16711,#3682);
#2356=LINE('',#16712,#3683);
#2357=LINE('',#16715,#3684);
#2358=LINE('',#16718,#3685);
#2359=LINE('',#16720,#3686);
#2360=LINE('',#16722,#3687);
#2361=LINE('',#16724,#3688);
#2362=LINE('',#16726,#3689);
#2363=LINE('',#16728,#3690);
#2364=LINE('',#16730,#3691);
#2365=LINE('',#16732,#3692);
#2366=LINE('',#16734,#3693);
#2367=LINE('',#16736,#3694);
#2368=LINE('',#16738,#3695);
#2369=LINE('',#16740,#3696);
#2370=LINE('',#16742,#3697);
#2371=LINE('',#16744,#3698);
#2372=LINE('',#16746,#3699);
#2373=LINE('',#16748,#3700);
#2374=LINE('',#16750,#3701);
#2375=LINE('',#16752,#3702);
#2376=LINE('',#16754,#3703);
#2377=LINE('',#16756,#3704);
#2378=LINE('',#16758,#3705);
#2379=LINE('',#16760,#3706);
#2380=LINE('',#16762,#3707);
#2381=LINE('',#16764,#3708);
#2382=LINE('',#16766,#3709);
#2383=LINE('',#16768,#3710);
#2384=LINE('',#16770,#3711);
#2385=LINE('',#16772,#3712);
#2386=LINE('',#16774,#3713);
#2387=LINE('',#16776,#3714);
#2388=LINE('',#16778,#3715);
#2389=LINE('',#16780,#3716);
#2390=LINE('',#16782,#3717);
#2391=LINE('',#16784,#3718);
#2392=LINE('',#16786,#3719);
#2393=LINE('',#16788,#3720);
#2394=LINE('',#16790,#3721);
#2395=LINE('',#16792,#3722);
#2396=LINE('',#16794,#3723);
#2397=LINE('',#16796,#3724);
#2398=LINE('',#16798,#3725);
#2399=LINE('',#16800,#3726);
#2400=LINE('',#16802,#3727);
#2401=LINE('',#16803,#3728);
#2402=LINE('',#16824,#3729);
#2403=LINE('',#16825,#3730);
#2404=LINE('',#16828,#3731);
#2405=LINE('',#16833,#3732);
#2406=LINE('',#16836,#3733);
#2407=LINE('',#16841,#3734);
#2408=LINE('',#16844,#3735);
#2409=LINE('',#16849,#3736);
#2410=LINE('',#16852,#3737);
#2411=LINE('',#16857,#3738);
#2412=LINE('',#16860,#3739);
#2413=LINE('',#16865,#3740);
#2414=LINE('',#16868,#3741);
#2415=LINE('',#16873,#3742);
#2416=LINE('',#16876,#3743);
#2417=LINE('',#16881,#3744);
#2418=LINE('',#16884,#3745);
#2419=LINE('',#16889,#3746);
#2420=LINE('',#16892,#3747);
#2421=LINE('',#16897,#3748);
#2422=LINE('',#16900,#3749);
#2423=LINE('',#16901,#3750);
#2424=LINE('',#16906,#3751);
#2425=LINE('',#16907,#3752);
#2426=LINE('',#16910,#3753);
#2427=LINE('',#16912,#3754);
#2428=LINE('',#16914,#3755);
#2429=LINE('',#16916,#3756);
#2430=LINE('',#16918,#3757);
#2431=LINE('',#16920,#3758);
#2432=LINE('',#16922,#3759);
#2433=LINE('',#16924,#3760);
#2434=LINE('',#16926,#3761);
#2435=LINE('',#16928,#3762);
#2436=LINE('',#16930,#3763);
#2437=LINE('',#16932,#3764);
#2438=LINE('',#16934,#3765);
#2439=LINE('',#16936,#3766);
#2440=LINE('',#16938,#3767);
#2441=LINE('',#16940,#3768);
#2442=LINE('',#16942,#3769);
#2443=LINE('',#16944,#3770);
#2444=LINE('',#16946,#3771);
#2445=LINE('',#16948,#3772);
#2446=LINE('',#16950,#3773);
#2447=LINE('',#16952,#3774);
#2448=LINE('',#16954,#3775);
#2449=LINE('',#16956,#3776);
#2450=LINE('',#16958,#3777);
#2451=LINE('',#16960,#3778);
#2452=LINE('',#16962,#3779);
#2453=LINE('',#16964,#3780);
#2454=LINE('',#16966,#3781);
#2455=LINE('',#16968,#3782);
#2456=LINE('',#16970,#3783);
#2457=LINE('',#16972,#3784);
#2458=LINE('',#16974,#3785);
#2459=LINE('',#16976,#3786);
#2460=LINE('',#16978,#3787);
#2461=LINE('',#16980,#3788);
#2462=LINE('',#16982,#3789);
#2463=LINE('',#16984,#3790);
#2464=LINE('',#16986,#3791);
#2465=LINE('',#16988,#3792);
#2466=LINE('',#16990,#3793);
#2467=LINE('',#16991,#3794);
#2468=LINE('',#16994,#3795);
#2469=LINE('',#16996,#3796);
#2470=LINE('',#16998,#3797);
#2471=LINE('',#16999,#3798);
#2472=LINE('',#17001,#3799);
#2473=LINE('',#17002,#3800);
#2474=LINE('',#17004,#3801);
#2475=LINE('',#17005,#3802);
#2476=LINE('',#17007,#3803);
#2477=LINE('',#17008,#3804);
#2478=LINE('',#17010,#3805);
#2479=LINE('',#17011,#3806);
#2480=LINE('',#17013,#3807);
#2481=LINE('',#17014,#3808);
#2482=LINE('',#17016,#3809);
#2483=LINE('',#17017,#3810);
#2484=LINE('',#17019,#3811);
#2485=LINE('',#17020,#3812);
#2486=LINE('',#17022,#3813);
#2487=LINE('',#17023,#3814);
#2488=LINE('',#17025,#3815);
#2489=LINE('',#17026,#3816);
#2490=LINE('',#17028,#3817);
#2491=LINE('',#17029,#3818);
#2492=LINE('',#17031,#3819);
#2493=LINE('',#17033,#3820);
#2494=LINE('',#17036,#3821);
#2495=LINE('',#17038,#3822);
#2496=LINE('',#17041,#3823);
#2497=LINE('',#17043,#3824);
#2498=LINE('',#17046,#3825);
#2499=LINE('',#17048,#3826);
#2500=LINE('',#17051,#3827);
#2501=LINE('',#17053,#3828);
#2502=LINE('',#17056,#3829);
#2503=LINE('',#17058,#3830);
#2504=LINE('',#17061,#3831);
#2505=LINE('',#17063,#3832);
#2506=LINE('',#17066,#3833);
#2507=LINE('',#17068,#3834);
#2508=LINE('',#17071,#3835);
#2509=LINE('',#17073,#3836);
#2510=LINE('',#17076,#3837);
#2511=LINE('',#17078,#3838);
#2512=LINE('',#17081,#3839);
#2513=LINE('',#17086,#3840);
#2514=LINE('',#17090,#3841);
#2515=LINE('',#17093,#3842);
#2516=LINE('',#17095,#3843);
#2517=LINE('',#17096,#3844);
#2518=LINE('',#17099,#3845);
#2519=LINE('',#17100,#3846);
#2520=LINE('',#17103,#3847);
#2521=LINE('',#17104,#3848);
#2522=LINE('',#17106,#3849);
#2523=LINE('',#17122,#3850);
#2524=LINE('',#17125,#3851);
#2525=LINE('',#17144,#3852);
#2526=LINE('',#17156,#3853);
#2527=LINE('',#17160,#3854);
#2528=LINE('',#17188,#3855);
#2529=LINE('',#17192,#3856);
#2530=LINE('',#17204,#3857);
#2531=LINE('',#17219,#3858);
#2532=LINE('',#17245,#3859);
#2533=LINE('',#17248,#3860);
#2534=LINE('',#17260,#3861);
#2535=LINE('',#17261,#3862);
#2536=LINE('',#17266,#3863);
#2537=LINE('',#17267,#3864);
#2538=LINE('',#17276,#3865);
#2539=LINE('',#17278,#3866);
#2540=LINE('',#17287,#3867);
#2541=LINE('',#17288,#3868);
#2542=LINE('',#17300,#3869);
#2543=LINE('',#17301,#3870);
#2544=LINE('',#17303,#3871);
#2545=LINE('',#17304,#3872);
#2546=LINE('',#17319,#3873);
#2547=LINE('',#17320,#3874);
#2548=LINE('',#17329,#3875);
#2549=LINE('',#17330,#3876);
#2550=LINE('',#17335,#3877);
#2551=LINE('',#17336,#3878);
#2552=LINE('',#17342,#3879);
#2553=LINE('',#17344,#3880);
#2554=LINE('',#17346,#3881);
#2555=LINE('',#17348,#3882);
#2556=LINE('',#17350,#3883);
#2557=LINE('',#17352,#3884);
#2558=LINE('',#17354,#3885);
#2559=LINE('',#17356,#3886);
#2560=LINE('',#17358,#3887);
#2561=LINE('',#17360,#3888);
#2562=LINE('',#17362,#3889);
#2563=LINE('',#17364,#3890);
#2564=LINE('',#17366,#3891);
#2565=LINE('',#17368,#3892);
#2566=LINE('',#17370,#3893);
#2567=LINE('',#17372,#3894);
#2568=LINE('',#17374,#3895);
#2569=LINE('',#17376,#3896);
#2570=LINE('',#17378,#3897);
#2571=LINE('',#17380,#3898);
#2572=LINE('',#17382,#3899);
#2573=LINE('',#17384,#3900);
#2574=LINE('',#17386,#3901);
#2575=LINE('',#17388,#3902);
#2576=LINE('',#17392,#3903);
#2577=LINE('',#17394,#3904);
#2578=LINE('',#17395,#3905);
#2579=LINE('',#17398,#3906);
#2580=LINE('',#17399,#3907);
#2581=LINE('',#17401,#3908);
#2582=LINE('',#17412,#3909);
#2583=LINE('',#17416,#3910);
#2584=LINE('',#17461,#3911);
#2585=LINE('',#17462,#3912);
#2586=LINE('',#17467,#3913);
#2587=LINE('',#17473,#3914);
#2588=LINE('',#17475,#3915);
#2589=LINE('',#17476,#3916);
#2590=LINE('',#17480,#3917);
#2591=LINE('',#17483,#3918);
#2592=LINE('',#17484,#3919);
#2593=LINE('',#17487,#3920);
#2594=LINE('',#17488,#3921);
#2595=LINE('',#17498,#3922);
#2596=LINE('',#17500,#3923);
#2597=LINE('',#17502,#3924);
#2598=LINE('',#17503,#3925);
#2599=LINE('',#17506,#3926);
#2600=LINE('',#17508,#3927);
#2601=LINE('',#17509,#3928);
#2602=LINE('',#17512,#3929);
#2603=LINE('',#17514,#3930);
#2604=LINE('',#17515,#3931);
#2605=LINE('',#17517,#3932);
#2606=LINE('',#17520,#3933);
#2607=LINE('',#17522,#3934);
#2608=LINE('',#17524,#3935);
#2609=LINE('',#17526,#3936);
#2610=LINE('',#17528,#3937);
#2611=LINE('',#17530,#3938);
#2612=LINE('',#17532,#3939);
#2613=LINE('',#17534,#3940);
#2614=LINE('',#17536,#3941);
#2615=LINE('',#17538,#3942);
#2616=LINE('',#17540,#3943);
#2617=LINE('',#17542,#3944);
#2618=LINE('',#17544,#3945);
#2619=LINE('',#17546,#3946);
#2620=LINE('',#17548,#3947);
#2621=LINE('',#17550,#3948);
#2622=LINE('',#17552,#3949);
#2623=LINE('',#17554,#3950);
#2624=LINE('',#17556,#3951);
#2625=LINE('',#17558,#3952);
#2626=LINE('',#17560,#3953);
#2627=LINE('',#17562,#3954);
#2628=LINE('',#17564,#3955);
#2629=LINE('',#17566,#3956);
#2630=LINE('',#17568,#3957);
#2631=LINE('',#17570,#3958);
#2632=LINE('',#17572,#3959);
#2633=LINE('',#17574,#3960);
#2634=LINE('',#17576,#3961);
#2635=LINE('',#17578,#3962);
#2636=LINE('',#17580,#3963);
#2637=LINE('',#17582,#3964);
#2638=LINE('',#17584,#3965);
#2639=LINE('',#17586,#3966);
#2640=LINE('',#17588,#3967);
#2641=LINE('',#17590,#3968);
#2642=LINE('',#17592,#3969);
#2643=LINE('',#17594,#3970);
#2644=LINE('',#17596,#3971);
#2645=LINE('',#17598,#3972);
#2646=LINE('',#17599,#3973);
#2647=LINE('',#17602,#3974);
#2648=LINE('',#17604,#3975);
#2649=LINE('',#17605,#3976);
#2650=LINE('',#17608,#3977);
#2651=LINE('',#17610,#3978);
#2652=LINE('',#17611,#3979);
#2653=LINE('',#17613,#3980);
#2654=LINE('',#17614,#3981);
#2655=LINE('',#17618,#3982);
#2656=LINE('',#17620,#3983);
#2657=LINE('',#17621,#3984);
#2658=LINE('',#17624,#3985);
#2659=LINE('',#17625,#3986);
#2660=LINE('',#17628,#3987);
#2661=LINE('',#17629,#3988);
#2662=LINE('',#17631,#3989);
#2663=LINE('',#17634,#3990);
#2664=LINE('',#17636,#3991);
#2665=LINE('',#17637,#3992);
#2666=LINE('',#17640,#3993);
#2667=LINE('',#17642,#3994);
#2668=LINE('',#17643,#3995);
#2669=LINE('',#17645,#3996);
#2670=LINE('',#17646,#3997);
#2671=LINE('',#17650,#3998);
#2672=LINE('',#17652,#3999);
#2673=LINE('',#17653,#4000);
#2674=LINE('',#17656,#4001);
#2675=LINE('',#17657,#4002);
#2676=LINE('',#17660,#4003);
#2677=LINE('',#17661,#4004);
#2678=LINE('',#17663,#4005);
#2679=LINE('',#17666,#4006);
#2680=LINE('',#17668,#4007);
#2681=LINE('',#17669,#4008);
#2682=LINE('',#17672,#4009);
#2683=LINE('',#17674,#4010);
#2684=LINE('',#17675,#4011);
#2685=LINE('',#17677,#4012);
#2686=LINE('',#17678,#4013);
#2687=LINE('',#17682,#4014);
#2688=LINE('',#17684,#4015);
#2689=LINE('',#17685,#4016);
#2690=LINE('',#17688,#4017);
#2691=LINE('',#17689,#4018);
#2692=LINE('',#17692,#4019);
#2693=LINE('',#17693,#4020);
#2694=LINE('',#17695,#4021);
#2695=LINE('',#17698,#4022);
#2696=LINE('',#17700,#4023);
#2697=LINE('',#17701,#4024);
#2698=LINE('',#17704,#4025);
#2699=LINE('',#17706,#4026);
#2700=LINE('',#17707,#4027);
#2701=LINE('',#17709,#4028);
#2702=LINE('',#17710,#4029);
#2703=LINE('',#17714,#4030);
#2704=LINE('',#17716,#4031);
#2705=LINE('',#17717,#4032);
#2706=LINE('',#17720,#4033);
#2707=LINE('',#17721,#4034);
#2708=LINE('',#17724,#4035);
#2709=LINE('',#17725,#4036);
#2710=LINE('',#17727,#4037);
#2711=LINE('',#17729,#4038);
#2712=LINE('',#17731,#4039);
#2713=LINE('',#17732,#4040);
#2714=LINE('',#17735,#4041);
#2715=LINE('',#17737,#4042);
#2716=LINE('',#17738,#4043);
#2717=LINE('',#17741,#4044);
#2718=LINE('',#17743,#4045);
#2719=LINE('',#17744,#4046);
#2720=LINE('',#17747,#4047);
#2721=LINE('',#17748,#4048);
#2722=LINE('',#17751,#4049);
#2723=LINE('',#17752,#4050);
#2724=LINE('',#17755,#4051);
#2725=LINE('',#17756,#4052);
#2726=LINE('',#17759,#4053);
#2727=LINE('',#17760,#4054);
#2728=LINE('',#17763,#4055);
#2729=LINE('',#17764,#4056);
#2730=LINE('',#17767,#4057);
#2731=LINE('',#17768,#4058);
#2732=LINE('',#17771,#4059);
#2733=LINE('',#17772,#4060);
#2734=LINE('',#17775,#4061);
#2735=LINE('',#17776,#4062);
#2736=LINE('',#17779,#4063);
#2737=LINE('',#17780,#4064);
#2738=LINE('',#17783,#4065);
#2739=LINE('',#17784,#4066);
#2740=LINE('',#17787,#4067);
#2741=LINE('',#17788,#4068);
#2742=LINE('',#17791,#4069);
#2743=LINE('',#17792,#4070);
#2744=LINE('',#17795,#4071);
#2745=LINE('',#17796,#4072);
#2746=LINE('',#17799,#4073);
#2747=LINE('',#17800,#4074);
#2748=LINE('',#17803,#4075);
#2749=LINE('',#17804,#4076);
#2750=LINE('',#17807,#4077);
#2751=LINE('',#17808,#4078);
#2752=LINE('',#17811,#4079);
#2753=LINE('',#17812,#4080);
#2754=LINE('',#17815,#4081);
#2755=LINE('',#17816,#4082);
#2756=LINE('',#17819,#4083);
#2757=LINE('',#17820,#4084);
#2758=LINE('',#17822,#4085);
#2759=LINE('',#17827,#4086);
#2760=LINE('',#17830,#4087);
#2761=LINE('',#17840,#4088);
#2762=LINE('',#17842,#4089);
#2763=LINE('',#17847,#4090);
#2764=LINE('',#17848,#4091);
#2765=LINE('',#17851,#4092);
#2766=LINE('',#17856,#4093);
#2767=LINE('',#17861,#4094);
#2768=LINE('',#17864,#4095);
#2769=LINE('',#17869,#4096);
#2770=LINE('',#17872,#4097);
#2771=LINE('',#17877,#4098);
#2772=LINE('',#17880,#4099);
#2773=LINE('',#17885,#4100);
#2774=LINE('',#17888,#4101);
#2775=LINE('',#17890,#4102);
#2776=LINE('',#17893,#4103);
#2777=LINE('',#17895,#4104);
#2778=LINE('',#17896,#4105);
#2779=LINE('',#17899,#4106);
#2780=LINE('',#17901,#4107);
#2781=LINE('',#17902,#4108);
#2782=LINE('',#17904,#4109);
#2783=LINE('',#17905,#4110);
#2784=LINE('',#17911,#4111);
#2785=LINE('',#17915,#4112);
#2786=LINE('',#17917,#4113);
#2787=LINE('',#17924,#4114);
#2788=LINE('',#17928,#4115);
#2789=LINE('',#17972,#4116);
#2790=LINE('',#18021,#4117);
#2791=LINE('',#18035,#4118);
#2792=LINE('',#18039,#4119);
#2793=LINE('',#18043,#4120);
#2794=LINE('',#18046,#4121);
#2795=LINE('',#18049,#4122);
#2796=LINE('',#18054,#4123);
#2797=LINE('',#18073,#4124);
#2798=LINE('',#18074,#4125);
#2799=LINE('',#18089,#4126);
#2800=LINE('',#18102,#4127);
#2801=LINE('',#18109,#4128);
#2802=LINE('',#18110,#4129);
#2803=LINE('',#18115,#4130);
#2804=LINE('',#18116,#4131);
#2805=LINE('',#18119,#4132);
#2806=LINE('',#18120,#4133);
#2807=LINE('',#18124,#4134);
#2808=LINE('',#18128,#4135);
#2809=LINE('',#18132,#4136);
#2810=LINE('',#18136,#4137);
#2811=LINE('',#18138,#4138);
#2812=LINE('',#18140,#4139);
#2813=LINE('',#18141,#4140);
#2814=LINE('',#18144,#4141);
#2815=LINE('',#18145,#4142);
#2816=LINE('',#18157,#4143);
#2817=LINE('',#18159,#4144);
#2818=LINE('',#18167,#4145);
#2819=LINE('',#18168,#4146);
#2820=LINE('',#18183,#4147);
#2821=LINE('',#18184,#4148);
#2822=LINE('',#18193,#4149);
#2823=LINE('',#18194,#4150);
#2824=LINE('',#18199,#4151);
#2825=LINE('',#18200,#4152);
#2826=LINE('',#18215,#4153);
#2827=LINE('',#18216,#4154);
#2828=LINE('',#18223,#4155);
#2829=LINE('',#18224,#4156);
#2830=LINE('',#18229,#4157);
#2831=LINE('',#18230,#4158);
#2832=LINE('',#18233,#4159);
#2833=LINE('',#18235,#4160);
#2834=LINE('',#18236,#4161);
#2835=LINE('',#18238,#4162);
#2836=LINE('',#18240,#4163);
#2837=LINE('',#18244,#4164);
#2838=LINE('',#18246,#4165);
#2839=LINE('',#18250,#4166);
#2840=LINE('',#18252,#4167);
#2841=LINE('',#18254,#4168);
#2842=LINE('',#18256,#4169);
#2843=LINE('',#18258,#4170);
#2844=LINE('',#18260,#4171);
#2845=LINE('',#18262,#4172);
#2846=LINE('',#18264,#4173);
#2847=LINE('',#18266,#4174);
#2848=LINE('',#18268,#4175);
#2849=LINE('',#18270,#4176);
#2850=LINE('',#18272,#4177);
#2851=LINE('',#18274,#4178);
#2852=LINE('',#18276,#4179);
#2853=LINE('',#18278,#4180);
#2854=LINE('',#18280,#4181);
#2855=LINE('',#18282,#4182);
#2856=LINE('',#18284,#4183);
#2857=LINE('',#18286,#4184);
#2858=LINE('',#18288,#4185);
#2859=LINE('',#18290,#4186);
#2860=LINE('',#18292,#4187);
#2861=LINE('',#18294,#4188);
#2862=LINE('',#18295,#4189);
#2863=LINE('',#18298,#4190);
#2864=LINE('',#18302,#4191);
#2865=LINE('',#18306,#4192);
#2866=LINE('',#18312,#4193);
#2867=LINE('',#18372,#4194);
#2868=LINE('',#18376,#4195);
#2869=LINE('',#18381,#4196);
#2870=LINE('',#18385,#4197);
#2871=LINE('',#18387,#4198);
#2872=LINE('',#18388,#4199);
#2873=LINE('',#18391,#4200);
#2874=LINE('',#18393,#4201);
#2875=LINE('',#18394,#4202);
#2876=LINE('',#18404,#4203);
#2877=LINE('',#18406,#4204);
#2878=LINE('',#18408,#4205);
#2879=LINE('',#18409,#4206);
#2880=LINE('',#18412,#4207);
#2881=LINE('',#18414,#4208);
#2882=LINE('',#18415,#4209);
#2883=LINE('',#18418,#4210);
#2884=LINE('',#18420,#4211);
#2885=LINE('',#18422,#4212);
#2886=LINE('',#18424,#4213);
#2887=LINE('',#18426,#4214);
#2888=LINE('',#18428,#4215);
#2889=LINE('',#18430,#4216);
#2890=LINE('',#18432,#4217);
#2891=LINE('',#18434,#4218);
#2892=LINE('',#18436,#4219);
#2893=LINE('',#18438,#4220);
#2894=LINE('',#18440,#4221);
#2895=LINE('',#18442,#4222);
#2896=LINE('',#18444,#4223);
#2897=LINE('',#18446,#4224);
#2898=LINE('',#18448,#4225);
#2899=LINE('',#18450,#4226);
#2900=LINE('',#18452,#4227);
#2901=LINE('',#18454,#4228);
#2902=LINE('',#18456,#4229);
#2903=LINE('',#18458,#4230);
#2904=LINE('',#18460,#4231);
#2905=LINE('',#18462,#4232);
#2906=LINE('',#18464,#4233);
#2907=LINE('',#18466,#4234);
#2908=LINE('',#18468,#4235);
#2909=LINE('',#18470,#4236);
#2910=LINE('',#18472,#4237);
#2911=LINE('',#18474,#4238);
#2912=LINE('',#18476,#4239);
#2913=LINE('',#18478,#4240);
#2914=LINE('',#18480,#4241);
#2915=LINE('',#18482,#4242);
#2916=LINE('',#18484,#4243);
#2917=LINE('',#18486,#4244);
#2918=LINE('',#18488,#4245);
#2919=LINE('',#18490,#4246);
#2920=LINE('',#18492,#4247);
#2921=LINE('',#18494,#4248);
#2922=LINE('',#18496,#4249);
#2923=LINE('',#18498,#4250);
#2924=LINE('',#18500,#4251);
#2925=LINE('',#18502,#4252);
#2926=LINE('',#18504,#4253);
#2927=LINE('',#18506,#4254);
#2928=LINE('',#18507,#4255);
#2929=LINE('',#18510,#4256);
#2930=LINE('',#18511,#4257);
#2931=LINE('',#18514,#4258);
#2932=LINE('',#18515,#4259);
#2933=LINE('',#18517,#4260);
#2934=LINE('',#18520,#4261);
#2935=LINE('',#18522,#4262);
#2936=LINE('',#18523,#4263);
#2937=LINE('',#18526,#4264);
#2938=LINE('',#18528,#4265);
#2939=LINE('',#18529,#4266);
#2940=LINE('',#18531,#4267);
#2941=LINE('',#18532,#4268);
#2942=LINE('',#18536,#4269);
#2943=LINE('',#18538,#4270);
#2944=LINE('',#18539,#4271);
#2945=LINE('',#18542,#4272);
#2946=LINE('',#18544,#4273);
#2947=LINE('',#18545,#4274);
#2948=LINE('',#18547,#4275);
#2949=LINE('',#18548,#4276);
#2950=LINE('',#18552,#4277);
#2951=LINE('',#18554,#4278);
#2952=LINE('',#18555,#4279);
#2953=LINE('',#18558,#4280);
#2954=LINE('',#18560,#4281);
#2955=LINE('',#18561,#4282);
#2956=LINE('',#18563,#4283);
#2957=LINE('',#18564,#4284);
#2958=LINE('',#18568,#4285);
#2959=LINE('',#18570,#4286);
#2960=LINE('',#18571,#4287);
#2961=LINE('',#18574,#4288);
#2962=LINE('',#18576,#4289);
#2963=LINE('',#18577,#4290);
#2964=LINE('',#18579,#4291);
#2965=LINE('',#18580,#4292);
#2966=LINE('',#18584,#4293);
#2967=LINE('',#18586,#4294);
#2968=LINE('',#18587,#4295);
#2969=LINE('',#18590,#4296);
#2970=LINE('',#18592,#4297);
#2971=LINE('',#18593,#4298);
#2972=LINE('',#18595,#4299);
#2973=LINE('',#18596,#4300);
#2974=LINE('',#18600,#4301);
#2975=LINE('',#18602,#4302);
#2976=LINE('',#18603,#4303);
#2977=LINE('',#18606,#4304);
#2978=LINE('',#18608,#4305);
#2979=LINE('',#18609,#4306);
#2980=LINE('',#18611,#4307);
#2981=LINE('',#18612,#4308);
#2982=LINE('',#18616,#4309);
#2983=LINE('',#18618,#4310);
#2984=LINE('',#18619,#4311);
#2985=LINE('',#18622,#4312);
#2986=LINE('',#18623,#4313);
#2987=LINE('',#18626,#4314);
#2988=LINE('',#18627,#4315);
#2989=LINE('',#18629,#4316);
#2990=LINE('',#18632,#4317);
#2991=LINE('',#18634,#4318);
#2992=LINE('',#18635,#4319);
#2993=LINE('',#18638,#4320);
#2994=LINE('',#18639,#4321);
#2995=LINE('',#18642,#4322);
#2996=LINE('',#18643,#4323);
#2997=LINE('',#18645,#4324);
#2998=LINE('',#18648,#4325);
#2999=LINE('',#18650,#4326);
#3000=LINE('',#18651,#4327);
#3001=LINE('',#18654,#4328);
#3002=LINE('',#18655,#4329);
#3003=LINE('',#18658,#4330);
#3004=LINE('',#18659,#4331);
#3005=LINE('',#18661,#4332);
#3006=LINE('',#18664,#4333);
#3007=LINE('',#18666,#4334);
#3008=LINE('',#18667,#4335);
#3009=LINE('',#18670,#4336);
#3010=LINE('',#18671,#4337);
#3011=LINE('',#18674,#4338);
#3012=LINE('',#18675,#4339);
#3013=LINE('',#18677,#4340);
#3014=LINE('',#18680,#4341);
#3015=LINE('',#18682,#4342);
#3016=LINE('',#18683,#4343);
#3017=LINE('',#18686,#4344);
#3018=LINE('',#18687,#4345);
#3019=LINE('',#18690,#4346);
#3020=LINE('',#18691,#4347);
#3021=LINE('',#18694,#4348);
#3022=LINE('',#18695,#4349);
#3023=LINE('',#18698,#4350);
#3024=LINE('',#18699,#4351);
#3025=LINE('',#18702,#4352);
#3026=LINE('',#18703,#4353);
#3027=LINE('',#18706,#4354);
#3028=LINE('',#18707,#4355);
#3029=LINE('',#18710,#4356);
#3030=LINE('',#18711,#4357);
#3031=LINE('',#18714,#4358);
#3032=LINE('',#18715,#4359);
#3033=LINE('',#18718,#4360);
#3034=LINE('',#18719,#4361);
#3035=LINE('',#18722,#4362);
#3036=LINE('',#18723,#4363);
#3037=LINE('',#18726,#4364);
#3038=LINE('',#18727,#4365);
#3039=LINE('',#18730,#4366);
#3040=LINE('',#18731,#4367);
#3041=LINE('',#18734,#4368);
#3042=LINE('',#18735,#4369);
#3043=LINE('',#18738,#4370);
#3044=LINE('',#18739,#4371);
#3045=LINE('',#18742,#4372);
#3046=LINE('',#18743,#4373);
#3047=LINE('',#18746,#4374);
#3048=LINE('',#18747,#4375);
#3049=LINE('',#18750,#4376);
#3050=LINE('',#18751,#4377);
#3051=LINE('',#18754,#4378);
#3052=LINE('',#18755,#4379);
#3053=LINE('',#18758,#4380);
#3054=LINE('',#18759,#4381);
#3055=LINE('',#18762,#4382);
#3056=LINE('',#18764,#4383);
#3057=LINE('',#18766,#4384);
#3058=LINE('',#18768,#4385);
#3059=LINE('',#18769,#4386);
#3060=LINE('',#18771,#4387);
#3061=LINE('',#18773,#4388);
#3062=LINE('',#18774,#4389);
#3063=LINE('',#18776,#4390);
#3064=LINE('',#18777,#4391);
#3065=LINE('',#18778,#4392);
#3066=LINE('',#18780,#4393);
#3067=LINE('',#18782,#4394);
#3068=LINE('',#18784,#4395);
#3069=LINE('',#18787,#4396);
#3070=LINE('',#18798,#4397);
#3071=LINE('',#18799,#4398);
#3072=LINE('',#18803,#4399);
#3073=LINE('',#18805,#4400);
#3074=LINE('',#18806,#4401);
#3075=LINE('',#18808,#4402);
#3076=LINE('',#18810,#4403);
#3077=LINE('',#18812,#4404);
#3078=LINE('',#18814,#4405);
#3079=LINE('',#18816,#4406);
#3080=LINE('',#18818,#4407);
#3081=LINE('',#18820,#4408);
#3082=LINE('',#18821,#4409);
#3083=LINE('',#18824,#4410);
#3084=LINE('',#18826,#4411);
#3085=LINE('',#18828,#4412);
#3086=LINE('',#18829,#4413);
#3087=LINE('',#18834,#4414);
#3088=LINE('',#18838,#4415);
#3089=LINE('',#18842,#4416);
#3090=LINE('',#18845,#4417);
#3091=LINE('',#18859,#4418);
#3092=LINE('',#18863,#4419);
#3093=LINE('',#18867,#4420);
#3094=LINE('',#18871,#4421);
#3095=LINE('',#18875,#4422);
#3096=LINE('',#18879,#4423);
#3097=LINE('',#18883,#4424);
#3098=LINE('',#18887,#4425);
#3099=LINE('',#18892,#4426);
#3100=LINE('',#18893,#4427);
#3101=LINE('',#18895,#4428);
#3102=LINE('',#18897,#4429);
#3103=LINE('',#18900,#4430);
#3104=LINE('',#18901,#4431);
#3105=LINE('',#18903,#4432);
#3106=LINE('',#18905,#4433);
#3107=LINE('',#18907,#4434);
#3108=LINE('',#18909,#4435);
#3109=LINE('',#18911,#4436);
#3110=LINE('',#18913,#4437);
#3111=LINE('',#18917,#4438);
#3112=LINE('',#18919,#4439);
#3113=LINE('',#18920,#4440);
#3114=LINE('',#18922,#4441);
#3115=LINE('',#18923,#4442);
#3116=LINE('',#18925,#4443);
#3117=LINE('',#18927,#4444);
#3118=LINE('',#18929,#4445);
#3119=LINE('',#18931,#4446);
#3120=LINE('',#18933,#4447);
#3121=LINE('',#18942,#4448);
#3122=LINE('',#18946,#4449);
#3123=LINE('',#18947,#4450);
#3124=LINE('',#18949,#4451);
#3125=LINE('',#18957,#4452);
#3126=LINE('',#18961,#4453);
#3127=LINE('',#18962,#4454);
#3128=LINE('',#18965,#4455);
#3129=LINE('',#18973,#4456);
#3130=LINE('',#18977,#4457);
#3131=LINE('',#18978,#4458);
#3132=LINE('',#18981,#4459);
#3133=LINE('',#18986,#4460);
#3134=LINE('',#18990,#4461);
#3135=LINE('',#18991,#4462);
#3136=LINE('',#18994,#4463);
#3137=LINE('',#18998,#4464);
#3138=LINE('',#19002,#4465);
#3139=LINE('',#19006,#4466);
#3140=LINE('',#19008,#4467);
#3141=LINE('',#19013,#4468);
#3142=LINE('',#19015,#4469);
#3143=LINE('',#19017,#4470);
#3144=LINE('',#19019,#4471);
#3145=LINE('',#19021,#4472);
#3146=LINE('',#19023,#4473);
#3147=LINE('',#19025,#4474);
#3148=LINE('',#19026,#4475);
#3149=LINE('',#19029,#4476);
#3150=LINE('',#19031,#4477);
#3151=LINE('',#19032,#4478);
#3152=LINE('',#19035,#4479);
#3153=LINE('',#19039,#4480);
#3154=LINE('',#19043,#4481);
#3155=LINE('',#19044,#4482);
#3156=LINE('',#19047,#4483);
#3157=LINE('',#19049,#4484);
#3158=LINE('',#19050,#4485);
#3159=LINE('',#19055,#4486);
#3160=LINE('',#19058,#4487);
#3161=LINE('',#19060,#4488);
#3162=LINE('',#19061,#4489);
#3163=LINE('',#19067,#4490);
#3164=LINE('',#19069,#4491);
#3165=LINE('',#19075,#4492);
#3166=LINE('',#19080,#4493);
#3167=LINE('',#19082,#4494);
#3168=LINE('',#19084,#4495);
#3169=LINE('',#19089,#4496);
#3170=LINE('',#19091,#4497);
#3171=LINE('',#19093,#4498);
#3172=LINE('',#19094,#4499);
#3173=LINE('',#19097,#4500);
#3174=LINE('',#19099,#4501);
#3175=LINE('',#19100,#4502);
#3176=LINE('',#19104,#4503);
#3177=LINE('',#19106,#4504);
#3178=LINE('',#19108,#4505);
#3179=LINE('',#19109,#4506);
#3180=LINE('',#19112,#4507);
#3181=LINE('',#19114,#4508);
#3182=LINE('',#19115,#4509);
#3183=LINE('',#19119,#4510);
#3184=LINE('',#19121,#4511);
#3185=LINE('',#19123,#4512);
#3186=LINE('',#19124,#4513);
#3187=LINE('',#19127,#4514);
#3188=LINE('',#19129,#4515);
#3189=LINE('',#19130,#4516);
#3190=LINE('',#19134,#4517);
#3191=LINE('',#19136,#4518);
#3192=LINE('',#19138,#4519);
#3193=LINE('',#19139,#4520);
#3194=LINE('',#19143,#4521);
#3195=LINE('',#19145,#4522);
#3196=LINE('',#19147,#4523);
#3197=LINE('',#19148,#4524);
#3198=LINE('',#19150,#4525);
#3199=LINE('',#19151,#4526);
#3200=LINE('',#19154,#4527);
#3201=LINE('',#19156,#4528);
#3202=LINE('',#19157,#4529);
#3203=LINE('',#19159,#4530);
#3204=LINE('',#19160,#4531);
#3205=LINE('',#19163,#4532);
#3206=LINE('',#19165,#4533);
#3207=LINE('',#19166,#4534);
#3208=LINE('',#19168,#4535);
#3209=LINE('',#19169,#4536);
#3210=LINE('',#19174,#4537);
#3211=LINE('',#19181,#4538);
#3212=LINE('',#19188,#4539);
#3213=LINE('',#19195,#4540);
#3214=LINE('',#19202,#4541);
#3215=LINE('',#19209,#4542);
#3216=LINE('',#19214,#4543);
#3217=LINE('',#19216,#4544);
#3218=LINE('',#19217,#4545);
#3219=LINE('',#19221,#4546);
#3220=LINE('',#19222,#4547);
#3221=LINE('',#19223,#4548);
#3222=LINE('',#19225,#4549);
#3223=LINE('',#19226,#4550);
#3224=LINE('',#19229,#4551);
#3225=LINE('',#19230,#4552);
#3226=LINE('',#19233,#4553);
#3227=LINE('',#19234,#4554);
#3228=LINE('',#19236,#4555);
#3229=LINE('',#19241,#4556);
#3230=LINE('',#19243,#4557);
#3231=LINE('',#19245,#4558);
#3232=LINE('',#19247,#4559);
#3233=LINE('',#19249,#4560);
#3234=LINE('',#19250,#4561);
#3235=LINE('',#19253,#4562);
#3236=LINE('',#19255,#4563);
#3237=LINE('',#19256,#4564);
#3238=LINE('',#19259,#4565);
#3239=LINE('',#19261,#4566);
#3240=LINE('',#19263,#4567);
#3241=LINE('',#19265,#4568);
#3242=LINE('',#19267,#4569);
#3243=LINE('',#19269,#4570);
#3244=LINE('',#19271,#4571);
#3245=LINE('',#19273,#4572);
#3246=LINE('',#19275,#4573);
#3247=LINE('',#19277,#4574);
#3248=LINE('',#19278,#4575);
#3249=LINE('',#19281,#4576);
#3250=LINE('',#19282,#4577);
#3251=LINE('',#19285,#4578);
#3252=LINE('',#19287,#4579);
#3253=LINE('',#19289,#4580);
#3254=LINE('',#19291,#4581);
#3255=LINE('',#19294,#4582);
#3256=LINE('',#19296,#4583);
#3257=LINE('',#19298,#4584);
#3258=LINE('',#19300,#4585);
#3259=LINE('',#19302,#4586);
#3260=LINE('',#19305,#4587);
#3261=LINE('',#19307,#4588);
#3262=LINE('',#19308,#4589);
#3263=LINE('',#19340,#4590);
#3264=LINE('',#19341,#4591);
#3265=LINE('',#19342,#4592);
#3266=LINE('',#19344,#4593);
#3267=LINE('',#19347,#4594);
#3268=LINE('',#19349,#4595);
#3269=LINE('',#19350,#4596);
#3270=LINE('',#19353,#4597);
#3271=LINE('',#19355,#4598);
#3272=LINE('',#19356,#4599);
#3273=LINE('',#19363,#4600);
#3274=LINE('',#19364,#4601);
#3275=LINE('',#19365,#4602);
#3276=LINE('',#19370,#4603);
#3277=LINE('',#19375,#4604);
#3278=LINE('',#19380,#4605);
#3279=LINE('',#19385,#4606);
#3280=LINE('',#19390,#4607);
#3281=LINE('',#19395,#4608);
#3282=LINE('',#19400,#4609);
#3283=LINE('',#19405,#4610);
#3284=LINE('',#19410,#4611);
#3285=LINE('',#19415,#4612);
#3286=LINE('',#19420,#4613);
#3287=LINE('',#19426,#4614);
#3288=LINE('',#19427,#4615);
#3289=LINE('',#19428,#4616);
#3290=LINE('',#19433,#4617);
#3291=LINE('',#19438,#4618);
#3292=LINE('',#19443,#4619);
#3293=LINE('',#19448,#4620);
#3294=LINE('',#19450,#4621);
#3295=LINE('',#19452,#4622);
#3296=LINE('',#19455,#4623);
#3297=LINE('',#19456,#4624);
#3298=LINE('',#19458,#4625);
#3299=LINE('',#19460,#4626);
#3300=LINE('',#19461,#4627);
#3301=LINE('',#19463,#4628);
#3302=LINE('',#19466,#4629);
#3303=LINE('',#19468,#4630);
#3304=LINE('',#19469,#4631);
#3305=LINE('',#19471,#4632);
#3306=LINE('',#19473,#4633);
#3307=LINE('',#19476,#4634);
#3308=VECTOR('',#12678,10.);
#3309=VECTOR('',#12679,10.);
#3310=VECTOR('',#12680,10.);
#3311=VECTOR('',#12681,10.);
#3312=VECTOR('',#12684,10.);
#3313=VECTOR('',#12685,10.);
#3314=VECTOR('',#12686,10.);
#3315=VECTOR('',#12689,10.);
#3316=VECTOR('',#12690,10.);
#3317=VECTOR('',#12693,10.);
#3318=VECTOR('',#12694,10.);
#3319=VECTOR('',#12699,1.50000000000002);
#3320=VECTOR('',#12708,1.49999999999999);
#3321=VECTOR('',#12717,10.);
#3322=VECTOR('',#12720,10.);
#3323=VECTOR('',#12723,10.);
#3324=VECTOR('',#12724,10.);
#3325=VECTOR('',#12725,10.);
#3326=VECTOR('',#12728,10.);
#3327=VECTOR('',#12729,10.);
#3328=VECTOR('',#12732,10.);
#3329=VECTOR('',#12733,10.);
#3330=VECTOR('',#12738,10.);
#3331=VECTOR('',#12741,10.);
#3332=VECTOR('',#12742,10.);
#3333=VECTOR('',#12745,10.);
#3334=VECTOR('',#12746,10.);
#3335=VECTOR('',#12749,10.);
#3336=VECTOR('',#12764,10.);
#3337=VECTOR('',#12767,10.);
#3338=VECTOR('',#12772,1.49999999999999);
#3339=VECTOR('',#12779,1.39999999999999);
#3340=VECTOR('',#12784,1.5);
#3341=VECTOR('',#12791,1.40000000000001);
#3342=VECTOR('',#12796,1.5);
#3343=VECTOR('',#12803,1.40000000000001);
#3344=VECTOR('',#12808,1.5);
#3345=VECTOR('',#12815,1.40000000000001);
#3346=VECTOR('',#12820,1.5);
#3347=VECTOR('',#12827,1.40000000000001);
#3348=VECTOR('',#12832,1.5);
#3349=VECTOR('',#12839,1.4);
#3350=VECTOR('',#12844,1.5);
#3351=VECTOR('',#12851,1.4);
#3352=VECTOR('',#12856,1.5);
#3353=VECTOR('',#12863,1.4);
#3354=VECTOR('',#12868,1.5);
#3355=VECTOR('',#12875,1.4);
#3356=VECTOR('',#12880,1.5);
#3357=VECTOR('',#12887,1.4);
#3358=VECTOR('',#12890,10.);
#3359=VECTOR('',#12891,10.);
#3360=VECTOR('',#12892,10.);
#3361=VECTOR('',#12893,10.);
#3362=VECTOR('',#12896,10.);
#3363=VECTOR('',#12897,10.);
#3364=VECTOR('',#12898,10.);
#3365=VECTOR('',#12901,10.);
#3366=VECTOR('',#12902,10.);
#3367=VECTOR('',#12903,10.);
#3368=VECTOR('',#12906,10.);
#3369=VECTOR('',#12907,10.);
#3370=VECTOR('',#12908,10.);
#3371=VECTOR('',#12911,10.);
#3372=VECTOR('',#12912,10.);
#3373=VECTOR('',#12913,10.);
#3374=VECTOR('',#12916,10.);
#3375=VECTOR('',#12917,10.);
#3376=VECTOR('',#12918,10.);
#3377=VECTOR('',#12921,10.);
#3378=VECTOR('',#12922,10.);
#3379=VECTOR('',#12923,10.);
#3380=VECTOR('',#12926,10.);
#3381=VECTOR('',#12927,10.);
#3382=VECTOR('',#12928,10.);
#3383=VECTOR('',#12931,10.);
#3384=VECTOR('',#12932,10.);
#3385=VECTOR('',#12933,10.);
#3386=VECTOR('',#12936,10.);
#3387=VECTOR('',#12937,10.);
#3388=VECTOR('',#12938,10.);
#3389=VECTOR('',#12941,10.);
#3390=VECTOR('',#12942,10.);
#3391=VECTOR('',#12943,10.);
#3392=VECTOR('',#12946,10.);
#3393=VECTOR('',#12947,10.);
#3394=VECTOR('',#12948,10.);
#3395=VECTOR('',#12951,10.);
#3396=VECTOR('',#12952,10.);
#3397=VECTOR('',#12953,10.);
#3398=VECTOR('',#12956,10.);
#3399=VECTOR('',#12957,10.);
#3400=VECTOR('',#12958,10.);
#3401=VECTOR('',#12961,10.);
#3402=VECTOR('',#12962,10.);
#3403=VECTOR('',#12963,10.);
#3404=VECTOR('',#12966,10.);
#3405=VECTOR('',#12967,10.);
#3406=VECTOR('',#12968,10.);
#3407=VECTOR('',#12971,10.);
#3408=VECTOR('',#12972,10.);
#3409=VECTOR('',#12973,10.);
#3410=VECTOR('',#12976,10.);
#3411=VECTOR('',#12977,10.);
#3412=VECTOR('',#12978,10.);
#3413=VECTOR('',#12981,10.);
#3414=VECTOR('',#12982,10.);
#3415=VECTOR('',#12983,10.);
#3416=VECTOR('',#12986,10.);
#3417=VECTOR('',#12987,10.);
#3418=VECTOR('',#12988,10.);
#3419=VECTOR('',#12991,10.);
#3420=VECTOR('',#12992,10.);
#3421=VECTOR('',#12993,10.);
#3422=VECTOR('',#12996,10.);
#3423=VECTOR('',#12997,10.);
#3424=VECTOR('',#12998,10.);
#3425=VECTOR('',#13001,10.);
#3426=VECTOR('',#13002,10.);
#3427=VECTOR('',#13003,10.);
#3428=VECTOR('',#13006,10.);
#3429=VECTOR('',#13007,10.);
#3430=VECTOR('',#13008,10.);
#3431=VECTOR('',#13011,10.);
#3432=VECTOR('',#13012,10.);
#3433=VECTOR('',#13013,10.);
#3434=VECTOR('',#13016,10.);
#3435=VECTOR('',#13017,10.);
#3436=VECTOR('',#13018,10.);
#3437=VECTOR('',#13021,10.);
#3438=VECTOR('',#13022,10.);
#3439=VECTOR('',#13023,10.);
#3440=VECTOR('',#13026,10.);
#3441=VECTOR('',#13027,10.);
#3442=VECTOR('',#13028,10.);
#3443=VECTOR('',#13031,10.);
#3444=VECTOR('',#13032,10.);
#3445=VECTOR('',#13033,10.);
#3446=VECTOR('',#13036,10.);
#3447=VECTOR('',#13037,10.);
#3448=VECTOR('',#13038,10.);
#3449=VECTOR('',#13041,10.);
#3450=VECTOR('',#13042,10.);
#3451=VECTOR('',#13043,10.);
#3452=VECTOR('',#13046,10.);
#3453=VECTOR('',#13047,10.);
#3454=VECTOR('',#13048,10.);
#3455=VECTOR('',#13049,10.);
#3456=VECTOR('',#13052,10.);
#3457=VECTOR('',#13053,10.);
#3458=VECTOR('',#13054,10.);
#3459=VECTOR('',#13055,10.);
#3460=VECTOR('',#13058,10.);
#3461=VECTOR('',#13059,10.);
#3462=VECTOR('',#13060,10.);
#3463=VECTOR('',#13061,10.);
#3464=VECTOR('',#13064,10.);
#3465=VECTOR('',#13065,10.);
#3466=VECTOR('',#13066,10.);
#3467=VECTOR('',#13067,10.);
#3468=VECTOR('',#13070,10.);
#3469=VECTOR('',#13071,10.);
#3470=VECTOR('',#13072,10.);
#3471=VECTOR('',#13073,10.);
#3472=VECTOR('',#13076,10.);
#3473=VECTOR('',#13077,10.);
#3474=VECTOR('',#13078,10.);
#3475=VECTOR('',#13079,10.);
#3476=VECTOR('',#13082,10.);
#3477=VECTOR('',#13083,10.);
#3478=VECTOR('',#13084,10.);
#3479=VECTOR('',#13085,10.);
#3480=VECTOR('',#13088,10.);
#3481=VECTOR('',#13089,10.);
#3482=VECTOR('',#13090,10.);
#3483=VECTOR('',#13091,10.);
#3484=VECTOR('',#13094,10.);
#3485=VECTOR('',#13095,10.);
#3486=VECTOR('',#13096,10.);
#3487=VECTOR('',#13097,10.);
#3488=VECTOR('',#13100,10.);
#3489=VECTOR('',#13101,10.);
#3490=VECTOR('',#13102,10.);
#3491=VECTOR('',#13103,10.);
#3492=VECTOR('',#13106,10.);
#3493=VECTOR('',#13107,10.);
#3494=VECTOR('',#13108,10.);
#3495=VECTOR('',#13111,10.);
#3496=VECTOR('',#13112,10.);
#3497=VECTOR('',#13115,10.);
#3498=VECTOR('',#13116,10.);
#3499=VECTOR('',#13117,10.);
#3500=VECTOR('',#13120,10.);
#3501=VECTOR('',#13121,10.);
#3502=VECTOR('',#13122,10.);
#3503=VECTOR('',#13125,10.);
#3504=VECTOR('',#13126,10.);
#3505=VECTOR('',#13129,10.);
#3506=VECTOR('',#13130,10.);
#3507=VECTOR('',#13131,10.);
#3508=VECTOR('',#13134,10.);
#3509=VECTOR('',#13135,10.);
#3510=VECTOR('',#13136,10.);
#3511=VECTOR('',#13139,10.);
#3512=VECTOR('',#13140,10.);
#3513=VECTOR('',#13143,10.);
#3514=VECTOR('',#13144,10.);
#3515=VECTOR('',#13145,10.);
#3516=VECTOR('',#13148,10.);
#3517=VECTOR('',#13149,10.);
#3518=VECTOR('',#13150,10.);
#3519=VECTOR('',#13153,10.);
#3520=VECTOR('',#13154,10.);
#3521=VECTOR('',#13157,10.);
#3522=VECTOR('',#13158,10.);
#3523=VECTOR('',#13159,10.);
#3524=VECTOR('',#13162,10.);
#3525=VECTOR('',#13163,10.);
#3526=VECTOR('',#13164,10.);
#3527=VECTOR('',#13167,10.);
#3528=VECTOR('',#13168,10.);
#3529=VECTOR('',#13171,10.);
#3530=VECTOR('',#13172,10.);
#3531=VECTOR('',#13173,10.);
#3532=VECTOR('',#13176,10.);
#3533=VECTOR('',#13177,10.);
#3534=VECTOR('',#13178,10.);
#3535=VECTOR('',#13181,10.);
#3536=VECTOR('',#13182,10.);
#3537=VECTOR('',#13185,10.);
#3538=VECTOR('',#13186,10.);
#3539=VECTOR('',#13187,10.);
#3540=VECTOR('',#13190,10.);
#3541=VECTOR('',#13191,10.);
#3542=VECTOR('',#13192,10.);
#3543=VECTOR('',#13195,10.);
#3544=VECTOR('',#13196,10.);
#3545=VECTOR('',#13199,10.);
#3546=VECTOR('',#13200,10.);
#3547=VECTOR('',#13201,10.);
#3548=VECTOR('',#13204,10.);
#3549=VECTOR('',#13205,10.);
#3550=VECTOR('',#13206,10.);
#3551=VECTOR('',#13209,10.);
#3552=VECTOR('',#13210,10.);
#3553=VECTOR('',#13213,10.);
#3554=VECTOR('',#13214,10.);
#3555=VECTOR('',#13215,10.);
#3556=VECTOR('',#13218,10.);
#3557=VECTOR('',#13219,10.);
#3558=VECTOR('',#13220,10.);
#3559=VECTOR('',#13223,10.);
#3560=VECTOR('',#13224,10.);
#3561=VECTOR('',#13227,10.);
#3562=VECTOR('',#13228,10.);
#3563=VECTOR('',#13229,10.);
#3564=VECTOR('',#13232,10.);
#3565=VECTOR('',#13233,10.);
#3566=VECTOR('',#13234,10.);
#3567=VECTOR('',#13237,10.);
#3568=VECTOR('',#13238,10.);
#3569=VECTOR('',#13241,10.);
#3570=VECTOR('',#13242,10.);
#3571=VECTOR('',#13243,10.);
#3572=VECTOR('',#13246,10.);
#3573=VECTOR('',#13247,10.);
#3574=VECTOR('',#13248,10.);
#3575=VECTOR('',#13251,10.);
#3576=VECTOR('',#13252,10.);
#3577=VECTOR('',#13255,10.);
#3578=VECTOR('',#13262,10.);
#3579=VECTOR('',#13265,10.);
#3580=VECTOR('',#13266,10.);
#3581=VECTOR('',#13267,10.);
#3582=VECTOR('',#13268,10.);
#3583=VECTOR('',#13269,10.);
#3584=VECTOR('',#13276,0.999999999999996);
#3585=VECTOR('',#13281,0.999999999999996);
#3586=VECTOR('',#13284,10.);
#3587=VECTOR('',#13285,10.);
#3588=VECTOR('',#13286,10.);
#3589=VECTOR('',#13289,10.);
#3590=VECTOR('',#13290,10.);
#3591=VECTOR('',#13293,10.);
#3592=VECTOR('',#13294,10.);
#3593=VECTOR('',#13297,10.);
#3594=VECTOR('',#13312,10.);
#3595=VECTOR('',#13315,10.);
#3596=VECTOR('',#13318,10.);
#3597=VECTOR('',#13319,10.);
#3598=VECTOR('',#13320,10.);
#3599=VECTOR('',#13323,10.);
#3600=VECTOR('',#13324,10.);
#3601=VECTOR('',#13325,10.);
#3602=VECTOR('',#13326,10.);
#3603=VECTOR('',#13329,10.);
#3604=VECTOR('',#13330,10.);
#3605=VECTOR('',#13331,10.);
#3606=VECTOR('',#13334,10.);
#3607=VECTOR('',#13335,10.);
#3608=VECTOR('',#13336,10.);
#3609=VECTOR('',#13339,10.);
#3610=VECTOR('',#13340,10.);
#3611=VECTOR('',#13341,10.);
#3612=VECTOR('',#13344,10.);
#3613=VECTOR('',#13345,10.);
#3614=VECTOR('',#13346,10.);
#3615=VECTOR('',#13349,10.);
#3616=VECTOR('',#13350,10.);
#3617=VECTOR('',#13351,10.);
#3618=VECTOR('',#13354,10.);
#3619=VECTOR('',#13355,10.);
#3620=VECTOR('',#13356,10.);
#3621=VECTOR('',#13359,10.);
#3622=VECTOR('',#13360,10.);
#3623=VECTOR('',#13361,10.);
#3624=VECTOR('',#13364,10.);
#3625=VECTOR('',#13365,10.);
#3626=VECTOR('',#13366,10.);
#3627=VECTOR('',#13369,10.);
#3628=VECTOR('',#13370,10.);
#3629=VECTOR('',#13371,10.);
#3630=VECTOR('',#13374,10.);
#3631=VECTOR('',#13375,10.);
#3632=VECTOR('',#13376,10.);
#3633=VECTOR('',#13379,10.);
#3634=VECTOR('',#13380,10.);
#3635=VECTOR('',#13381,10.);
#3636=VECTOR('',#13384,10.);
#3637=VECTOR('',#13385,10.);
#3638=VECTOR('',#13386,10.);
#3639=VECTOR('',#13389,10.);
#3640=VECTOR('',#13390,10.);
#3641=VECTOR('',#13391,10.);
#3642=VECTOR('',#13394,10.);
#3643=VECTOR('',#13395,10.);
#3644=VECTOR('',#13396,10.);
#3645=VECTOR('',#13399,10.);
#3646=VECTOR('',#13400,10.);
#3647=VECTOR('',#13401,10.);
#3648=VECTOR('',#13404,10.);
#3649=VECTOR('',#13405,10.);
#3650=VECTOR('',#13406,10.);
#3651=VECTOR('',#13409,10.);
#3652=VECTOR('',#13410,10.);
#3653=VECTOR('',#13411,10.);
#3654=VECTOR('',#13414,10.);
#3655=VECTOR('',#13415,10.);
#3656=VECTOR('',#13416,10.);
#3657=VECTOR('',#13419,10.);
#3658=VECTOR('',#13420,10.);
#3659=VECTOR('',#13421,10.);
#3660=VECTOR('',#13424,10.);
#3661=VECTOR('',#13425,10.);
#3662=VECTOR('',#13426,10.);
#3663=VECTOR('',#13429,10.);
#3664=VECTOR('',#13430,10.);
#3665=VECTOR('',#13431,10.);
#3666=VECTOR('',#13434,10.);
#3667=VECTOR('',#13435,10.);
#3668=VECTOR('',#13436,10.);
#3669=VECTOR('',#13439,10.);
#3670=VECTOR('',#13440,10.);
#3671=VECTOR('',#13441,10.);
#3672=VECTOR('',#13444,10.);
#3673=VECTOR('',#13445,10.);
#3674=VECTOR('',#13446,10.);
#3675=VECTOR('',#13449,10.);
#3676=VECTOR('',#13450,10.);
#3677=VECTOR('',#13451,10.);
#3678=VECTOR('',#13454,10.);
#3679=VECTOR('',#13455,10.);
#3680=VECTOR('',#13456,10.);
#3681=VECTOR('',#13459,10.);
#3682=VECTOR('',#13460,10.);
#3683=VECTOR('',#13461,10.);
#3684=VECTOR('',#13464,10.);
#3685=VECTOR('',#13467,10.);
#3686=VECTOR('',#13468,10.);
#3687=VECTOR('',#13469,10.);
#3688=VECTOR('',#13470,10.);
#3689=VECTOR('',#13471,10.);
#3690=VECTOR('',#13472,10.);
#3691=VECTOR('',#13473,10.);
#3692=VECTOR('',#13474,10.);
#3693=VECTOR('',#13475,10.);
#3694=VECTOR('',#13476,10.);
#3695=VECTOR('',#13477,10.);
#3696=VECTOR('',#13478,10.);
#3697=VECTOR('',#13479,10.);
#3698=VECTOR('',#13480,10.);
#3699=VECTOR('',#13481,10.);
#3700=VECTOR('',#13482,10.);
#3701=VECTOR('',#13483,10.);
#3702=VECTOR('',#13484,10.);
#3703=VECTOR('',#13485,10.);
#3704=VECTOR('',#13486,10.);
#3705=VECTOR('',#13487,10.);
#3706=VECTOR('',#13488,10.);
#3707=VECTOR('',#13489,10.);
#3708=VECTOR('',#13490,10.);
#3709=VECTOR('',#13491,10.);
#3710=VECTOR('',#13492,10.);
#3711=VECTOR('',#13493,10.);
#3712=VECTOR('',#13494,10.);
#3713=VECTOR('',#13495,10.);
#3714=VECTOR('',#13496,10.);
#3715=VECTOR('',#13497,10.);
#3716=VECTOR('',#13498,10.);
#3717=VECTOR('',#13499,10.);
#3718=VECTOR('',#13500,10.);
#3719=VECTOR('',#13501,10.);
#3720=VECTOR('',#13502,10.);
#3721=VECTOR('',#13503,10.);
#3722=VECTOR('',#13504,10.);
#3723=VECTOR('',#13505,10.);
#3724=VECTOR('',#13506,10.);
#3725=VECTOR('',#13507,10.);
#3726=VECTOR('',#13508,10.);
#3727=VECTOR('',#13509,10.);
#3728=VECTOR('',#13510,10.);
#3729=VECTOR('',#13531,10.);
#3730=VECTOR('',#13532,10.);
#3731=VECTOR('',#13535,1.40000000000001);
#3732=VECTOR('',#13542,1.5);
#3733=VECTOR('',#13545,1.39999999999999);
#3734=VECTOR('',#13552,1.49999999999999);
#3735=VECTOR('',#13555,1.4);
#3736=VECTOR('',#13562,1.5);
#3737=VECTOR('',#13565,1.40000000000001);
#3738=VECTOR('',#13572,1.5);
#3739=VECTOR('',#13575,1.40000000000001);
#3740=VECTOR('',#13582,1.5);
#3741=VECTOR('',#13585,1.40000000000001);
#3742=VECTOR('',#13592,1.5);
#3743=VECTOR('',#13595,1.4);
#3744=VECTOR('',#13602,1.5);
#3745=VECTOR('',#13605,1.4);
#3746=VECTOR('',#13612,1.5);
#3747=VECTOR('',#13615,1.4);
#3748=VECTOR('',#13622,1.5);
#3749=VECTOR('',#13625,10.);
#3750=VECTOR('',#13626,10.);
#3751=VECTOR('',#13633,10.);
#3752=VECTOR('',#13634,10.);
#3753=VECTOR('',#13637,10.);
#3754=VECTOR('',#13638,10.);
#3755=VECTOR('',#13639,10.);
#3756=VECTOR('',#13640,10.);
#3757=VECTOR('',#13641,10.);
#3758=VECTOR('',#13642,10.);
#3759=VECTOR('',#13643,10.);
#3760=VECTOR('',#13644,10.);
#3761=VECTOR('',#13645,10.);
#3762=VECTOR('',#13646,10.);
#3763=VECTOR('',#13647,10.);
#3764=VECTOR('',#13648,10.);
#3765=VECTOR('',#13649,10.);
#3766=VECTOR('',#13650,10.);
#3767=VECTOR('',#13651,10.);
#3768=VECTOR('',#13652,10.);
#3769=VECTOR('',#13653,10.);
#3770=VECTOR('',#13654,10.);
#3771=VECTOR('',#13655,10.);
#3772=VECTOR('',#13656,10.);
#3773=VECTOR('',#13657,10.);
#3774=VECTOR('',#13658,10.);
#3775=VECTOR('',#13659,10.);
#3776=VECTOR('',#13660,10.);
#3777=VECTOR('',#13661,10.);
#3778=VECTOR('',#13662,10.);
#3779=VECTOR('',#13663,10.);
#3780=VECTOR('',#13664,10.);
#3781=VECTOR('',#13665,10.);
#3782=VECTOR('',#13666,10.);
#3783=VECTOR('',#13667,10.);
#3784=VECTOR('',#13668,10.);
#3785=VECTOR('',#13669,10.);
#3786=VECTOR('',#13670,10.);
#3787=VECTOR('',#13671,10.);
#3788=VECTOR('',#13672,10.);
#3789=VECTOR('',#13673,10.);
#3790=VECTOR('',#13674,10.);
#3791=VECTOR('',#13675,10.);
#3792=VECTOR('',#13676,10.);
#3793=VECTOR('',#13677,10.);
#3794=VECTOR('',#13678,10.);
#3795=VECTOR('',#13679,10.);
#3796=VECTOR('',#13680,10.);
#3797=VECTOR('',#13681,10.);
#3798=VECTOR('',#13682,10.);
#3799=VECTOR('',#13685,10.);
#3800=VECTOR('',#13686,10.);
#3801=VECTOR('',#13689,10.);
#3802=VECTOR('',#13690,10.);
#3803=VECTOR('',#13693,10.);
#3804=VECTOR('',#13694,10.);
#3805=VECTOR('',#13697,10.);
#3806=VECTOR('',#13698,10.);
#3807=VECTOR('',#13701,10.);
#3808=VECTOR('',#13702,10.);
#3809=VECTOR('',#13705,10.);
#3810=VECTOR('',#13706,10.);
#3811=VECTOR('',#13709,10.);
#3812=VECTOR('',#13710,10.);
#3813=VECTOR('',#13713,10.);
#3814=VECTOR('',#13714,10.);
#3815=VECTOR('',#13717,10.);
#3816=VECTOR('',#13718,10.);
#3817=VECTOR('',#13721,10.);
#3818=VECTOR('',#13722,10.);
#3819=VECTOR('',#13725,10.);
#3820=VECTOR('',#13728,10.);
#3821=VECTOR('',#13733,10.);
#3822=VECTOR('',#13736,10.);
#3823=VECTOR('',#13741,10.);
#3824=VECTOR('',#13744,10.);
#3825=VECTOR('',#13749,10.);
#3826=VECTOR('',#13752,10.);
#3827=VECTOR('',#13757,10.);
#3828=VECTOR('',#13760,10.);
#3829=VECTOR('',#13765,10.);
#3830=VECTOR('',#13768,10.);
#3831=VECTOR('',#13773,10.);
#3832=VECTOR('',#13776,10.);
#3833=VECTOR('',#13781,10.);
#3834=VECTOR('',#13784,10.);
#3835=VECTOR('',#13789,10.);
#3836=VECTOR('',#13792,10.);
#3837=VECTOR('',#13797,10.);
#3838=VECTOR('',#13800,10.);
#3839=VECTOR('',#13805,10.);
#3840=VECTOR('',#13812,1.00000000000001);
#3841=VECTOR('',#13817,0.999999999999996);
#3842=VECTOR('',#13820,10.);
#3843=VECTOR('',#13821,10.);
#3844=VECTOR('',#13822,10.);
#3845=VECTOR('',#13825,10.);
#3846=VECTOR('',#13826,10.);
#3847=VECTOR('',#13829,10.);
#3848=VECTOR('',#13830,10.);
#3849=VECTOR('',#13833,10.);
#3850=VECTOR('',#13838,10.);
#3851=VECTOR('',#13841,10.);
#3852=VECTOR('',#13846,10.);
#3853=VECTOR('',#13851,10.);
#3854=VECTOR('',#13854,10.);
#3855=VECTOR('',#13859,10.);
#3856=VECTOR('',#13864,10.);
#3857=VECTOR('',#13865,10.);
#3858=VECTOR('',#13866,5.);
#3859=VECTOR('',#13869,10.);
#3860=VECTOR('',#13874,10.);
#3861=VECTOR('',#13887,10.);
#3862=VECTOR('',#13888,10.);
#3863=VECTOR('',#13893,10.);
#3864=VECTOR('',#13894,10.);
#3865=VECTOR('',#13905,10.);
#3866=VECTOR('',#13906,10.);
#3867=VECTOR('',#13911,10.);
#3868=VECTOR('',#13912,10.);
#3869=VECTOR('',#13925,10.);
#3870=VECTOR('',#13926,10.);
#3871=VECTOR('',#13929,10.);
#3872=VECTOR('',#13930,10.);
#3873=VECTOR('',#13949,10.);
#3874=VECTOR('',#13950,10.);
#3875=VECTOR('',#13961,10.);
#3876=VECTOR('',#13962,10.);
#3877=VECTOR('',#13967,10.);
#3878=VECTOR('',#13968,10.);
#3879=VECTOR('',#13977,10.);
#3880=VECTOR('',#13978,10.);
#3881=VECTOR('',#13979,10.);
#3882=VECTOR('',#13980,10.);
#3883=VECTOR('',#13981,10.);
#3884=VECTOR('',#13982,10.);
#3885=VECTOR('',#13983,10.);
#3886=VECTOR('',#13984,10.);
#3887=VECTOR('',#13985,10.);
#3888=VECTOR('',#13986,10.);
#3889=VECTOR('',#13987,10.);
#3890=VECTOR('',#13988,10.);
#3891=VECTOR('',#13989,10.);
#3892=VECTOR('',#13990,10.);
#3893=VECTOR('',#13991,10.);
#3894=VECTOR('',#13992,10.);
#3895=VECTOR('',#13993,10.);
#3896=VECTOR('',#13994,10.);
#3897=VECTOR('',#13995,10.);
#3898=VECTOR('',#13996,10.);
#3899=VECTOR('',#13997,10.);
#3900=VECTOR('',#13998,10.);
#3901=VECTOR('',#13999,10.);
#3902=VECTOR('',#14000,10.);
#3903=VECTOR('',#14003,10.);
#3904=VECTOR('',#14004,10.);
#3905=VECTOR('',#14005,10.);
#3906=VECTOR('',#14008,10.);
#3907=VECTOR('',#14009,10.);
#3908=VECTOR('',#14012,10.);
#3909=VECTOR('',#14029,10.);
#3910=VECTOR('',#14034,10.);
#3911=VECTOR('',#14041,10.);
#3912=VECTOR('',#14042,10.);
#3913=VECTOR('',#14047,10.);
#3914=VECTOR('',#14054,10.);
#3915=VECTOR('',#14055,10.);
#3916=VECTOR('',#14056,10.);
#3917=VECTOR('',#14061,10.);
#3918=VECTOR('',#14064,10.);
#3919=VECTOR('',#14065,10.);
#3920=VECTOR('',#14068,10.);
#3921=VECTOR('',#14069,10.);
#3922=VECTOR('',#14080,10.);
#3923=VECTOR('',#14081,10.);
#3924=VECTOR('',#14082,10.);
#3925=VECTOR('',#14083,10.);
#3926=VECTOR('',#14086,10.);
#3927=VECTOR('',#14087,10.);
#3928=VECTOR('',#14088,10.);
#3929=VECTOR('',#14091,10.);
#3930=VECTOR('',#14092,10.);
#3931=VECTOR('',#14093,10.);
#3932=VECTOR('',#14096,10.);
#3933=VECTOR('',#14099,10.);
#3934=VECTOR('',#14100,10.);
#3935=VECTOR('',#14101,10.);
#3936=VECTOR('',#14102,10.);
#3937=VECTOR('',#14103,10.);
#3938=VECTOR('',#14104,10.);
#3939=VECTOR('',#14105,10.);
#3940=VECTOR('',#14106,10.);
#3941=VECTOR('',#14107,10.);
#3942=VECTOR('',#14108,10.);
#3943=VECTOR('',#14109,10.);
#3944=VECTOR('',#14110,10.);
#3945=VECTOR('',#14111,10.);
#3946=VECTOR('',#14112,10.);
#3947=VECTOR('',#14113,10.);
#3948=VECTOR('',#14114,10.);
#3949=VECTOR('',#14115,10.);
#3950=VECTOR('',#14116,10.);
#3951=VECTOR('',#14117,10.);
#3952=VECTOR('',#14118,10.);
#3953=VECTOR('',#14119,10.);
#3954=VECTOR('',#14120,10.);
#3955=VECTOR('',#14121,10.);
#3956=VECTOR('',#14122,10.);
#3957=VECTOR('',#14123,10.);
#3958=VECTOR('',#14124,10.);
#3959=VECTOR('',#14125,10.);
#3960=VECTOR('',#14126,10.);
#3961=VECTOR('',#14127,10.);
#3962=VECTOR('',#14128,10.);
#3963=VECTOR('',#14129,10.);
#3964=VECTOR('',#14130,10.);
#3965=VECTOR('',#14131,10.);
#3966=VECTOR('',#14132,10.);
#3967=VECTOR('',#14133,10.);
#3968=VECTOR('',#14134,10.);
#3969=VECTOR('',#14135,10.);
#3970=VECTOR('',#14136,10.);
#3971=VECTOR('',#14137,10.);
#3972=VECTOR('',#14138,10.);
#3973=VECTOR('',#14139,10.);
#3974=VECTOR('',#14142,10.);
#3975=VECTOR('',#14143,10.);
#3976=VECTOR('',#14144,10.);
#3977=VECTOR('',#14147,10.);
#3978=VECTOR('',#14148,10.);
#3979=VECTOR('',#14149,10.);
#3980=VECTOR('',#14152,10.);
#3981=VECTOR('',#14153,10.);
#3982=VECTOR('',#14158,10.);
#3983=VECTOR('',#14159,10.);
#3984=VECTOR('',#14160,10.);
#3985=VECTOR('',#14163,10.);
#3986=VECTOR('',#14164,10.);
#3987=VECTOR('',#14167,10.);
#3988=VECTOR('',#14168,10.);
#3989=VECTOR('',#14171,10.);
#3990=VECTOR('',#14174,10.);
#3991=VECTOR('',#14175,10.);
#3992=VECTOR('',#14176,10.);
#3993=VECTOR('',#14179,10.);
#3994=VECTOR('',#14180,10.);
#3995=VECTOR('',#14181,10.);
#3996=VECTOR('',#14184,10.);
#3997=VECTOR('',#14185,10.);
#3998=VECTOR('',#14190,10.);
#3999=VECTOR('',#14191,10.);
#4000=VECTOR('',#14192,10.);
#4001=VECTOR('',#14195,10.);
#4002=VECTOR('',#14196,10.);
#4003=VECTOR('',#14199,10.);
#4004=VECTOR('',#14200,10.);
#4005=VECTOR('',#14203,10.);
#4006=VECTOR('',#14206,10.);
#4007=VECTOR('',#14207,10.);
#4008=VECTOR('',#14208,10.);
#4009=VECTOR('',#14211,10.);
#4010=VECTOR('',#14212,10.);
#4011=VECTOR('',#14213,10.);
#4012=VECTOR('',#14216,10.);
#4013=VECTOR('',#14217,10.);
#4014=VECTOR('',#14222,10.);
#4015=VECTOR('',#14223,10.);
#4016=VECTOR('',#14224,10.);
#4017=VECTOR('',#14227,10.);
#4018=VECTOR('',#14228,10.);
#4019=VECTOR('',#14231,10.);
#4020=VECTOR('',#14232,10.);
#4021=VECTOR('',#14235,10.);
#4022=VECTOR('',#14238,10.);
#4023=VECTOR('',#14239,10.);
#4024=VECTOR('',#14240,10.);
#4025=VECTOR('',#14243,10.);
#4026=VECTOR('',#14244,10.);
#4027=VECTOR('',#14245,10.);
#4028=VECTOR('',#14248,10.);
#4029=VECTOR('',#14249,10.);
#4030=VECTOR('',#14254,10.);
#4031=VECTOR('',#14255,10.);
#4032=VECTOR('',#14256,10.);
#4033=VECTOR('',#14259,10.);
#4034=VECTOR('',#14260,10.);
#4035=VECTOR('',#14263,10.);
#4036=VECTOR('',#14264,10.);
#4037=VECTOR('',#14267,10.);
#4038=VECTOR('',#14270,10.);
#4039=VECTOR('',#14271,10.);
#4040=VECTOR('',#14272,10.);
#4041=VECTOR('',#14275,10.);
#4042=VECTOR('',#14276,10.);
#4043=VECTOR('',#14277,10.);
#4044=VECTOR('',#14280,10.);
#4045=VECTOR('',#14281,10.);
#4046=VECTOR('',#14282,10.);
#4047=VECTOR('',#14285,10.);
#4048=VECTOR('',#14286,10.);
#4049=VECTOR('',#14289,10.);
#4050=VECTOR('',#14290,10.);
#4051=VECTOR('',#14293,10.);
#4052=VECTOR('',#14294,10.);
#4053=VECTOR('',#14297,10.);
#4054=VECTOR('',#14298,10.);
#4055=VECTOR('',#14301,10.);
#4056=VECTOR('',#14302,10.);
#4057=VECTOR('',#14305,10.);
#4058=VECTOR('',#14306,10.);
#4059=VECTOR('',#14309,10.);
#4060=VECTOR('',#14310,10.);
#4061=VECTOR('',#14313,10.);
#4062=VECTOR('',#14314,10.);
#4063=VECTOR('',#14317,10.);
#4064=VECTOR('',#14318,10.);
#4065=VECTOR('',#14321,10.);
#4066=VECTOR('',#14322,10.);
#4067=VECTOR('',#14325,10.);
#4068=VECTOR('',#14326,10.);
#4069=VECTOR('',#14329,10.);
#4070=VECTOR('',#14330,10.);
#4071=VECTOR('',#14333,10.);
#4072=VECTOR('',#14334,10.);
#4073=VECTOR('',#14337,10.);
#4074=VECTOR('',#14338,10.);
#4075=VECTOR('',#14341,10.);
#4076=VECTOR('',#14342,10.);
#4077=VECTOR('',#14345,10.);
#4078=VECTOR('',#14346,10.);
#4079=VECTOR('',#14349,10.);
#4080=VECTOR('',#14350,10.);
#4081=VECTOR('',#14353,10.);
#4082=VECTOR('',#14354,10.);
#4083=VECTOR('',#14357,10.);
#4084=VECTOR('',#14358,10.);
#4085=VECTOR('',#14361,10.);
#4086=VECTOR('',#14366,10.);
#4087=VECTOR('',#14369,10.);
#4088=VECTOR('',#14380,10.);
#4089=VECTOR('',#14383,10.);
#4090=VECTOR('',#14390,10.);
#4091=VECTOR('',#14391,10.);
#4092=VECTOR('',#14394,10.);
#4093=VECTOR('',#14401,10.);
#4094=VECTOR('',#14406,1.50000000000002);
#4095=VECTOR('',#14411,1.40000000000002);
#4096=VECTOR('',#14416,1.5);
#4097=VECTOR('',#14421,1.40000000000001);
#4098=VECTOR('',#14426,1.5);
#4099=VECTOR('',#14431,1.40000000000001);
#4100=VECTOR('',#14436,1.5);
#4101=VECTOR('',#14441,1.40000000000001);
#4102=VECTOR('',#14444,10.);
#4103=VECTOR('',#14447,10.);
#4104=VECTOR('',#14448,10.);
#4105=VECTOR('',#14449,10.);
#4106=VECTOR('',#14452,10.);
#4107=VECTOR('',#14453,10.);
#4108=VECTOR('',#14454,10.);
#4109=VECTOR('',#14457,10.);
#4110=VECTOR('',#14458,10.);
#4111=VECTOR('',#14467,0.999999999999996);
#4112=VECTOR('',#14472,0.999999999999996);
#4113=VECTOR('',#14475,10.);
#4114=VECTOR('',#14482,10.);
#4115=VECTOR('',#14485,10.);
#4116=VECTOR('',#14488,10.);
#4117=VECTOR('',#14489,5.);
#4118=VECTOR('',#14490,10.);
#4119=VECTOR('',#14495,10.);
#4120=VECTOR('',#14500,10.);
#4121=VECTOR('',#14503,10.);
#4122=VECTOR('',#14506,10.);
#4123=VECTOR('',#14511,10.);
#4124=VECTOR('',#14526,10.);
#4125=VECTOR('',#14527,10.);
#4126=VECTOR('',#14530,10.);
#4127=VECTOR('',#14531,10.);
#4128=VECTOR('',#14538,10.);
#4129=VECTOR('',#14539,10.);
#4130=VECTOR('',#14544,10.);
#4131=VECTOR('',#14545,10.);
#4132=VECTOR('',#14548,10.);
#4133=VECTOR('',#14549,10.);
#4134=VECTOR('',#14552,10.);
#4135=VECTOR('',#14555,10.);
#4136=VECTOR('',#14558,10.);
#4137=VECTOR('',#14561,10.);
#4138=VECTOR('',#14562,10.);
#4139=VECTOR('',#14563,10.);
#4140=VECTOR('',#14564,10.);
#4141=VECTOR('',#14567,10.);
#4142=VECTOR('',#14568,10.);
#4143=VECTOR('',#14581,10.);
#4144=VECTOR('',#14582,10.);
#4145=VECTOR('',#14591,10.);
#4146=VECTOR('',#14592,10.);
#4147=VECTOR('',#14611,10.);
#4148=VECTOR('',#14612,10.);
#4149=VECTOR('',#14623,10.);
#4150=VECTOR('',#14624,10.);
#4151=VECTOR('',#14629,10.);
#4152=VECTOR('',#14630,10.);
#4153=VECTOR('',#14649,10.);
#4154=VECTOR('',#14650,10.);
#4155=VECTOR('',#14653,10.);
#4156=VECTOR('',#14654,10.);
#4157=VECTOR('',#14661,10.);
#4158=VECTOR('',#14662,10.);
#4159=VECTOR('',#14665,10.);
#4160=VECTOR('',#14666,10.);
#4161=VECTOR('',#14667,10.);
#4162=VECTOR('',#14668,10.);
#4163=VECTOR('',#14669,10.);
#4164=VECTOR('',#14672,10.);
#4165=VECTOR('',#14673,10.);
#4166=VECTOR('',#14676,10.);
#4167=VECTOR('',#14677,10.);
#4168=VECTOR('',#14678,10.);
#4169=VECTOR('',#14679,10.);
#4170=VECTOR('',#14680,10.);
#4171=VECTOR('',#14681,10.);
#4172=VECTOR('',#14682,10.);
#4173=VECTOR('',#14683,10.);
#4174=VECTOR('',#14684,10.);
#4175=VECTOR('',#14685,10.);
#4176=VECTOR('',#14686,10.);
#4177=VECTOR('',#14687,10.);
#4178=VECTOR('',#14688,10.);
#4179=VECTOR('',#14689,10.);
#4180=VECTOR('',#14690,10.);
#4181=VECTOR('',#14691,10.);
#4182=VECTOR('',#14692,10.);
#4183=VECTOR('',#14693,10.);
#4184=VECTOR('',#14694,10.);
#4185=VECTOR('',#14695,10.);
#4186=VECTOR('',#14696,10.);
#4187=VECTOR('',#14697,10.);
#4188=VECTOR('',#14698,10.);
#4189=VECTOR('',#14699,10.);
#4190=VECTOR('',#14700,10.);
#4191=VECTOR('',#14703,10.);
#4192=VECTOR('',#14706,10.);
#4193=VECTOR('',#14713,10.);
#4194=VECTOR('',#14732,10.);
#4195=VECTOR('',#14737,10.);
#4196=VECTOR('',#14742,10.);
#4197=VECTOR('',#14747,10.);
#4198=VECTOR('',#14748,10.);
#4199=VECTOR('',#14749,10.);
#4200=VECTOR('',#14752,10.);
#4201=VECTOR('',#14753,10.);
#4202=VECTOR('',#14754,10.);
#4203=VECTOR('',#14765,10.);
#4204=VECTOR('',#14766,10.);
#4205=VECTOR('',#14767,10.);
#4206=VECTOR('',#14768,10.);
#4207=VECTOR('',#14771,10.);
#4208=VECTOR('',#14772,10.);
#4209=VECTOR('',#14773,10.);
#4210=VECTOR('',#14776,10.);
#4211=VECTOR('',#14777,10.);
#4212=VECTOR('',#14778,10.);
#4213=VECTOR('',#14779,10.);
#4214=VECTOR('',#14780,10.);
#4215=VECTOR('',#14781,10.);
#4216=VECTOR('',#14782,10.);
#4217=VECTOR('',#14783,10.);
#4218=VECTOR('',#14784,10.);
#4219=VECTOR('',#14785,10.);
#4220=VECTOR('',#14786,10.);
#4221=VECTOR('',#14787,10.);
#4222=VECTOR('',#14788,10.);
#4223=VECTOR('',#14789,10.);
#4224=VECTOR('',#14790,10.);
#4225=VECTOR('',#14791,10.);
#4226=VECTOR('',#14792,10.);
#4227=VECTOR('',#14793,10.);
#4228=VECTOR('',#14794,10.);
#4229=VECTOR('',#14795,10.);
#4230=VECTOR('',#14796,10.);
#4231=VECTOR('',#14797,10.);
#4232=VECTOR('',#14798,10.);
#4233=VECTOR('',#14799,10.);
#4234=VECTOR('',#14800,10.);
#4235=VECTOR('',#14801,10.);
#4236=VECTOR('',#14802,10.);
#4237=VECTOR('',#14803,10.);
#4238=VECTOR('',#14804,10.);
#4239=VECTOR('',#14805,10.);
#4240=VECTOR('',#14806,10.);
#4241=VECTOR('',#14807,10.);
#4242=VECTOR('',#14808,10.);
#4243=VECTOR('',#14809,10.);
#4244=VECTOR('',#14810,10.);
#4245=VECTOR('',#14811,10.);
#4246=VECTOR('',#14812,10.);
#4247=VECTOR('',#14813,10.);
#4248=VECTOR('',#14814,10.);
#4249=VECTOR('',#14815,10.);
#4250=VECTOR('',#14816,10.);
#4251=VECTOR('',#14817,10.);
#4252=VECTOR('',#14818,10.);
#4253=VECTOR('',#14819,10.);
#4254=VECTOR('',#14820,10.);
#4255=VECTOR('',#14821,10.);
#4256=VECTOR('',#14824,10.);
#4257=VECTOR('',#14825,10.);
#4258=VECTOR('',#14828,10.);
#4259=VECTOR('',#14829,10.);
#4260=VECTOR('',#14832,10.);
#4261=VECTOR('',#14835,10.);
#4262=VECTOR('',#14836,10.);
#4263=VECTOR('',#14837,10.);
#4264=VECTOR('',#14840,10.);
#4265=VECTOR('',#14841,10.);
#4266=VECTOR('',#14842,10.);
#4267=VECTOR('',#14845,10.);
#4268=VECTOR('',#14846,10.);
#4269=VECTOR('',#14851,10.);
#4270=VECTOR('',#14852,10.);
#4271=VECTOR('',#14853,10.);
#4272=VECTOR('',#14856,10.);
#4273=VECTOR('',#14857,10.);
#4274=VECTOR('',#14858,10.);
#4275=VECTOR('',#14861,10.);
#4276=VECTOR('',#14862,10.);
#4277=VECTOR('',#14867,10.);
#4278=VECTOR('',#14868,10.);
#4279=VECTOR('',#14869,10.);
#4280=VECTOR('',#14872,10.);
#4281=VECTOR('',#14873,10.);
#4282=VECTOR('',#14874,10.);
#4283=VECTOR('',#14877,10.);
#4284=VECTOR('',#14878,10.);
#4285=VECTOR('',#14883,10.);
#4286=VECTOR('',#14884,10.);
#4287=VECTOR('',#14885,10.);
#4288=VECTOR('',#14888,10.);
#4289=VECTOR('',#14889,10.);
#4290=VECTOR('',#14890,10.);
#4291=VECTOR('',#14893,10.);
#4292=VECTOR('',#14894,10.);
#4293=VECTOR('',#14899,10.);
#4294=VECTOR('',#14900,10.);
#4295=VECTOR('',#14901,10.);
#4296=VECTOR('',#14904,10.);
#4297=VECTOR('',#14905,10.);
#4298=VECTOR('',#14906,10.);
#4299=VECTOR('',#14909,10.);
#4300=VECTOR('',#14910,10.);
#4301=VECTOR('',#14915,10.);
#4302=VECTOR('',#14916,10.);
#4303=VECTOR('',#14917,10.);
#4304=VECTOR('',#14920,10.);
#4305=VECTOR('',#14921,10.);
#4306=VECTOR('',#14922,10.);
#4307=VECTOR('',#14925,10.);
#4308=VECTOR('',#14926,10.);
#4309=VECTOR('',#14931,10.);
#4310=VECTOR('',#14932,10.);
#4311=VECTOR('',#14933,10.);
#4312=VECTOR('',#14936,10.);
#4313=VECTOR('',#14937,10.);
#4314=VECTOR('',#14940,10.);
#4315=VECTOR('',#14941,10.);
#4316=VECTOR('',#14944,10.);
#4317=VECTOR('',#14947,10.);
#4318=VECTOR('',#14948,10.);
#4319=VECTOR('',#14949,10.);
#4320=VECTOR('',#14952,10.);
#4321=VECTOR('',#14953,10.);
#4322=VECTOR('',#14956,10.);
#4323=VECTOR('',#14957,10.);
#4324=VECTOR('',#14960,10.);
#4325=VECTOR('',#14963,10.);
#4326=VECTOR('',#14964,10.);
#4327=VECTOR('',#14965,10.);
#4328=VECTOR('',#14968,10.);
#4329=VECTOR('',#14969,10.);
#4330=VECTOR('',#14972,10.);
#4331=VECTOR('',#14973,10.);
#4332=VECTOR('',#14976,10.);
#4333=VECTOR('',#14979,10.);
#4334=VECTOR('',#14980,10.);
#4335=VECTOR('',#14981,10.);
#4336=VECTOR('',#14984,10.);
#4337=VECTOR('',#14985,10.);
#4338=VECTOR('',#14988,10.);
#4339=VECTOR('',#14989,10.);
#4340=VECTOR('',#14992,10.);
#4341=VECTOR('',#14995,10.);
#4342=VECTOR('',#14996,10.);
#4343=VECTOR('',#14997,10.);
#4344=VECTOR('',#15000,10.);
#4345=VECTOR('',#15001,10.);
#4346=VECTOR('',#15004,10.);
#4347=VECTOR('',#15005,10.);
#4348=VECTOR('',#15008,10.);
#4349=VECTOR('',#15009,10.);
#4350=VECTOR('',#15012,10.);
#4351=VECTOR('',#15013,10.);
#4352=VECTOR('',#15016,10.);
#4353=VECTOR('',#15017,10.);
#4354=VECTOR('',#15020,10.);
#4355=VECTOR('',#15021,10.);
#4356=VECTOR('',#15024,10.);
#4357=VECTOR('',#15025,10.);
#4358=VECTOR('',#15028,10.);
#4359=VECTOR('',#15029,10.);
#4360=VECTOR('',#15032,10.);
#4361=VECTOR('',#15033,10.);
#4362=VECTOR('',#15036,10.);
#4363=VECTOR('',#15037,10.);
#4364=VECTOR('',#15040,10.);
#4365=VECTOR('',#15041,10.);
#4366=VECTOR('',#15044,10.);
#4367=VECTOR('',#15045,10.);
#4368=VECTOR('',#15048,10.);
#4369=VECTOR('',#15049,10.);
#4370=VECTOR('',#15052,10.);
#4371=VECTOR('',#15053,10.);
#4372=VECTOR('',#15056,10.);
#4373=VECTOR('',#15057,10.);
#4374=VECTOR('',#15060,10.);
#4375=VECTOR('',#15061,10.);
#4376=VECTOR('',#15064,10.);
#4377=VECTOR('',#15065,10.);
#4378=VECTOR('',#15068,10.);
#4379=VECTOR('',#15069,10.);
#4380=VECTOR('',#15072,10.);
#4381=VECTOR('',#15073,10.);
#4382=VECTOR('',#15076,10.);
#4383=VECTOR('',#15077,10.);
#4384=VECTOR('',#15078,10.);
#4385=VECTOR('',#15079,10.);
#4386=VECTOR('',#15080,10.);
#4387=VECTOR('',#15083,10.);
#4388=VECTOR('',#15086,10.);
#4389=VECTOR('',#15087,10.);
#4390=VECTOR('',#15090,10.);
#4391=VECTOR('',#15091,10.);
#4392=VECTOR('',#15092,10.);
#4393=VECTOR('',#15095,10.);
#4394=VECTOR('',#15096,10.);
#4395=VECTOR('',#15097,10.);
#4396=VECTOR('',#15100,10.);
#4397=VECTOR('',#15111,10.);
#4398=VECTOR('',#15112,10.);
#4399=VECTOR('',#15115,10.);
#4400=VECTOR('',#15116,10.);
#4401=VECTOR('',#15117,10.);
#4402=VECTOR('',#15118,10.);
#4403=VECTOR('',#15119,10.);
#4404=VECTOR('',#15120,10.);
#4405=VECTOR('',#15121,10.);
#4406=VECTOR('',#15122,10.);
#4407=VECTOR('',#15123,10.);
#4408=VECTOR('',#15124,10.);
#4409=VECTOR('',#15125,10.);
#4410=VECTOR('',#15126,10.);
#4411=VECTOR('',#15127,10.);
#4412=VECTOR('',#15128,10.);
#4413=VECTOR('',#15129,10.);
#4414=VECTOR('',#15132,10.);
#4415=VECTOR('',#15135,10.);
#4416=VECTOR('',#15138,10.);
#4417=VECTOR('',#15141,10.);
#4418=VECTOR('',#15166,1.5);
#4419=VECTOR('',#15171,1.40000000000001);
#4420=VECTOR('',#15176,1.5);
#4421=VECTOR('',#15181,1.40000000000001);
#4422=VECTOR('',#15186,1.5);
#4423=VECTOR('',#15191,1.40000000000001);
#4424=VECTOR('',#15196,1.50000000000002);
#4425=VECTOR('',#15201,1.40000000000002);
#4426=VECTOR('',#15208,10.);
#4427=VECTOR('',#15209,10.);
#4428=VECTOR('',#15212,10.);
#4429=VECTOR('',#15215,10.);
#4430=VECTOR('',#15220,10.);
#4431=VECTOR('',#15221,10.);
#4432=VECTOR('',#15224,10.);
#4433=VECTOR('',#15227,10.);
#4434=VECTOR('',#15230,10.);
#4435=VECTOR('',#15233,10.);
#4436=VECTOR('',#15236,10.);
#4437=VECTOR('',#15239,10.);
#4438=VECTOR('',#15244,10.);
#4439=VECTOR('',#15245,10.);
#4440=VECTOR('',#15246,10.);
#4441=VECTOR('',#15249,10.);
#4442=VECTOR('',#15250,10.);
#4443=VECTOR('',#15253,10.);
#4444=VECTOR('',#15256,10.);
#4445=VECTOR('',#15259,10.);
#4446=VECTOR('',#15262,10.);
#4447=VECTOR('',#15265,10.);
#4448=VECTOR('',#15276,10.);
#4449=VECTOR('',#15281,10.);
#4450=VECTOR('',#15282,10.);
#4451=VECTOR('',#15285,0.999999999999996);
#4452=VECTOR('',#15294,10.);
#4453=VECTOR('',#15299,10.);
#4454=VECTOR('',#15300,10.);
#4455=VECTOR('',#15305,0.999999999999996);
#4456=VECTOR('',#15314,10.);
#4457=VECTOR('',#15319,10.);
#4458=VECTOR('',#15320,10.);
#4459=VECTOR('',#15325,0.999999999999996);
#4460=VECTOR('',#15330,10.);
#4461=VECTOR('',#15335,10.);
#4462=VECTOR('',#15336,10.);
#4463=VECTOR('',#15341,0.999999999999996);
#4464=VECTOR('',#15348,10.);
#4465=VECTOR('',#15353,0.999999999999996);
#4466=VECTOR('',#15358,0.999999999999996);
#4467=VECTOR('',#15361,10.);
#4468=VECTOR('',#15366,10.);
#4469=VECTOR('',#15367,10.);
#4470=VECTOR('',#15368,10.);
#4471=VECTOR('',#15369,10.);
#4472=VECTOR('',#15370,10.);
#4473=VECTOR('',#15371,10.);
#4474=VECTOR('',#15372,10.);
#4475=VECTOR('',#15373,10.);
#4476=VECTOR('',#15376,10.);
#4477=VECTOR('',#15377,10.);
#4478=VECTOR('',#15378,10.);
#4479=VECTOR('',#15381,10.);
#4480=VECTOR('',#15384,10.);
#4481=VECTOR('',#15389,10.);
#4482=VECTOR('',#15390,10.);
#4483=VECTOR('',#15393,10.);
#4484=VECTOR('',#15394,10.);
#4485=VECTOR('',#15395,10.);
#4486=VECTOR('',#15400,10.);
#4487=VECTOR('',#15403,10.);
#4488=VECTOR('',#15404,10.);
#4489=VECTOR('',#15405,10.);
#4490=VECTOR('',#15412,10.);
#4491=VECTOR('',#15415,10.);
#4492=VECTOR('',#15424,1.50000000000002);
#4493=VECTOR('',#15431,1.49999999999999);
#4494=VECTOR('',#15434,10.);
#4495=VECTOR('',#15437,10.);
#4496=VECTOR('',#15442,10.);
#4497=VECTOR('',#15443,10.);
#4498=VECTOR('',#15444,10.);
#4499=VECTOR('',#15445,10.);
#4500=VECTOR('',#15448,10.);
#4501=VECTOR('',#15449,10.);
#4502=VECTOR('',#15450,10.);
#4503=VECTOR('',#15453,10.);
#4504=VECTOR('',#15454,10.);
#4505=VECTOR('',#15455,10.);
#4506=VECTOR('',#15456,10.);
#4507=VECTOR('',#15459,10.);
#4508=VECTOR('',#15460,10.);
#4509=VECTOR('',#15461,10.);
#4510=VECTOR('',#15464,10.);
#4511=VECTOR('',#15465,10.);
#4512=VECTOR('',#15466,10.);
#4513=VECTOR('',#15467,10.);
#4514=VECTOR('',#15470,10.);
#4515=VECTOR('',#15471,10.);
#4516=VECTOR('',#15472,10.);
#4517=VECTOR('',#15475,10.);
#4518=VECTOR('',#15476,10.);
#4519=VECTOR('',#15477,10.);
#4520=VECTOR('',#15478,10.);
#4521=VECTOR('',#15481,10.);
#4522=VECTOR('',#15482,10.);
#4523=VECTOR('',#15483,10.);
#4524=VECTOR('',#15484,10.);
#4525=VECTOR('',#15487,10.);
#4526=VECTOR('',#15488,10.);
#4527=VECTOR('',#15491,10.);
#4528=VECTOR('',#15492,10.);
#4529=VECTOR('',#15493,10.);
#4530=VECTOR('',#15496,10.);
#4531=VECTOR('',#15497,10.);
#4532=VECTOR('',#15500,10.);
#4533=VECTOR('',#15501,10.);
#4534=VECTOR('',#15502,10.);
#4535=VECTOR('',#15505,10.);
#4536=VECTOR('',#15506,10.);
#4537=VECTOR('',#15511,1.5);
#4538=VECTOR('',#15520,1.5);
#4539=VECTOR('',#15529,1.5);
#4540=VECTOR('',#15538,1.5);
#4541=VECTOR('',#15547,1.5);
#4542=VECTOR('',#15556,1.5);
#4543=VECTOR('',#15563,10.);
#4544=VECTOR('',#15564,10.);
#4545=VECTOR('',#15565,10.);
#4546=VECTOR('',#15568,10.);
#4547=VECTOR('',#15569,10.);
#4548=VECTOR('',#15570,10.);
#4549=VECTOR('',#15573,10.);
#4550=VECTOR('',#15574,10.);
#4551=VECTOR('',#15577,10.);
#4552=VECTOR('',#15578,10.);
#4553=VECTOR('',#15581,10.);
#4554=VECTOR('',#15582,10.);
#4555=VECTOR('',#15585,10.);
#4556=VECTOR('',#15590,10.);
#4557=VECTOR('',#15591,10.);
#4558=VECTOR('',#15592,10.);
#4559=VECTOR('',#15593,10.);
#4560=VECTOR('',#15594,10.);
#4561=VECTOR('',#15595,10.);
#4562=VECTOR('',#15598,10.);
#4563=VECTOR('',#15599,10.);
#4564=VECTOR('',#15600,10.);
#4565=VECTOR('',#15603,10.);
#4566=VECTOR('',#15604,10.);
#4567=VECTOR('',#15605,10.);
#4568=VECTOR('',#15606,10.);
#4569=VECTOR('',#15607,10.);
#4570=VECTOR('',#15608,10.);
#4571=VECTOR('',#15609,10.);
#4572=VECTOR('',#15610,10.);
#4573=VECTOR('',#15611,10.);
#4574=VECTOR('',#15612,10.);
#4575=VECTOR('',#15613,10.);
#4576=VECTOR('',#15616,10.);
#4577=VECTOR('',#15617,10.);
#4578=VECTOR('',#15620,10.);
#4579=VECTOR('',#15621,10.);
#4580=VECTOR('',#15622,10.);
#4581=VECTOR('',#15623,10.);
#4582=VECTOR('',#15626,10.);
#4583=VECTOR('',#15627,10.);
#4584=VECTOR('',#15628,10.);
#4585=VECTOR('',#15629,10.);
#4586=VECTOR('',#15630,10.);
#4587=VECTOR('',#15633,10.);
#4588=VECTOR('',#15634,10.);
#4589=VECTOR('',#15635,10.);
#4590=VECTOR('',#15668,10.);
#4591=VECTOR('',#15669,10.);
#4592=VECTOR('',#15670,10.);
#4593=VECTOR('',#15673,10.);
#4594=VECTOR('',#15676,10.);
#4595=VECTOR('',#15677,10.);
#4596=VECTOR('',#15678,10.);
#4597=VECTOR('',#15681,10.);
#4598=VECTOR('',#15682,10.);
#4599=VECTOR('',#15683,10.);
#4600=VECTOR('',#15692,1.5);
#4601=VECTOR('',#15693,10.);
#4602=VECTOR('',#15694,10.);
#4603=VECTOR('',#15701,1.5);
#4604=VECTOR('',#15708,1.5);
#4605=VECTOR('',#15715,1.5);
#4606=VECTOR('',#15722,1.5);
#4607=VECTOR('',#15729,1.5);
#4608=VECTOR('',#15736,1.5);
#4609=VECTOR('',#15743,1.5);
#4610=VECTOR('',#15750,1.5);
#4611=VECTOR('',#15757,1.5);
#4612=VECTOR('',#15764,1.5);
#4613=VECTOR('',#15771,1.5);
#4614=VECTOR('',#15778,1.5);
#4615=VECTOR('',#15779,10.);
#4616=VECTOR('',#15780,10.);
#4617=VECTOR('',#15787,1.5);
#4618=VECTOR('',#15794,1.5);
#4619=VECTOR('',#15801,1.5);
#4620=VECTOR('',#15808,1.5);
#4621=VECTOR('',#15811,10.);
#4622=VECTOR('',#15814,10.);
#4623=VECTOR('',#15817,10.);
#4624=VECTOR('',#15818,10.);
#4625=VECTOR('',#15821,10.);
#4626=VECTOR('',#15822,10.);
#4627=VECTOR('',#15823,10.);
#4628=VECTOR('',#15826,10.);
#4629=VECTOR('',#15829,10.);
#4630=VECTOR('',#15830,10.);
#4631=VECTOR('',#15831,10.);
#4632=VECTOR('',#15834,10.);
#4633=VECTOR('',#15837,10.);
#4634=VECTOR('',#15842,10.);
#4635=VERTEX_POINT('',#15849);
#4636=VERTEX_POINT('',#15850);
#4637=VERTEX_POINT('',#15852);
#4638=VERTEX_POINT('',#15854);
#4639=VERTEX_POINT('',#15858);
#4640=VERTEX_POINT('',#15860);
#4641=VERTEX_POINT('',#15864);
#4642=VERTEX_POINT('',#15868);
#4643=VERTEX_POINT('',#15872);
#4644=VERTEX_POINT('',#15874);
#4645=VERTEX_POINT('',#15879);
#4646=VERTEX_POINT('',#15881);
#4647=VERTEX_POINT('',#15886);
#4648=VERTEX_POINT('',#15887);
#4649=VERTEX_POINT('',#15889);
#4650=VERTEX_POINT('',#15891);
#4651=VERTEX_POINT('',#15895);
#4652=VERTEX_POINT('',#15898);
#4653=VERTEX_POINT('',#15900);
#4654=VERTEX_POINT('',#15902);
#4655=VERTEX_POINT('',#15906);
#4656=VERTEX_POINT('',#15910);
#4657=VERTEX_POINT('',#15914);
#4658=VERTEX_POINT('',#15918);
#4659=VERTEX_POINT('',#15925);
#4660=VERTEX_POINT('',#15928);
#4661=VERTEX_POINT('',#15931);
#4662=VERTEX_POINT('',#15932);
#4663=VERTEX_POINT('',#15934);
#4664=VERTEX_POINT('',#15936);
#4665=VERTEX_POINT('',#15940);
#4666=VERTEX_POINT('',#15942);
#4667=VERTEX_POINT('',#15946);
#4668=VERTEX_POINT('',#15950);
#4669=VERTEX_POINT('',#15952);
#4670=VERTEX_POINT('',#15956);
#4671=VERTEX_POINT('',#15960);
#4672=VERTEX_POINT('',#15962);
#4673=VERTEX_POINT('',#15966);
#4674=VERTEX_POINT('',#15970);
#4675=VERTEX_POINT('',#15972);
#4676=VERTEX_POINT('',#15976);
#4677=VERTEX_POINT('',#15980);
#4678=VERTEX_POINT('',#15982);
#4679=VERTEX_POINT('',#15986);
#4680=VERTEX_POINT('',#15990);
#4681=VERTEX_POINT('',#15992);
#4682=VERTEX_POINT('',#15996);
#4683=VERTEX_POINT('',#16000);
#4684=VERTEX_POINT('',#16002);
#4685=VERTEX_POINT('',#16006);
#4686=VERTEX_POINT('',#16010);
#4687=VERTEX_POINT('',#16012);
#4688=VERTEX_POINT('',#16016);
#4689=VERTEX_POINT('',#16020);
#4690=VERTEX_POINT('',#16022);
#4691=VERTEX_POINT('',#16026);
#4692=VERTEX_POINT('',#16030);
#4693=VERTEX_POINT('',#16032);
#4694=VERTEX_POINT('',#16036);
#4695=VERTEX_POINT('',#16040);
#4696=VERTEX_POINT('',#16041);
#4697=VERTEX_POINT('',#16043);
#4698=VERTEX_POINT('',#16045);
#4699=VERTEX_POINT('',#16049);
#4700=VERTEX_POINT('',#16050);
#4701=VERTEX_POINT('',#16055);
#4702=VERTEX_POINT('',#16057);
#4703=VERTEX_POINT('',#16061);
#4704=VERTEX_POINT('',#16063);
#4705=VERTEX_POINT('',#16067);
#4706=VERTEX_POINT('',#16069);
#4707=VERTEX_POINT('',#16073);
#4708=VERTEX_POINT('',#16075);
#4709=VERTEX_POINT('',#16079);
#4710=VERTEX_POINT('',#16081);
#4711=VERTEX_POINT('',#16085);
#4712=VERTEX_POINT('',#16087);
#4713=VERTEX_POINT('',#16091);
#4714=VERTEX_POINT('',#16093);
#4715=VERTEX_POINT('',#16097);
#4716=VERTEX_POINT('',#16099);
#4717=VERTEX_POINT('',#16103);
#4718=VERTEX_POINT('',#16105);
#4719=VERTEX_POINT('',#16109);
#4720=VERTEX_POINT('',#16111);
#4721=VERTEX_POINT('',#16115);
#4722=VERTEX_POINT('',#16117);
#4723=VERTEX_POINT('',#16121);
#4724=VERTEX_POINT('',#16123);
#4725=VERTEX_POINT('',#16127);
#4726=VERTEX_POINT('',#16129);
#4727=VERTEX_POINT('',#16133);
#4728=VERTEX_POINT('',#16135);
#4729=VERTEX_POINT('',#16139);
#4730=VERTEX_POINT('',#16141);
#4731=VERTEX_POINT('',#16145);
#4732=VERTEX_POINT('',#16147);
#4733=VERTEX_POINT('',#16151);
#4734=VERTEX_POINT('',#16153);
#4735=VERTEX_POINT('',#16157);
#4736=VERTEX_POINT('',#16159);
#4737=VERTEX_POINT('',#16163);
#4738=VERTEX_POINT('',#16165);
#4739=VERTEX_POINT('',#16169);
#4740=VERTEX_POINT('',#16171);
#4741=VERTEX_POINT('',#16175);
#4742=VERTEX_POINT('',#16177);
#4743=VERTEX_POINT('',#16181);
#4744=VERTEX_POINT('',#16183);
#4745=VERTEX_POINT('',#16187);
#4746=VERTEX_POINT('',#16189);
#4747=VERTEX_POINT('',#16193);
#4748=VERTEX_POINT('',#16195);
#4749=VERTEX_POINT('',#16199);
#4750=VERTEX_POINT('',#16201);
#4751=VERTEX_POINT('',#16205);
#4752=VERTEX_POINT('',#16207);
#4753=VERTEX_POINT('',#16211);
#4754=VERTEX_POINT('',#16213);
#4755=VERTEX_POINT('',#16217);
#4756=VERTEX_POINT('',#16219);
#4757=VERTEX_POINT('',#16223);
#4758=VERTEX_POINT('',#16224);
#4759=VERTEX_POINT('',#16229);
#4760=VERTEX_POINT('',#16230);
#4761=VERTEX_POINT('',#16232);
#4762=VERTEX_POINT('',#16234);
#4763=VERTEX_POINT('',#16238);
#4764=VERTEX_POINT('',#16239);
#4765=VERTEX_POINT('',#16241);
#4766=VERTEX_POINT('',#16243);
#4767=VERTEX_POINT('',#16247);
#4768=VERTEX_POINT('',#16248);
#4769=VERTEX_POINT('',#16250);
#4770=VERTEX_POINT('',#16252);
#4771=VERTEX_POINT('',#16256);
#4772=VERTEX_POINT('',#16257);
#4773=VERTEX_POINT('',#16259);
#4774=VERTEX_POINT('',#16261);
#4775=VERTEX_POINT('',#16265);
#4776=VERTEX_POINT('',#16266);
#4777=VERTEX_POINT('',#16268);
#4778=VERTEX_POINT('',#16270);
#4779=VERTEX_POINT('',#16274);
#4780=VERTEX_POINT('',#16275);
#4781=VERTEX_POINT('',#16277);
#4782=VERTEX_POINT('',#16279);
#4783=VERTEX_POINT('',#16283);
#4784=VERTEX_POINT('',#16284);
#4785=VERTEX_POINT('',#16286);
#4786=VERTEX_POINT('',#16288);
#4787=VERTEX_POINT('',#16292);
#4788=VERTEX_POINT('',#16293);
#4789=VERTEX_POINT('',#16295);
#4790=VERTEX_POINT('',#16297);
#4791=VERTEX_POINT('',#16301);
#4792=VERTEX_POINT('',#16302);
#4793=VERTEX_POINT('',#16304);
#4794=VERTEX_POINT('',#16306);
#4795=VERTEX_POINT('',#16310);
#4796=VERTEX_POINT('',#16311);
#4797=VERTEX_POINT('',#16313);
#4798=VERTEX_POINT('',#16315);
#4799=VERTEX_POINT('',#16319);
#4800=VERTEX_POINT('',#16321);
#4801=VERTEX_POINT('',#16328);
#4802=VERTEX_POINT('',#16330);
#4803=VERTEX_POINT('',#16334);
#4804=VERTEX_POINT('',#16336);
#4805=VERTEX_POINT('',#16343);
#4806=VERTEX_POINT('',#16345);
#4807=VERTEX_POINT('',#16349);
#4808=VERTEX_POINT('',#16351);
#4809=VERTEX_POINT('',#16358);
#4810=VERTEX_POINT('',#16360);
#4811=VERTEX_POINT('',#16364);
#4812=VERTEX_POINT('',#16366);
#4813=VERTEX_POINT('',#16373);
#4814=VERTEX_POINT('',#16375);
#4815=VERTEX_POINT('',#16379);
#4816=VERTEX_POINT('',#16381);
#4817=VERTEX_POINT('',#16388);
#4818=VERTEX_POINT('',#16390);
#4819=VERTEX_POINT('',#16394);
#4820=VERTEX_POINT('',#16396);
#4821=VERTEX_POINT('',#16403);
#4822=VERTEX_POINT('',#16405);
#4823=VERTEX_POINT('',#16409);
#4824=VERTEX_POINT('',#16411);
#4825=VERTEX_POINT('',#16418);
#4826=VERTEX_POINT('',#16420);
#4827=VERTEX_POINT('',#16424);
#4828=VERTEX_POINT('',#16426);
#4829=VERTEX_POINT('',#16433);
#4830=VERTEX_POINT('',#16435);
#4831=VERTEX_POINT('',#16439);
#4832=VERTEX_POINT('',#16441);
#4833=VERTEX_POINT('',#16448);
#4834=VERTEX_POINT('',#16450);
#4835=VERTEX_POINT('',#16454);
#4836=VERTEX_POINT('',#16456);
#4837=VERTEX_POINT('',#16463);
#4838=VERTEX_POINT('',#16465);
#4839=VERTEX_POINT('',#16469);
#4840=VERTEX_POINT('',#16471);
#4841=VERTEX_POINT('',#16478);
#4842=VERTEX_POINT('',#16482);
#4843=VERTEX_POINT('',#16487);
#4844=VERTEX_POINT('',#16488);
#4845=VERTEX_POINT('',#16490);
#4846=VERTEX_POINT('',#16492);
#4847=VERTEX_POINT('',#16497);
#4848=VERTEX_POINT('',#16501);
#4849=VERTEX_POINT('',#16505);
#4850=VERTEX_POINT('',#16507);
#4851=VERTEX_POINT('',#16511);
#4852=VERTEX_POINT('',#16515);
#4853=VERTEX_POINT('',#16522);
#4854=VERTEX_POINT('',#16525);
#4855=VERTEX_POINT('',#16528);
#4856=VERTEX_POINT('',#16529);
#4857=VERTEX_POINT('',#16531);
#4858=VERTEX_POINT('',#16533);
#4859=VERTEX_POINT('',#16537);
#4860=VERTEX_POINT('',#16539);
#4861=VERTEX_POINT('',#16543);
#4862=VERTEX_POINT('',#16544);
#4863=VERTEX_POINT('',#16546);
#4864=VERTEX_POINT('',#16548);
#4865=VERTEX_POINT('',#16552);
#4866=VERTEX_POINT('',#16554);
#4867=VERTEX_POINT('',#16558);
#4868=VERTEX_POINT('',#16560);
#4869=VERTEX_POINT('',#16564);
#4870=VERTEX_POINT('',#16566);
#4871=VERTEX_POINT('',#16570);
#4872=VERTEX_POINT('',#16572);
#4873=VERTEX_POINT('',#16576);
#4874=VERTEX_POINT('',#16578);
#4875=VERTEX_POINT('',#16582);
#4876=VERTEX_POINT('',#16584);
#4877=VERTEX_POINT('',#16588);
#4878=VERTEX_POINT('',#16590);
#4879=VERTEX_POINT('',#16594);
#4880=VERTEX_POINT('',#16596);
#4881=VERTEX_POINT('',#16600);
#4882=VERTEX_POINT('',#16602);
#4883=VERTEX_POINT('',#16606);
#4884=VERTEX_POINT('',#16608);
#4885=VERTEX_POINT('',#16612);
#4886=VERTEX_POINT('',#16614);
#4887=VERTEX_POINT('',#16618);
#4888=VERTEX_POINT('',#16620);
#4889=VERTEX_POINT('',#16624);
#4890=VERTEX_POINT('',#16626);
#4891=VERTEX_POINT('',#16630);
#4892=VERTEX_POINT('',#16632);
#4893=VERTEX_POINT('',#16636);
#4894=VERTEX_POINT('',#16638);
#4895=VERTEX_POINT('',#16642);
#4896=VERTEX_POINT('',#16644);
#4897=VERTEX_POINT('',#16648);
#4898=VERTEX_POINT('',#16650);
#4899=VERTEX_POINT('',#16654);
#4900=VERTEX_POINT('',#16656);
#4901=VERTEX_POINT('',#16660);
#4902=VERTEX_POINT('',#16662);
#4903=VERTEX_POINT('',#16666);
#4904=VERTEX_POINT('',#16668);
#4905=VERTEX_POINT('',#16672);
#4906=VERTEX_POINT('',#16674);
#4907=VERTEX_POINT('',#16678);
#4908=VERTEX_POINT('',#16680);
#4909=VERTEX_POINT('',#16684);
#4910=VERTEX_POINT('',#16686);
#4911=VERTEX_POINT('',#16690);
#4912=VERTEX_POINT('',#16692);
#4913=VERTEX_POINT('',#16696);
#4914=VERTEX_POINT('',#16698);
#4915=VERTEX_POINT('',#16702);
#4916=VERTEX_POINT('',#16704);
#4917=VERTEX_POINT('',#16708);
#4918=VERTEX_POINT('',#16710);
#4919=VERTEX_POINT('',#16714);
#4920=VERTEX_POINT('',#16716);
#4921=VERTEX_POINT('',#16719);
#4922=VERTEX_POINT('',#16721);
#4923=VERTEX_POINT('',#16723);
#4924=VERTEX_POINT('',#16725);
#4925=VERTEX_POINT('',#16727);
#4926=VERTEX_POINT('',#16729);
#4927=VERTEX_POINT('',#16731);
#4928=VERTEX_POINT('',#16733);
#4929=VERTEX_POINT('',#16735);
#4930=VERTEX_POINT('',#16737);
#4931=VERTEX_POINT('',#16739);
#4932=VERTEX_POINT('',#16741);
#4933=VERTEX_POINT('',#16743);
#4934=VERTEX_POINT('',#16745);
#4935=VERTEX_POINT('',#16747);
#4936=VERTEX_POINT('',#16749);
#4937=VERTEX_POINT('',#16751);
#4938=VERTEX_POINT('',#16753);
#4939=VERTEX_POINT('',#16755);
#4940=VERTEX_POINT('',#16757);
#4941=VERTEX_POINT('',#16759);
#4942=VERTEX_POINT('',#16761);
#4943=VERTEX_POINT('',#16763);
#4944=VERTEX_POINT('',#16765);
#4945=VERTEX_POINT('',#16767);
#4946=VERTEX_POINT('',#16769);
#4947=VERTEX_POINT('',#16771);
#4948=VERTEX_POINT('',#16773);
#4949=VERTEX_POINT('',#16775);
#4950=VERTEX_POINT('',#16777);
#4951=VERTEX_POINT('',#16779);
#4952=VERTEX_POINT('',#16781);
#4953=VERTEX_POINT('',#16783);
#4954=VERTEX_POINT('',#16785);
#4955=VERTEX_POINT('',#16787);
#4956=VERTEX_POINT('',#16789);
#4957=VERTEX_POINT('',#16791);
#4958=VERTEX_POINT('',#16793);
#4959=VERTEX_POINT('',#16795);
#4960=VERTEX_POINT('',#16797);
#4961=VERTEX_POINT('',#16799);
#4962=VERTEX_POINT('',#16801);
#4963=VERTEX_POINT('',#16804);
#4964=VERTEX_POINT('',#16806);
#4965=VERTEX_POINT('',#16808);
#4966=VERTEX_POINT('',#16810);
#4967=VERTEX_POINT('',#16812);
#4968=VERTEX_POINT('',#16814);
#4969=VERTEX_POINT('',#16816);
#4970=VERTEX_POINT('',#16818);
#4971=VERTEX_POINT('',#16820);
#4972=VERTEX_POINT('',#16823);
#4973=VERTEX_POINT('',#16827);
#4974=VERTEX_POINT('',#16831);
#4975=VERTEX_POINT('',#16835);
#4976=VERTEX_POINT('',#16839);
#4977=VERTEX_POINT('',#16843);
#4978=VERTEX_POINT('',#16847);
#4979=VERTEX_POINT('',#16851);
#4980=VERTEX_POINT('',#16855);
#4981=VERTEX_POINT('',#16859);
#4982=VERTEX_POINT('',#16863);
#4983=VERTEX_POINT('',#16867);
#4984=VERTEX_POINT('',#16871);
#4985=VERTEX_POINT('',#16875);
#4986=VERTEX_POINT('',#16879);
#4987=VERTEX_POINT('',#16883);
#4988=VERTEX_POINT('',#16887);
#4989=VERTEX_POINT('',#16891);
#4990=VERTEX_POINT('',#16895);
#4991=VERTEX_POINT('',#16899);
#4992=VERTEX_POINT('',#16905);
#4993=VERTEX_POINT('',#16909);
#4994=VERTEX_POINT('',#16911);
#4995=VERTEX_POINT('',#16913);
#4996=VERTEX_POINT('',#16915);
#4997=VERTEX_POINT('',#16917);
#4998=VERTEX_POINT('',#16919);
#4999=VERTEX_POINT('',#16921);
#5000=VERTEX_POINT('',#16923);
#5001=VERTEX_POINT('',#16925);
#5002=VERTEX_POINT('',#16927);
#5003=VERTEX_POINT('',#16929);
#5004=VERTEX_POINT('',#16931);
#5005=VERTEX_POINT('',#16933);
#5006=VERTEX_POINT('',#16935);
#5007=VERTEX_POINT('',#16937);
#5008=VERTEX_POINT('',#16939);
#5009=VERTEX_POINT('',#16941);
#5010=VERTEX_POINT('',#16943);
#5011=VERTEX_POINT('',#16945);
#5012=VERTEX_POINT('',#16947);
#5013=VERTEX_POINT('',#16949);
#5014=VERTEX_POINT('',#16951);
#5015=VERTEX_POINT('',#16953);
#5016=VERTEX_POINT('',#16955);
#5017=VERTEX_POINT('',#16957);
#5018=VERTEX_POINT('',#16959);
#5019=VERTEX_POINT('',#16961);
#5020=VERTEX_POINT('',#16963);
#5021=VERTEX_POINT('',#16965);
#5022=VERTEX_POINT('',#16967);
#5023=VERTEX_POINT('',#16969);
#5024=VERTEX_POINT('',#16971);
#5025=VERTEX_POINT('',#16973);
#5026=VERTEX_POINT('',#16975);
#5027=VERTEX_POINT('',#16977);
#5028=VERTEX_POINT('',#16979);
#5029=VERTEX_POINT('',#16981);
#5030=VERTEX_POINT('',#16983);
#5031=VERTEX_POINT('',#16985);
#5032=VERTEX_POINT('',#16987);
#5033=VERTEX_POINT('',#16989);
#5034=VERTEX_POINT('',#16992);
#5035=VERTEX_POINT('',#16993);
#5036=VERTEX_POINT('',#16995);
#5037=VERTEX_POINT('',#16997);
#5038=VERTEX_POINT('',#17084);
#5039=VERTEX_POINT('',#17088);
#5040=VERTEX_POINT('',#17092);
#5041=VERTEX_POINT('',#17094);
#5042=VERTEX_POINT('',#17098);
#5043=VERTEX_POINT('',#17102);
#5044=VERTEX_POINT('',#17109);
#5045=VERTEX_POINT('',#17110);
#5046=VERTEX_POINT('',#17121);
#5047=VERTEX_POINT('',#17123);
#5048=VERTEX_POINT('',#17127);
#5049=VERTEX_POINT('',#17136);
#5050=VERTEX_POINT('',#17141);
#5051=VERTEX_POINT('',#17143);
#5052=VERTEX_POINT('',#17147);
#5053=VERTEX_POINT('',#17148);
#5054=VERTEX_POINT('',#17155);
#5055=VERTEX_POINT('',#17157);
#5056=VERTEX_POINT('',#17159);
#5057=VERTEX_POINT('',#17163);
#5058=VERTEX_POINT('',#17187);
#5059=VERTEX_POINT('',#17191);
#5060=VERTEX_POINT('',#17203);
#5061=VERTEX_POINT('',#17205);
#5062=VERTEX_POINT('',#17218);
#5063=VERTEX_POINT('',#17220);
#5064=VERTEX_POINT('',#17244);
#5065=VERTEX_POINT('',#17250);
#5066=VERTEX_POINT('',#17251);
#5067=VERTEX_POINT('',#17253);
#5068=VERTEX_POINT('',#17257);
#5069=VERTEX_POINT('',#17258);
#5070=VERTEX_POINT('',#17263);
#5071=VERTEX_POINT('',#17264);
#5072=VERTEX_POINT('',#17269);
#5073=VERTEX_POINT('',#17270);
#5074=VERTEX_POINT('',#17272);
#5075=VERTEX_POINT('',#17277);
#5076=VERTEX_POINT('',#17284);
#5077=VERTEX_POINT('',#17285);
#5078=VERTEX_POINT('',#17290);
#5079=VERTEX_POINT('',#17291);
#5080=VERTEX_POINT('',#17293);
#5081=VERTEX_POINT('',#17297);
#5082=VERTEX_POINT('',#17298);
#5083=VERTEX_POINT('',#17306);
#5084=VERTEX_POINT('',#17307);
#5085=VERTEX_POINT('',#17309);
#5086=VERTEX_POINT('',#17316);
#5087=VERTEX_POINT('',#17317);
#5088=VERTEX_POINT('',#17322);
#5089=VERTEX_POINT('',#17323);
#5090=VERTEX_POINT('',#17325);
#5091=VERTEX_POINT('',#17332);
#5092=VERTEX_POINT('',#17333);
#5093=VERTEX_POINT('',#17341);
#5094=VERTEX_POINT('',#17343);
#5095=VERTEX_POINT('',#17345);
#5096=VERTEX_POINT('',#17347);
#5097=VERTEX_POINT('',#17349);
#5098=VERTEX_POINT('',#17351);
#5099=VERTEX_POINT('',#17353);
#5100=VERTEX_POINT('',#17355);
#5101=VERTEX_POINT('',#17357);
#5102=VERTEX_POINT('',#17359);
#5103=VERTEX_POINT('',#17361);
#5104=VERTEX_POINT('',#17363);
#5105=VERTEX_POINT('',#17365);
#5106=VERTEX_POINT('',#17367);
#5107=VERTEX_POINT('',#17369);
#5108=VERTEX_POINT('',#17371);
#5109=VERTEX_POINT('',#17373);
#5110=VERTEX_POINT('',#17375);
#5111=VERTEX_POINT('',#17377);
#5112=VERTEX_POINT('',#17379);
#5113=VERTEX_POINT('',#17381);
#5114=VERTEX_POINT('',#17383);
#5115=VERTEX_POINT('',#17385);
#5116=VERTEX_POINT('',#17387);
#5117=VERTEX_POINT('',#17389);
#5118=VERTEX_POINT('',#17391);
#5119=VERTEX_POINT('',#17393);
#5120=VERTEX_POINT('',#17397);
#5121=VERTEX_POINT('',#17406);
#5122=VERTEX_POINT('',#17410);
#5123=VERTEX_POINT('',#17414);
#5124=VERTEX_POINT('',#17460);
#5125=VERTEX_POINT('',#17464);
#5126=VERTEX_POINT('',#17466);
#5127=VERTEX_POINT('',#17470);
#5128=VERTEX_POINT('',#17472);
#5129=VERTEX_POINT('',#17474);
#5130=VERTEX_POINT('',#17478);
#5131=VERTEX_POINT('',#17482);
#5132=VERTEX_POINT('',#17486);
#5133=VERTEX_POINT('',#17490);
#5134=VERTEX_POINT('',#17493);
#5135=VERTEX_POINT('',#17496);
#5136=VERTEX_POINT('',#17497);
#5137=VERTEX_POINT('',#17499);
#5138=VERTEX_POINT('',#17501);
#5139=VERTEX_POINT('',#17505);
#5140=VERTEX_POINT('',#17507);
#5141=VERTEX_POINT('',#17511);
#5142=VERTEX_POINT('',#17513);
#5143=VERTEX_POINT('',#17519);
#5144=VERTEX_POINT('',#17521);
#5145=VERTEX_POINT('',#17523);
#5146=VERTEX_POINT('',#17525);
#5147=VERTEX_POINT('',#17527);
#5148=VERTEX_POINT('',#17529);
#5149=VERTEX_POINT('',#17531);
#5150=VERTEX_POINT('',#17533);
#5151=VERTEX_POINT('',#17535);
#5152=VERTEX_POINT('',#17537);
#5153=VERTEX_POINT('',#17539);
#5154=VERTEX_POINT('',#17541);
#5155=VERTEX_POINT('',#17543);
#5156=VERTEX_POINT('',#17545);
#5157=VERTEX_POINT('',#17547);
#5158=VERTEX_POINT('',#17549);
#5159=VERTEX_POINT('',#17551);
#5160=VERTEX_POINT('',#17553);
#5161=VERTEX_POINT('',#17555);
#5162=VERTEX_POINT('',#17557);
#5163=VERTEX_POINT('',#17559);
#5164=VERTEX_POINT('',#17561);
#5165=VERTEX_POINT('',#17563);
#5166=VERTEX_POINT('',#17565);
#5167=VERTEX_POINT('',#17567);
#5168=VERTEX_POINT('',#17569);
#5169=VERTEX_POINT('',#17571);
#5170=VERTEX_POINT('',#17573);
#5171=VERTEX_POINT('',#17575);
#5172=VERTEX_POINT('',#17577);
#5173=VERTEX_POINT('',#17579);
#5174=VERTEX_POINT('',#17581);
#5175=VERTEX_POINT('',#17583);
#5176=VERTEX_POINT('',#17585);
#5177=VERTEX_POINT('',#17587);
#5178=VERTEX_POINT('',#17589);
#5179=VERTEX_POINT('',#17591);
#5180=VERTEX_POINT('',#17593);
#5181=VERTEX_POINT('',#17595);
#5182=VERTEX_POINT('',#17597);
#5183=VERTEX_POINT('',#17601);
#5184=VERTEX_POINT('',#17603);
#5185=VERTEX_POINT('',#17607);
#5186=VERTEX_POINT('',#17609);
#5187=VERTEX_POINT('',#17617);
#5188=VERTEX_POINT('',#17619);
#5189=VERTEX_POINT('',#17623);
#5190=VERTEX_POINT('',#17627);
#5191=VERTEX_POINT('',#17633);
#5192=VERTEX_POINT('',#17635);
#5193=VERTEX_POINT('',#17639);
#5194=VERTEX_POINT('',#17641);
#5195=VERTEX_POINT('',#17649);
#5196=VERTEX_POINT('',#17651);
#5197=VERTEX_POINT('',#17655);
#5198=VERTEX_POINT('',#17659);
#5199=VERTEX_POINT('',#17665);
#5200=VERTEX_POINT('',#17667);
#5201=VERTEX_POINT('',#17671);
#5202=VERTEX_POINT('',#17673);
#5203=VERTEX_POINT('',#17681);
#5204=VERTEX_POINT('',#17683);
#5205=VERTEX_POINT('',#17687);
#5206=VERTEX_POINT('',#17691);
#5207=VERTEX_POINT('',#17697);
#5208=VERTEX_POINT('',#17699);
#5209=VERTEX_POINT('',#17703);
#5210=VERTEX_POINT('',#17705);
#5211=VERTEX_POINT('',#17713);
#5212=VERTEX_POINT('',#17715);
#5213=VERTEX_POINT('',#17719);
#5214=VERTEX_POINT('',#17723);
#5215=VERTEX_POINT('',#17730);
#5216=VERTEX_POINT('',#17734);
#5217=VERTEX_POINT('',#17736);
#5218=VERTEX_POINT('',#17740);
#5219=VERTEX_POINT('',#17742);
#5220=VERTEX_POINT('',#17746);
#5221=VERTEX_POINT('',#17750);
#5222=VERTEX_POINT('',#17754);
#5223=VERTEX_POINT('',#17758);
#5224=VERTEX_POINT('',#17762);
#5225=VERTEX_POINT('',#17766);
#5226=VERTEX_POINT('',#17770);
#5227=VERTEX_POINT('',#17774);
#5228=VERTEX_POINT('',#17778);
#5229=VERTEX_POINT('',#17782);
#5230=VERTEX_POINT('',#17786);
#5231=VERTEX_POINT('',#17790);
#5232=VERTEX_POINT('',#17794);
#5233=VERTEX_POINT('',#17798);
#5234=VERTEX_POINT('',#17802);
#5235=VERTEX_POINT('',#17806);
#5236=VERTEX_POINT('',#17810);
#5237=VERTEX_POINT('',#17814);
#5238=VERTEX_POINT('',#17818);
#5239=VERTEX_POINT('',#17824);
#5240=VERTEX_POINT('',#17826);
#5241=VERTEX_POINT('',#17828);
#5242=VERTEX_POINT('',#17831);
#5243=VERTEX_POINT('',#17833);
#5244=VERTEX_POINT('',#17835);
#5245=VERTEX_POINT('',#17837);
#5246=VERTEX_POINT('',#17846);
#5247=VERTEX_POINT('',#17850);
#5248=VERTEX_POINT('',#17854);
#5249=VERTEX_POINT('',#17858);
#5250=VERTEX_POINT('',#17860);
#5251=VERTEX_POINT('',#17866);
#5252=VERTEX_POINT('',#17868);
#5253=VERTEX_POINT('',#17874);
#5254=VERTEX_POINT('',#17876);
#5255=VERTEX_POINT('',#17882);
#5256=VERTEX_POINT('',#17884);
#5257=VERTEX_POINT('',#17892);
#5258=VERTEX_POINT('',#17894);
#5259=VERTEX_POINT('',#17898);
#5260=VERTEX_POINT('',#17900);
#5261=VERTEX_POINT('',#17909);
#5262=VERTEX_POINT('',#17913);
#5263=VERTEX_POINT('',#17920);
#5264=VERTEX_POINT('',#17921);
#5265=VERTEX_POINT('',#17923);
#5266=VERTEX_POINT('',#17925);
#5267=VERTEX_POINT('',#17927);
#5268=VERTEX_POINT('',#17936);
#5269=VERTEX_POINT('',#17960);
#5270=VERTEX_POINT('',#17971);
#5271=VERTEX_POINT('',#17973);
#5272=VERTEX_POINT('',#17984);
#5273=VERTEX_POINT('',#17991);
#5274=VERTEX_POINT('',#17998);
#5275=VERTEX_POINT('',#18013);
#5276=VERTEX_POINT('',#18020);
#5277=VERTEX_POINT('',#18022);
#5278=VERTEX_POINT('',#18037);
#5279=VERTEX_POINT('',#18041);
#5280=VERTEX_POINT('',#18045);
#5281=VERTEX_POINT('',#18047);
#5282=VERTEX_POINT('',#18051);
#5283=VERTEX_POINT('',#18053);
#5284=VERTEX_POINT('',#18055);
#5285=VERTEX_POINT('',#18063);
#5286=VERTEX_POINT('',#18064);
#5287=VERTEX_POINT('',#18066);
#5288=VERTEX_POINT('',#18070);
#5289=VERTEX_POINT('',#18071);
#5290=VERTEX_POINT('',#18076);
#5291=VERTEX_POINT('',#18077);
#5292=VERTEX_POINT('',#18088);
#5293=VERTEX_POINT('',#18090);
#5294=VERTEX_POINT('',#18101);
#5295=VERTEX_POINT('',#18103);
#5296=VERTEX_POINT('',#18105);
#5297=VERTEX_POINT('',#18107);
#5298=VERTEX_POINT('',#18112);
#5299=VERTEX_POINT('',#18113);
#5300=VERTEX_POINT('',#18118);
#5301=VERTEX_POINT('',#18121);
#5302=VERTEX_POINT('',#18123);
#5303=VERTEX_POINT('',#18125);
#5304=VERTEX_POINT('',#18127);
#5305=VERTEX_POINT('',#18129);
#5306=VERTEX_POINT('',#18131);
#5307=VERTEX_POINT('',#18134);
#5308=VERTEX_POINT('',#18135);
#5309=VERTEX_POINT('',#18137);
#5310=VERTEX_POINT('',#18139);
#5311=VERTEX_POINT('',#18143);
#5312=VERTEX_POINT('',#18147);
#5313=VERTEX_POINT('',#18148);
#5314=VERTEX_POINT('',#18150);
#5315=VERTEX_POINT('',#18154);
#5316=VERTEX_POINT('',#18155);
#5317=VERTEX_POINT('',#18158);
#5318=VERTEX_POINT('',#18160);
#5319=VERTEX_POINT('',#18164);
#5320=VERTEX_POINT('',#18165);
#5321=VERTEX_POINT('',#18170);
#5322=VERTEX_POINT('',#18171);
#5323=VERTEX_POINT('',#18173);
#5324=VERTEX_POINT('',#18180);
#5325=VERTEX_POINT('',#18181);
#5326=VERTEX_POINT('',#18186);
#5327=VERTEX_POINT('',#18187);
#5328=VERTEX_POINT('',#18189);
#5329=VERTEX_POINT('',#18196);
#5330=VERTEX_POINT('',#18197);
#5331=VERTEX_POINT('',#18202);
#5332=VERTEX_POINT('',#18203);
#5333=VERTEX_POINT('',#18205);
#5334=VERTEX_POINT('',#18212);
#5335=VERTEX_POINT('',#18213);
#5336=VERTEX_POINT('',#18218);
#5337=VERTEX_POINT('',#18228);
#5338=VERTEX_POINT('',#18232);
#5339=VERTEX_POINT('',#18234);
#5340=VERTEX_POINT('',#18237);
#5341=VERTEX_POINT('',#18239);
#5342=VERTEX_POINT('',#18241);
#5343=VERTEX_POINT('',#18243);
#5344=VERTEX_POINT('',#18245);
#5345=VERTEX_POINT('',#18247);
#5346=VERTEX_POINT('',#18249);
#5347=VERTEX_POINT('',#18251);
#5348=VERTEX_POINT('',#18253);
#5349=VERTEX_POINT('',#18255);
#5350=VERTEX_POINT('',#18257);
#5351=VERTEX_POINT('',#18259);
#5352=VERTEX_POINT('',#18261);
#5353=VERTEX_POINT('',#18263);
#5354=VERTEX_POINT('',#18265);
#5355=VERTEX_POINT('',#18267);
#5356=VERTEX_POINT('',#18269);
#5357=VERTEX_POINT('',#18271);
#5358=VERTEX_POINT('',#18273);
#5359=VERTEX_POINT('',#18275);
#5360=VERTEX_POINT('',#18277);
#5361=VERTEX_POINT('',#18279);
#5362=VERTEX_POINT('',#18281);
#5363=VERTEX_POINT('',#18283);
#5364=VERTEX_POINT('',#18285);
#5365=VERTEX_POINT('',#18287);
#5366=VERTEX_POINT('',#18289);
#5367=VERTEX_POINT('',#18291);
#5368=VERTEX_POINT('',#18293);
#5369=VERTEX_POINT('',#18296);
#5370=VERTEX_POINT('',#18297);
#5371=VERTEX_POINT('',#18300);
#5372=VERTEX_POINT('',#18301);
#5373=VERTEX_POINT('',#18304);
#5374=VERTEX_POINT('',#18305);
#5375=VERTEX_POINT('',#18309);
#5376=VERTEX_POINT('',#18311);
#5377=VERTEX_POINT('',#18315);
#5378=VERTEX_POINT('',#18370);
#5379=VERTEX_POINT('',#18374);
#5380=VERTEX_POINT('',#18378);
#5381=VERTEX_POINT('',#18380);
#5382=VERTEX_POINT('',#18384);
#5383=VERTEX_POINT('',#18386);
#5384=VERTEX_POINT('',#18390);
#5385=VERTEX_POINT('',#18392);
#5386=VERTEX_POINT('',#18396);
#5387=VERTEX_POINT('',#18399);
#5388=VERTEX_POINT('',#18402);
#5389=VERTEX_POINT('',#18403);
#5390=VERTEX_POINT('',#18405);
#5391=VERTEX_POINT('',#18407);
#5392=VERTEX_POINT('',#18411);
#5393=VERTEX_POINT('',#18413);
#5394=VERTEX_POINT('',#18417);
#5395=VERTEX_POINT('',#18419);
#5396=VERTEX_POINT('',#18421);
#5397=VERTEX_POINT('',#18423);
#5398=VERTEX_POINT('',#18425);
#5399=VERTEX_POINT('',#18427);
#5400=VERTEX_POINT('',#18429);
#5401=VERTEX_POINT('',#18431);
#5402=VERTEX_POINT('',#18433);
#5403=VERTEX_POINT('',#18435);
#5404=VERTEX_POINT('',#18437);
#5405=VERTEX_POINT('',#18439);
#5406=VERTEX_POINT('',#18441);
#5407=VERTEX_POINT('',#18443);
#5408=VERTEX_POINT('',#18445);
#5409=VERTEX_POINT('',#18447);
#5410=VERTEX_POINT('',#18449);
#5411=VERTEX_POINT('',#18451);
#5412=VERTEX_POINT('',#18453);
#5413=VERTEX_POINT('',#18455);
#5414=VERTEX_POINT('',#18457);
#5415=VERTEX_POINT('',#18459);
#5416=VERTEX_POINT('',#18461);
#5417=VERTEX_POINT('',#18463);
#5418=VERTEX_POINT('',#18465);
#5419=VERTEX_POINT('',#18467);
#5420=VERTEX_POINT('',#18469);
#5421=VERTEX_POINT('',#18471);
#5422=VERTEX_POINT('',#18473);
#5423=VERTEX_POINT('',#18475);
#5424=VERTEX_POINT('',#18477);
#5425=VERTEX_POINT('',#18479);
#5426=VERTEX_POINT('',#18481);
#5427=VERTEX_POINT('',#18483);
#5428=VERTEX_POINT('',#18485);
#5429=VERTEX_POINT('',#18487);
#5430=VERTEX_POINT('',#18489);
#5431=VERTEX_POINT('',#18491);
#5432=VERTEX_POINT('',#18493);
#5433=VERTEX_POINT('',#18495);
#5434=VERTEX_POINT('',#18497);
#5435=VERTEX_POINT('',#18499);
#5436=VERTEX_POINT('',#18501);
#5437=VERTEX_POINT('',#18503);
#5438=VERTEX_POINT('',#18505);
#5439=VERTEX_POINT('',#18509);
#5440=VERTEX_POINT('',#18513);
#5441=VERTEX_POINT('',#18519);
#5442=VERTEX_POINT('',#18521);
#5443=VERTEX_POINT('',#18525);
#5444=VERTEX_POINT('',#18527);
#5445=VERTEX_POINT('',#18535);
#5446=VERTEX_POINT('',#18537);
#5447=VERTEX_POINT('',#18541);
#5448=VERTEX_POINT('',#18543);
#5449=VERTEX_POINT('',#18551);
#5450=VERTEX_POINT('',#18553);
#5451=VERTEX_POINT('',#18557);
#5452=VERTEX_POINT('',#18559);
#5453=VERTEX_POINT('',#18567);
#5454=VERTEX_POINT('',#18569);
#5455=VERTEX_POINT('',#18573);
#5456=VERTEX_POINT('',#18575);
#5457=VERTEX_POINT('',#18583);
#5458=VERTEX_POINT('',#18585);
#5459=VERTEX_POINT('',#18589);
#5460=VERTEX_POINT('',#18591);
#5461=VERTEX_POINT('',#18599);
#5462=VERTEX_POINT('',#18601);
#5463=VERTEX_POINT('',#18605);
#5464=VERTEX_POINT('',#18607);
#5465=VERTEX_POINT('',#18615);
#5466=VERTEX_POINT('',#18617);
#5467=VERTEX_POINT('',#18621);
#5468=VERTEX_POINT('',#18625);
#5469=VERTEX_POINT('',#18631);
#5470=VERTEX_POINT('',#18633);
#5471=VERTEX_POINT('',#18637);
#5472=VERTEX_POINT('',#18641);
#5473=VERTEX_POINT('',#18647);
#5474=VERTEX_POINT('',#18649);
#5475=VERTEX_POINT('',#18653);
#5476=VERTEX_POINT('',#18657);
#5477=VERTEX_POINT('',#18663);
#5478=VERTEX_POINT('',#18665);
#5479=VERTEX_POINT('',#18669);
#5480=VERTEX_POINT('',#18673);
#5481=VERTEX_POINT('',#18679);
#5482=VERTEX_POINT('',#18681);
#5483=VERTEX_POINT('',#18685);
#5484=VERTEX_POINT('',#18689);
#5485=VERTEX_POINT('',#18693);
#5486=VERTEX_POINT('',#18697);
#5487=VERTEX_POINT('',#18701);
#5488=VERTEX_POINT('',#18705);
#5489=VERTEX_POINT('',#18709);
#5490=VERTEX_POINT('',#18713);
#5491=VERTEX_POINT('',#18717);
#5492=VERTEX_POINT('',#18721);
#5493=VERTEX_POINT('',#18725);
#5494=VERTEX_POINT('',#18729);
#5495=VERTEX_POINT('',#18733);
#5496=VERTEX_POINT('',#18737);
#5497=VERTEX_POINT('',#18741);
#5498=VERTEX_POINT('',#18745);
#5499=VERTEX_POINT('',#18749);
#5500=VERTEX_POINT('',#18753);
#5501=VERTEX_POINT('',#18757);
#5502=VERTEX_POINT('',#18761);
#5503=VERTEX_POINT('',#18763);
#5504=VERTEX_POINT('',#18765);
#5505=VERTEX_POINT('',#18767);
#5506=VERTEX_POINT('',#18781);
#5507=VERTEX_POINT('',#18783);
#5508=VERTEX_POINT('',#18785);
#5509=VERTEX_POINT('',#18788);
#5510=VERTEX_POINT('',#18790);
#5511=VERTEX_POINT('',#18792);
#5512=VERTEX_POINT('',#18794);
#5513=VERTEX_POINT('',#18797);
#5514=VERTEX_POINT('',#18801);
#5515=VERTEX_POINT('',#18802);
#5516=VERTEX_POINT('',#18804);
#5517=VERTEX_POINT('',#18807);
#5518=VERTEX_POINT('',#18809);
#5519=VERTEX_POINT('',#18811);
#5520=VERTEX_POINT('',#18813);
#5521=VERTEX_POINT('',#18815);
#5522=VERTEX_POINT('',#18817);
#5523=VERTEX_POINT('',#18819);
#5524=VERTEX_POINT('',#18822);
#5525=VERTEX_POINT('',#18823);
#5526=VERTEX_POINT('',#18825);
#5527=VERTEX_POINT('',#18827);
#5528=VERTEX_POINT('',#18830);
#5529=VERTEX_POINT('',#18831);
#5530=VERTEX_POINT('',#18833);
#5531=VERTEX_POINT('',#18835);
#5532=VERTEX_POINT('',#18837);
#5533=VERTEX_POINT('',#18839);
#5534=VERTEX_POINT('',#18841);
#5535=VERTEX_POINT('',#18843);
#5536=VERTEX_POINT('',#18857);
#5537=VERTEX_POINT('',#18861);
#5538=VERTEX_POINT('',#18865);
#5539=VERTEX_POINT('',#18869);
#5540=VERTEX_POINT('',#18873);
#5541=VERTEX_POINT('',#18877);
#5542=VERTEX_POINT('',#18881);
#5543=VERTEX_POINT('',#18885);
#5544=VERTEX_POINT('',#18889);
#5545=VERTEX_POINT('',#18916);
#5546=VERTEX_POINT('',#18918);
#5547=VERTEX_POINT('',#18936);
#5548=VERTEX_POINT('',#18939);
#5549=VERTEX_POINT('',#18940);
#5550=VERTEX_POINT('',#18943);
#5551=VERTEX_POINT('',#18951);
#5552=VERTEX_POINT('',#18954);
#5553=VERTEX_POINT('',#18955);
#5554=VERTEX_POINT('',#18958);
#5555=VERTEX_POINT('',#18967);
#5556=VERTEX_POINT('',#18970);
#5557=VERTEX_POINT('',#18971);
#5558=VERTEX_POINT('',#18974);
#5559=VERTEX_POINT('',#18983);
#5560=VERTEX_POINT('',#18984);
#5561=VERTEX_POINT('',#18987);
#5562=VERTEX_POINT('',#19000);
#5563=VERTEX_POINT('',#19004);
#5564=VERTEX_POINT('',#19011);
#5565=VERTEX_POINT('',#19012);
#5566=VERTEX_POINT('',#19014);
#5567=VERTEX_POINT('',#19016);
#5568=VERTEX_POINT('',#19018);
#5569=VERTEX_POINT('',#19020);
#5570=VERTEX_POINT('',#19022);
#5571=VERTEX_POINT('',#19024);
#5572=VERTEX_POINT('',#19028);
#5573=VERTEX_POINT('',#19030);
#5574=VERTEX_POINT('',#19034);
#5575=VERTEX_POINT('',#19036);
#5576=VERTEX_POINT('',#19038);
#5577=VERTEX_POINT('',#19042);
#5578=VERTEX_POINT('',#19046);
#5579=VERTEX_POINT('',#19048);
#5580=VERTEX_POINT('',#19052);
#5581=VERTEX_POINT('',#19054);
#5582=VERTEX_POINT('',#19057);
#5583=VERTEX_POINT('',#19059);
#5584=VERTEX_POINT('',#19062);
#5585=VERTEX_POINT('',#19064);
#5586=VERTEX_POINT('',#19072);
#5587=VERTEX_POINT('',#19077);
#5588=VERTEX_POINT('',#19087);
#5589=VERTEX_POINT('',#19088);
#5590=VERTEX_POINT('',#19090);
#5591=VERTEX_POINT('',#19092);
#5592=VERTEX_POINT('',#19096);
#5593=VERTEX_POINT('',#19098);
#5594=VERTEX_POINT('',#19102);
#5595=VERTEX_POINT('',#19103);
#5596=VERTEX_POINT('',#19105);
#5597=VERTEX_POINT('',#19107);
#5598=VERTEX_POINT('',#19111);
#5599=VERTEX_POINT('',#19113);
#5600=VERTEX_POINT('',#19117);
#5601=VERTEX_POINT('',#19118);
#5602=VERTEX_POINT('',#19120);
#5603=VERTEX_POINT('',#19122);
#5604=VERTEX_POINT('',#19126);
#5605=VERTEX_POINT('',#19128);
#5606=VERTEX_POINT('',#19132);
#5607=VERTEX_POINT('',#19133);
#5608=VERTEX_POINT('',#19135);
#5609=VERTEX_POINT('',#19137);
#5610=VERTEX_POINT('',#19141);
#5611=VERTEX_POINT('',#19142);
#5612=VERTEX_POINT('',#19144);
#5613=VERTEX_POINT('',#19146);
#5614=VERTEX_POINT('',#19153);
#5615=VERTEX_POINT('',#19155);
#5616=VERTEX_POINT('',#19162);
#5617=VERTEX_POINT('',#19164);
#5618=VERTEX_POINT('',#19171);
#5619=VERTEX_POINT('',#19173);
#5620=VERTEX_POINT('',#19178);
#5621=VERTEX_POINT('',#19180);
#5622=VERTEX_POINT('',#19185);
#5623=VERTEX_POINT('',#19187);
#5624=VERTEX_POINT('',#19192);
#5625=VERTEX_POINT('',#19194);
#5626=VERTEX_POINT('',#19199);
#5627=VERTEX_POINT('',#19201);
#5628=VERTEX_POINT('',#19206);
#5629=VERTEX_POINT('',#19208);
#5630=VERTEX_POINT('',#19213);
#5631=VERTEX_POINT('',#19215);
#5632=VERTEX_POINT('',#19219);
#5633=VERTEX_POINT('',#19220);
#5634=VERTEX_POINT('',#19228);
#5635=VERTEX_POINT('',#19232);
#5636=VERTEX_POINT('',#19239);
#5637=VERTEX_POINT('',#19240);
#5638=VERTEX_POINT('',#19242);
#5639=VERTEX_POINT('',#19244);
#5640=VERTEX_POINT('',#19246);
#5641=VERTEX_POINT('',#19248);
#5642=VERTEX_POINT('',#19252);
#5643=VERTEX_POINT('',#19254);
#5644=VERTEX_POINT('',#19258);
#5645=VERTEX_POINT('',#19260);
#5646=VERTEX_POINT('',#19262);
#5647=VERTEX_POINT('',#19264);
#5648=VERTEX_POINT('',#19266);
#5649=VERTEX_POINT('',#19268);
#5650=VERTEX_POINT('',#19270);
#5651=VERTEX_POINT('',#19272);
#5652=VERTEX_POINT('',#19274);
#5653=VERTEX_POINT('',#19276);
#5654=VERTEX_POINT('',#19280);
#5655=VERTEX_POINT('',#19284);
#5656=VERTEX_POINT('',#19286);
#5657=VERTEX_POINT('',#19288);
#5658=VERTEX_POINT('',#19290);
#5659=VERTEX_POINT('',#19293);
#5660=VERTEX_POINT('',#19295);
#5661=VERTEX_POINT('',#19297);
#5662=VERTEX_POINT('',#19299);
#5663=VERTEX_POINT('',#19301);
#5664=VERTEX_POINT('',#19304);
#5665=VERTEX_POINT('',#19306);
#5666=VERTEX_POINT('',#19309);
#5667=VERTEX_POINT('',#19311);
#5668=VERTEX_POINT('',#19313);
#5669=VERTEX_POINT('',#19315);
#5670=VERTEX_POINT('',#19317);
#5671=VERTEX_POINT('',#19319);
#5672=VERTEX_POINT('',#19321);
#5673=VERTEX_POINT('',#19323);
#5674=VERTEX_POINT('',#19325);
#5675=VERTEX_POINT('',#19327);
#5676=VERTEX_POINT('',#19329);
#5677=VERTEX_POINT('',#19331);
#5678=VERTEX_POINT('',#19333);
#5679=VERTEX_POINT('',#19335);
#5680=VERTEX_POINT('',#19337);
#5681=VERTEX_POINT('',#19346);
#5682=VERTEX_POINT('',#19348);
#5683=VERTEX_POINT('',#19352);
#5684=VERTEX_POINT('',#19354);
#5685=VERTEX_POINT('',#19359);
#5686=VERTEX_POINT('',#19362);
#5687=VERTEX_POINT('',#19367);
#5688=VERTEX_POINT('',#19372);
#5689=VERTEX_POINT('',#19377);
#5690=VERTEX_POINT('',#19382);
#5691=VERTEX_POINT('',#19387);
#5692=VERTEX_POINT('',#19392);
#5693=VERTEX_POINT('',#19397);
#5694=VERTEX_POINT('',#19402);
#5695=VERTEX_POINT('',#19407);
#5696=VERTEX_POINT('',#19412);
#5697=VERTEX_POINT('',#19417);
#5698=VERTEX_POINT('',#19422);
#5699=VERTEX_POINT('',#19425);
#5700=VERTEX_POINT('',#19430);
#5701=VERTEX_POINT('',#19435);
#5702=VERTEX_POINT('',#19440);
#5703=VERTEX_POINT('',#19445);
#5704=VERTEX_POINT('',#19454);
#5705=VERTEX_POINT('',#19459);
#5706=VERTEX_POINT('',#19465);
#5707=VERTEX_POINT('',#19467);
#5708=EDGE_CURVE('',#4635,#4636,#1981,.T.);
#5709=EDGE_CURVE('',#4635,#4637,#1982,.T.);
#5710=EDGE_CURVE('',#4637,#4638,#1983,.T.);
#5711=EDGE_CURVE('',#4638,#4636,#1984,.T.);
#5712=EDGE_CURVE('',#4639,#4635,#1985,.T.);
#5713=EDGE_CURVE('',#4639,#4640,#1986,.T.);
#5714=EDGE_CURVE('',#4640,#4637,#1987,.T.);
#5715=EDGE_CURVE('',#4640,#4641,#1988,.T.);
#5716=EDGE_CURVE('',#4641,#4638,#1989,.T.);
#5717=EDGE_CURVE('',#4636,#4642,#1990,.T.);
#5718=EDGE_CURVE('',#4641,#4642,#1991,.T.);
#5719=EDGE_CURVE('',#4643,#4643,#206,.T.);
#5720=EDGE_CURVE('',#4643,#4644,#1992,.T.);
#5721=EDGE_CURVE('',#4644,#4644,#207,.T.);
#5722=EDGE_CURVE('',#4645,#4645,#208,.T.);
#5723=EDGE_CURVE('',#4645,#4646,#1993,.T.);
#5724=EDGE_CURVE('',#4646,#4646,#209,.T.);
#5725=EDGE_CURVE('',#4647,#4648,#210,.T.);
#5726=EDGE_CURVE('',#4648,#4649,#1994,.T.);
#5727=EDGE_CURVE('',#4649,#4650,#211,.T.);
#5728=EDGE_CURVE('',#4650,#4647,#1995,.T.);
#5729=EDGE_CURVE('',#4651,#4639,#1996,.T.);
#5730=EDGE_CURVE('',#4650,#4651,#1997,.T.);
#5731=EDGE_CURVE('',#4652,#4649,#1998,.T.);
#5732=EDGE_CURVE('',#4653,#4652,#212,.T.);
#5733=EDGE_CURVE('',#4654,#4653,#1999,.T.);
#5734=EDGE_CURVE('',#4642,#4654,#2000,.T.);
#5735=EDGE_CURVE('',#4652,#4655,#2001,.T.);
#5736=EDGE_CURVE('',#4655,#4648,#2002,.T.);
#5737=EDGE_CURVE('',#4655,#4656,#213,.T.);
#5738=EDGE_CURVE('',#4656,#4653,#2003,.T.);
#5739=EDGE_CURVE('',#4654,#4657,#2004,.T.);
#5740=EDGE_CURVE('',#4657,#4656,#2005,.T.);
#5741=EDGE_CURVE('',#4657,#4658,#2006,.T.);
#5742=EDGE_CURVE('',#4647,#4658,#2007,.T.);
#5743=EDGE_CURVE('',#4658,#4651,#2008,.T.);
#5744=EDGE_CURVE('',#4659,#4659,#214,.T.);
#5745=EDGE_CURVE('',#4660,#4660,#215,.T.);
#5746=EDGE_CURVE('',#4661,#4662,#216,.T.);
#5747=EDGE_CURVE('',#4662,#4663,#2009,.T.);
#5748=EDGE_CURVE('',#4663,#4664,#217,.T.);
#5749=EDGE_CURVE('',#4664,#4661,#2010,.T.);
#5750=EDGE_CURVE('',#4665,#4665,#218,.T.);
#5751=EDGE_CURVE('',#4665,#4666,#2011,.T.);
#5752=EDGE_CURVE('',#4666,#4666,#219,.T.);
#5753=EDGE_CURVE('',#4667,#4667,#220,.T.);
#5754=EDGE_CURVE('',#4667,#4666,#2012,.T.);
#5755=EDGE_CURVE('',#4668,#4668,#221,.T.);
#5756=EDGE_CURVE('',#4668,#4669,#2013,.T.);
#5757=EDGE_CURVE('',#4669,#4669,#222,.T.);
#5758=EDGE_CURVE('',#4670,#4670,#223,.T.);
#5759=EDGE_CURVE('',#4670,#4669,#2014,.T.);
#5760=EDGE_CURVE('',#4671,#4671,#224,.T.);
#5761=EDGE_CURVE('',#4671,#4672,#2015,.T.);
#5762=EDGE_CURVE('',#4672,#4672,#225,.T.);
#5763=EDGE_CURVE('',#4673,#4673,#226,.T.);
#5764=EDGE_CURVE('',#4673,#4672,#2016,.T.);
#5765=EDGE_CURVE('',#4674,#4674,#227,.T.);
#5766=EDGE_CURVE('',#4674,#4675,#2017,.T.);
#5767=EDGE_CURVE('',#4675,#4675,#228,.T.);
#5768=EDGE_CURVE('',#4676,#4676,#229,.T.);
#5769=EDGE_CURVE('',#4676,#4675,#2018,.T.);
#5770=EDGE_CURVE('',#4677,#4677,#230,.T.);
#5771=EDGE_CURVE('',#4677,#4678,#2019,.T.);
#5772=EDGE_CURVE('',#4678,#4678,#231,.T.);
#5773=EDGE_CURVE('',#4679,#4679,#232,.T.);
#5774=EDGE_CURVE('',#4679,#4678,#2020,.T.);
#5775=EDGE_CURVE('',#4680,#4680,#233,.T.);
#5776=EDGE_CURVE('',#4680,#4681,#2021,.T.);
#5777=EDGE_CURVE('',#4681,#4681,#234,.T.);
#5778=EDGE_CURVE('',#4682,#4682,#235,.T.);
#5779=EDGE_CURVE('',#4682,#4681,#2022,.T.);
#5780=EDGE_CURVE('',#4683,#4683,#236,.T.);
#5781=EDGE_CURVE('',#4683,#4684,#2023,.T.);
#5782=EDGE_CURVE('',#4684,#4684,#237,.T.);
#5783=EDGE_CURVE('',#4685,#4685,#238,.T.);
#5784=EDGE_CURVE('',#4685,#4684,#2024,.T.);
#5785=EDGE_CURVE('',#4686,#4686,#239,.T.);
#5786=EDGE_CURVE('',#4686,#4687,#2025,.T.);
#5787=EDGE_CURVE('',#4687,#4687,#240,.T.);
#5788=EDGE_CURVE('',#4688,#4688,#241,.T.);
#5789=EDGE_CURVE('',#4688,#4687,#2026,.T.);
#5790=EDGE_CURVE('',#4689,#4689,#242,.T.);
#5791=EDGE_CURVE('',#4689,#4690,#2027,.T.);
#5792=EDGE_CURVE('',#4690,#4690,#243,.T.);
#5793=EDGE_CURVE('',#4691,#4691,#244,.T.);
#5794=EDGE_CURVE('',#4691,#4690,#2028,.T.);
#5795=EDGE_CURVE('',#4692,#4692,#245,.T.);
#5796=EDGE_CURVE('',#4692,#4693,#2029,.T.);
#5797=EDGE_CURVE('',#4693,#4693,#246,.T.);
#5798=EDGE_CURVE('',#4694,#4694,#247,.T.);
#5799=EDGE_CURVE('',#4694,#4693,#2030,.T.);
#5800=EDGE_CURVE('',#4695,#4696,#2031,.T.);
#5801=EDGE_CURVE('',#4696,#4697,#2032,.T.);
#5802=EDGE_CURVE('',#4698,#4697,#2033,.F.);
#5803=EDGE_CURVE('',#4698,#4695,#2034,.T.);
#5804=EDGE_CURVE('',#4699,#4700,#2035,.T.);
#5805=EDGE_CURVE('',#4700,#4663,#2036,.T.);
#5806=EDGE_CURVE('',#4699,#4662,#2037,.T.);
#5807=EDGE_CURVE('',#4701,#4699,#2038,.T.);
#5808=EDGE_CURVE('',#4702,#4701,#2039,.T.);
#5809=EDGE_CURVE('',#4700,#4702,#2040,.T.);
#5810=EDGE_CURVE('',#4703,#4701,#2041,.T.);
#5811=EDGE_CURVE('',#4704,#4703,#2042,.T.);
#5812=EDGE_CURVE('',#4702,#4704,#2043,.T.);
#5813=EDGE_CURVE('',#4705,#4703,#2044,.T.);
#5814=EDGE_CURVE('',#4706,#4705,#2045,.F.);
#5815=EDGE_CURVE('',#4704,#4706,#2046,.T.);
#5816=EDGE_CURVE('',#4707,#4705,#2047,.T.);
#5817=EDGE_CURVE('',#4708,#4707,#2048,.F.);
#5818=EDGE_CURVE('',#4706,#4708,#2049,.T.);
#5819=EDGE_CURVE('',#4709,#4707,#2050,.T.);
#5820=EDGE_CURVE('',#4710,#4709,#2051,.T.);
#5821=EDGE_CURVE('',#4708,#4710,#2052,.T.);
#5822=EDGE_CURVE('',#4711,#4709,#2053,.T.);
#5823=EDGE_CURVE('',#4712,#4711,#2054,.T.);
#5824=EDGE_CURVE('',#4710,#4712,#2055,.T.);
#5825=EDGE_CURVE('',#4713,#4711,#2056,.T.);
#5826=EDGE_CURVE('',#4714,#4713,#2057,.F.);
#5827=EDGE_CURVE('',#4712,#4714,#2058,.T.);
#5828=EDGE_CURVE('',#4715,#4713,#2059,.T.);
#5829=EDGE_CURVE('',#4716,#4715,#2060,.F.);
#5830=EDGE_CURVE('',#4714,#4716,#2061,.T.);
#5831=EDGE_CURVE('',#4717,#4715,#2062,.T.);
#5832=EDGE_CURVE('',#4718,#4717,#2063,.T.);
#5833=EDGE_CURVE('',#4716,#4718,#2064,.T.);
#5834=EDGE_CURVE('',#4719,#4717,#2065,.T.);
#5835=EDGE_CURVE('',#4720,#4719,#2066,.T.);
#5836=EDGE_CURVE('',#4718,#4720,#2067,.T.);
#5837=EDGE_CURVE('',#4721,#4719,#2068,.T.);
#5838=EDGE_CURVE('',#4722,#4721,#2069,.F.);
#5839=EDGE_CURVE('',#4720,#4722,#2070,.T.);
#5840=EDGE_CURVE('',#4723,#4721,#2071,.T.);
#5841=EDGE_CURVE('',#4724,#4723,#2072,.F.);
#5842=EDGE_CURVE('',#4722,#4724,#2073,.T.);
#5843=EDGE_CURVE('',#4725,#4723,#2074,.T.);
#5844=EDGE_CURVE('',#4726,#4725,#2075,.T.);
#5845=EDGE_CURVE('',#4724,#4726,#2076,.T.);
#5846=EDGE_CURVE('',#4727,#4725,#2077,.T.);
#5847=EDGE_CURVE('',#4728,#4727,#2078,.T.);
#5848=EDGE_CURVE('',#4726,#4728,#2079,.T.);
#5849=EDGE_CURVE('',#4729,#4727,#2080,.T.);
#5850=EDGE_CURVE('',#4730,#4729,#2081,.F.);
#5851=EDGE_CURVE('',#4728,#4730,#2082,.T.);
#5852=EDGE_CURVE('',#4731,#4729,#2083,.T.);
#5853=EDGE_CURVE('',#4732,#4731,#2084,.F.);
#5854=EDGE_CURVE('',#4730,#4732,#2085,.T.);
#5855=EDGE_CURVE('',#4733,#4731,#2086,.T.);
#5856=EDGE_CURVE('',#4734,#4733,#2087,.T.);
#5857=EDGE_CURVE('',#4732,#4734,#2088,.T.);
#5858=EDGE_CURVE('',#4735,#4733,#2089,.T.);
#5859=EDGE_CURVE('',#4736,#4735,#2090,.T.);
#5860=EDGE_CURVE('',#4734,#4736,#2091,.T.);
#5861=EDGE_CURVE('',#4737,#4735,#2092,.T.);
#5862=EDGE_CURVE('',#4738,#4737,#2093,.F.);
#5863=EDGE_CURVE('',#4736,#4738,#2094,.T.);
#5864=EDGE_CURVE('',#4739,#4737,#2095,.T.);
#5865=EDGE_CURVE('',#4740,#4739,#2096,.F.);
#5866=EDGE_CURVE('',#4738,#4740,#2097,.T.);
#5867=EDGE_CURVE('',#4741,#4739,#2098,.T.);
#5868=EDGE_CURVE('',#4742,#4741,#2099,.T.);
#5869=EDGE_CURVE('',#4740,#4742,#2100,.T.);
#5870=EDGE_CURVE('',#4743,#4741,#2101,.T.);
#5871=EDGE_CURVE('',#4744,#4743,#2102,.T.);
#5872=EDGE_CURVE('',#4742,#4744,#2103,.T.);
#5873=EDGE_CURVE('',#4745,#4743,#2104,.T.);
#5874=EDGE_CURVE('',#4746,#4745,#2105,.F.);
#5875=EDGE_CURVE('',#4744,#4746,#2106,.T.);
#5876=EDGE_CURVE('',#4747,#4745,#2107,.T.);
#5877=EDGE_CURVE('',#4748,#4747,#2108,.F.);
#5878=EDGE_CURVE('',#4746,#4748,#2109,.T.);
#5879=EDGE_CURVE('',#4749,#4747,#2110,.T.);
#5880=EDGE_CURVE('',#4750,#4749,#2111,.T.);
#5881=EDGE_CURVE('',#4748,#4750,#2112,.T.);
#5882=EDGE_CURVE('',#4751,#4749,#2113,.T.);
#5883=EDGE_CURVE('',#4752,#4751,#2114,.T.);
#5884=EDGE_CURVE('',#4750,#4752,#2115,.T.);
#5885=EDGE_CURVE('',#4753,#4751,#2116,.T.);
#5886=EDGE_CURVE('',#4754,#4753,#2117,.F.);
#5887=EDGE_CURVE('',#4752,#4754,#2118,.T.);
#5888=EDGE_CURVE('',#4755,#4753,#2119,.T.);
#5889=EDGE_CURVE('',#4756,#4755,#2120,.F.);
#5890=EDGE_CURVE('',#4754,#4756,#2121,.T.);
#5891=EDGE_CURVE('',#4757,#4758,#2122,.F.);
#5892=EDGE_CURVE('',#4756,#4757,#2123,.T.);
#5893=EDGE_CURVE('',#4758,#4755,#2124,.T.);
#5894=EDGE_CURVE('',#4759,#4760,#2125,.F.);
#5895=EDGE_CURVE('',#4761,#4759,#2126,.T.);
#5896=EDGE_CURVE('',#4762,#4761,#2127,.F.);
#5897=EDGE_CURVE('',#4760,#4762,#2128,.T.);
#5898=EDGE_CURVE('',#4763,#4764,#2129,.F.);
#5899=EDGE_CURVE('',#4765,#4763,#2130,.T.);
#5900=EDGE_CURVE('',#4766,#4765,#2131,.F.);
#5901=EDGE_CURVE('',#4764,#4766,#2132,.T.);
#5902=EDGE_CURVE('',#4767,#4768,#2133,.F.);
#5903=EDGE_CURVE('',#4769,#4767,#2134,.T.);
#5904=EDGE_CURVE('',#4770,#4769,#2135,.F.);
#5905=EDGE_CURVE('',#4768,#4770,#2136,.T.);
#5906=EDGE_CURVE('',#4771,#4772,#2137,.F.);
#5907=EDGE_CURVE('',#4773,#4771,#2138,.T.);
#5908=EDGE_CURVE('',#4774,#4773,#2139,.F.);
#5909=EDGE_CURVE('',#4772,#4774,#2140,.T.);
#5910=EDGE_CURVE('',#4775,#4776,#2141,.F.);
#5911=EDGE_CURVE('',#4777,#4775,#2142,.T.);
#5912=EDGE_CURVE('',#4778,#4777,#2143,.F.);
#5913=EDGE_CURVE('',#4776,#4778,#2144,.T.);
#5914=EDGE_CURVE('',#4779,#4780,#2145,.F.);
#5915=EDGE_CURVE('',#4781,#4779,#2146,.T.);
#5916=EDGE_CURVE('',#4782,#4781,#2147,.F.);
#5917=EDGE_CURVE('',#4780,#4782,#2148,.T.);
#5918=EDGE_CURVE('',#4783,#4784,#2149,.F.);
#5919=EDGE_CURVE('',#4785,#4783,#2150,.T.);
#5920=EDGE_CURVE('',#4786,#4785,#2151,.F.);
#5921=EDGE_CURVE('',#4784,#4786,#2152,.T.);
#5922=EDGE_CURVE('',#4787,#4788,#2153,.F.);
#5923=EDGE_CURVE('',#4789,#4787,#2154,.T.);
#5924=EDGE_CURVE('',#4790,#4789,#2155,.F.);
#5925=EDGE_CURVE('',#4788,#4790,#2156,.T.);
#5926=EDGE_CURVE('',#4791,#4792,#2157,.F.);
#5927=EDGE_CURVE('',#4793,#4791,#2158,.T.);
#5928=EDGE_CURVE('',#4794,#4793,#2159,.F.);
#5929=EDGE_CURVE('',#4792,#4794,#2160,.T.);
#5930=EDGE_CURVE('',#4795,#4796,#2161,.F.);
#5931=EDGE_CURVE('',#4797,#4795,#2162,.T.);
#5932=EDGE_CURVE('',#4798,#4797,#2163,.F.);
#5933=EDGE_CURVE('',#4796,#4798,#2164,.T.);
#5934=EDGE_CURVE('',#4758,#4799,#2165,.T.);
#5935=EDGE_CURVE('',#4799,#4800,#2166,.T.);
#5936=EDGE_CURVE('',#4800,#4757,#2167,.T.);
#5937=EDGE_CURVE('',#4799,#4798,#2168,.T.);
#5938=EDGE_CURVE('',#4797,#4800,#2169,.T.);
#5939=EDGE_CURVE('',#4796,#4801,#2170,.T.);
#5940=EDGE_CURVE('',#4801,#4802,#2171,.F.);
#5941=EDGE_CURVE('',#4802,#4795,#2172,.T.);
#5942=EDGE_CURVE('',#4801,#4803,#2173,.T.);
#5943=EDGE_CURVE('',#4803,#4804,#2174,.T.);
#5944=EDGE_CURVE('',#4804,#4802,#2175,.T.);
#5945=EDGE_CURVE('',#4803,#4794,#2176,.T.);
#5946=EDGE_CURVE('',#4793,#4804,#2177,.T.);
#5947=EDGE_CURVE('',#4792,#4805,#2178,.T.);
#5948=EDGE_CURVE('',#4805,#4806,#2179,.F.);
#5949=EDGE_CURVE('',#4806,#4791,#2180,.T.);
#5950=EDGE_CURVE('',#4805,#4807,#2181,.T.);
#5951=EDGE_CURVE('',#4807,#4808,#2182,.T.);
#5952=EDGE_CURVE('',#4808,#4806,#2183,.T.);
#5953=EDGE_CURVE('',#4807,#4790,#2184,.T.);
#5954=EDGE_CURVE('',#4789,#4808,#2185,.T.);
#5955=EDGE_CURVE('',#4788,#4809,#2186,.T.);
#5956=EDGE_CURVE('',#4809,#4810,#2187,.F.);
#5957=EDGE_CURVE('',#4810,#4787,#2188,.T.);
#5958=EDGE_CURVE('',#4809,#4811,#2189,.T.);
#5959=EDGE_CURVE('',#4811,#4812,#2190,.T.);
#5960=EDGE_CURVE('',#4812,#4810,#2191,.T.);
#5961=EDGE_CURVE('',#4811,#4786,#2192,.T.);
#5962=EDGE_CURVE('',#4785,#4812,#2193,.T.);
#5963=EDGE_CURVE('',#4784,#4813,#2194,.T.);
#5964=EDGE_CURVE('',#4813,#4814,#2195,.F.);
#5965=EDGE_CURVE('',#4814,#4783,#2196,.T.);
#5966=EDGE_CURVE('',#4813,#4815,#2197,.T.);
#5967=EDGE_CURVE('',#4815,#4816,#2198,.T.);
#5968=EDGE_CURVE('',#4816,#4814,#2199,.T.);
#5969=EDGE_CURVE('',#4815,#4782,#2200,.T.);
#5970=EDGE_CURVE('',#4781,#4816,#2201,.T.);
#5971=EDGE_CURVE('',#4780,#4817,#2202,.T.);
#5972=EDGE_CURVE('',#4817,#4818,#2203,.F.);
#5973=EDGE_CURVE('',#4818,#4779,#2204,.T.);
#5974=EDGE_CURVE('',#4817,#4819,#2205,.T.);
#5975=EDGE_CURVE('',#4819,#4820,#2206,.T.);
#5976=EDGE_CURVE('',#4820,#4818,#2207,.T.);
#5977=EDGE_CURVE('',#4819,#4778,#2208,.T.);
#5978=EDGE_CURVE('',#4777,#4820,#2209,.T.);
#5979=EDGE_CURVE('',#4776,#4821,#2210,.T.);
#5980=EDGE_CURVE('',#4821,#4822,#2211,.F.);
#5981=EDGE_CURVE('',#4822,#4775,#2212,.T.);
#5982=EDGE_CURVE('',#4821,#4823,#2213,.T.);
#5983=EDGE_CURVE('',#4823,#4824,#2214,.T.);
#5984=EDGE_CURVE('',#4824,#4822,#2215,.T.);
#5985=EDGE_CURVE('',#4823,#4774,#2216,.T.);
#5986=EDGE_CURVE('',#4773,#4824,#2217,.T.);
#5987=EDGE_CURVE('',#4772,#4825,#2218,.T.);
#5988=EDGE_CURVE('',#4825,#4826,#2219,.F.);
#5989=EDGE_CURVE('',#4826,#4771,#2220,.T.);
#5990=EDGE_CURVE('',#4825,#4827,#2221,.T.);
#5991=EDGE_CURVE('',#4827,#4828,#2222,.T.);
#5992=EDGE_CURVE('',#4828,#4826,#2223,.T.);
#5993=EDGE_CURVE('',#4827,#4770,#2224,.T.);
#5994=EDGE_CURVE('',#4769,#4828,#2225,.T.);
#5995=EDGE_CURVE('',#4768,#4829,#2226,.T.);
#5996=EDGE_CURVE('',#4829,#4830,#2227,.F.);
#5997=EDGE_CURVE('',#4830,#4767,#2228,.T.);
#5998=EDGE_CURVE('',#4829,#4831,#2229,.T.);
#5999=EDGE_CURVE('',#4831,#4832,#2230,.T.);
#6000=EDGE_CURVE('',#4832,#4830,#2231,.T.);
#6001=EDGE_CURVE('',#4831,#4766,#2232,.T.);
#6002=EDGE_CURVE('',#4765,#4832,#2233,.T.);
#6003=EDGE_CURVE('',#4764,#4833,#2234,.T.);
#6004=EDGE_CURVE('',#4833,#4834,#2235,.F.);
#6005=EDGE_CURVE('',#4834,#4763,#2236,.T.);
#6006=EDGE_CURVE('',#4833,#4835,#2237,.T.);
#6007=EDGE_CURVE('',#4835,#4836,#2238,.T.);
#6008=EDGE_CURVE('',#4836,#4834,#2239,.T.);
#6009=EDGE_CURVE('',#4835,#4762,#2240,.T.);
#6010=EDGE_CURVE('',#4761,#4836,#2241,.T.);
#6011=EDGE_CURVE('',#4760,#4837,#2242,.T.);
#6012=EDGE_CURVE('',#4837,#4838,#2243,.F.);
#6013=EDGE_CURVE('',#4838,#4759,#2244,.T.);
#6014=EDGE_CURVE('',#4837,#4839,#2245,.T.);
#6015=EDGE_CURVE('',#4839,#4840,#2246,.T.);
#6016=EDGE_CURVE('',#4840,#4838,#2247,.T.);
#6017=EDGE_CURVE('',#4839,#4698,#2248,.T.);
#6018=EDGE_CURVE('',#4697,#4840,#2249,.T.);
#6019=EDGE_CURVE('',#4661,#4841,#2250,.T.);
#6020=EDGE_CURVE('',#4695,#4841,#248,.F.);
#6021=EDGE_CURVE('',#4696,#4842,#249,.T.);
#6022=EDGE_CURVE('',#4842,#4841,#2251,.T.);
#6023=EDGE_CURVE('',#4664,#4842,#2252,.T.);
#6024=EDGE_CURVE('',#4843,#4844,#2253,.T.);
#6025=EDGE_CURVE('',#4845,#4844,#2254,.F.);
#6026=EDGE_CURVE('',#4846,#4845,#2255,.F.);
#6027=EDGE_CURVE('',#4843,#4846,#2256,.F.);
#6028=EDGE_CURVE('',#4847,#4847,#250,.T.);
#6029=EDGE_CURVE('',#4847,#4660,#2257,.T.);
#6030=EDGE_CURVE('',#4848,#4848,#251,.T.);
#6031=EDGE_CURVE('',#4848,#4659,#2258,.T.);
#6032=EDGE_CURVE('',#4843,#4849,#2259,.F.);
#6033=EDGE_CURVE('',#4850,#4849,#2260,.F.);
#6034=EDGE_CURVE('',#4844,#4850,#2261,.F.);
#6035=EDGE_CURVE('',#4851,#4850,#2262,.F.);
#6036=EDGE_CURVE('',#4845,#4851,#2263,.T.);
#6037=EDGE_CURVE('',#4852,#4851,#2264,.F.);
#6038=EDGE_CURVE('',#4846,#4852,#2265,.F.);
#6039=EDGE_CURVE('',#4849,#4852,#2266,.F.);
#6040=EDGE_CURVE('',#4853,#4853,#252,.T.);
#6041=EDGE_CURVE('',#4854,#4854,#253,.T.);
#6042=EDGE_CURVE('',#4855,#4856,#254,.T.);
#6043=EDGE_CURVE('',#4855,#4857,#2267,.T.);
#6044=EDGE_CURVE('',#4857,#4858,#255,.F.);
#6045=EDGE_CURVE('',#4858,#4856,#2268,.T.);
#6046=EDGE_CURVE('',#4858,#4859,#2269,.T.);
#6047=EDGE_CURVE('',#4860,#4859,#2270,.F.);
#6048=EDGE_CURVE('',#4860,#4856,#2271,.T.);
#6049=EDGE_CURVE('',#4861,#4862,#2272,.T.);
#6050=EDGE_CURVE('',#4862,#4863,#2273,.T.);
#6051=EDGE_CURVE('',#4863,#4864,#2274,.T.);
#6052=EDGE_CURVE('',#4864,#4861,#2275,.T.);
#6053=EDGE_CURVE('',#4865,#4861,#2276,.T.);
#6054=EDGE_CURVE('',#4864,#4866,#2277,.T.);
#6055=EDGE_CURVE('',#4866,#4865,#2278,.T.);
#6056=EDGE_CURVE('',#4867,#4865,#2279,.T.);
#6057=EDGE_CURVE('',#4866,#4868,#2280,.T.);
#6058=EDGE_CURVE('',#4868,#4867,#2281,.T.);
#6059=EDGE_CURVE('',#4869,#4867,#2282,.T.);
#6060=EDGE_CURVE('',#4868,#4870,#2283,.T.);
#6061=EDGE_CURVE('',#4870,#4869,#2284,.T.);
#6062=EDGE_CURVE('',#4871,#4869,#2285,.T.);
#6063=EDGE_CURVE('',#4870,#4872,#2286,.T.);
#6064=EDGE_CURVE('',#4872,#4871,#2287,.T.);
#6065=EDGE_CURVE('',#4873,#4871,#2288,.T.);
#6066=EDGE_CURVE('',#4872,#4874,#2289,.T.);
#6067=EDGE_CURVE('',#4874,#4873,#2290,.T.);
#6068=EDGE_CURVE('',#4875,#4873,#2291,.T.);
#6069=EDGE_CURVE('',#4874,#4876,#2292,.T.);
#6070=EDGE_CURVE('',#4876,#4875,#2293,.T.);
#6071=EDGE_CURVE('',#4877,#4875,#2294,.T.);
#6072=EDGE_CURVE('',#4876,#4878,#2295,.T.);
#6073=EDGE_CURVE('',#4878,#4877,#2296,.T.);
#6074=EDGE_CURVE('',#4879,#4877,#2297,.T.);
#6075=EDGE_CURVE('',#4878,#4880,#2298,.T.);
#6076=EDGE_CURVE('',#4880,#4879,#2299,.T.);
#6077=EDGE_CURVE('',#4881,#4879,#2300,.T.);
#6078=EDGE_CURVE('',#4880,#4882,#2301,.T.);
#6079=EDGE_CURVE('',#4882,#4881,#2302,.T.);
#6080=EDGE_CURVE('',#4883,#4881,#2303,.T.);
#6081=EDGE_CURVE('',#4882,#4884,#2304,.T.);
#6082=EDGE_CURVE('',#4884,#4883,#2305,.T.);
#6083=EDGE_CURVE('',#4885,#4883,#2306,.T.);
#6084=EDGE_CURVE('',#4884,#4886,#2307,.T.);
#6085=EDGE_CURVE('',#4886,#4885,#2308,.T.);
#6086=EDGE_CURVE('',#4887,#4885,#2309,.T.);
#6087=EDGE_CURVE('',#4886,#4888,#2310,.T.);
#6088=EDGE_CURVE('',#4888,#4887,#2311,.T.);
#6089=EDGE_CURVE('',#4889,#4887,#2312,.T.);
#6090=EDGE_CURVE('',#4888,#4890,#2313,.T.);
#6091=EDGE_CURVE('',#4890,#4889,#2314,.T.);
#6092=EDGE_CURVE('',#4891,#4889,#2315,.T.);
#6093=EDGE_CURVE('',#4890,#4892,#2316,.T.);
#6094=EDGE_CURVE('',#4892,#4891,#2317,.T.);
#6095=EDGE_CURVE('',#4893,#4891,#2318,.T.);
#6096=EDGE_CURVE('',#4892,#4894,#2319,.T.);
#6097=EDGE_CURVE('',#4894,#4893,#2320,.T.);
#6098=EDGE_CURVE('',#4895,#4893,#2321,.T.);
#6099=EDGE_CURVE('',#4894,#4896,#2322,.T.);
#6100=EDGE_CURVE('',#4896,#4895,#2323,.T.);
#6101=EDGE_CURVE('',#4897,#4895,#2324,.T.);
#6102=EDGE_CURVE('',#4896,#4898,#2325,.T.);
#6103=EDGE_CURVE('',#4898,#4897,#2326,.T.);
#6104=EDGE_CURVE('',#4899,#4897,#2327,.T.);
#6105=EDGE_CURVE('',#4898,#4900,#2328,.T.);
#6106=EDGE_CURVE('',#4900,#4899,#2329,.T.);
#6107=EDGE_CURVE('',#4901,#4899,#2330,.T.);
#6108=EDGE_CURVE('',#4900,#4902,#2331,.T.);
#6109=EDGE_CURVE('',#4902,#4901,#2332,.T.);
#6110=EDGE_CURVE('',#4903,#4901,#2333,.T.);
#6111=EDGE_CURVE('',#4902,#4904,#2334,.T.);
#6112=EDGE_CURVE('',#4904,#4903,#2335,.T.);
#6113=EDGE_CURVE('',#4905,#4903,#2336,.T.);
#6114=EDGE_CURVE('',#4904,#4906,#2337,.T.);
#6115=EDGE_CURVE('',#4906,#4905,#2338,.T.);
#6116=EDGE_CURVE('',#4907,#4905,#2339,.T.);
#6117=EDGE_CURVE('',#4906,#4908,#2340,.T.);
#6118=EDGE_CURVE('',#4908,#4907,#2341,.T.);
#6119=EDGE_CURVE('',#4909,#4907,#2342,.T.);
#6120=EDGE_CURVE('',#4908,#4910,#2343,.T.);
#6121=EDGE_CURVE('',#4910,#4909,#2344,.T.);
#6122=EDGE_CURVE('',#4911,#4909,#2345,.T.);
#6123=EDGE_CURVE('',#4910,#4912,#2346,.T.);
#6124=EDGE_CURVE('',#4912,#4911,#2347,.T.);
#6125=EDGE_CURVE('',#4913,#4911,#2348,.T.);
#6126=EDGE_CURVE('',#4912,#4914,#2349,.T.);
#6127=EDGE_CURVE('',#4914,#4913,#2350,.T.);
#6128=EDGE_CURVE('',#4915,#4913,#2351,.T.);
#6129=EDGE_CURVE('',#4914,#4916,#2352,.T.);
#6130=EDGE_CURVE('',#4916,#4915,#2353,.T.);
#6131=EDGE_CURVE('',#4917,#4915,#2354,.T.);
#6132=EDGE_CURVE('',#4916,#4918,#2355,.T.);
#6133=EDGE_CURVE('',#4918,#4917,#2356,.T.);
#6134=EDGE_CURVE('',#4857,#4919,#2357,.T.);
#6135=EDGE_CURVE('',#4920,#4919,#256,.T.);
#6136=EDGE_CURVE('',#4920,#4862,#2358,.T.);
#6137=EDGE_CURVE('',#4921,#4917,#2359,.T.);
#6138=EDGE_CURVE('',#4922,#4921,#2360,.T.);
#6139=EDGE_CURVE('',#4923,#4922,#2361,.T.);
#6140=EDGE_CURVE('',#4923,#4924,#2362,.T.);
#6141=EDGE_CURVE('',#4925,#4924,#2363,.T.);
#6142=EDGE_CURVE('',#4926,#4925,#2364,.T.);
#6143=EDGE_CURVE('',#4927,#4926,#2365,.T.);
#6144=EDGE_CURVE('',#4927,#4928,#2366,.T.);
#6145=EDGE_CURVE('',#4929,#4928,#2367,.T.);
#6146=EDGE_CURVE('',#4930,#4929,#2368,.T.);
#6147=EDGE_CURVE('',#4931,#4930,#2369,.T.);
#6148=EDGE_CURVE('',#4931,#4932,#2370,.T.);
#6149=EDGE_CURVE('',#4933,#4932,#2371,.T.);
#6150=EDGE_CURVE('',#4934,#4933,#2372,.T.);
#6151=EDGE_CURVE('',#4935,#4934,#2373,.T.);
#6152=EDGE_CURVE('',#4935,#4936,#2374,.T.);
#6153=EDGE_CURVE('',#4937,#4936,#2375,.T.);
#6154=EDGE_CURVE('',#4938,#4937,#2376,.T.);
#6155=EDGE_CURVE('',#4939,#4938,#2377,.T.);
#6156=EDGE_CURVE('',#4939,#4940,#2378,.T.);
#6157=EDGE_CURVE('',#4941,#4940,#2379,.T.);
#6158=EDGE_CURVE('',#4942,#4941,#2380,.T.);
#6159=EDGE_CURVE('',#4943,#4942,#2381,.T.);
#6160=EDGE_CURVE('',#4943,#4944,#2382,.T.);
#6161=EDGE_CURVE('',#4945,#4944,#2383,.T.);
#6162=EDGE_CURVE('',#4946,#4945,#2384,.T.);
#6163=EDGE_CURVE('',#4947,#4946,#2385,.T.);
#6164=EDGE_CURVE('',#4947,#4948,#2386,.T.);
#6165=EDGE_CURVE('',#4949,#4948,#2387,.T.);
#6166=EDGE_CURVE('',#4950,#4949,#2388,.T.);
#6167=EDGE_CURVE('',#4951,#4950,#2389,.T.);
#6168=EDGE_CURVE('',#4951,#4952,#2390,.T.);
#6169=EDGE_CURVE('',#4953,#4952,#2391,.T.);
#6170=EDGE_CURVE('',#4954,#4953,#2392,.T.);
#6171=EDGE_CURVE('',#4955,#4954,#2393,.T.);
#6172=EDGE_CURVE('',#4955,#4956,#2394,.T.);
#6173=EDGE_CURVE('',#4957,#4956,#2395,.T.);
#6174=EDGE_CURVE('',#4958,#4957,#2396,.T.);
#6175=EDGE_CURVE('',#4959,#4958,#2397,.T.);
#6176=EDGE_CURVE('',#4959,#4960,#2398,.T.);
#6177=EDGE_CURVE('',#4961,#4960,#2399,.T.);
#6178=EDGE_CURVE('',#4962,#4961,#2400,.T.);
#6179=EDGE_CURVE('',#4859,#4962,#2401,.T.);
#6180=EDGE_CURVE('',#4963,#4963,#257,.T.);
#6181=EDGE_CURVE('',#4964,#4964,#258,.T.);
#6182=EDGE_CURVE('',#4965,#4965,#259,.T.);
#6183=EDGE_CURVE('',#4966,#4966,#260,.T.);
#6184=EDGE_CURVE('',#4967,#4967,#261,.T.);
#6185=EDGE_CURVE('',#4968,#4968,#262,.T.);
#6186=EDGE_CURVE('',#4969,#4969,#263,.T.);
#6187=EDGE_CURVE('',#4970,#4970,#264,.T.);
#6188=EDGE_CURVE('',#4971,#4971,#265,.T.);
#6189=EDGE_CURVE('',#4855,#4972,#2402,.T.);
#6190=EDGE_CURVE('',#4919,#4972,#2403,.T.);
#6191=EDGE_CURVE('',#4963,#4973,#2404,.T.);
#6192=EDGE_CURVE('',#4973,#4973,#266,.T.);
#6193=EDGE_CURVE('',#4974,#4974,#267,.T.);
#6194=EDGE_CURVE('',#4974,#4973,#2405,.T.);
#6195=EDGE_CURVE('',#4971,#4975,#2406,.T.);
#6196=EDGE_CURVE('',#4975,#4975,#268,.T.);
#6197=EDGE_CURVE('',#4976,#4976,#269,.T.);
#6198=EDGE_CURVE('',#4976,#4975,#2407,.T.);
#6199=EDGE_CURVE('',#4964,#4977,#2408,.T.);
#6200=EDGE_CURVE('',#4977,#4977,#270,.T.);
#6201=EDGE_CURVE('',#4978,#4978,#271,.T.);
#6202=EDGE_CURVE('',#4978,#4977,#2409,.T.);
#6203=EDGE_CURVE('',#4970,#4979,#2410,.T.);
#6204=EDGE_CURVE('',#4979,#4979,#272,.T.);
#6205=EDGE_CURVE('',#4980,#4980,#273,.T.);
#6206=EDGE_CURVE('',#4980,#4979,#2411,.T.);
#6207=EDGE_CURVE('',#4965,#4981,#2412,.T.);
#6208=EDGE_CURVE('',#4981,#4981,#274,.T.);
#6209=EDGE_CURVE('',#4982,#4982,#275,.T.);
#6210=EDGE_CURVE('',#4982,#4981,#2413,.T.);
#6211=EDGE_CURVE('',#4969,#4983,#2414,.T.);
#6212=EDGE_CURVE('',#4983,#4983,#276,.T.);
#6213=EDGE_CURVE('',#4984,#4984,#277,.T.);
#6214=EDGE_CURVE('',#4984,#4983,#2415,.T.);
#6215=EDGE_CURVE('',#4966,#4985,#2416,.T.);
#6216=EDGE_CURVE('',#4985,#4985,#278,.T.);
#6217=EDGE_CURVE('',#4986,#4986,#279,.T.);
#6218=EDGE_CURVE('',#4986,#4985,#2417,.T.);
#6219=EDGE_CURVE('',#4968,#4987,#2418,.T.);
#6220=EDGE_CURVE('',#4987,#4987,#280,.T.);
#6221=EDGE_CURVE('',#4988,#4988,#281,.T.);
#6222=EDGE_CURVE('',#4988,#4987,#2419,.T.);
#6223=EDGE_CURVE('',#4967,#4989,#2420,.T.);
#6224=EDGE_CURVE('',#4989,#4989,#282,.T.);
#6225=EDGE_CURVE('',#4990,#4990,#283,.T.);
#6226=EDGE_CURVE('',#4990,#4989,#2421,.T.);
#6227=EDGE_CURVE('',#4991,#4920,#2422,.T.);
#6228=EDGE_CURVE('',#4991,#4863,#2423,.T.);
#6229=EDGE_CURVE('',#4972,#4991,#284,.T.);
#6230=EDGE_CURVE('',#4921,#4992,#2424,.T.);
#6231=EDGE_CURVE('',#4918,#4992,#2425,.T.);
#6232=EDGE_CURVE('',#4993,#4860,#2426,.T.);
#6233=EDGE_CURVE('',#4994,#4993,#2427,.T.);
#6234=EDGE_CURVE('',#4995,#4994,#2428,.T.);
#6235=EDGE_CURVE('',#4995,#4996,#2429,.T.);
#6236=EDGE_CURVE('',#4997,#4996,#2430,.T.);
#6237=EDGE_CURVE('',#4998,#4997,#2431,.T.);
#6238=EDGE_CURVE('',#4999,#4998,#2432,.T.);
#6239=EDGE_CURVE('',#4999,#5000,#2433,.T.);
#6240=EDGE_CURVE('',#5001,#5000,#2434,.T.);
#6241=EDGE_CURVE('',#5002,#5001,#2435,.T.);
#6242=EDGE_CURVE('',#5003,#5002,#2436,.T.);
#6243=EDGE_CURVE('',#5003,#5004,#2437,.T.);
#6244=EDGE_CURVE('',#5005,#5004,#2438,.T.);
#6245=EDGE_CURVE('',#5006,#5005,#2439,.T.);
#6246=EDGE_CURVE('',#5007,#5006,#2440,.T.);
#6247=EDGE_CURVE('',#5007,#5008,#2441,.T.);
#6248=EDGE_CURVE('',#5009,#5008,#2442,.T.);
#6249=EDGE_CURVE('',#5010,#5009,#2443,.T.);
#6250=EDGE_CURVE('',#5011,#5010,#2444,.T.);
#6251=EDGE_CURVE('',#5011,#5012,#2445,.T.);
#6252=EDGE_CURVE('',#5013,#5012,#2446,.T.);
#6253=EDGE_CURVE('',#5014,#5013,#2447,.T.);
#6254=EDGE_CURVE('',#5015,#5014,#2448,.T.);
#6255=EDGE_CURVE('',#5015,#5016,#2449,.T.);
#6256=EDGE_CURVE('',#5017,#5016,#2450,.T.);
#6257=EDGE_CURVE('',#5018,#5017,#2451,.T.);
#6258=EDGE_CURVE('',#5019,#5018,#2452,.T.);
#6259=EDGE_CURVE('',#5019,#5020,#2453,.T.);
#6260=EDGE_CURVE('',#5021,#5020,#2454,.T.);
#6261=EDGE_CURVE('',#5022,#5021,#2455,.T.);
#6262=EDGE_CURVE('',#5023,#5022,#2456,.T.);
#6263=EDGE_CURVE('',#5023,#5024,#2457,.T.);
#6264=EDGE_CURVE('',#5025,#5024,#2458,.T.);
#6265=EDGE_CURVE('',#5026,#5025,#2459,.T.);
#6266=EDGE_CURVE('',#5027,#5026,#2460,.T.);
#6267=EDGE_CURVE('',#5027,#5028,#2461,.T.);
#6268=EDGE_CURVE('',#5029,#5028,#2462,.T.);
#6269=EDGE_CURVE('',#5030,#5029,#2463,.T.);
#6270=EDGE_CURVE('',#5031,#5030,#2464,.T.);
#6271=EDGE_CURVE('',#5031,#5032,#2465,.T.);
#6272=EDGE_CURVE('',#5033,#5032,#2466,.T.);
#6273=EDGE_CURVE('',#4992,#5033,#2467,.T.);
#6274=EDGE_CURVE('',#5034,#5035,#2468,.T.);
#6275=EDGE_CURVE('',#5036,#5035,#2469,.F.);
#6276=EDGE_CURVE('',#5037,#5036,#2470,.F.);
#6277=EDGE_CURVE('',#5037,#5034,#2471,.T.);
#6278=EDGE_CURVE('',#4960,#4995,#2472,.F.);
#6279=EDGE_CURVE('',#4996,#4959,#2473,.F.);
#6280=EDGE_CURVE('',#4956,#4999,#2474,.F.);
#6281=EDGE_CURVE('',#5000,#4955,#2475,.F.);
#6282=EDGE_CURVE('',#4952,#5003,#2476,.F.);
#6283=EDGE_CURVE('',#5004,#4951,#2477,.F.);
#6284=EDGE_CURVE('',#4948,#5007,#2478,.F.);
#6285=EDGE_CURVE('',#5008,#4947,#2479,.F.);
#6286=EDGE_CURVE('',#4944,#5011,#2480,.F.);
#6287=EDGE_CURVE('',#5012,#4943,#2481,.F.);
#6288=EDGE_CURVE('',#4940,#5015,#2482,.F.);
#6289=EDGE_CURVE('',#5016,#4939,#2483,.F.);
#6290=EDGE_CURVE('',#4936,#5019,#2484,.F.);
#6291=EDGE_CURVE('',#5020,#4935,#2485,.F.);
#6292=EDGE_CURVE('',#4932,#5023,#2486,.F.);
#6293=EDGE_CURVE('',#5024,#4931,#2487,.F.);
#6294=EDGE_CURVE('',#4928,#5027,#2488,.F.);
#6295=EDGE_CURVE('',#5028,#4927,#2489,.F.);
#6296=EDGE_CURVE('',#4924,#5031,#2490,.F.);
#6297=EDGE_CURVE('',#5032,#4923,#2491,.F.);
#6298=EDGE_CURVE('',#4962,#4993,#2492,.F.);
#6299=EDGE_CURVE('',#4961,#4994,#2493,.T.);
#6300=EDGE_CURVE('',#4958,#4997,#2494,.F.);
#6301=EDGE_CURVE('',#4957,#4998,#2495,.T.);
#6302=EDGE_CURVE('',#4954,#5001,#2496,.F.);
#6303=EDGE_CURVE('',#4953,#5002,#2497,.T.);
#6304=EDGE_CURVE('',#4950,#5005,#2498,.F.);
#6305=EDGE_CURVE('',#4949,#5006,#2499,.T.);
#6306=EDGE_CURVE('',#4946,#5009,#2500,.F.);
#6307=EDGE_CURVE('',#4945,#5010,#2501,.T.);
#6308=EDGE_CURVE('',#4942,#5013,#2502,.F.);
#6309=EDGE_CURVE('',#4941,#5014,#2503,.T.);
#6310=EDGE_CURVE('',#4938,#5017,#2504,.F.);
#6311=EDGE_CURVE('',#4937,#5018,#2505,.T.);
#6312=EDGE_CURVE('',#4934,#5021,#2506,.F.);
#6313=EDGE_CURVE('',#4933,#5022,#2507,.T.);
#6314=EDGE_CURVE('',#4930,#5025,#2508,.F.);
#6315=EDGE_CURVE('',#4929,#5026,#2509,.T.);
#6316=EDGE_CURVE('',#4926,#5029,#2510,.F.);
#6317=EDGE_CURVE('',#4925,#5030,#2511,.T.);
#6318=EDGE_CURVE('',#4922,#5033,#2512,.F.);
#6319=EDGE_CURVE('',#5038,#5038,#285,.T.);
#6320=EDGE_CURVE('',#5038,#4854,#2513,.T.);
#6321=EDGE_CURVE('',#5039,#5039,#286,.T.);
#6322=EDGE_CURVE('',#5039,#4853,#2514,.T.);
#6323=EDGE_CURVE('',#5034,#5040,#2515,.T.);
#6324=EDGE_CURVE('',#5041,#5040,#2516,.F.);
#6325=EDGE_CURVE('',#5035,#5041,#2517,.F.);
#6326=EDGE_CURVE('',#5042,#5041,#2518,.F.);
#6327=EDGE_CURVE('',#5036,#5042,#2519,.T.);
#6328=EDGE_CURVE('',#5043,#5042,#2520,.F.);
#6329=EDGE_CURVE('',#5037,#5043,#2521,.T.);
#6330=EDGE_CURVE('',#5040,#5043,#2522,.F.);
#6331=EDGE_CURVE('',#5044,#5045,#39,.T.);
#6332=EDGE_CURVE('',#5044,#5046,#2523,.T.);
#6333=EDGE_CURVE('',#5046,#5047,#287,.T.);
#6334=EDGE_CURVE('',#5047,#5045,#2524,.T.);
#6335=EDGE_CURVE('',#5044,#5048,#40,.T.);
#6336=EDGE_CURVE('',#5049,#5048,#41,.T.);
#6337=EDGE_CURVE('',#5050,#5049,#288,.T.);
#6338=EDGE_CURVE('',#5051,#5050,#2525,.T.);
#6339=EDGE_CURVE('',#5051,#5046,#289,.T.);
#6340=EDGE_CURVE('',#5052,#5053,#42,.T.);
#6341=EDGE_CURVE('',#5052,#5054,#2526,.T.);
#6342=EDGE_CURVE('',#5054,#5055,#290,.T.);
#6343=EDGE_CURVE('',#5055,#5056,#2527,.T.);
#6344=EDGE_CURVE('',#5053,#5056,#33,.T.);
#6345=EDGE_CURVE('',#5052,#5057,#43,.T.);
#6346=EDGE_CURVE('',#5058,#5057,#2528,.T.);
#6347=EDGE_CURVE('',#5058,#5054,#291,.T.);
#6348=EDGE_CURVE('',#5059,#5045,#2529,.F.);
#6349=EDGE_CURVE('',#5059,#5057,#44,.T.);
#6350=EDGE_CURVE('',#5053,#5060,#2530,.T.);
#6351=EDGE_CURVE('',#5061,#5060,#45,.F.);
#6352=EDGE_CURVE('',#5061,#5062,#2531,.T.);
#6353=EDGE_CURVE('',#5062,#5063,#46,.T.);
#6354=EDGE_CURVE('',#5048,#5063,#47,.T.);
#6355=EDGE_CURVE('',#5059,#5064,#2532,.T.);
#6356=EDGE_CURVE('',#5064,#5058,#292,.T.);
#6357=EDGE_CURVE('',#5064,#5047,#2533,.T.);
#6358=EDGE_CURVE('',#5065,#5066,#293,.F.);
#6359=EDGE_CURVE('',#5067,#5065,#294,.F.);
#6360=EDGE_CURVE('',#5066,#5067,#295,.F.);
#6361=EDGE_CURVE('',#5068,#5069,#296,.T.);
#6362=EDGE_CURVE('',#5069,#5067,#2534,.T.);
#6363=EDGE_CURVE('',#5065,#5068,#2535,.T.);
#6364=EDGE_CURVE('',#5070,#5071,#297,.T.);
#6365=EDGE_CURVE('',#5071,#5066,#2536,.T.);
#6366=EDGE_CURVE('',#5067,#5070,#2537,.T.);
#6367=EDGE_CURVE('',#5072,#5073,#298,.F.);
#6368=EDGE_CURVE('',#5074,#5072,#299,.F.);
#6369=EDGE_CURVE('',#5073,#5074,#300,.F.);
#6370=EDGE_CURVE('',#5056,#5074,#2538,.T.);
#6371=EDGE_CURVE('',#5072,#5075,#2539,.T.);
#6372=EDGE_CURVE('',#5060,#5075,#48,.T.);
#6373=EDGE_CURVE('',#5076,#5077,#301,.T.);
#6374=EDGE_CURVE('',#5077,#5073,#2540,.T.);
#6375=EDGE_CURVE('',#5074,#5076,#2541,.T.);
#6376=EDGE_CURVE('',#5078,#5079,#302,.F.);
#6377=EDGE_CURVE('',#5080,#5078,#303,.F.);
#6378=EDGE_CURVE('',#5079,#5080,#304,.F.);
#6379=EDGE_CURVE('',#5081,#5082,#305,.T.);
#6380=EDGE_CURVE('',#5082,#5080,#2542,.T.);
#6381=EDGE_CURVE('',#5078,#5081,#2543,.T.);
#6382=EDGE_CURVE('',#5080,#5065,#2544,.T.);
#6383=EDGE_CURVE('',#5066,#5079,#2545,.T.);
#6384=EDGE_CURVE('',#5083,#5084,#306,.F.);
#6385=EDGE_CURVE('',#5085,#5083,#307,.F.);
#6386=EDGE_CURVE('',#5084,#5085,#308,.F.);
#6387=EDGE_CURVE('',#5083,#5072,#309,.T.);
#6388=EDGE_CURVE('',#5073,#5085,#310,.T.);
#6389=EDGE_CURVE('',#5086,#5087,#311,.T.);
#6390=EDGE_CURVE('',#5087,#5084,#2546,.T.);
#6391=EDGE_CURVE('',#5085,#5086,#2547,.T.);
#6392=EDGE_CURVE('',#5088,#5089,#312,.F.);
#6393=EDGE_CURVE('',#5090,#5088,#313,.F.);
#6394=EDGE_CURVE('',#5089,#5090,#314,.F.);
#6395=EDGE_CURVE('',#5084,#5090,#2548,.T.);
#6396=EDGE_CURVE('',#5088,#5083,#2549,.T.);
#6397=EDGE_CURVE('',#5091,#5092,#315,.T.);
#6398=EDGE_CURVE('',#5092,#5089,#2550,.T.);
#6399=EDGE_CURVE('',#5090,#5091,#2551,.T.);
#6400=EDGE_CURVE('',#5079,#5088,#316,.T.);
#6401=EDGE_CURVE('',#5089,#5078,#317,.T.);
#6402=EDGE_CURVE('',#5071,#5093,#2552,.F.);
#6403=EDGE_CURVE('',#5093,#5094,#2553,.F.);
#6404=EDGE_CURVE('',#5094,#5095,#2554,.T.);
#6405=EDGE_CURVE('',#5095,#5096,#2555,.F.);
#6406=EDGE_CURVE('',#5096,#5097,#2556,.F.);
#6407=EDGE_CURVE('',#5097,#5098,#2557,.F.);
#6408=EDGE_CURVE('',#5098,#5099,#2558,.T.);
#6409=EDGE_CURVE('',#5099,#5100,#2559,.F.);
#6410=EDGE_CURVE('',#5100,#5101,#2560,.F.);
#6411=EDGE_CURVE('',#5101,#5102,#2561,.F.);
#6412=EDGE_CURVE('',#5102,#5103,#2562,.T.);
#6413=EDGE_CURVE('',#5103,#5104,#2563,.F.);
#6414=EDGE_CURVE('',#5104,#5105,#2564,.F.);
#6415=EDGE_CURVE('',#5105,#5106,#2565,.F.);
#6416=EDGE_CURVE('',#5106,#5107,#2566,.T.);
#6417=EDGE_CURVE('',#5107,#5108,#2567,.F.);
#6418=EDGE_CURVE('',#5108,#5109,#2568,.F.);
#6419=EDGE_CURVE('',#5109,#5110,#2569,.F.);
#6420=EDGE_CURVE('',#5110,#5111,#2570,.T.);
#6421=EDGE_CURVE('',#5111,#5112,#2571,.F.);
#6422=EDGE_CURVE('',#5112,#5113,#2572,.F.);
#6423=EDGE_CURVE('',#5113,#5114,#2573,.F.);
#6424=EDGE_CURVE('',#5114,#5115,#2574,.T.);
#6425=EDGE_CURVE('',#5116,#5115,#2575,.T.);
#6426=EDGE_CURVE('',#5117,#5116,#318,.T.);
#6427=EDGE_CURVE('',#5118,#5117,#2576,.T.);
#6428=EDGE_CURVE('',#5118,#5119,#2577,.T.);
#6429=EDGE_CURVE('',#5075,#5119,#2578,.T.);
#6430=EDGE_CURVE('',#5120,#5069,#2579,.T.);
#6431=EDGE_CURVE('',#5120,#5070,#2580,.F.);
#6432=EDGE_CURVE('',#5068,#5082,#2581,.T.);
#6433=EDGE_CURVE('',#5092,#5081,#319,.T.);
#6434=EDGE_CURVE('',#5116,#5050,#320,.F.);
#6435=EDGE_CURVE('',#5121,#5116,#321,.F.);
#6436=EDGE_CURVE('',#5050,#5121,#322,.F.);
#6437=EDGE_CURVE('',#5115,#5122,#323,.T.);
#6438=EDGE_CURVE('',#5122,#5121,#2582,.T.);
#6439=EDGE_CURVE('',#5123,#5051,#324,.T.);
#6440=EDGE_CURVE('',#5121,#5123,#2583,.T.);
#6441=EDGE_CURVE('',#5049,#5117,#325,.T.);
#6442=EDGE_CURVE('',#5063,#5117,#49,.T.);
#6443=EDGE_CURVE('',#5122,#5124,#2584,.T.);
#6444=EDGE_CURVE('',#5123,#5124,#2585,.T.);
#6445=EDGE_CURVE('',#5062,#5125,#326,.T.);
#6446=EDGE_CURVE('',#5125,#5126,#2586,.T.);
#6447=EDGE_CURVE('',#5126,#5118,#327,.T.);
#6448=EDGE_CURVE('',#5127,#5061,#328,.T.);
#6449=EDGE_CURVE('',#5127,#5128,#2587,.T.);
#6450=EDGE_CURVE('',#5129,#5128,#2588,.T.);
#6451=EDGE_CURVE('',#5129,#5125,#2589,.T.);
#6452=EDGE_CURVE('',#5119,#5130,#329,.T.);
#6453=EDGE_CURVE('',#5130,#5127,#2590,.T.);
#6454=EDGE_CURVE('',#5130,#5131,#2591,.F.);
#6455=EDGE_CURVE('',#5128,#5131,#2592,.T.);
#6456=EDGE_CURVE('',#5132,#5129,#2593,.T.);
#6457=EDGE_CURVE('',#5126,#5132,#2594,.T.);
#6458=EDGE_CURVE('',#5133,#5133,#330,.T.);
#6459=EDGE_CURVE('',#5134,#5134,#331,.T.);
#6460=EDGE_CURVE('',#5135,#5136,#2595,.T.);
#6461=EDGE_CURVE('',#5137,#5135,#2596,.T.);
#6462=EDGE_CURVE('',#5138,#5137,#2597,.T.);
#6463=EDGE_CURVE('',#5136,#5138,#2598,.T.);
#6464=EDGE_CURVE('',#5136,#5139,#2599,.T.);
#6465=EDGE_CURVE('',#5140,#5138,#2600,.T.);
#6466=EDGE_CURVE('',#5139,#5140,#2601,.T.);
#6467=EDGE_CURVE('',#5139,#5141,#2602,.T.);
#6468=EDGE_CURVE('',#5142,#5140,#2603,.T.);
#6469=EDGE_CURVE('',#5141,#5142,#2604,.T.);
#6470=EDGE_CURVE('',#5135,#5141,#2605,.T.);
#6471=EDGE_CURVE('',#5142,#5143,#2606,.T.);
#6472=EDGE_CURVE('',#5143,#5144,#2607,.T.);
#6473=EDGE_CURVE('',#5144,#5145,#2608,.T.);
#6474=EDGE_CURVE('',#5145,#5146,#2609,.T.);
#6475=EDGE_CURVE('',#5146,#5147,#2610,.T.);
#6476=EDGE_CURVE('',#5147,#5148,#2611,.T.);
#6477=EDGE_CURVE('',#5148,#5149,#2612,.T.);
#6478=EDGE_CURVE('',#5149,#5150,#2613,.T.);
#6479=EDGE_CURVE('',#5150,#5151,#2614,.T.);
#6480=EDGE_CURVE('',#5151,#5152,#2615,.T.);
#6481=EDGE_CURVE('',#5152,#5153,#2616,.T.);
#6482=EDGE_CURVE('',#5153,#5154,#2617,.T.);
#6483=EDGE_CURVE('',#5154,#5155,#2618,.T.);
#6484=EDGE_CURVE('',#5155,#5156,#2619,.T.);
#6485=EDGE_CURVE('',#5156,#5157,#2620,.T.);
#6486=EDGE_CURVE('',#5157,#5158,#2621,.T.);
#6487=EDGE_CURVE('',#5158,#5159,#2622,.T.);
#6488=EDGE_CURVE('',#5159,#5160,#2623,.T.);
#6489=EDGE_CURVE('',#5160,#5161,#2624,.T.);
#6490=EDGE_CURVE('',#5161,#5162,#2625,.T.);
#6491=EDGE_CURVE('',#5162,#5163,#2626,.T.);
#6492=EDGE_CURVE('',#5163,#5164,#2627,.T.);
#6493=EDGE_CURVE('',#5164,#5165,#2628,.T.);
#6494=EDGE_CURVE('',#5165,#5166,#2629,.T.);
#6495=EDGE_CURVE('',#5166,#5167,#2630,.T.);
#6496=EDGE_CURVE('',#5167,#5168,#2631,.T.);
#6497=EDGE_CURVE('',#5168,#5169,#2632,.T.);
#6498=EDGE_CURVE('',#5169,#5170,#2633,.T.);
#6499=EDGE_CURVE('',#5170,#5171,#2634,.T.);
#6500=EDGE_CURVE('',#5171,#5172,#2635,.T.);
#6501=EDGE_CURVE('',#5172,#5173,#2636,.T.);
#6502=EDGE_CURVE('',#5173,#5174,#2637,.T.);
#6503=EDGE_CURVE('',#5174,#5175,#2638,.T.);
#6504=EDGE_CURVE('',#5175,#5176,#2639,.T.);
#6505=EDGE_CURVE('',#5177,#5176,#2640,.T.);
#6506=EDGE_CURVE('',#5177,#5178,#2641,.T.);
#6507=EDGE_CURVE('',#5178,#5179,#2642,.T.);
#6508=EDGE_CURVE('',#5179,#5180,#2643,.T.);
#6509=EDGE_CURVE('',#5181,#5180,#2644,.T.);
#6510=EDGE_CURVE('',#5181,#5182,#2645,.T.);
#6511=EDGE_CURVE('',#5182,#5137,#2646,.T.);
#6512=EDGE_CURVE('',#5144,#5183,#2647,.T.);
#6513=EDGE_CURVE('',#5184,#5143,#2648,.T.);
#6514=EDGE_CURVE('',#5183,#5184,#2649,.T.);
#6515=EDGE_CURVE('',#5183,#5185,#2650,.T.);
#6516=EDGE_CURVE('',#5186,#5184,#2651,.T.);
#6517=EDGE_CURVE('',#5185,#5186,#2652,.T.);
#6518=EDGE_CURVE('',#5185,#5145,#2653,.T.);
#6519=EDGE_CURVE('',#5146,#5186,#2654,.T.);
#6520=EDGE_CURVE('',#5187,#5149,#2655,.T.);
#6521=EDGE_CURVE('',#5148,#5188,#2656,.T.);
#6522=EDGE_CURVE('',#5188,#5187,#2657,.T.);
#6523=EDGE_CURVE('',#5187,#5189,#2658,.T.);
#6524=EDGE_CURVE('',#5150,#5189,#2659,.T.);
#6525=EDGE_CURVE('',#5188,#5190,#2660,.T.);
#6526=EDGE_CURVE('',#5189,#5190,#2661,.T.);
#6527=EDGE_CURVE('',#5190,#5147,#2662,.T.);
#6528=EDGE_CURVE('',#5152,#5191,#2663,.T.);
#6529=EDGE_CURVE('',#5192,#5151,#2664,.T.);
#6530=EDGE_CURVE('',#5191,#5192,#2665,.T.);
#6531=EDGE_CURVE('',#5191,#5193,#2666,.T.);
#6532=EDGE_CURVE('',#5194,#5192,#2667,.T.);
#6533=EDGE_CURVE('',#5193,#5194,#2668,.T.);
#6534=EDGE_CURVE('',#5193,#5153,#2669,.T.);
#6535=EDGE_CURVE('',#5154,#5194,#2670,.T.);
#6536=EDGE_CURVE('',#5195,#5157,#2671,.T.);
#6537=EDGE_CURVE('',#5156,#5196,#2672,.T.);
#6538=EDGE_CURVE('',#5196,#5195,#2673,.T.);
#6539=EDGE_CURVE('',#5195,#5197,#2674,.T.);
#6540=EDGE_CURVE('',#5158,#5197,#2675,.T.);
#6541=EDGE_CURVE('',#5196,#5198,#2676,.T.);
#6542=EDGE_CURVE('',#5197,#5198,#2677,.T.);
#6543=EDGE_CURVE('',#5198,#5155,#2678,.T.);
#6544=EDGE_CURVE('',#5160,#5199,#2679,.T.);
#6545=EDGE_CURVE('',#5200,#5159,#2680,.T.);
#6546=EDGE_CURVE('',#5199,#5200,#2681,.T.);
#6547=EDGE_CURVE('',#5199,#5201,#2682,.T.);
#6548=EDGE_CURVE('',#5202,#5200,#2683,.T.);
#6549=EDGE_CURVE('',#5201,#5202,#2684,.T.);
#6550=EDGE_CURVE('',#5201,#5161,#2685,.T.);
#6551=EDGE_CURVE('',#5162,#5202,#2686,.T.);
#6552=EDGE_CURVE('',#5203,#5165,#2687,.T.);
#6553=EDGE_CURVE('',#5164,#5204,#2688,.T.);
#6554=EDGE_CURVE('',#5204,#5203,#2689,.T.);
#6555=EDGE_CURVE('',#5203,#5205,#2690,.T.);
#6556=EDGE_CURVE('',#5166,#5205,#2691,.T.);
#6557=EDGE_CURVE('',#5204,#5206,#2692,.T.);
#6558=EDGE_CURVE('',#5205,#5206,#2693,.T.);
#6559=EDGE_CURVE('',#5206,#5163,#2694,.T.);
#6560=EDGE_CURVE('',#5168,#5207,#2695,.T.);
#6561=EDGE_CURVE('',#5208,#5167,#2696,.T.);
#6562=EDGE_CURVE('',#5207,#5208,#2697,.T.);
#6563=EDGE_CURVE('',#5207,#5209,#2698,.T.);
#6564=EDGE_CURVE('',#5210,#5208,#2699,.T.);
#6565=EDGE_CURVE('',#5209,#5210,#2700,.T.);
#6566=EDGE_CURVE('',#5209,#5169,#2701,.T.);
#6567=EDGE_CURVE('',#5170,#5210,#2702,.T.);
#6568=EDGE_CURVE('',#5211,#5173,#2703,.T.);
#6569=EDGE_CURVE('',#5172,#5212,#2704,.T.);
#6570=EDGE_CURVE('',#5212,#5211,#2705,.T.);
#6571=EDGE_CURVE('',#5211,#5213,#2706,.T.);
#6572=EDGE_CURVE('',#5174,#5213,#2707,.T.);
#6573=EDGE_CURVE('',#5212,#5214,#2708,.T.);
#6574=EDGE_CURVE('',#5213,#5214,#2709,.T.);
#6575=EDGE_CURVE('',#5214,#5171,#2710,.T.);
#6576=EDGE_CURVE('',#5182,#5120,#2711,.T.);
#6577=EDGE_CURVE('',#5215,#5181,#2712,.T.);
#6578=EDGE_CURVE('',#5093,#5215,#2713,.F.);
#6579=EDGE_CURVE('',#5113,#5216,#2714,.F.);
#6580=EDGE_CURVE('',#5217,#5216,#2715,.T.);
#6581=EDGE_CURVE('',#5114,#5217,#2716,.F.);
#6582=EDGE_CURVE('',#5218,#5217,#2717,.T.);
#6583=EDGE_CURVE('',#5219,#5218,#2718,.T.);
#6584=EDGE_CURVE('',#5124,#5219,#2719,.T.);
#6585=EDGE_CURVE('',#5112,#5220,#2720,.T.);
#6586=EDGE_CURVE('',#5216,#5220,#2721,.T.);
#6587=EDGE_CURVE('',#5111,#5221,#2722,.T.);
#6588=EDGE_CURVE('',#5220,#5221,#2723,.T.);
#6589=EDGE_CURVE('',#5110,#5222,#2724,.F.);
#6590=EDGE_CURVE('',#5221,#5222,#2725,.T.);
#6591=EDGE_CURVE('',#5109,#5223,#2726,.F.);
#6592=EDGE_CURVE('',#5222,#5223,#2727,.T.);
#6593=EDGE_CURVE('',#5108,#5224,#2728,.T.);
#6594=EDGE_CURVE('',#5223,#5224,#2729,.T.);
#6595=EDGE_CURVE('',#5107,#5225,#2730,.T.);
#6596=EDGE_CURVE('',#5224,#5225,#2731,.T.);
#6597=EDGE_CURVE('',#5106,#5226,#2732,.F.);
#6598=EDGE_CURVE('',#5225,#5226,#2733,.T.);
#6599=EDGE_CURVE('',#5105,#5227,#2734,.F.);
#6600=EDGE_CURVE('',#5226,#5227,#2735,.T.);
#6601=EDGE_CURVE('',#5104,#5228,#2736,.T.);
#6602=EDGE_CURVE('',#5227,#5228,#2737,.T.);
#6603=EDGE_CURVE('',#5103,#5229,#2738,.T.);
#6604=EDGE_CURVE('',#5228,#5229,#2739,.T.);
#6605=EDGE_CURVE('',#5102,#5230,#2740,.F.);
#6606=EDGE_CURVE('',#5229,#5230,#2741,.T.);
#6607=EDGE_CURVE('',#5101,#5231,#2742,.F.);
#6608=EDGE_CURVE('',#5230,#5231,#2743,.T.);
#6609=EDGE_CURVE('',#5100,#5232,#2744,.T.);
#6610=EDGE_CURVE('',#5231,#5232,#2745,.T.);
#6611=EDGE_CURVE('',#5099,#5233,#2746,.T.);
#6612=EDGE_CURVE('',#5232,#5233,#2747,.T.);
#6613=EDGE_CURVE('',#5098,#5234,#2748,.F.);
#6614=EDGE_CURVE('',#5233,#5234,#2749,.T.);
#6615=EDGE_CURVE('',#5097,#5235,#2750,.F.);
#6616=EDGE_CURVE('',#5234,#5235,#2751,.T.);
#6617=EDGE_CURVE('',#5096,#5236,#2752,.T.);
#6618=EDGE_CURVE('',#5235,#5236,#2753,.T.);
#6619=EDGE_CURVE('',#5095,#5237,#2754,.T.);
#6620=EDGE_CURVE('',#5236,#5237,#2755,.T.);
#6621=EDGE_CURVE('',#5094,#5238,#2756,.F.);
#6622=EDGE_CURVE('',#5237,#5238,#2757,.T.);
#6623=EDGE_CURVE('',#5238,#5215,#2758,.T.);
#6624=EDGE_CURVE('',#5239,#5180,#332,.T.);
#6625=EDGE_CURVE('',#5239,#5240,#2759,.T.);
#6626=EDGE_CURVE('',#5241,#5240,#333,.T.);
#6627=EDGE_CURVE('',#5241,#5218,#2760,.T.);
#6628=EDGE_CURVE('',#5242,#5242,#334,.T.);
#6629=EDGE_CURVE('',#5243,#5243,#335,.T.);
#6630=EDGE_CURVE('',#5244,#5244,#336,.T.);
#6631=EDGE_CURVE('',#5245,#5245,#337,.T.);
#6632=EDGE_CURVE('',#5091,#5087,#2761,.T.);
#6633=EDGE_CURVE('',#5076,#5055,#2762,.T.);
#6634=EDGE_CURVE('',#5077,#5086,#338,.T.);
#6635=EDGE_CURVE('',#5246,#5241,#2763,.T.);
#6636=EDGE_CURVE('',#5246,#5219,#2764,.T.);
#6637=EDGE_CURVE('',#5240,#5247,#2765,.T.);
#6638=EDGE_CURVE('',#5247,#5246,#339,.T.);
#6639=EDGE_CURVE('',#5179,#5248,#340,.T.);
#6640=EDGE_CURVE('',#5248,#5239,#2766,.T.);
#6641=EDGE_CURVE('',#5249,#5249,#341,.T.);
#6642=EDGE_CURVE('',#5249,#5250,#2767,.T.);
#6643=EDGE_CURVE('',#5250,#5250,#342,.F.);
#6644=EDGE_CURVE('',#5243,#5249,#2768,.T.);
#6645=EDGE_CURVE('',#5251,#5251,#343,.T.);
#6646=EDGE_CURVE('',#5251,#5252,#2769,.T.);
#6647=EDGE_CURVE('',#5252,#5252,#344,.F.);
#6648=EDGE_CURVE('',#5244,#5251,#2770,.T.);
#6649=EDGE_CURVE('',#5253,#5253,#345,.T.);
#6650=EDGE_CURVE('',#5253,#5254,#2771,.T.);
#6651=EDGE_CURVE('',#5254,#5254,#346,.F.);
#6652=EDGE_CURVE('',#5242,#5253,#2772,.T.);
#6653=EDGE_CURVE('',#5255,#5255,#347,.T.);
#6654=EDGE_CURVE('',#5255,#5256,#2773,.T.);
#6655=EDGE_CURVE('',#5256,#5256,#348,.F.);
#6656=EDGE_CURVE('',#5245,#5255,#2774,.T.);
#6657=EDGE_CURVE('',#5248,#5247,#2775,.T.);
#6658=EDGE_CURVE('',#5176,#5257,#2776,.T.);
#6659=EDGE_CURVE('',#5258,#5175,#2777,.T.);
#6660=EDGE_CURVE('',#5257,#5258,#2778,.T.);
#6661=EDGE_CURVE('',#5257,#5259,#2779,.T.);
#6662=EDGE_CURVE('',#5260,#5258,#2780,.T.);
#6663=EDGE_CURVE('',#5259,#5260,#2781,.T.);
#6664=EDGE_CURVE('',#5259,#5177,#2782,.T.);
#6665=EDGE_CURVE('',#5178,#5260,#2783,.T.);
#6666=EDGE_CURVE('',#5261,#5261,#349,.T.);
#6667=EDGE_CURVE('',#5261,#5134,#2784,.T.);
#6668=EDGE_CURVE('',#5262,#5262,#350,.T.);
#6669=EDGE_CURVE('',#5262,#5133,#2785,.T.);
#6670=EDGE_CURVE('',#5131,#5132,#2786,.F.);
#6671=EDGE_CURVE('',#5263,#5264,#34,.T.);
#6672=EDGE_CURVE('',#5263,#5265,#2787,.T.);
#6673=EDGE_CURVE('',#5265,#5266,#351,.T.);
#6674=EDGE_CURVE('',#5266,#5267,#2788,.T.);
#6675=EDGE_CURVE('',#5264,#5267,#50,.T.);
#6676=EDGE_CURVE('',#5268,#5267,#51,.T.);
#6677=EDGE_CURVE('',#5268,#5269,#52,.T.);
#6678=EDGE_CURVE('',#5270,#5269,#2789,.F.);
#6679=EDGE_CURVE('',#5270,#5271,#53,.T.);
#6680=EDGE_CURVE('',#5272,#5271,#54,.T.);
#6681=EDGE_CURVE('',#5273,#5272,#55,.T.);
#6682=EDGE_CURVE('',#5274,#5273,#56,.T.);
#6683=EDGE_CURVE('',#5275,#5274,#57,.F.);
#6684=EDGE_CURVE('',#5275,#5276,#2790,.T.);
#6685=EDGE_CURVE('',#5276,#5277,#58,.T.);
#6686=EDGE_CURVE('',#5277,#5264,#2791,.T.);
#6687=EDGE_CURVE('',#5266,#5278,#352,.T.);
#6688=EDGE_CURVE('',#5268,#5278,#2792,.T.);
#6689=EDGE_CURVE('',#5278,#5279,#353,.T.);
#6690=EDGE_CURVE('',#5279,#5269,#2793,.T.);
#6691=EDGE_CURVE('',#5270,#5280,#2794,.T.);
#6692=EDGE_CURVE('',#5280,#5281,#354,.T.);
#6693=EDGE_CURVE('',#5281,#5271,#2795,.T.);
#6694=EDGE_CURVE('',#5281,#5282,#355,.T.);
#6695=EDGE_CURVE('',#5283,#5282,#2796,.T.);
#6696=EDGE_CURVE('',#5284,#5283,#356,.T.);
#6697=EDGE_CURVE('',#5273,#5284,#59,.T.);
#6698=EDGE_CURVE('',#5285,#5286,#357,.F.);
#6699=EDGE_CURVE('',#5287,#5285,#358,.F.);
#6700=EDGE_CURVE('',#5286,#5287,#359,.F.);
#6701=EDGE_CURVE('',#5288,#5289,#360,.T.);
#6702=EDGE_CURVE('',#5289,#5287,#2797,.T.);
#6703=EDGE_CURVE('',#5285,#5288,#2798,.T.);
#6704=EDGE_CURVE('',#5290,#5291,#60,.T.);
#6705=EDGE_CURVE('',#5292,#5291,#2799,.F.);
#6706=EDGE_CURVE('',#5293,#5292,#61,.F.);
#6707=EDGE_CURVE('',#5293,#5294,#2800,.T.);
#6708=EDGE_CURVE('',#5295,#5294,#361,.F.);
#6709=EDGE_CURVE('',#5295,#5296,#35,.T.);
#6710=EDGE_CURVE('',#5297,#5296,#36,.F.);
#6711=EDGE_CURVE('',#5297,#5286,#2801,.T.);
#6712=EDGE_CURVE('',#5287,#5290,#2802,.T.);
#6713=EDGE_CURVE('',#5298,#5299,#362,.T.);
#6714=EDGE_CURVE('',#5299,#5285,#2803,.T.);
#6715=EDGE_CURVE('',#5286,#5298,#2804,.T.);
#6716=EDGE_CURVE('',#5300,#5289,#2805,.T.);
#6717=EDGE_CURVE('',#5300,#5294,#2806,.T.);
#6718=EDGE_CURVE('',#5293,#5301,#363,.T.);
#6719=EDGE_CURVE('',#5301,#5302,#2807,.T.);
#6720=EDGE_CURVE('',#5302,#5303,#364,.T.);
#6721=EDGE_CURVE('',#5303,#5304,#2808,.T.);
#6722=EDGE_CURVE('',#5304,#5305,#365,.T.);
#6723=EDGE_CURVE('',#5305,#5306,#2809,.T.);
#6724=EDGE_CURVE('',#5306,#5290,#366,.T.);
#6725=EDGE_CURVE('',#5307,#5308,#2810,.T.);
#6726=EDGE_CURVE('',#5308,#5309,#2811,.T.);
#6727=EDGE_CURVE('',#5309,#5310,#2812,.T.);
#6728=EDGE_CURVE('',#5310,#5307,#2813,.T.);
#6729=EDGE_CURVE('',#5311,#5299,#2814,.T.);
#6730=EDGE_CURVE('',#5288,#5311,#2815,.T.);
#6731=EDGE_CURVE('',#5312,#5313,#367,.F.);
#6732=EDGE_CURVE('',#5314,#5312,#368,.F.);
#6733=EDGE_CURVE('',#5313,#5314,#369,.F.);
#6734=EDGE_CURVE('',#5315,#5316,#370,.T.);
#6735=EDGE_CURVE('',#5316,#5314,#2816,.T.);
#6736=EDGE_CURVE('',#5312,#5317,#2817,.T.);
#6737=EDGE_CURVE('',#5317,#5318,#37,.T.);
#6738=EDGE_CURVE('',#5315,#5318,#38,.F.);
#6739=EDGE_CURVE('',#5319,#5320,#371,.T.);
#6740=EDGE_CURVE('',#5320,#5313,#2818,.T.);
#6741=EDGE_CURVE('',#5314,#5319,#2819,.T.);
#6742=EDGE_CURVE('',#5321,#5322,#372,.F.);
#6743=EDGE_CURVE('',#5323,#5321,#373,.F.);
#6744=EDGE_CURVE('',#5322,#5323,#374,.F.);
#6745=EDGE_CURVE('',#5321,#5312,#375,.T.);
#6746=EDGE_CURVE('',#5313,#5323,#376,.T.);
#6747=EDGE_CURVE('',#5324,#5325,#377,.T.);
#6748=EDGE_CURVE('',#5325,#5322,#2820,.T.);
#6749=EDGE_CURVE('',#5323,#5324,#2821,.T.);
#6750=EDGE_CURVE('',#5326,#5327,#378,.F.);
#6751=EDGE_CURVE('',#5328,#5326,#379,.F.);
#6752=EDGE_CURVE('',#5327,#5328,#380,.F.);
#6753=EDGE_CURVE('',#5322,#5328,#2822,.T.);
#6754=EDGE_CURVE('',#5326,#5321,#2823,.T.);
#6755=EDGE_CURVE('',#5329,#5330,#381,.T.);
#6756=EDGE_CURVE('',#5330,#5327,#2824,.T.);
#6757=EDGE_CURVE('',#5328,#5329,#2825,.T.);
#6758=EDGE_CURVE('',#5331,#5332,#382,.F.);
#6759=EDGE_CURVE('',#5333,#5331,#383,.F.);
#6760=EDGE_CURVE('',#5332,#5333,#384,.F.);
#6761=EDGE_CURVE('',#5331,#5326,#385,.T.);
#6762=EDGE_CURVE('',#5327,#5333,#386,.T.);
#6763=EDGE_CURVE('',#5334,#5335,#387,.T.);
#6764=EDGE_CURVE('',#5335,#5332,#2826,.T.);
#6765=EDGE_CURVE('',#5333,#5334,#2827,.T.);
#6766=EDGE_CURVE('',#5336,#5277,#62,.T.);
#6767=EDGE_CURVE('',#5336,#5331,#2828,.T.);
#6768=EDGE_CURVE('',#5332,#5263,#2829,.T.);
#6769=EDGE_CURVE('',#5320,#5324,#388,.T.);
#6770=EDGE_CURVE('',#5316,#5337,#2830,.T.);
#6771=EDGE_CURVE('',#5319,#5337,#2831,.T.);
#6772=EDGE_CURVE('',#5297,#5338,#2832,.T.);
#6773=EDGE_CURVE('',#5338,#5339,#2833,.T.);
#6774=EDGE_CURVE('',#5339,#5317,#2834,.T.);
#6775=EDGE_CURVE('',#5340,#5336,#2835,.T.);
#6776=EDGE_CURVE('',#5340,#5341,#2836,.T.);
#6777=EDGE_CURVE('',#5341,#5342,#389,.T.);
#6778=EDGE_CURVE('',#5342,#5343,#2837,.T.);
#6779=EDGE_CURVE('',#5344,#5343,#2838,.T.);
#6780=EDGE_CURVE('',#5345,#5344,#390,.T.);
#6781=EDGE_CURVE('',#5346,#5345,#2839,.T.);
#6782=EDGE_CURVE('',#5347,#5346,#2840,.T.);
#6783=EDGE_CURVE('',#5348,#5347,#2841,.T.);
#6784=EDGE_CURVE('',#5349,#5348,#2842,.T.);
#6785=EDGE_CURVE('',#5350,#5349,#2843,.T.);
#6786=EDGE_CURVE('',#5351,#5350,#2844,.T.);
#6787=EDGE_CURVE('',#5352,#5351,#2845,.T.);
#6788=EDGE_CURVE('',#5353,#5352,#2846,.T.);
#6789=EDGE_CURVE('',#5354,#5353,#2847,.T.);
#6790=EDGE_CURVE('',#5355,#5354,#2848,.T.);
#6791=EDGE_CURVE('',#5356,#5355,#2849,.T.);
#6792=EDGE_CURVE('',#5357,#5356,#2850,.T.);
#6793=EDGE_CURVE('',#5358,#5357,#2851,.T.);
#6794=EDGE_CURVE('',#5359,#5358,#2852,.T.);
#6795=EDGE_CURVE('',#5360,#5359,#2853,.T.);
#6796=EDGE_CURVE('',#5361,#5360,#2854,.T.);
#6797=EDGE_CURVE('',#5362,#5361,#2855,.T.);
#6798=EDGE_CURVE('',#5363,#5362,#2856,.T.);
#6799=EDGE_CURVE('',#5364,#5363,#2857,.T.);
#6800=EDGE_CURVE('',#5365,#5364,#2858,.T.);
#6801=EDGE_CURVE('',#5366,#5365,#2859,.T.);
#6802=EDGE_CURVE('',#5367,#5366,#2860,.T.);
#6803=EDGE_CURVE('',#5368,#5367,#2861,.T.);
#6804=EDGE_CURVE('',#5298,#5368,#2862,.T.);
#6805=EDGE_CURVE('',#5369,#5370,#2863,.T.);
#6806=EDGE_CURVE('',#5370,#5369,#391,.T.);
#6807=EDGE_CURVE('',#5371,#5372,#2864,.T.);
#6808=EDGE_CURVE('',#5372,#5371,#392,.T.);
#6809=EDGE_CURVE('',#5373,#5374,#2865,.T.);
#6810=EDGE_CURVE('',#5374,#5373,#393,.T.);
#6811=EDGE_CURVE('',#5276,#5375,#394,.T.);
#6812=EDGE_CURVE('',#5375,#5376,#2866,.T.);
#6813=EDGE_CURVE('',#5376,#5340,#395,.T.);
#6814=EDGE_CURVE('',#5345,#5377,#396,.F.);
#6815=EDGE_CURVE('',#5283,#5345,#397,.F.);
#6816=EDGE_CURVE('',#5377,#5283,#398,.F.);
#6817=EDGE_CURVE('',#5344,#5284,#399,.T.);
#6818=EDGE_CURVE('',#5344,#5274,#63,.T.);
#6819=EDGE_CURVE('',#5282,#5378,#400,.T.);
#6820=EDGE_CURVE('',#5378,#5377,#2867,.T.);
#6821=EDGE_CURVE('',#5379,#5346,#401,.T.);
#6822=EDGE_CURVE('',#5377,#5379,#2868,.T.);
#6823=EDGE_CURVE('',#5343,#5380,#402,.T.);
#6824=EDGE_CURVE('',#5380,#5381,#2869,.T.);
#6825=EDGE_CURVE('',#5381,#5275,#403,.T.);
#6826=EDGE_CURVE('',#5380,#5382,#2870,.F.);
#6827=EDGE_CURVE('',#5383,#5382,#2871,.T.);
#6828=EDGE_CURVE('',#5383,#5381,#2872,.T.);
#6829=EDGE_CURVE('',#5375,#5384,#2873,.T.);
#6830=EDGE_CURVE('',#5385,#5384,#2874,.T.);
#6831=EDGE_CURVE('',#5376,#5385,#2875,.T.);
#6832=EDGE_CURVE('',#5386,#5386,#404,.T.);
#6833=EDGE_CURVE('',#5387,#5387,#405,.T.);
#6834=EDGE_CURVE('',#5388,#5389,#2876,.T.);
#6835=EDGE_CURVE('',#5390,#5388,#2877,.T.);
#6836=EDGE_CURVE('',#5390,#5391,#2878,.T.);
#6837=EDGE_CURVE('',#5389,#5391,#2879,.T.);
#6838=EDGE_CURVE('',#5392,#5390,#2880,.T.);
#6839=EDGE_CURVE('',#5392,#5393,#2881,.T.);
#6840=EDGE_CURVE('',#5391,#5393,#2882,.T.);
#6841=EDGE_CURVE('',#5394,#5388,#2883,.T.);
#6842=EDGE_CURVE('',#5395,#5388,#2884,.T.);
#6843=EDGE_CURVE('',#5396,#5395,#2885,.T.);
#6844=EDGE_CURVE('',#5397,#5396,#2886,.T.);
#6845=EDGE_CURVE('',#5397,#5398,#2887,.T.);
#6846=EDGE_CURVE('',#5398,#5399,#2888,.T.);
#6847=EDGE_CURVE('',#5399,#5400,#2889,.T.);
#6848=EDGE_CURVE('',#5400,#5401,#2890,.T.);
#6849=EDGE_CURVE('',#5401,#5402,#2891,.T.);
#6850=EDGE_CURVE('',#5402,#5403,#2892,.T.);
#6851=EDGE_CURVE('',#5403,#5404,#2893,.T.);
#6852=EDGE_CURVE('',#5404,#5405,#2894,.T.);
#6853=EDGE_CURVE('',#5405,#5406,#2895,.T.);
#6854=EDGE_CURVE('',#5406,#5407,#2896,.T.);
#6855=EDGE_CURVE('',#5407,#5408,#2897,.T.);
#6856=EDGE_CURVE('',#5408,#5409,#2898,.T.);
#6857=EDGE_CURVE('',#5409,#5410,#2899,.T.);
#6858=EDGE_CURVE('',#5410,#5411,#2900,.T.);
#6859=EDGE_CURVE('',#5411,#5412,#2901,.T.);
#6860=EDGE_CURVE('',#5412,#5413,#2902,.T.);
#6861=EDGE_CURVE('',#5413,#5414,#2903,.T.);
#6862=EDGE_CURVE('',#5414,#5415,#2904,.T.);
#6863=EDGE_CURVE('',#5415,#5416,#2905,.T.);
#6864=EDGE_CURVE('',#5416,#5417,#2906,.T.);
#6865=EDGE_CURVE('',#5417,#5418,#2907,.T.);
#6866=EDGE_CURVE('',#5418,#5419,#2908,.T.);
#6867=EDGE_CURVE('',#5419,#5420,#2909,.T.);
#6868=EDGE_CURVE('',#5420,#5421,#2910,.T.);
#6869=EDGE_CURVE('',#5421,#5422,#2911,.T.);
#6870=EDGE_CURVE('',#5422,#5423,#2912,.T.);
#6871=EDGE_CURVE('',#5423,#5424,#2913,.T.);
#6872=EDGE_CURVE('',#5424,#5425,#2914,.T.);
#6873=EDGE_CURVE('',#5425,#5426,#2915,.T.);
#6874=EDGE_CURVE('',#5426,#5427,#2916,.T.);
#6875=EDGE_CURVE('',#5427,#5428,#2917,.T.);
#6876=EDGE_CURVE('',#5428,#5429,#2918,.T.);
#6877=EDGE_CURVE('',#5429,#5430,#2919,.T.);
#6878=EDGE_CURVE('',#5430,#5431,#2920,.T.);
#6879=EDGE_CURVE('',#5431,#5432,#2921,.T.);
#6880=EDGE_CURVE('',#5432,#5433,#2922,.T.);
#6881=EDGE_CURVE('',#5433,#5434,#2923,.T.);
#6882=EDGE_CURVE('',#5434,#5435,#2924,.T.);
#6883=EDGE_CURVE('',#5435,#5436,#2925,.T.);
#6884=EDGE_CURVE('',#5436,#5437,#2926,.T.);
#6885=EDGE_CURVE('',#5437,#5438,#2927,.T.);
#6886=EDGE_CURVE('',#5438,#5394,#2928,.T.);
#6887=EDGE_CURVE('',#5394,#5439,#2929,.T.);
#6888=EDGE_CURVE('',#5439,#5392,#2930,.T.);
#6889=EDGE_CURVE('',#5440,#5438,#2931,.T.);
#6890=EDGE_CURVE('',#5439,#5440,#2932,.T.);
#6891=EDGE_CURVE('',#5393,#5440,#2933,.T.);
#6892=EDGE_CURVE('',#5441,#5398,#2934,.T.);
#6893=EDGE_CURVE('',#5442,#5441,#2935,.T.);
#6894=EDGE_CURVE('',#5399,#5442,#2936,.T.);
#6895=EDGE_CURVE('',#5443,#5441,#2937,.T.);
#6896=EDGE_CURVE('',#5444,#5443,#2938,.T.);
#6897=EDGE_CURVE('',#5442,#5444,#2939,.T.);
#6898=EDGE_CURVE('',#5401,#5443,#2940,.T.);
#6899=EDGE_CURVE('',#5444,#5400,#2941,.T.);
#6900=EDGE_CURVE('',#5445,#5402,#2942,.T.);
#6901=EDGE_CURVE('',#5446,#5445,#2943,.T.);
#6902=EDGE_CURVE('',#5403,#5446,#2944,.T.);
#6903=EDGE_CURVE('',#5447,#5445,#2945,.T.);
#6904=EDGE_CURVE('',#5448,#5447,#2946,.T.);
#6905=EDGE_CURVE('',#5446,#5448,#2947,.T.);
#6906=EDGE_CURVE('',#5405,#5447,#2948,.T.);
#6907=EDGE_CURVE('',#5448,#5404,#2949,.T.);
#6908=EDGE_CURVE('',#5449,#5406,#2950,.T.);
#6909=EDGE_CURVE('',#5450,#5449,#2951,.T.);
#6910=EDGE_CURVE('',#5407,#5450,#2952,.T.);
#6911=EDGE_CURVE('',#5451,#5449,#2953,.T.);
#6912=EDGE_CURVE('',#5452,#5451,#2954,.T.);
#6913=EDGE_CURVE('',#5450,#5452,#2955,.T.);
#6914=EDGE_CURVE('',#5409,#5451,#2956,.T.);
#6915=EDGE_CURVE('',#5452,#5408,#2957,.T.);
#6916=EDGE_CURVE('',#5453,#5410,#2958,.T.);
#6917=EDGE_CURVE('',#5454,#5453,#2959,.T.);
#6918=EDGE_CURVE('',#5411,#5454,#2960,.T.);
#6919=EDGE_CURVE('',#5455,#5453,#2961,.T.);
#6920=EDGE_CURVE('',#5456,#5455,#2962,.T.);
#6921=EDGE_CURVE('',#5454,#5456,#2963,.T.);
#6922=EDGE_CURVE('',#5413,#5455,#2964,.T.);
#6923=EDGE_CURVE('',#5456,#5412,#2965,.T.);
#6924=EDGE_CURVE('',#5457,#5414,#2966,.T.);
#6925=EDGE_CURVE('',#5458,#5457,#2967,.T.);
#6926=EDGE_CURVE('',#5415,#5458,#2968,.T.);
#6927=EDGE_CURVE('',#5459,#5457,#2969,.T.);
#6928=EDGE_CURVE('',#5460,#5459,#2970,.T.);
#6929=EDGE_CURVE('',#5458,#5460,#2971,.T.);
#6930=EDGE_CURVE('',#5417,#5459,#2972,.T.);
#6931=EDGE_CURVE('',#5460,#5416,#2973,.T.);
#6932=EDGE_CURVE('',#5461,#5418,#2974,.T.);
#6933=EDGE_CURVE('',#5462,#5461,#2975,.T.);
#6934=EDGE_CURVE('',#5419,#5462,#2976,.T.);
#6935=EDGE_CURVE('',#5463,#5461,#2977,.T.);
#6936=EDGE_CURVE('',#5464,#5463,#2978,.T.);
#6937=EDGE_CURVE('',#5462,#5464,#2979,.T.);
#6938=EDGE_CURVE('',#5421,#5463,#2980,.T.);
#6939=EDGE_CURVE('',#5464,#5420,#2981,.T.);
#6940=EDGE_CURVE('',#5423,#5465,#2982,.T.);
#6941=EDGE_CURVE('',#5465,#5466,#2983,.T.);
#6942=EDGE_CURVE('',#5466,#5424,#2984,.T.);
#6943=EDGE_CURVE('',#5425,#5467,#2985,.T.);
#6944=EDGE_CURVE('',#5466,#5467,#2986,.T.);
#6945=EDGE_CURVE('',#5467,#5468,#2987,.T.);
#6946=EDGE_CURVE('',#5465,#5468,#2988,.T.);
#6947=EDGE_CURVE('',#5468,#5422,#2989,.T.);
#6948=EDGE_CURVE('',#5427,#5469,#2990,.T.);
#6949=EDGE_CURVE('',#5469,#5470,#2991,.T.);
#6950=EDGE_CURVE('',#5470,#5428,#2992,.T.);
#6951=EDGE_CURVE('',#5429,#5471,#2993,.T.);
#6952=EDGE_CURVE('',#5470,#5471,#2994,.T.);
#6953=EDGE_CURVE('',#5471,#5472,#2995,.T.);
#6954=EDGE_CURVE('',#5469,#5472,#2996,.T.);
#6955=EDGE_CURVE('',#5472,#5426,#2997,.T.);
#6956=EDGE_CURVE('',#5431,#5473,#2998,.T.);
#6957=EDGE_CURVE('',#5473,#5474,#2999,.T.);
#6958=EDGE_CURVE('',#5474,#5432,#3000,.T.);
#6959=EDGE_CURVE('',#5433,#5475,#3001,.T.);
#6960=EDGE_CURVE('',#5474,#5475,#3002,.T.);
#6961=EDGE_CURVE('',#5475,#5476,#3003,.T.);
#6962=EDGE_CURVE('',#5473,#5476,#3004,.T.);
#6963=EDGE_CURVE('',#5476,#5430,#3005,.T.);
#6964=EDGE_CURVE('',#5435,#5477,#3006,.T.);
#6965=EDGE_CURVE('',#5477,#5478,#3007,.T.);
#6966=EDGE_CURVE('',#5478,#5436,#3008,.T.);
#6967=EDGE_CURVE('',#5437,#5479,#3009,.T.);
#6968=EDGE_CURVE('',#5478,#5479,#3010,.T.);
#6969=EDGE_CURVE('',#5479,#5480,#3011,.T.);
#6970=EDGE_CURVE('',#5477,#5480,#3012,.T.);
#6971=EDGE_CURVE('',#5480,#5434,#3013,.T.);
#6972=EDGE_CURVE('',#5367,#5481,#3014,.T.);
#6973=EDGE_CURVE('',#5481,#5482,#3015,.T.);
#6974=EDGE_CURVE('',#5368,#5482,#3016,.T.);
#6975=EDGE_CURVE('',#5366,#5483,#3017,.T.);
#6976=EDGE_CURVE('',#5483,#5481,#3018,.T.);
#6977=EDGE_CURVE('',#5365,#5484,#3019,.T.);
#6978=EDGE_CURVE('',#5484,#5483,#3020,.T.);
#6979=EDGE_CURVE('',#5364,#5485,#3021,.T.);
#6980=EDGE_CURVE('',#5485,#5484,#3022,.T.);
#6981=EDGE_CURVE('',#5363,#5486,#3023,.T.);
#6982=EDGE_CURVE('',#5486,#5485,#3024,.T.);
#6983=EDGE_CURVE('',#5362,#5487,#3025,.T.);
#6984=EDGE_CURVE('',#5487,#5486,#3026,.T.);
#6985=EDGE_CURVE('',#5361,#5488,#3027,.T.);
#6986=EDGE_CURVE('',#5488,#5487,#3028,.T.);
#6987=EDGE_CURVE('',#5360,#5489,#3029,.T.);
#6988=EDGE_CURVE('',#5489,#5488,#3030,.T.);
#6989=EDGE_CURVE('',#5359,#5490,#3031,.T.);
#6990=EDGE_CURVE('',#5490,#5489,#3032,.T.);
#6991=EDGE_CURVE('',#5358,#5491,#3033,.T.);
#6992=EDGE_CURVE('',#5491,#5490,#3034,.T.);
#6993=EDGE_CURVE('',#5357,#5492,#3035,.T.);
#6994=EDGE_CURVE('',#5492,#5491,#3036,.T.);
#6995=EDGE_CURVE('',#5356,#5493,#3037,.T.);
#6996=EDGE_CURVE('',#5493,#5492,#3038,.T.);
#6997=EDGE_CURVE('',#5355,#5494,#3039,.T.);
#6998=EDGE_CURVE('',#5494,#5493,#3040,.T.);
#6999=EDGE_CURVE('',#5354,#5495,#3041,.T.);
#7000=EDGE_CURVE('',#5495,#5494,#3042,.T.);
#7001=EDGE_CURVE('',#5353,#5496,#3043,.T.);
#7002=EDGE_CURVE('',#5496,#5495,#3044,.T.);
#7003=EDGE_CURVE('',#5352,#5497,#3045,.T.);
#7004=EDGE_CURVE('',#5497,#5496,#3046,.T.);
#7005=EDGE_CURVE('',#5351,#5498,#3047,.T.);
#7006=EDGE_CURVE('',#5498,#5497,#3048,.T.);
#7007=EDGE_CURVE('',#5350,#5499,#3049,.T.);
#7008=EDGE_CURVE('',#5499,#5498,#3050,.T.);
#7009=EDGE_CURVE('',#5349,#5500,#3051,.T.);
#7010=EDGE_CURVE('',#5500,#5499,#3052,.T.);
#7011=EDGE_CURVE('',#5348,#5501,#3053,.T.);
#7012=EDGE_CURVE('',#5501,#5500,#3054,.T.);
#7013=EDGE_CURVE('',#5379,#5502,#3055,.T.);
#7014=EDGE_CURVE('',#5502,#5503,#3056,.T.);
#7015=EDGE_CURVE('',#5503,#5504,#3057,.T.);
#7016=EDGE_CURVE('',#5504,#5505,#3058,.T.);
#7017=EDGE_CURVE('',#5347,#5505,#3059,.T.);
#7018=EDGE_CURVE('',#5505,#5501,#3060,.T.);
#7019=EDGE_CURVE('',#5482,#5395,#3061,.T.);
#7020=EDGE_CURVE('',#5389,#5311,#3062,.T.);
#7021=EDGE_CURVE('',#5502,#5378,#3063,.T.);
#7022=EDGE_CURVE('',#5280,#5279,#3064,.T.);
#7023=EDGE_CURVE('',#5265,#5335,#3065,.T.);
#7024=EDGE_CURVE('',#5330,#5334,#406,.T.);
#7025=EDGE_CURVE('',#5329,#5325,#3066,.T.);
#7026=EDGE_CURVE('',#5337,#5506,#3067,.T.);
#7027=EDGE_CURVE('',#5507,#5506,#3068,.T.);
#7028=EDGE_CURVE('',#5508,#5507,#407,.T.);
#7029=EDGE_CURVE('',#5503,#5508,#3069,.T.);
#7030=EDGE_CURVE('',#5509,#5509,#408,.F.);
#7031=EDGE_CURVE('',#5510,#5510,#409,.F.);
#7032=EDGE_CURVE('',#5511,#5511,#410,.F.);
#7033=EDGE_CURVE('',#5512,#5512,#411,.F.);
#7034=EDGE_CURVE('',#5513,#5508,#3070,.T.);
#7035=EDGE_CURVE('',#5504,#5513,#3071,.T.);
#7036=EDGE_CURVE('',#5514,#5515,#3072,.T.);
#7037=EDGE_CURVE('',#5516,#5515,#3073,.T.);
#7038=EDGE_CURVE('',#5507,#5516,#3074,.T.);
#7039=EDGE_CURVE('',#5506,#5517,#3075,.T.);
#7040=EDGE_CURVE('',#5517,#5518,#3076,.T.);
#7041=EDGE_CURVE('',#5518,#5519,#3077,.T.);
#7042=EDGE_CURVE('',#5519,#5520,#3078,.T.);
#7043=EDGE_CURVE('',#5520,#5521,#3079,.T.);
#7044=EDGE_CURVE('',#5521,#5522,#3080,.T.);
#7045=EDGE_CURVE('',#5522,#5523,#3081,.T.);
#7046=EDGE_CURVE('',#5523,#5514,#3082,.T.);
#7047=EDGE_CURVE('',#5524,#5525,#3083,.T.);
#7048=EDGE_CURVE('',#5525,#5526,#3084,.T.);
#7049=EDGE_CURVE('',#5526,#5527,#3085,.T.);
#7050=EDGE_CURVE('',#5527,#5524,#3086,.T.);
#7051=EDGE_CURVE('',#5528,#5529,#412,.T.);
#7052=EDGE_CURVE('',#5529,#5530,#3087,.T.);
#7053=EDGE_CURVE('',#5530,#5531,#413,.T.);
#7054=EDGE_CURVE('',#5531,#5532,#3088,.T.);
#7055=EDGE_CURVE('',#5532,#5533,#414,.T.);
#7056=EDGE_CURVE('',#5533,#5534,#3089,.T.);
#7057=EDGE_CURVE('',#5534,#5535,#415,.T.);
#7058=EDGE_CURVE('',#5535,#5528,#3090,.T.);
#7059=EDGE_CURVE('',#5516,#5513,#416,.T.);
#7060=EDGE_CURVE('',#5396,#5515,#417,.T.);
#7061=EDGE_CURVE('',#5514,#5397,#418,.T.);
#7062=EDGE_CURVE('',#5536,#5536,#419,.T.);
#7063=EDGE_CURVE('',#5536,#5511,#3091,.T.);
#7064=EDGE_CURVE('',#5537,#5537,#420,.T.);
#7065=EDGE_CURVE('',#5537,#5536,#3092,.T.);
#7066=EDGE_CURVE('',#5538,#5538,#421,.T.);
#7067=EDGE_CURVE('',#5538,#5510,#3093,.T.);
#7068=EDGE_CURVE('',#5539,#5539,#422,.T.);
#7069=EDGE_CURVE('',#5539,#5538,#3094,.T.);
#7070=EDGE_CURVE('',#5540,#5540,#423,.T.);
#7071=EDGE_CURVE('',#5540,#5509,#3095,.T.);
#7072=EDGE_CURVE('',#5541,#5541,#424,.T.);
#7073=EDGE_CURVE('',#5541,#5540,#3096,.T.);
#7074=EDGE_CURVE('',#5542,#5542,#425,.T.);
#7075=EDGE_CURVE('',#5542,#5512,#3097,.T.);
#7076=EDGE_CURVE('',#5543,#5543,#426,.T.);
#7077=EDGE_CURVE('',#5543,#5542,#3098,.T.);
#7078=EDGE_CURVE('',#5544,#5544,#427,.T.);
#7079=EDGE_CURVE('',#5524,#5308,#3099,.T.);
#7080=EDGE_CURVE('',#5527,#5309,#3100,.T.);
#7081=EDGE_CURVE('',#5525,#5307,#3101,.T.);
#7082=EDGE_CURVE('',#5526,#5310,#3102,.T.);
#7083=EDGE_CURVE('',#5534,#5301,#3103,.T.);
#7084=EDGE_CURVE('',#5533,#5302,#3104,.T.);
#7085=EDGE_CURVE('',#5292,#5535,#3105,.T.);
#7086=EDGE_CURVE('',#5291,#5528,#3106,.T.);
#7087=EDGE_CURVE('',#5529,#5306,#3107,.T.);
#7088=EDGE_CURVE('',#5530,#5305,#3108,.T.);
#7089=EDGE_CURVE('',#5531,#5304,#3109,.T.);
#7090=EDGE_CURVE('',#5532,#5303,#3110,.T.);
#7091=EDGE_CURVE('',#5519,#5545,#3111,.T.);
#7092=EDGE_CURVE('',#5545,#5546,#3112,.T.);
#7093=EDGE_CURVE('',#5520,#5546,#3113,.T.);
#7094=EDGE_CURVE('',#5296,#5521,#3114,.T.);
#7095=EDGE_CURVE('',#5546,#5338,#3115,.T.);
#7096=EDGE_CURVE('',#5522,#5295,#3116,.F.);
#7097=EDGE_CURVE('',#5523,#5300,#3117,.T.);
#7098=EDGE_CURVE('',#5517,#5315,#3118,.T.);
#7099=EDGE_CURVE('',#5518,#5318,#3119,.T.);
#7100=EDGE_CURVE('',#5339,#5545,#3120,.T.);
#7101=EDGE_CURVE('',#5547,#5547,#428,.T.);
#7102=EDGE_CURVE('',#5548,#5549,#429,.T.);
#7103=EDGE_CURVE('',#5548,#5549,#3121,.T.);
#7104=EDGE_CURVE('',#5550,#5550,#430,.T.);
#7105=EDGE_CURVE('',#5549,#5341,#3122,.T.);
#7106=EDGE_CURVE('',#5342,#5548,#3123,.T.);
#7107=EDGE_CURVE('',#5550,#5544,#3124,.T.);
#7108=EDGE_CURVE('',#5551,#5551,#431,.T.);
#7109=EDGE_CURVE('',#5552,#5553,#432,.T.);
#7110=EDGE_CURVE('',#5553,#5552,#3125,.T.);
#7111=EDGE_CURVE('',#5554,#5554,#433,.T.);
#7112=EDGE_CURVE('',#5372,#5553,#3126,.T.);
#7113=EDGE_CURVE('',#5371,#5552,#3127,.T.);
#7114=EDGE_CURVE('',#5554,#5547,#3128,.T.);
#7115=EDGE_CURVE('',#5555,#5555,#434,.T.);
#7116=EDGE_CURVE('',#5556,#5557,#435,.T.);
#7117=EDGE_CURVE('',#5557,#5556,#3129,.T.);
#7118=EDGE_CURVE('',#5558,#5558,#436,.T.);
#7119=EDGE_CURVE('',#5370,#5557,#3130,.T.);
#7120=EDGE_CURVE('',#5369,#5556,#3131,.T.);
#7121=EDGE_CURVE('',#5558,#5551,#3132,.T.);
#7122=EDGE_CURVE('',#5559,#5560,#437,.T.);
#7123=EDGE_CURVE('',#5560,#5559,#3133,.T.);
#7124=EDGE_CURVE('',#5561,#5561,#438,.T.);
#7125=EDGE_CURVE('',#5374,#5560,#3134,.T.);
#7126=EDGE_CURVE('',#5373,#5559,#3135,.T.);
#7127=EDGE_CURVE('',#5561,#5555,#3136,.T.);
#7128=EDGE_CURVE('',#5382,#5385,#3137,.F.);
#7129=EDGE_CURVE('',#5562,#5562,#439,.T.);
#7130=EDGE_CURVE('',#5562,#5387,#3138,.T.);
#7131=EDGE_CURVE('',#5563,#5563,#440,.T.);
#7132=EDGE_CURVE('',#5563,#5386,#3139,.T.);
#7133=EDGE_CURVE('',#5384,#5383,#3140,.T.);
#7134=EDGE_CURVE('',#5564,#5565,#3141,.T.);
#7135=EDGE_CURVE('',#5565,#5566,#3142,.T.);
#7136=EDGE_CURVE('',#5566,#5567,#3143,.T.);
#7137=EDGE_CURVE('',#5567,#5568,#3144,.T.);
#7138=EDGE_CURVE('',#5568,#5569,#3145,.T.);
#7139=EDGE_CURVE('',#5569,#5570,#3146,.T.);
#7140=EDGE_CURVE('',#5570,#5571,#3147,.T.);
#7141=EDGE_CURVE('',#5571,#5564,#3148,.T.);
#7142=EDGE_CURVE('',#5572,#5567,#3149,.T.);
#7143=EDGE_CURVE('',#5573,#5572,#3150,.T.);
#7144=EDGE_CURVE('',#5573,#5568,#3151,.T.);
#7145=EDGE_CURVE('',#5566,#5574,#3152,.T.);
#7146=EDGE_CURVE('',#5575,#5574,#441,.T.);
#7147=EDGE_CURVE('',#5575,#5576,#3153,.T.);
#7148=EDGE_CURVE('',#5572,#5576,#442,.T.);
#7149=EDGE_CURVE('',#5565,#5577,#3154,.T.);
#7150=EDGE_CURVE('',#5574,#5577,#3155,.T.);
#7151=EDGE_CURVE('',#5570,#5578,#3156,.T.);
#7152=EDGE_CURVE('',#5578,#5579,#3157,.T.);
#7153=EDGE_CURVE('',#5579,#5571,#3158,.T.);
#7154=EDGE_CURVE('',#5580,#5573,#443,.T.);
#7155=EDGE_CURVE('',#5581,#5580,#3159,.T.);
#7156=EDGE_CURVE('',#5577,#5581,#444,.T.);
#7157=EDGE_CURVE('',#5582,#5564,#3160,.T.);
#7158=EDGE_CURVE('',#5583,#5582,#3161,.T.);
#7159=EDGE_CURVE('',#5569,#5583,#3162,.T.);
#7160=EDGE_CURVE('',#5584,#5584,#445,.T.);
#7161=EDGE_CURVE('',#5585,#5585,#446,.T.);
#7162=EDGE_CURVE('',#5581,#5575,#3163,.T.);
#7163=EDGE_CURVE('',#5576,#5580,#3164,.T.);
#7164=EDGE_CURVE('',#5586,#5586,#447,.T.);
#7165=EDGE_CURVE('',#5586,#5585,#3165,.T.);
#7166=EDGE_CURVE('',#5587,#5587,#448,.T.);
#7167=EDGE_CURVE('',#5587,#5584,#3166,.T.);
#7168=EDGE_CURVE('',#5583,#5578,#3167,.T.);
#7169=EDGE_CURVE('',#5582,#5579,#3168,.T.);
#7170=EDGE_CURVE('',#5588,#5589,#3169,.T.);
#7171=EDGE_CURVE('',#5589,#5590,#3170,.T.);
#7172=EDGE_CURVE('',#5591,#5590,#3171,.T.);
#7173=EDGE_CURVE('',#5588,#5591,#3172,.T.);
#7174=EDGE_CURVE('',#5589,#5592,#3173,.T.);
#7175=EDGE_CURVE('',#5592,#5593,#3174,.T.);
#7176=EDGE_CURVE('',#5590,#5593,#3175,.T.);
#7177=EDGE_CURVE('',#5594,#5595,#3176,.T.);
#7178=EDGE_CURVE('',#5595,#5596,#3177,.T.);
#7179=EDGE_CURVE('',#5597,#5596,#3178,.T.);
#7180=EDGE_CURVE('',#5594,#5597,#3179,.T.);
#7181=EDGE_CURVE('',#5595,#5598,#3180,.T.);
#7182=EDGE_CURVE('',#5598,#5599,#3181,.T.);
#7183=EDGE_CURVE('',#5596,#5599,#3182,.T.);
#7184=EDGE_CURVE('',#5600,#5601,#3183,.T.);
#7185=EDGE_CURVE('',#5600,#5602,#3184,.T.);
#7186=EDGE_CURVE('',#5603,#5602,#3185,.T.);
#7187=EDGE_CURVE('',#5601,#5603,#3186,.T.);
#7188=EDGE_CURVE('',#5598,#5604,#3187,.T.);
#7189=EDGE_CURVE('',#5604,#5605,#3188,.T.);
#7190=EDGE_CURVE('',#5599,#5605,#3189,.T.);
#7191=EDGE_CURVE('',#5606,#5607,#3190,.T.);
#7192=EDGE_CURVE('',#5607,#5608,#3191,.T.);
#7193=EDGE_CURVE('',#5609,#5608,#3192,.T.);
#7194=EDGE_CURVE('',#5606,#5609,#3193,.T.);
#7195=EDGE_CURVE('',#5610,#5611,#3194,.T.);
#7196=EDGE_CURVE('',#5611,#5612,#3195,.T.);
#7197=EDGE_CURVE('',#5613,#5612,#3196,.T.);
#7198=EDGE_CURVE('',#5610,#5613,#3197,.T.);
#7199=EDGE_CURVE('',#5611,#5588,#3198,.T.);
#7200=EDGE_CURVE('',#5612,#5591,#3199,.T.);
#7201=EDGE_CURVE('',#5602,#5614,#3200,.T.);
#7202=EDGE_CURVE('',#5614,#5615,#3201,.T.);
#7203=EDGE_CURVE('',#5615,#5603,#3202,.T.);
#7204=EDGE_CURVE('',#5607,#5610,#3203,.T.);
#7205=EDGE_CURVE('',#5608,#5613,#3204,.T.);
#7206=EDGE_CURVE('',#5616,#5606,#3205,.T.);
#7207=EDGE_CURVE('',#5617,#5609,#3206,.T.);
#7208=EDGE_CURVE('',#5616,#5617,#3207,.T.);
#7209=EDGE_CURVE('',#5604,#5616,#3208,.T.);
#7210=EDGE_CURVE('',#5605,#5617,#3209,.T.);
#7211=EDGE_CURVE('',#5618,#5618,#449,.T.);
#7212=EDGE_CURVE('',#5618,#5619,#3210,.T.);
#7213=EDGE_CURVE('',#5619,#5619,#450,.T.);
#7214=EDGE_CURVE('',#5620,#5620,#451,.T.);
#7215=EDGE_CURVE('',#5620,#5621,#3211,.T.);
#7216=EDGE_CURVE('',#5621,#5621,#452,.T.);
#7217=EDGE_CURVE('',#5622,#5622,#453,.T.);
#7218=EDGE_CURVE('',#5622,#5623,#3212,.T.);
#7219=EDGE_CURVE('',#5623,#5623,#454,.T.);
#7220=EDGE_CURVE('',#5624,#5624,#455,.T.);
#7221=EDGE_CURVE('',#5624,#5625,#3213,.T.);
#7222=EDGE_CURVE('',#5625,#5625,#456,.T.);
#7223=EDGE_CURVE('',#5626,#5626,#457,.T.);
#7224=EDGE_CURVE('',#5626,#5627,#3214,.T.);
#7225=EDGE_CURVE('',#5627,#5627,#458,.T.);
#7226=EDGE_CURVE('',#5628,#5628,#459,.T.);
#7227=EDGE_CURVE('',#5628,#5629,#3215,.T.);
#7228=EDGE_CURVE('',#5629,#5629,#460,.T.);
#7229=EDGE_CURVE('',#5614,#5630,#3216,.T.);
#7230=EDGE_CURVE('',#5630,#5631,#3217,.T.);
#7231=EDGE_CURVE('',#5631,#5615,#3218,.T.);
#7232=EDGE_CURVE('',#5632,#5633,#3219,.T.);
#7233=EDGE_CURVE('',#5633,#5594,#3220,.T.);
#7234=EDGE_CURVE('',#5632,#5597,#3221,.T.);
#7235=EDGE_CURVE('',#5633,#5631,#3222,.T.);
#7236=EDGE_CURVE('',#5601,#5632,#3223,.T.);
#7237=EDGE_CURVE('',#5630,#5634,#3224,.T.);
#7238=EDGE_CURVE('',#5592,#5634,#3225,.T.);
#7239=EDGE_CURVE('',#5635,#5600,#3226,.T.);
#7240=EDGE_CURVE('',#5593,#5635,#3227,.T.);
#7241=EDGE_CURVE('',#5634,#5635,#3228,.T.);
#7242=EDGE_CURVE('',#5636,#5637,#3229,.T.);
#7243=EDGE_CURVE('',#5638,#5636,#3230,.T.);
#7244=EDGE_CURVE('',#5639,#5638,#3231,.T.);
#7245=EDGE_CURVE('',#5639,#5640,#3232,.T.);
#7246=EDGE_CURVE('',#5641,#5640,#3233,.T.);
#7247=EDGE_CURVE('',#5637,#5641,#3234,.T.);
#7248=EDGE_CURVE('',#5640,#5642,#3235,.T.);
#7249=EDGE_CURVE('',#5642,#5643,#3236,.T.);
#7250=EDGE_CURVE('',#5643,#5641,#3237,.T.);
#7251=EDGE_CURVE('',#5638,#5644,#3238,.T.);
#7252=EDGE_CURVE('',#5644,#5645,#3239,.T.);
#7253=EDGE_CURVE('',#5645,#5646,#3240,.T.);
#7254=EDGE_CURVE('',#5646,#5647,#3241,.T.);
#7255=EDGE_CURVE('',#5647,#5648,#3242,.T.);
#7256=EDGE_CURVE('',#5648,#5649,#3243,.T.);
#7257=EDGE_CURVE('',#5649,#5650,#3244,.T.);
#7258=EDGE_CURVE('',#5650,#5651,#3245,.T.);
#7259=EDGE_CURVE('',#5651,#5652,#3246,.T.);
#7260=EDGE_CURVE('',#5652,#5653,#3247,.T.);
#7261=EDGE_CURVE('',#5653,#5639,#3248,.T.);
#7262=EDGE_CURVE('',#5636,#5654,#3249,.T.);
#7263=EDGE_CURVE('',#5654,#5644,#3250,.T.);
#7264=EDGE_CURVE('',#5655,#5637,#3251,.T.);
#7265=EDGE_CURVE('',#5655,#5656,#3252,.T.);
#7266=EDGE_CURVE('',#5657,#5656,#3253,.T.);
#7267=EDGE_CURVE('',#5658,#5657,#3254,.T.);
#7268=EDGE_CURVE('',#5658,#5658,#461,.T.);
#7269=EDGE_CURVE('',#5658,#5659,#3255,.T.);
#7270=EDGE_CURVE('',#5659,#5660,#3256,.T.);
#7271=EDGE_CURVE('',#5660,#5661,#3257,.T.);
#7272=EDGE_CURVE('',#5662,#5661,#3258,.T.);
#7273=EDGE_CURVE('',#5663,#5662,#3259,.T.);
#7274=EDGE_CURVE('',#5663,#5663,#462,.T.);
#7275=EDGE_CURVE('',#5663,#5664,#3260,.T.);
#7276=EDGE_CURVE('',#5664,#5665,#3261,.T.);
#7277=EDGE_CURVE('',#5665,#5654,#3262,.T.);
#7278=EDGE_CURVE('',#5666,#5666,#463,.T.);
#7279=EDGE_CURVE('',#5667,#5667,#464,.T.);
#7280=EDGE_CURVE('',#5668,#5668,#465,.T.);
#7281=EDGE_CURVE('',#5669,#5669,#466,.T.);
#7282=EDGE_CURVE('',#5670,#5670,#467,.T.);
#7283=EDGE_CURVE('',#5671,#5671,#468,.T.);
#7284=EDGE_CURVE('',#5672,#5672,#469,.T.);
#7285=EDGE_CURVE('',#5673,#5673,#470,.T.);
#7286=EDGE_CURVE('',#5674,#5674,#471,.T.);
#7287=EDGE_CURVE('',#5675,#5675,#472,.T.);
#7288=EDGE_CURVE('',#5676,#5676,#473,.T.);
#7289=EDGE_CURVE('',#5677,#5677,#474,.T.);
#7290=EDGE_CURVE('',#5678,#5678,#475,.T.);
#7291=EDGE_CURVE('',#5679,#5679,#476,.T.);
#7292=EDGE_CURVE('',#5680,#5680,#477,.T.);
#7293=EDGE_CURVE('',#5653,#5642,#3263,.T.);
#7294=EDGE_CURVE('',#5656,#5652,#3264,.T.);
#7295=EDGE_CURVE('',#5643,#5655,#3265,.T.);
#7296=EDGE_CURVE('',#5657,#5651,#3266,.T.);
#7297=EDGE_CURVE('',#5681,#5664,#3267,.T.);
#7298=EDGE_CURVE('',#5682,#5681,#3268,.T.);
#7299=EDGE_CURVE('',#5665,#5682,#3269,.T.);
#7300=EDGE_CURVE('',#5683,#5659,#3270,.T.);
#7301=EDGE_CURVE('',#5684,#5683,#3271,.T.);
#7302=EDGE_CURVE('',#5660,#5684,#3272,.T.);
#7303=EDGE_CURVE('',#5685,#5685,#478,.T.);
#7304=EDGE_CURVE('',#5685,#5686,#3273,.T.);
#7305=EDGE_CURVE('',#5686,#5663,#3274,.T.);
#7306=EDGE_CURVE('',#5686,#5663,#3275,.T.);
#7307=EDGE_CURVE('',#5687,#5687,#479,.T.);
#7308=EDGE_CURVE('',#5687,#5680,#3276,.T.);
#7309=EDGE_CURVE('',#5688,#5688,#480,.T.);
#7310=EDGE_CURVE('',#5688,#5679,#3277,.T.);
#7311=EDGE_CURVE('',#5689,#5689,#481,.T.);
#7312=EDGE_CURVE('',#5689,#5678,#3278,.T.);
#7313=EDGE_CURVE('',#5690,#5690,#482,.T.);
#7314=EDGE_CURVE('',#5690,#5677,#3279,.T.);
#7315=EDGE_CURVE('',#5691,#5691,#483,.T.);
#7316=EDGE_CURVE('',#5691,#5676,#3280,.T.);
#7317=EDGE_CURVE('',#5692,#5692,#484,.T.);
#7318=EDGE_CURVE('',#5692,#5675,#3281,.T.);
#7319=EDGE_CURVE('',#5693,#5693,#485,.T.);
#7320=EDGE_CURVE('',#5693,#5674,#3282,.T.);
#7321=EDGE_CURVE('',#5694,#5694,#486,.T.);
#7322=EDGE_CURVE('',#5694,#5673,#3283,.T.);
#7323=EDGE_CURVE('',#5695,#5695,#487,.T.);
#7324=EDGE_CURVE('',#5695,#5672,#3284,.T.);
#7325=EDGE_CURVE('',#5696,#5696,#488,.T.);
#7326=EDGE_CURVE('',#5696,#5671,#3285,.T.);
#7327=EDGE_CURVE('',#5697,#5697,#489,.T.);
#7328=EDGE_CURVE('',#5697,#5670,#3286,.T.);
#7329=EDGE_CURVE('',#5698,#5698,#490,.T.);
#7330=EDGE_CURVE('',#5698,#5699,#3287,.T.);
#7331=EDGE_CURVE('',#5658,#5699,#3288,.T.);
#7332=EDGE_CURVE('',#5658,#5699,#3289,.T.);
#7333=EDGE_CURVE('',#5700,#5700,#491,.T.);
#7334=EDGE_CURVE('',#5700,#5669,#3290,.T.);
#7335=EDGE_CURVE('',#5701,#5701,#492,.T.);
#7336=EDGE_CURVE('',#5701,#5668,#3291,.T.);
#7337=EDGE_CURVE('',#5702,#5702,#493,.T.);
#7338=EDGE_CURVE('',#5702,#5667,#3292,.T.);
#7339=EDGE_CURVE('',#5703,#5703,#494,.T.);
#7340=EDGE_CURVE('',#5703,#5666,#3293,.T.);
#7341=EDGE_CURVE('',#5686,#5681,#3294,.T.);
#7342=EDGE_CURVE('',#5699,#5683,#3295,.T.);
#7343=EDGE_CURVE('',#5682,#5704,#3296,.T.);
#7344=EDGE_CURVE('',#5704,#5645,#3297,.T.);
#7345=EDGE_CURVE('',#5647,#5662,#3298,.T.);
#7346=EDGE_CURVE('',#5705,#5646,#3299,.T.);
#7347=EDGE_CURVE('',#5705,#5686,#3300,.T.);
#7348=EDGE_CURVE('',#5661,#5648,#3301,.T.);
#7349=EDGE_CURVE('',#5706,#5699,#3302,.T.);
#7350=EDGE_CURVE('',#5707,#5706,#3303,.T.);
#7351=EDGE_CURVE('',#5684,#5707,#3304,.T.);
#7352=EDGE_CURVE('',#5706,#5650,#3305,.T.);
#7353=EDGE_CURVE('',#5704,#5705,#3306,.T.);
#7354=EDGE_CURVE('',#5707,#5649,#3307,.T.);
#7355=ORIENTED_EDGE('',*,*,#5708,.F.);
#7356=ORIENTED_EDGE('',*,*,#5709,.T.);
#7357=ORIENTED_EDGE('',*,*,#5710,.T.);
#7358=ORIENTED_EDGE('',*,*,#5711,.T.);
#7359=ORIENTED_EDGE('',*,*,#5712,.F.);
#7360=ORIENTED_EDGE('',*,*,#5713,.T.);
#7361=ORIENTED_EDGE('',*,*,#5714,.T.);
#7362=ORIENTED_EDGE('',*,*,#5709,.F.);
#7363=ORIENTED_EDGE('',*,*,#5715,.T.);
#7364=ORIENTED_EDGE('',*,*,#5716,.T.);
#7365=ORIENTED_EDGE('',*,*,#5710,.F.);
#7366=ORIENTED_EDGE('',*,*,#5714,.F.);
#7367=ORIENTED_EDGE('',*,*,#5717,.F.);
#7368=ORIENTED_EDGE('',*,*,#5711,.F.);
#7369=ORIENTED_EDGE('',*,*,#5716,.F.);
#7370=ORIENTED_EDGE('',*,*,#5718,.T.);
#7371=ORIENTED_EDGE('',*,*,#5719,.T.);
#7372=ORIENTED_EDGE('',*,*,#5720,.T.);
#7373=ORIENTED_EDGE('',*,*,#5721,.F.);
#7374=ORIENTED_EDGE('',*,*,#5720,.F.);
#7375=ORIENTED_EDGE('',*,*,#5719,.F.);
#7376=ORIENTED_EDGE('',*,*,#5722,.T.);
#7377=ORIENTED_EDGE('',*,*,#5723,.T.);
#7378=ORIENTED_EDGE('',*,*,#5724,.F.);
#7379=ORIENTED_EDGE('',*,*,#5723,.F.);
#7380=ORIENTED_EDGE('',*,*,#5722,.F.);
#7381=ORIENTED_EDGE('',*,*,#5725,.T.);
#7382=ORIENTED_EDGE('',*,*,#5726,.T.);
#7383=ORIENTED_EDGE('',*,*,#5727,.T.);
#7384=ORIENTED_EDGE('',*,*,#5728,.T.);
#7385=ORIENTED_EDGE('',*,*,#5729,.F.);
#7386=ORIENTED_EDGE('',*,*,#5730,.F.);
#7387=ORIENTED_EDGE('',*,*,#5727,.F.);
#7388=ORIENTED_EDGE('',*,*,#5731,.F.);
#7389=ORIENTED_EDGE('',*,*,#5732,.F.);
#7390=ORIENTED_EDGE('',*,*,#5733,.F.);
#7391=ORIENTED_EDGE('',*,*,#5734,.F.);
#7392=ORIENTED_EDGE('',*,*,#5718,.F.);
#7393=ORIENTED_EDGE('',*,*,#5715,.F.);
#7394=ORIENTED_EDGE('',*,*,#5713,.F.);
#7395=ORIENTED_EDGE('',*,*,#5724,.T.);
#7396=ORIENTED_EDGE('',*,*,#5721,.T.);
#7397=ORIENTED_EDGE('',*,*,#5735,.F.);
#7398=ORIENTED_EDGE('',*,*,#5731,.T.);
#7399=ORIENTED_EDGE('',*,*,#5726,.F.);
#7400=ORIENTED_EDGE('',*,*,#5736,.F.);
#7401=ORIENTED_EDGE('',*,*,#5737,.T.);
#7402=ORIENTED_EDGE('',*,*,#5738,.T.);
#7403=ORIENTED_EDGE('',*,*,#5732,.T.);
#7404=ORIENTED_EDGE('',*,*,#5735,.T.);
#7405=ORIENTED_EDGE('',*,*,#5739,.F.);
#7406=ORIENTED_EDGE('',*,*,#5733,.T.);
#7407=ORIENTED_EDGE('',*,*,#5738,.F.);
#7408=ORIENTED_EDGE('',*,*,#5740,.F.);
#7409=ORIENTED_EDGE('',*,*,#5741,.F.);
#7410=ORIENTED_EDGE('',*,*,#5740,.T.);
#7411=ORIENTED_EDGE('',*,*,#5737,.F.);
#7412=ORIENTED_EDGE('',*,*,#5736,.T.);
#7413=ORIENTED_EDGE('',*,*,#5725,.F.);
#7414=ORIENTED_EDGE('',*,*,#5742,.T.);
#7415=ORIENTED_EDGE('',*,*,#5743,.F.);
#7416=ORIENTED_EDGE('',*,*,#5742,.F.);
#7417=ORIENTED_EDGE('',*,*,#5728,.F.);
#7418=ORIENTED_EDGE('',*,*,#5730,.T.);
#7419=ORIENTED_EDGE('',*,*,#5734,.T.);
#7420=ORIENTED_EDGE('',*,*,#5739,.T.);
#7421=ORIENTED_EDGE('',*,*,#5741,.T.);
#7422=ORIENTED_EDGE('',*,*,#5743,.T.);
#7423=ORIENTED_EDGE('',*,*,#5729,.T.);
#7424=ORIENTED_EDGE('',*,*,#5712,.T.);
#7425=ORIENTED_EDGE('',*,*,#5708,.T.);
#7426=ORIENTED_EDGE('',*,*,#5717,.T.);
#7427=ORIENTED_EDGE('',*,*,#5744,.F.);
#7428=ORIENTED_EDGE('',*,*,#5745,.F.);
#7429=ORIENTED_EDGE('',*,*,#5746,.T.);
#7430=ORIENTED_EDGE('',*,*,#5747,.T.);
#7431=ORIENTED_EDGE('',*,*,#5748,.T.);
#7432=ORIENTED_EDGE('',*,*,#5749,.T.);
#7433=ORIENTED_EDGE('',*,*,#5750,.F.);
#7434=ORIENTED_EDGE('',*,*,#5751,.T.);
#7435=ORIENTED_EDGE('',*,*,#5752,.F.);
#7436=ORIENTED_EDGE('',*,*,#5751,.F.);
#7437=ORIENTED_EDGE('',*,*,#5753,.T.);
#7438=ORIENTED_EDGE('',*,*,#5754,.T.);
#7439=ORIENTED_EDGE('',*,*,#5752,.T.);
#7440=ORIENTED_EDGE('',*,*,#5754,.F.);
#7441=ORIENTED_EDGE('',*,*,#5755,.F.);
#7442=ORIENTED_EDGE('',*,*,#5756,.T.);
#7443=ORIENTED_EDGE('',*,*,#5757,.F.);
#7444=ORIENTED_EDGE('',*,*,#5756,.F.);
#7445=ORIENTED_EDGE('',*,*,#5758,.T.);
#7446=ORIENTED_EDGE('',*,*,#5759,.T.);
#7447=ORIENTED_EDGE('',*,*,#5757,.T.);
#7448=ORIENTED_EDGE('',*,*,#5759,.F.);
#7449=ORIENTED_EDGE('',*,*,#5760,.F.);
#7450=ORIENTED_EDGE('',*,*,#5761,.T.);
#7451=ORIENTED_EDGE('',*,*,#5762,.F.);
#7452=ORIENTED_EDGE('',*,*,#5761,.F.);
#7453=ORIENTED_EDGE('',*,*,#5763,.T.);
#7454=ORIENTED_EDGE('',*,*,#5764,.T.);
#7455=ORIENTED_EDGE('',*,*,#5762,.T.);
#7456=ORIENTED_EDGE('',*,*,#5764,.F.);
#7457=ORIENTED_EDGE('',*,*,#5765,.F.);
#7458=ORIENTED_EDGE('',*,*,#5766,.T.);
#7459=ORIENTED_EDGE('',*,*,#5767,.F.);
#7460=ORIENTED_EDGE('',*,*,#5766,.F.);
#7461=ORIENTED_EDGE('',*,*,#5768,.T.);
#7462=ORIENTED_EDGE('',*,*,#5769,.T.);
#7463=ORIENTED_EDGE('',*,*,#5767,.T.);
#7464=ORIENTED_EDGE('',*,*,#5769,.F.);
#7465=ORIENTED_EDGE('',*,*,#5770,.F.);
#7466=ORIENTED_EDGE('',*,*,#5771,.T.);
#7467=ORIENTED_EDGE('',*,*,#5772,.F.);
#7468=ORIENTED_EDGE('',*,*,#5771,.F.);
#7469=ORIENTED_EDGE('',*,*,#5773,.T.);
#7470=ORIENTED_EDGE('',*,*,#5774,.T.);
#7471=ORIENTED_EDGE('',*,*,#5772,.T.);
#7472=ORIENTED_EDGE('',*,*,#5774,.F.);
#7473=ORIENTED_EDGE('',*,*,#5775,.F.);
#7474=ORIENTED_EDGE('',*,*,#5776,.T.);
#7475=ORIENTED_EDGE('',*,*,#5777,.F.);
#7476=ORIENTED_EDGE('',*,*,#5776,.F.);
#7477=ORIENTED_EDGE('',*,*,#5778,.T.);
#7478=ORIENTED_EDGE('',*,*,#5779,.T.);
#7479=ORIENTED_EDGE('',*,*,#5777,.T.);
#7480=ORIENTED_EDGE('',*,*,#5779,.F.);
#7481=ORIENTED_EDGE('',*,*,#5780,.F.);
#7482=ORIENTED_EDGE('',*,*,#5781,.T.);
#7483=ORIENTED_EDGE('',*,*,#5782,.F.);
#7484=ORIENTED_EDGE('',*,*,#5781,.F.);
#7485=ORIENTED_EDGE('',*,*,#5783,.T.);
#7486=ORIENTED_EDGE('',*,*,#5784,.T.);
#7487=ORIENTED_EDGE('',*,*,#5782,.T.);
#7488=ORIENTED_EDGE('',*,*,#5784,.F.);
#7489=ORIENTED_EDGE('',*,*,#5785,.F.);
#7490=ORIENTED_EDGE('',*,*,#5786,.T.);
#7491=ORIENTED_EDGE('',*,*,#5787,.F.);
#7492=ORIENTED_EDGE('',*,*,#5786,.F.);
#7493=ORIENTED_EDGE('',*,*,#5788,.T.);
#7494=ORIENTED_EDGE('',*,*,#5789,.T.);
#7495=ORIENTED_EDGE('',*,*,#5787,.T.);
#7496=ORIENTED_EDGE('',*,*,#5789,.F.);
#7497=ORIENTED_EDGE('',*,*,#5790,.F.);
#7498=ORIENTED_EDGE('',*,*,#5791,.T.);
#7499=ORIENTED_EDGE('',*,*,#5792,.F.);
#7500=ORIENTED_EDGE('',*,*,#5791,.F.);
#7501=ORIENTED_EDGE('',*,*,#5793,.T.);
#7502=ORIENTED_EDGE('',*,*,#5794,.T.);
#7503=ORIENTED_EDGE('',*,*,#5792,.T.);
#7504=ORIENTED_EDGE('',*,*,#5794,.F.);
#7505=ORIENTED_EDGE('',*,*,#5795,.F.);
#7506=ORIENTED_EDGE('',*,*,#5796,.T.);
#7507=ORIENTED_EDGE('',*,*,#5797,.F.);
#7508=ORIENTED_EDGE('',*,*,#5796,.F.);
#7509=ORIENTED_EDGE('',*,*,#5798,.T.);
#7510=ORIENTED_EDGE('',*,*,#5799,.T.);
#7511=ORIENTED_EDGE('',*,*,#5797,.T.);
#7512=ORIENTED_EDGE('',*,*,#5799,.F.);
#7513=ORIENTED_EDGE('',*,*,#5800,.T.);
#7514=ORIENTED_EDGE('',*,*,#5801,.T.);
#7515=ORIENTED_EDGE('',*,*,#5802,.F.);
#7516=ORIENTED_EDGE('',*,*,#5803,.T.);
#7517=ORIENTED_EDGE('',*,*,#5804,.T.);
#7518=ORIENTED_EDGE('',*,*,#5805,.T.);
#7519=ORIENTED_EDGE('',*,*,#5747,.F.);
#7520=ORIENTED_EDGE('',*,*,#5806,.F.);
#7521=ORIENTED_EDGE('',*,*,#5807,.F.);
#7522=ORIENTED_EDGE('',*,*,#5808,.F.);
#7523=ORIENTED_EDGE('',*,*,#5809,.F.);
#7524=ORIENTED_EDGE('',*,*,#5804,.F.);
#7525=ORIENTED_EDGE('',*,*,#5810,.F.);
#7526=ORIENTED_EDGE('',*,*,#5811,.F.);
#7527=ORIENTED_EDGE('',*,*,#5812,.F.);
#7528=ORIENTED_EDGE('',*,*,#5808,.T.);
#7529=ORIENTED_EDGE('',*,*,#5813,.F.);
#7530=ORIENTED_EDGE('',*,*,#5814,.F.);
#7531=ORIENTED_EDGE('',*,*,#5815,.F.);
#7532=ORIENTED_EDGE('',*,*,#5811,.T.);
#7533=ORIENTED_EDGE('',*,*,#5816,.F.);
#7534=ORIENTED_EDGE('',*,*,#5817,.F.);
#7535=ORIENTED_EDGE('',*,*,#5818,.F.);
#7536=ORIENTED_EDGE('',*,*,#5814,.T.);
#7537=ORIENTED_EDGE('',*,*,#5819,.F.);
#7538=ORIENTED_EDGE('',*,*,#5820,.F.);
#7539=ORIENTED_EDGE('',*,*,#5821,.F.);
#7540=ORIENTED_EDGE('',*,*,#5817,.T.);
#7541=ORIENTED_EDGE('',*,*,#5822,.F.);
#7542=ORIENTED_EDGE('',*,*,#5823,.F.);
#7543=ORIENTED_EDGE('',*,*,#5824,.F.);
#7544=ORIENTED_EDGE('',*,*,#5820,.T.);
#7545=ORIENTED_EDGE('',*,*,#5825,.F.);
#7546=ORIENTED_EDGE('',*,*,#5826,.F.);
#7547=ORIENTED_EDGE('',*,*,#5827,.F.);
#7548=ORIENTED_EDGE('',*,*,#5823,.T.);
#7549=ORIENTED_EDGE('',*,*,#5828,.F.);
#7550=ORIENTED_EDGE('',*,*,#5829,.F.);
#7551=ORIENTED_EDGE('',*,*,#5830,.F.);
#7552=ORIENTED_EDGE('',*,*,#5826,.T.);
#7553=ORIENTED_EDGE('',*,*,#5831,.F.);
#7554=ORIENTED_EDGE('',*,*,#5832,.F.);
#7555=ORIENTED_EDGE('',*,*,#5833,.F.);
#7556=ORIENTED_EDGE('',*,*,#5829,.T.);
#7557=ORIENTED_EDGE('',*,*,#5834,.F.);
#7558=ORIENTED_EDGE('',*,*,#5835,.F.);
#7559=ORIENTED_EDGE('',*,*,#5836,.F.);
#7560=ORIENTED_EDGE('',*,*,#5832,.T.);
#7561=ORIENTED_EDGE('',*,*,#5837,.F.);
#7562=ORIENTED_EDGE('',*,*,#5838,.F.);
#7563=ORIENTED_EDGE('',*,*,#5839,.F.);
#7564=ORIENTED_EDGE('',*,*,#5835,.T.);
#7565=ORIENTED_EDGE('',*,*,#5840,.F.);
#7566=ORIENTED_EDGE('',*,*,#5841,.F.);
#7567=ORIENTED_EDGE('',*,*,#5842,.F.);
#7568=ORIENTED_EDGE('',*,*,#5838,.T.);
#7569=ORIENTED_EDGE('',*,*,#5843,.F.);
#7570=ORIENTED_EDGE('',*,*,#5844,.F.);
#7571=ORIENTED_EDGE('',*,*,#5845,.F.);
#7572=ORIENTED_EDGE('',*,*,#5841,.T.);
#7573=ORIENTED_EDGE('',*,*,#5846,.F.);
#7574=ORIENTED_EDGE('',*,*,#5847,.F.);
#7575=ORIENTED_EDGE('',*,*,#5848,.F.);
#7576=ORIENTED_EDGE('',*,*,#5844,.T.);
#7577=ORIENTED_EDGE('',*,*,#5849,.F.);
#7578=ORIENTED_EDGE('',*,*,#5850,.F.);
#7579=ORIENTED_EDGE('',*,*,#5851,.F.);
#7580=ORIENTED_EDGE('',*,*,#5847,.T.);
#7581=ORIENTED_EDGE('',*,*,#5852,.F.);
#7582=ORIENTED_EDGE('',*,*,#5853,.F.);
#7583=ORIENTED_EDGE('',*,*,#5854,.F.);
#7584=ORIENTED_EDGE('',*,*,#5850,.T.);
#7585=ORIENTED_EDGE('',*,*,#5855,.F.);
#7586=ORIENTED_EDGE('',*,*,#5856,.F.);
#7587=ORIENTED_EDGE('',*,*,#5857,.F.);
#7588=ORIENTED_EDGE('',*,*,#5853,.T.);
#7589=ORIENTED_EDGE('',*,*,#5858,.F.);
#7590=ORIENTED_EDGE('',*,*,#5859,.F.);
#7591=ORIENTED_EDGE('',*,*,#5860,.F.);
#7592=ORIENTED_EDGE('',*,*,#5856,.T.);
#7593=ORIENTED_EDGE('',*,*,#5861,.F.);
#7594=ORIENTED_EDGE('',*,*,#5862,.F.);
#7595=ORIENTED_EDGE('',*,*,#5863,.F.);
#7596=ORIENTED_EDGE('',*,*,#5859,.T.);
#7597=ORIENTED_EDGE('',*,*,#5864,.F.);
#7598=ORIENTED_EDGE('',*,*,#5865,.F.);
#7599=ORIENTED_EDGE('',*,*,#5866,.F.);
#7600=ORIENTED_EDGE('',*,*,#5862,.T.);
#7601=ORIENTED_EDGE('',*,*,#5867,.F.);
#7602=ORIENTED_EDGE('',*,*,#5868,.F.);
#7603=ORIENTED_EDGE('',*,*,#5869,.F.);
#7604=ORIENTED_EDGE('',*,*,#5865,.T.);
#7605=ORIENTED_EDGE('',*,*,#5870,.F.);
#7606=ORIENTED_EDGE('',*,*,#5871,.F.);
#7607=ORIENTED_EDGE('',*,*,#5872,.F.);
#7608=ORIENTED_EDGE('',*,*,#5868,.T.);
#7609=ORIENTED_EDGE('',*,*,#5873,.F.);
#7610=ORIENTED_EDGE('',*,*,#5874,.F.);
#7611=ORIENTED_EDGE('',*,*,#5875,.F.);
#7612=ORIENTED_EDGE('',*,*,#5871,.T.);
#7613=ORIENTED_EDGE('',*,*,#5876,.F.);
#7614=ORIENTED_EDGE('',*,*,#5877,.F.);
#7615=ORIENTED_EDGE('',*,*,#5878,.F.);
#7616=ORIENTED_EDGE('',*,*,#5874,.T.);
#7617=ORIENTED_EDGE('',*,*,#5879,.F.);
#7618=ORIENTED_EDGE('',*,*,#5880,.F.);
#7619=ORIENTED_EDGE('',*,*,#5881,.F.);
#7620=ORIENTED_EDGE('',*,*,#5877,.T.);
#7621=ORIENTED_EDGE('',*,*,#5882,.F.);
#7622=ORIENTED_EDGE('',*,*,#5883,.F.);
#7623=ORIENTED_EDGE('',*,*,#5884,.F.);
#7624=ORIENTED_EDGE('',*,*,#5880,.T.);
#7625=ORIENTED_EDGE('',*,*,#5885,.F.);
#7626=ORIENTED_EDGE('',*,*,#5886,.F.);
#7627=ORIENTED_EDGE('',*,*,#5887,.F.);
#7628=ORIENTED_EDGE('',*,*,#5883,.T.);
#7629=ORIENTED_EDGE('',*,*,#5888,.F.);
#7630=ORIENTED_EDGE('',*,*,#5889,.F.);
#7631=ORIENTED_EDGE('',*,*,#5890,.F.);
#7632=ORIENTED_EDGE('',*,*,#5886,.T.);
#7633=ORIENTED_EDGE('',*,*,#5891,.F.);
#7634=ORIENTED_EDGE('',*,*,#5892,.F.);
#7635=ORIENTED_EDGE('',*,*,#5889,.T.);
#7636=ORIENTED_EDGE('',*,*,#5893,.F.);
#7637=ORIENTED_EDGE('',*,*,#5894,.F.);
#7638=ORIENTED_EDGE('',*,*,#5895,.F.);
#7639=ORIENTED_EDGE('',*,*,#5896,.F.);
#7640=ORIENTED_EDGE('',*,*,#5897,.F.);
#7641=ORIENTED_EDGE('',*,*,#5898,.F.);
#7642=ORIENTED_EDGE('',*,*,#5899,.F.);
#7643=ORIENTED_EDGE('',*,*,#5900,.F.);
#7644=ORIENTED_EDGE('',*,*,#5901,.F.);
#7645=ORIENTED_EDGE('',*,*,#5902,.F.);
#7646=ORIENTED_EDGE('',*,*,#5903,.F.);
#7647=ORIENTED_EDGE('',*,*,#5904,.F.);
#7648=ORIENTED_EDGE('',*,*,#5905,.F.);
#7649=ORIENTED_EDGE('',*,*,#5906,.F.);
#7650=ORIENTED_EDGE('',*,*,#5907,.F.);
#7651=ORIENTED_EDGE('',*,*,#5908,.F.);
#7652=ORIENTED_EDGE('',*,*,#5909,.F.);
#7653=ORIENTED_EDGE('',*,*,#5910,.F.);
#7654=ORIENTED_EDGE('',*,*,#5911,.F.);
#7655=ORIENTED_EDGE('',*,*,#5912,.F.);
#7656=ORIENTED_EDGE('',*,*,#5913,.F.);
#7657=ORIENTED_EDGE('',*,*,#5914,.F.);
#7658=ORIENTED_EDGE('',*,*,#5915,.F.);
#7659=ORIENTED_EDGE('',*,*,#5916,.F.);
#7660=ORIENTED_EDGE('',*,*,#5917,.F.);
#7661=ORIENTED_EDGE('',*,*,#5918,.F.);
#7662=ORIENTED_EDGE('',*,*,#5919,.F.);
#7663=ORIENTED_EDGE('',*,*,#5920,.F.);
#7664=ORIENTED_EDGE('',*,*,#5921,.F.);
#7665=ORIENTED_EDGE('',*,*,#5922,.F.);
#7666=ORIENTED_EDGE('',*,*,#5923,.F.);
#7667=ORIENTED_EDGE('',*,*,#5924,.F.);
#7668=ORIENTED_EDGE('',*,*,#5925,.F.);
#7669=ORIENTED_EDGE('',*,*,#5926,.F.);
#7670=ORIENTED_EDGE('',*,*,#5927,.F.);
#7671=ORIENTED_EDGE('',*,*,#5928,.F.);
#7672=ORIENTED_EDGE('',*,*,#5929,.F.);
#7673=ORIENTED_EDGE('',*,*,#5930,.F.);
#7674=ORIENTED_EDGE('',*,*,#5931,.F.);
#7675=ORIENTED_EDGE('',*,*,#5932,.F.);
#7676=ORIENTED_EDGE('',*,*,#5933,.F.);
#7677=ORIENTED_EDGE('',*,*,#5934,.T.);
#7678=ORIENTED_EDGE('',*,*,#5935,.T.);
#7679=ORIENTED_EDGE('',*,*,#5936,.T.);
#7680=ORIENTED_EDGE('',*,*,#5891,.T.);
#7681=ORIENTED_EDGE('',*,*,#5937,.T.);
#7682=ORIENTED_EDGE('',*,*,#5932,.T.);
#7683=ORIENTED_EDGE('',*,*,#5938,.T.);
#7684=ORIENTED_EDGE('',*,*,#5935,.F.);
#7685=ORIENTED_EDGE('',*,*,#5939,.T.);
#7686=ORIENTED_EDGE('',*,*,#5940,.T.);
#7687=ORIENTED_EDGE('',*,*,#5941,.T.);
#7688=ORIENTED_EDGE('',*,*,#5930,.T.);
#7689=ORIENTED_EDGE('',*,*,#5942,.T.);
#7690=ORIENTED_EDGE('',*,*,#5943,.T.);
#7691=ORIENTED_EDGE('',*,*,#5944,.T.);
#7692=ORIENTED_EDGE('',*,*,#5940,.F.);
#7693=ORIENTED_EDGE('',*,*,#5945,.T.);
#7694=ORIENTED_EDGE('',*,*,#5928,.T.);
#7695=ORIENTED_EDGE('',*,*,#5946,.T.);
#7696=ORIENTED_EDGE('',*,*,#5943,.F.);
#7697=ORIENTED_EDGE('',*,*,#5947,.T.);
#7698=ORIENTED_EDGE('',*,*,#5948,.T.);
#7699=ORIENTED_EDGE('',*,*,#5949,.T.);
#7700=ORIENTED_EDGE('',*,*,#5926,.T.);
#7701=ORIENTED_EDGE('',*,*,#5950,.T.);
#7702=ORIENTED_EDGE('',*,*,#5951,.T.);
#7703=ORIENTED_EDGE('',*,*,#5952,.T.);
#7704=ORIENTED_EDGE('',*,*,#5948,.F.);
#7705=ORIENTED_EDGE('',*,*,#5953,.T.);
#7706=ORIENTED_EDGE('',*,*,#5924,.T.);
#7707=ORIENTED_EDGE('',*,*,#5954,.T.);
#7708=ORIENTED_EDGE('',*,*,#5951,.F.);
#7709=ORIENTED_EDGE('',*,*,#5955,.T.);
#7710=ORIENTED_EDGE('',*,*,#5956,.T.);
#7711=ORIENTED_EDGE('',*,*,#5957,.T.);
#7712=ORIENTED_EDGE('',*,*,#5922,.T.);
#7713=ORIENTED_EDGE('',*,*,#5958,.T.);
#7714=ORIENTED_EDGE('',*,*,#5959,.T.);
#7715=ORIENTED_EDGE('',*,*,#5960,.T.);
#7716=ORIENTED_EDGE('',*,*,#5956,.F.);
#7717=ORIENTED_EDGE('',*,*,#5961,.T.);
#7718=ORIENTED_EDGE('',*,*,#5920,.T.);
#7719=ORIENTED_EDGE('',*,*,#5962,.T.);
#7720=ORIENTED_EDGE('',*,*,#5959,.F.);
#7721=ORIENTED_EDGE('',*,*,#5963,.T.);
#7722=ORIENTED_EDGE('',*,*,#5964,.T.);
#7723=ORIENTED_EDGE('',*,*,#5965,.T.);
#7724=ORIENTED_EDGE('',*,*,#5918,.T.);
#7725=ORIENTED_EDGE('',*,*,#5966,.T.);
#7726=ORIENTED_EDGE('',*,*,#5967,.T.);
#7727=ORIENTED_EDGE('',*,*,#5968,.T.);
#7728=ORIENTED_EDGE('',*,*,#5964,.F.);
#7729=ORIENTED_EDGE('',*,*,#5969,.T.);
#7730=ORIENTED_EDGE('',*,*,#5916,.T.);
#7731=ORIENTED_EDGE('',*,*,#5970,.T.);
#7732=ORIENTED_EDGE('',*,*,#5967,.F.);
#7733=ORIENTED_EDGE('',*,*,#5971,.T.);
#7734=ORIENTED_EDGE('',*,*,#5972,.T.);
#7735=ORIENTED_EDGE('',*,*,#5973,.T.);
#7736=ORIENTED_EDGE('',*,*,#5914,.T.);
#7737=ORIENTED_EDGE('',*,*,#5974,.T.);
#7738=ORIENTED_EDGE('',*,*,#5975,.T.);
#7739=ORIENTED_EDGE('',*,*,#5976,.T.);
#7740=ORIENTED_EDGE('',*,*,#5972,.F.);
#7741=ORIENTED_EDGE('',*,*,#5977,.T.);
#7742=ORIENTED_EDGE('',*,*,#5912,.T.);
#7743=ORIENTED_EDGE('',*,*,#5978,.T.);
#7744=ORIENTED_EDGE('',*,*,#5975,.F.);
#7745=ORIENTED_EDGE('',*,*,#5979,.T.);
#7746=ORIENTED_EDGE('',*,*,#5980,.T.);
#7747=ORIENTED_EDGE('',*,*,#5981,.T.);
#7748=ORIENTED_EDGE('',*,*,#5910,.T.);
#7749=ORIENTED_EDGE('',*,*,#5982,.T.);
#7750=ORIENTED_EDGE('',*,*,#5983,.T.);
#7751=ORIENTED_EDGE('',*,*,#5984,.T.);
#7752=ORIENTED_EDGE('',*,*,#5980,.F.);
#7753=ORIENTED_EDGE('',*,*,#5985,.T.);
#7754=ORIENTED_EDGE('',*,*,#5908,.T.);
#7755=ORIENTED_EDGE('',*,*,#5986,.T.);
#7756=ORIENTED_EDGE('',*,*,#5983,.F.);
#7757=ORIENTED_EDGE('',*,*,#5987,.T.);
#7758=ORIENTED_EDGE('',*,*,#5988,.T.);
#7759=ORIENTED_EDGE('',*,*,#5989,.T.);
#7760=ORIENTED_EDGE('',*,*,#5906,.T.);
#7761=ORIENTED_EDGE('',*,*,#5990,.T.);
#7762=ORIENTED_EDGE('',*,*,#5991,.T.);
#7763=ORIENTED_EDGE('',*,*,#5992,.T.);
#7764=ORIENTED_EDGE('',*,*,#5988,.F.);
#7765=ORIENTED_EDGE('',*,*,#5993,.T.);
#7766=ORIENTED_EDGE('',*,*,#5904,.T.);
#7767=ORIENTED_EDGE('',*,*,#5994,.T.);
#7768=ORIENTED_EDGE('',*,*,#5991,.F.);
#7769=ORIENTED_EDGE('',*,*,#5995,.T.);
#7770=ORIENTED_EDGE('',*,*,#5996,.T.);
#7771=ORIENTED_EDGE('',*,*,#5997,.T.);
#7772=ORIENTED_EDGE('',*,*,#5902,.T.);
#7773=ORIENTED_EDGE('',*,*,#5998,.T.);
#7774=ORIENTED_EDGE('',*,*,#5999,.T.);
#7775=ORIENTED_EDGE('',*,*,#6000,.T.);
#7776=ORIENTED_EDGE('',*,*,#5996,.F.);
#7777=ORIENTED_EDGE('',*,*,#6001,.T.);
#7778=ORIENTED_EDGE('',*,*,#5900,.T.);
#7779=ORIENTED_EDGE('',*,*,#6002,.T.);
#7780=ORIENTED_EDGE('',*,*,#5999,.F.);
#7781=ORIENTED_EDGE('',*,*,#6003,.T.);
#7782=ORIENTED_EDGE('',*,*,#6004,.T.);
#7783=ORIENTED_EDGE('',*,*,#6005,.T.);
#7784=ORIENTED_EDGE('',*,*,#5898,.T.);
#7785=ORIENTED_EDGE('',*,*,#6006,.T.);
#7786=ORIENTED_EDGE('',*,*,#6007,.T.);
#7787=ORIENTED_EDGE('',*,*,#6008,.T.);
#7788=ORIENTED_EDGE('',*,*,#6004,.F.);
#7789=ORIENTED_EDGE('',*,*,#6009,.T.);
#7790=ORIENTED_EDGE('',*,*,#5896,.T.);
#7791=ORIENTED_EDGE('',*,*,#6010,.T.);
#7792=ORIENTED_EDGE('',*,*,#6007,.F.);
#7793=ORIENTED_EDGE('',*,*,#6011,.T.);
#7794=ORIENTED_EDGE('',*,*,#6012,.T.);
#7795=ORIENTED_EDGE('',*,*,#6013,.T.);
#7796=ORIENTED_EDGE('',*,*,#5894,.T.);
#7797=ORIENTED_EDGE('',*,*,#6014,.T.);
#7798=ORIENTED_EDGE('',*,*,#6015,.T.);
#7799=ORIENTED_EDGE('',*,*,#6016,.T.);
#7800=ORIENTED_EDGE('',*,*,#6012,.F.);
#7801=ORIENTED_EDGE('',*,*,#6017,.T.);
#7802=ORIENTED_EDGE('',*,*,#5802,.T.);
#7803=ORIENTED_EDGE('',*,*,#6018,.T.);
#7804=ORIENTED_EDGE('',*,*,#6015,.F.);
#7805=ORIENTED_EDGE('',*,*,#6019,.T.);
#7806=ORIENTED_EDGE('',*,*,#6020,.F.);
#7807=ORIENTED_EDGE('',*,*,#5803,.F.);
#7808=ORIENTED_EDGE('',*,*,#6017,.F.);
#7809=ORIENTED_EDGE('',*,*,#6014,.F.);
#7810=ORIENTED_EDGE('',*,*,#6011,.F.);
#7811=ORIENTED_EDGE('',*,*,#5897,.T.);
#7812=ORIENTED_EDGE('',*,*,#6009,.F.);
#7813=ORIENTED_EDGE('',*,*,#6006,.F.);
#7814=ORIENTED_EDGE('',*,*,#6003,.F.);
#7815=ORIENTED_EDGE('',*,*,#5901,.T.);
#7816=ORIENTED_EDGE('',*,*,#6001,.F.);
#7817=ORIENTED_EDGE('',*,*,#5998,.F.);
#7818=ORIENTED_EDGE('',*,*,#5995,.F.);
#7819=ORIENTED_EDGE('',*,*,#5905,.T.);
#7820=ORIENTED_EDGE('',*,*,#5993,.F.);
#7821=ORIENTED_EDGE('',*,*,#5990,.F.);
#7822=ORIENTED_EDGE('',*,*,#5987,.F.);
#7823=ORIENTED_EDGE('',*,*,#5909,.T.);
#7824=ORIENTED_EDGE('',*,*,#5985,.F.);
#7825=ORIENTED_EDGE('',*,*,#5982,.F.);
#7826=ORIENTED_EDGE('',*,*,#5979,.F.);
#7827=ORIENTED_EDGE('',*,*,#5913,.T.);
#7828=ORIENTED_EDGE('',*,*,#5977,.F.);
#7829=ORIENTED_EDGE('',*,*,#5974,.F.);
#7830=ORIENTED_EDGE('',*,*,#5971,.F.);
#7831=ORIENTED_EDGE('',*,*,#5917,.T.);
#7832=ORIENTED_EDGE('',*,*,#5969,.F.);
#7833=ORIENTED_EDGE('',*,*,#5966,.F.);
#7834=ORIENTED_EDGE('',*,*,#5963,.F.);
#7835=ORIENTED_EDGE('',*,*,#5921,.T.);
#7836=ORIENTED_EDGE('',*,*,#5961,.F.);
#7837=ORIENTED_EDGE('',*,*,#5958,.F.);
#7838=ORIENTED_EDGE('',*,*,#5955,.F.);
#7839=ORIENTED_EDGE('',*,*,#5925,.T.);
#7840=ORIENTED_EDGE('',*,*,#5953,.F.);
#7841=ORIENTED_EDGE('',*,*,#5950,.F.);
#7842=ORIENTED_EDGE('',*,*,#5947,.F.);
#7843=ORIENTED_EDGE('',*,*,#5929,.T.);
#7844=ORIENTED_EDGE('',*,*,#5945,.F.);
#7845=ORIENTED_EDGE('',*,*,#5942,.F.);
#7846=ORIENTED_EDGE('',*,*,#5939,.F.);
#7847=ORIENTED_EDGE('',*,*,#5933,.T.);
#7848=ORIENTED_EDGE('',*,*,#5937,.F.);
#7849=ORIENTED_EDGE('',*,*,#5934,.F.);
#7850=ORIENTED_EDGE('',*,*,#5893,.T.);
#7851=ORIENTED_EDGE('',*,*,#5888,.T.);
#7852=ORIENTED_EDGE('',*,*,#5885,.T.);
#7853=ORIENTED_EDGE('',*,*,#5882,.T.);
#7854=ORIENTED_EDGE('',*,*,#5879,.T.);
#7855=ORIENTED_EDGE('',*,*,#5876,.T.);
#7856=ORIENTED_EDGE('',*,*,#5873,.T.);
#7857=ORIENTED_EDGE('',*,*,#5870,.T.);
#7858=ORIENTED_EDGE('',*,*,#5867,.T.);
#7859=ORIENTED_EDGE('',*,*,#5864,.T.);
#7860=ORIENTED_EDGE('',*,*,#5861,.T.);
#7861=ORIENTED_EDGE('',*,*,#5858,.T.);
#7862=ORIENTED_EDGE('',*,*,#5855,.T.);
#7863=ORIENTED_EDGE('',*,*,#5852,.T.);
#7864=ORIENTED_EDGE('',*,*,#5849,.T.);
#7865=ORIENTED_EDGE('',*,*,#5846,.T.);
#7866=ORIENTED_EDGE('',*,*,#5843,.T.);
#7867=ORIENTED_EDGE('',*,*,#5840,.T.);
#7868=ORIENTED_EDGE('',*,*,#5837,.T.);
#7869=ORIENTED_EDGE('',*,*,#5834,.T.);
#7870=ORIENTED_EDGE('',*,*,#5831,.T.);
#7871=ORIENTED_EDGE('',*,*,#5828,.T.);
#7872=ORIENTED_EDGE('',*,*,#5825,.T.);
#7873=ORIENTED_EDGE('',*,*,#5822,.T.);
#7874=ORIENTED_EDGE('',*,*,#5819,.T.);
#7875=ORIENTED_EDGE('',*,*,#5816,.T.);
#7876=ORIENTED_EDGE('',*,*,#5813,.T.);
#7877=ORIENTED_EDGE('',*,*,#5810,.T.);
#7878=ORIENTED_EDGE('',*,*,#5807,.T.);
#7879=ORIENTED_EDGE('',*,*,#5806,.T.);
#7880=ORIENTED_EDGE('',*,*,#5746,.F.);
#7881=ORIENTED_EDGE('',*,*,#5798,.F.);
#7882=ORIENTED_EDGE('',*,*,#5788,.F.);
#7883=ORIENTED_EDGE('',*,*,#5778,.F.);
#7884=ORIENTED_EDGE('',*,*,#5768,.F.);
#7885=ORIENTED_EDGE('',*,*,#5758,.F.);
#7886=ORIENTED_EDGE('',*,*,#5753,.F.);
#7887=ORIENTED_EDGE('',*,*,#5763,.F.);
#7888=ORIENTED_EDGE('',*,*,#5773,.F.);
#7889=ORIENTED_EDGE('',*,*,#5783,.F.);
#7890=ORIENTED_EDGE('',*,*,#5793,.F.);
#7891=ORIENTED_EDGE('',*,*,#6021,.F.);
#7892=ORIENTED_EDGE('',*,*,#5800,.F.);
#7893=ORIENTED_EDGE('',*,*,#6020,.T.);
#7894=ORIENTED_EDGE('',*,*,#6022,.F.);
#7895=ORIENTED_EDGE('',*,*,#6023,.F.);
#7896=ORIENTED_EDGE('',*,*,#5748,.F.);
#7897=ORIENTED_EDGE('',*,*,#5805,.F.);
#7898=ORIENTED_EDGE('',*,*,#5809,.T.);
#7899=ORIENTED_EDGE('',*,*,#5812,.T.);
#7900=ORIENTED_EDGE('',*,*,#5815,.T.);
#7901=ORIENTED_EDGE('',*,*,#5818,.T.);
#7902=ORIENTED_EDGE('',*,*,#5821,.T.);
#7903=ORIENTED_EDGE('',*,*,#5824,.T.);
#7904=ORIENTED_EDGE('',*,*,#5827,.T.);
#7905=ORIENTED_EDGE('',*,*,#5830,.T.);
#7906=ORIENTED_EDGE('',*,*,#5833,.T.);
#7907=ORIENTED_EDGE('',*,*,#5836,.T.);
#7908=ORIENTED_EDGE('',*,*,#5839,.T.);
#7909=ORIENTED_EDGE('',*,*,#5842,.T.);
#7910=ORIENTED_EDGE('',*,*,#5845,.T.);
#7911=ORIENTED_EDGE('',*,*,#5848,.T.);
#7912=ORIENTED_EDGE('',*,*,#5851,.T.);
#7913=ORIENTED_EDGE('',*,*,#5854,.T.);
#7914=ORIENTED_EDGE('',*,*,#5857,.T.);
#7915=ORIENTED_EDGE('',*,*,#5860,.T.);
#7916=ORIENTED_EDGE('',*,*,#5863,.T.);
#7917=ORIENTED_EDGE('',*,*,#5866,.T.);
#7918=ORIENTED_EDGE('',*,*,#5869,.T.);
#7919=ORIENTED_EDGE('',*,*,#5872,.T.);
#7920=ORIENTED_EDGE('',*,*,#5875,.T.);
#7921=ORIENTED_EDGE('',*,*,#5878,.T.);
#7922=ORIENTED_EDGE('',*,*,#5881,.T.);
#7923=ORIENTED_EDGE('',*,*,#5884,.T.);
#7924=ORIENTED_EDGE('',*,*,#5887,.T.);
#7925=ORIENTED_EDGE('',*,*,#5890,.T.);
#7926=ORIENTED_EDGE('',*,*,#5892,.T.);
#7927=ORIENTED_EDGE('',*,*,#5936,.F.);
#7928=ORIENTED_EDGE('',*,*,#5938,.F.);
#7929=ORIENTED_EDGE('',*,*,#5931,.T.);
#7930=ORIENTED_EDGE('',*,*,#5941,.F.);
#7931=ORIENTED_EDGE('',*,*,#5944,.F.);
#7932=ORIENTED_EDGE('',*,*,#5946,.F.);
#7933=ORIENTED_EDGE('',*,*,#5927,.T.);
#7934=ORIENTED_EDGE('',*,*,#5949,.F.);
#7935=ORIENTED_EDGE('',*,*,#5952,.F.);
#7936=ORIENTED_EDGE('',*,*,#5954,.F.);
#7937=ORIENTED_EDGE('',*,*,#5923,.T.);
#7938=ORIENTED_EDGE('',*,*,#5957,.F.);
#7939=ORIENTED_EDGE('',*,*,#5960,.F.);
#7940=ORIENTED_EDGE('',*,*,#5962,.F.);
#7941=ORIENTED_EDGE('',*,*,#5919,.T.);
#7942=ORIENTED_EDGE('',*,*,#5965,.F.);
#7943=ORIENTED_EDGE('',*,*,#5968,.F.);
#7944=ORIENTED_EDGE('',*,*,#5970,.F.);
#7945=ORIENTED_EDGE('',*,*,#5915,.T.);
#7946=ORIENTED_EDGE('',*,*,#5973,.F.);
#7947=ORIENTED_EDGE('',*,*,#5976,.F.);
#7948=ORIENTED_EDGE('',*,*,#5978,.F.);
#7949=ORIENTED_EDGE('',*,*,#5911,.T.);
#7950=ORIENTED_EDGE('',*,*,#5981,.F.);
#7951=ORIENTED_EDGE('',*,*,#5984,.F.);
#7952=ORIENTED_EDGE('',*,*,#5986,.F.);
#7953=ORIENTED_EDGE('',*,*,#5907,.T.);
#7954=ORIENTED_EDGE('',*,*,#5989,.F.);
#7955=ORIENTED_EDGE('',*,*,#5992,.F.);
#7956=ORIENTED_EDGE('',*,*,#5994,.F.);
#7957=ORIENTED_EDGE('',*,*,#5903,.T.);
#7958=ORIENTED_EDGE('',*,*,#5997,.F.);
#7959=ORIENTED_EDGE('',*,*,#6000,.F.);
#7960=ORIENTED_EDGE('',*,*,#6002,.F.);
#7961=ORIENTED_EDGE('',*,*,#5899,.T.);
#7962=ORIENTED_EDGE('',*,*,#6005,.F.);
#7963=ORIENTED_EDGE('',*,*,#6008,.F.);
#7964=ORIENTED_EDGE('',*,*,#6010,.F.);
#7965=ORIENTED_EDGE('',*,*,#5895,.T.);
#7966=ORIENTED_EDGE('',*,*,#6013,.F.);
#7967=ORIENTED_EDGE('',*,*,#6016,.F.);
#7968=ORIENTED_EDGE('',*,*,#6018,.F.);
#7969=ORIENTED_EDGE('',*,*,#5801,.F.);
#7970=ORIENTED_EDGE('',*,*,#6021,.T.);
#7971=ORIENTED_EDGE('',*,*,#5780,.T.);
#7972=ORIENTED_EDGE('',*,*,#5770,.T.);
#7973=ORIENTED_EDGE('',*,*,#5755,.T.);
#7974=ORIENTED_EDGE('',*,*,#5775,.T.);
#7975=ORIENTED_EDGE('',*,*,#5795,.T.);
#7976=ORIENTED_EDGE('',*,*,#5785,.T.);
#7977=ORIENTED_EDGE('',*,*,#5760,.T.);
#7978=ORIENTED_EDGE('',*,*,#5750,.T.);
#7979=ORIENTED_EDGE('',*,*,#5765,.T.);
#7980=ORIENTED_EDGE('',*,*,#5790,.T.);
#7981=ORIENTED_EDGE('',*,*,#6024,.T.);
#7982=ORIENTED_EDGE('',*,*,#6025,.F.);
#7983=ORIENTED_EDGE('',*,*,#6026,.F.);
#7984=ORIENTED_EDGE('',*,*,#6027,.F.);
#7985=ORIENTED_EDGE('',*,*,#6023,.T.);
#7986=ORIENTED_EDGE('',*,*,#6022,.T.);
#7987=ORIENTED_EDGE('',*,*,#6019,.F.);
#7988=ORIENTED_EDGE('',*,*,#5749,.F.);
#7989=ORIENTED_EDGE('',*,*,#6028,.F.);
#7990=ORIENTED_EDGE('',*,*,#6029,.T.);
#7991=ORIENTED_EDGE('',*,*,#5745,.T.);
#7992=ORIENTED_EDGE('',*,*,#6029,.F.);
#7993=ORIENTED_EDGE('',*,*,#6030,.F.);
#7994=ORIENTED_EDGE('',*,*,#6031,.T.);
#7995=ORIENTED_EDGE('',*,*,#5744,.T.);
#7996=ORIENTED_EDGE('',*,*,#6031,.F.);
#7997=ORIENTED_EDGE('',*,*,#6024,.F.);
#7998=ORIENTED_EDGE('',*,*,#6032,.T.);
#7999=ORIENTED_EDGE('',*,*,#6033,.F.);
#8000=ORIENTED_EDGE('',*,*,#6034,.F.);
#8001=ORIENTED_EDGE('',*,*,#6025,.T.);
#8002=ORIENTED_EDGE('',*,*,#6034,.T.);
#8003=ORIENTED_EDGE('',*,*,#6035,.F.);
#8004=ORIENTED_EDGE('',*,*,#6036,.F.);
#8005=ORIENTED_EDGE('',*,*,#6026,.T.);
#8006=ORIENTED_EDGE('',*,*,#6036,.T.);
#8007=ORIENTED_EDGE('',*,*,#6037,.F.);
#8008=ORIENTED_EDGE('',*,*,#6038,.F.);
#8009=ORIENTED_EDGE('',*,*,#6027,.T.);
#8010=ORIENTED_EDGE('',*,*,#6038,.T.);
#8011=ORIENTED_EDGE('',*,*,#6039,.F.);
#8012=ORIENTED_EDGE('',*,*,#6032,.F.);
#8013=ORIENTED_EDGE('',*,*,#6039,.T.);
#8014=ORIENTED_EDGE('',*,*,#6037,.T.);
#8015=ORIENTED_EDGE('',*,*,#6035,.T.);
#8016=ORIENTED_EDGE('',*,*,#6033,.T.);
#8017=ORIENTED_EDGE('',*,*,#6030,.T.);
#8018=ORIENTED_EDGE('',*,*,#6028,.T.);
#8019=ORIENTED_EDGE('',*,*,#6040,.F.);
#8020=ORIENTED_EDGE('',*,*,#6041,.F.);
#8021=ORIENTED_EDGE('',*,*,#6042,.F.);
#8022=ORIENTED_EDGE('',*,*,#6043,.T.);
#8023=ORIENTED_EDGE('',*,*,#6044,.T.);
#8024=ORIENTED_EDGE('',*,*,#6045,.T.);
#8025=ORIENTED_EDGE('',*,*,#6045,.F.);
#8026=ORIENTED_EDGE('',*,*,#6046,.T.);
#8027=ORIENTED_EDGE('',*,*,#6047,.F.);
#8028=ORIENTED_EDGE('',*,*,#6048,.T.);
#8029=ORIENTED_EDGE('',*,*,#6049,.T.);
#8030=ORIENTED_EDGE('',*,*,#6050,.T.);
#8031=ORIENTED_EDGE('',*,*,#6051,.T.);
#8032=ORIENTED_EDGE('',*,*,#6052,.T.);
#8033=ORIENTED_EDGE('',*,*,#6053,.T.);
#8034=ORIENTED_EDGE('',*,*,#6052,.F.);
#8035=ORIENTED_EDGE('',*,*,#6054,.T.);
#8036=ORIENTED_EDGE('',*,*,#6055,.T.);
#8037=ORIENTED_EDGE('',*,*,#6056,.T.);
#8038=ORIENTED_EDGE('',*,*,#6055,.F.);
#8039=ORIENTED_EDGE('',*,*,#6057,.T.);
#8040=ORIENTED_EDGE('',*,*,#6058,.T.);
#8041=ORIENTED_EDGE('',*,*,#6059,.T.);
#8042=ORIENTED_EDGE('',*,*,#6058,.F.);
#8043=ORIENTED_EDGE('',*,*,#6060,.T.);
#8044=ORIENTED_EDGE('',*,*,#6061,.T.);
#8045=ORIENTED_EDGE('',*,*,#6062,.T.);
#8046=ORIENTED_EDGE('',*,*,#6061,.F.);
#8047=ORIENTED_EDGE('',*,*,#6063,.T.);
#8048=ORIENTED_EDGE('',*,*,#6064,.T.);
#8049=ORIENTED_EDGE('',*,*,#6065,.T.);
#8050=ORIENTED_EDGE('',*,*,#6064,.F.);
#8051=ORIENTED_EDGE('',*,*,#6066,.T.);
#8052=ORIENTED_EDGE('',*,*,#6067,.T.);
#8053=ORIENTED_EDGE('',*,*,#6068,.T.);
#8054=ORIENTED_EDGE('',*,*,#6067,.F.);
#8055=ORIENTED_EDGE('',*,*,#6069,.T.);
#8056=ORIENTED_EDGE('',*,*,#6070,.T.);
#8057=ORIENTED_EDGE('',*,*,#6071,.T.);
#8058=ORIENTED_EDGE('',*,*,#6070,.F.);
#8059=ORIENTED_EDGE('',*,*,#6072,.T.);
#8060=ORIENTED_EDGE('',*,*,#6073,.T.);
#8061=ORIENTED_EDGE('',*,*,#6074,.T.);
#8062=ORIENTED_EDGE('',*,*,#6073,.F.);
#8063=ORIENTED_EDGE('',*,*,#6075,.T.);
#8064=ORIENTED_EDGE('',*,*,#6076,.T.);
#8065=ORIENTED_EDGE('',*,*,#6077,.T.);
#8066=ORIENTED_EDGE('',*,*,#6076,.F.);
#8067=ORIENTED_EDGE('',*,*,#6078,.T.);
#8068=ORIENTED_EDGE('',*,*,#6079,.T.);
#8069=ORIENTED_EDGE('',*,*,#6080,.T.);
#8070=ORIENTED_EDGE('',*,*,#6079,.F.);
#8071=ORIENTED_EDGE('',*,*,#6081,.T.);
#8072=ORIENTED_EDGE('',*,*,#6082,.T.);
#8073=ORIENTED_EDGE('',*,*,#6083,.T.);
#8074=ORIENTED_EDGE('',*,*,#6082,.F.);
#8075=ORIENTED_EDGE('',*,*,#6084,.T.);
#8076=ORIENTED_EDGE('',*,*,#6085,.T.);
#8077=ORIENTED_EDGE('',*,*,#6086,.T.);
#8078=ORIENTED_EDGE('',*,*,#6085,.F.);
#8079=ORIENTED_EDGE('',*,*,#6087,.T.);
#8080=ORIENTED_EDGE('',*,*,#6088,.T.);
#8081=ORIENTED_EDGE('',*,*,#6089,.T.);
#8082=ORIENTED_EDGE('',*,*,#6088,.F.);
#8083=ORIENTED_EDGE('',*,*,#6090,.T.);
#8084=ORIENTED_EDGE('',*,*,#6091,.T.);
#8085=ORIENTED_EDGE('',*,*,#6092,.T.);
#8086=ORIENTED_EDGE('',*,*,#6091,.F.);
#8087=ORIENTED_EDGE('',*,*,#6093,.T.);
#8088=ORIENTED_EDGE('',*,*,#6094,.T.);
#8089=ORIENTED_EDGE('',*,*,#6095,.T.);
#8090=ORIENTED_EDGE('',*,*,#6094,.F.);
#8091=ORIENTED_EDGE('',*,*,#6096,.T.);
#8092=ORIENTED_EDGE('',*,*,#6097,.T.);
#8093=ORIENTED_EDGE('',*,*,#6098,.T.);
#8094=ORIENTED_EDGE('',*,*,#6097,.F.);
#8095=ORIENTED_EDGE('',*,*,#6099,.T.);
#8096=ORIENTED_EDGE('',*,*,#6100,.T.);
#8097=ORIENTED_EDGE('',*,*,#6101,.T.);
#8098=ORIENTED_EDGE('',*,*,#6100,.F.);
#8099=ORIENTED_EDGE('',*,*,#6102,.T.);
#8100=ORIENTED_EDGE('',*,*,#6103,.T.);
#8101=ORIENTED_EDGE('',*,*,#6104,.T.);
#8102=ORIENTED_EDGE('',*,*,#6103,.F.);
#8103=ORIENTED_EDGE('',*,*,#6105,.T.);
#8104=ORIENTED_EDGE('',*,*,#6106,.T.);
#8105=ORIENTED_EDGE('',*,*,#6107,.T.);
#8106=ORIENTED_EDGE('',*,*,#6106,.F.);
#8107=ORIENTED_EDGE('',*,*,#6108,.T.);
#8108=ORIENTED_EDGE('',*,*,#6109,.T.);
#8109=ORIENTED_EDGE('',*,*,#6110,.T.);
#8110=ORIENTED_EDGE('',*,*,#6109,.F.);
#8111=ORIENTED_EDGE('',*,*,#6111,.T.);
#8112=ORIENTED_EDGE('',*,*,#6112,.T.);
#8113=ORIENTED_EDGE('',*,*,#6113,.T.);
#8114=ORIENTED_EDGE('',*,*,#6112,.F.);
#8115=ORIENTED_EDGE('',*,*,#6114,.T.);
#8116=ORIENTED_EDGE('',*,*,#6115,.T.);
#8117=ORIENTED_EDGE('',*,*,#6116,.T.);
#8118=ORIENTED_EDGE('',*,*,#6115,.F.);
#8119=ORIENTED_EDGE('',*,*,#6117,.T.);
#8120=ORIENTED_EDGE('',*,*,#6118,.T.);
#8121=ORIENTED_EDGE('',*,*,#6119,.T.);
#8122=ORIENTED_EDGE('',*,*,#6118,.F.);
#8123=ORIENTED_EDGE('',*,*,#6120,.T.);
#8124=ORIENTED_EDGE('',*,*,#6121,.T.);
#8125=ORIENTED_EDGE('',*,*,#6122,.T.);
#8126=ORIENTED_EDGE('',*,*,#6121,.F.);
#8127=ORIENTED_EDGE('',*,*,#6123,.T.);
#8128=ORIENTED_EDGE('',*,*,#6124,.T.);
#8129=ORIENTED_EDGE('',*,*,#6125,.T.);
#8130=ORIENTED_EDGE('',*,*,#6124,.F.);
#8131=ORIENTED_EDGE('',*,*,#6126,.T.);
#8132=ORIENTED_EDGE('',*,*,#6127,.T.);
#8133=ORIENTED_EDGE('',*,*,#6128,.T.);
#8134=ORIENTED_EDGE('',*,*,#6127,.F.);
#8135=ORIENTED_EDGE('',*,*,#6129,.T.);
#8136=ORIENTED_EDGE('',*,*,#6130,.T.);
#8137=ORIENTED_EDGE('',*,*,#6131,.T.);
#8138=ORIENTED_EDGE('',*,*,#6130,.F.);
#8139=ORIENTED_EDGE('',*,*,#6132,.T.);
#8140=ORIENTED_EDGE('',*,*,#6133,.T.);
#8141=ORIENTED_EDGE('',*,*,#6134,.T.);
#8142=ORIENTED_EDGE('',*,*,#6135,.F.);
#8143=ORIENTED_EDGE('',*,*,#6136,.T.);
#8144=ORIENTED_EDGE('',*,*,#6049,.F.);
#8145=ORIENTED_EDGE('',*,*,#6053,.F.);
#8146=ORIENTED_EDGE('',*,*,#6056,.F.);
#8147=ORIENTED_EDGE('',*,*,#6059,.F.);
#8148=ORIENTED_EDGE('',*,*,#6062,.F.);
#8149=ORIENTED_EDGE('',*,*,#6065,.F.);
#8150=ORIENTED_EDGE('',*,*,#6068,.F.);
#8151=ORIENTED_EDGE('',*,*,#6071,.F.);
#8152=ORIENTED_EDGE('',*,*,#6074,.F.);
#8153=ORIENTED_EDGE('',*,*,#6077,.F.);
#8154=ORIENTED_EDGE('',*,*,#6080,.F.);
#8155=ORIENTED_EDGE('',*,*,#6083,.F.);
#8156=ORIENTED_EDGE('',*,*,#6086,.F.);
#8157=ORIENTED_EDGE('',*,*,#6089,.F.);
#8158=ORIENTED_EDGE('',*,*,#6092,.F.);
#8159=ORIENTED_EDGE('',*,*,#6095,.F.);
#8160=ORIENTED_EDGE('',*,*,#6098,.F.);
#8161=ORIENTED_EDGE('',*,*,#6101,.F.);
#8162=ORIENTED_EDGE('',*,*,#6104,.F.);
#8163=ORIENTED_EDGE('',*,*,#6107,.F.);
#8164=ORIENTED_EDGE('',*,*,#6110,.F.);
#8165=ORIENTED_EDGE('',*,*,#6113,.F.);
#8166=ORIENTED_EDGE('',*,*,#6116,.F.);
#8167=ORIENTED_EDGE('',*,*,#6119,.F.);
#8168=ORIENTED_EDGE('',*,*,#6122,.F.);
#8169=ORIENTED_EDGE('',*,*,#6125,.F.);
#8170=ORIENTED_EDGE('',*,*,#6128,.F.);
#8171=ORIENTED_EDGE('',*,*,#6131,.F.);
#8172=ORIENTED_EDGE('',*,*,#6137,.F.);
#8173=ORIENTED_EDGE('',*,*,#6138,.F.);
#8174=ORIENTED_EDGE('',*,*,#6139,.F.);
#8175=ORIENTED_EDGE('',*,*,#6140,.T.);
#8176=ORIENTED_EDGE('',*,*,#6141,.F.);
#8177=ORIENTED_EDGE('',*,*,#6142,.F.);
#8178=ORIENTED_EDGE('',*,*,#6143,.F.);
#8179=ORIENTED_EDGE('',*,*,#6144,.T.);
#8180=ORIENTED_EDGE('',*,*,#6145,.F.);
#8181=ORIENTED_EDGE('',*,*,#6146,.F.);
#8182=ORIENTED_EDGE('',*,*,#6147,.F.);
#8183=ORIENTED_EDGE('',*,*,#6148,.T.);
#8184=ORIENTED_EDGE('',*,*,#6149,.F.);
#8185=ORIENTED_EDGE('',*,*,#6150,.F.);
#8186=ORIENTED_EDGE('',*,*,#6151,.F.);
#8187=ORIENTED_EDGE('',*,*,#6152,.T.);
#8188=ORIENTED_EDGE('',*,*,#6153,.F.);
#8189=ORIENTED_EDGE('',*,*,#6154,.F.);
#8190=ORIENTED_EDGE('',*,*,#6155,.F.);
#8191=ORIENTED_EDGE('',*,*,#6156,.T.);
#8192=ORIENTED_EDGE('',*,*,#6157,.F.);
#8193=ORIENTED_EDGE('',*,*,#6158,.F.);
#8194=ORIENTED_EDGE('',*,*,#6159,.F.);
#8195=ORIENTED_EDGE('',*,*,#6160,.T.);
#8196=ORIENTED_EDGE('',*,*,#6161,.F.);
#8197=ORIENTED_EDGE('',*,*,#6162,.F.);
#8198=ORIENTED_EDGE('',*,*,#6163,.F.);
#8199=ORIENTED_EDGE('',*,*,#6164,.T.);
#8200=ORIENTED_EDGE('',*,*,#6165,.F.);
#8201=ORIENTED_EDGE('',*,*,#6166,.F.);
#8202=ORIENTED_EDGE('',*,*,#6167,.F.);
#8203=ORIENTED_EDGE('',*,*,#6168,.T.);
#8204=ORIENTED_EDGE('',*,*,#6169,.F.);
#8205=ORIENTED_EDGE('',*,*,#6170,.F.);
#8206=ORIENTED_EDGE('',*,*,#6171,.F.);
#8207=ORIENTED_EDGE('',*,*,#6172,.T.);
#8208=ORIENTED_EDGE('',*,*,#6173,.F.);
#8209=ORIENTED_EDGE('',*,*,#6174,.F.);
#8210=ORIENTED_EDGE('',*,*,#6175,.F.);
#8211=ORIENTED_EDGE('',*,*,#6176,.T.);
#8212=ORIENTED_EDGE('',*,*,#6177,.F.);
#8213=ORIENTED_EDGE('',*,*,#6178,.F.);
#8214=ORIENTED_EDGE('',*,*,#6179,.F.);
#8215=ORIENTED_EDGE('',*,*,#6046,.F.);
#8216=ORIENTED_EDGE('',*,*,#6044,.F.);
#8217=ORIENTED_EDGE('',*,*,#6180,.F.);
#8218=ORIENTED_EDGE('',*,*,#6181,.F.);
#8219=ORIENTED_EDGE('',*,*,#6182,.F.);
#8220=ORIENTED_EDGE('',*,*,#6183,.F.);
#8221=ORIENTED_EDGE('',*,*,#6184,.F.);
#8222=ORIENTED_EDGE('',*,*,#6185,.F.);
#8223=ORIENTED_EDGE('',*,*,#6186,.F.);
#8224=ORIENTED_EDGE('',*,*,#6187,.F.);
#8225=ORIENTED_EDGE('',*,*,#6188,.F.);
#8226=ORIENTED_EDGE('',*,*,#6189,.T.);
#8227=ORIENTED_EDGE('',*,*,#6190,.F.);
#8228=ORIENTED_EDGE('',*,*,#6134,.F.);
#8229=ORIENTED_EDGE('',*,*,#6043,.F.);
#8230=ORIENTED_EDGE('',*,*,#6180,.T.);
#8231=ORIENTED_EDGE('',*,*,#6191,.T.);
#8232=ORIENTED_EDGE('',*,*,#6192,.T.);
#8233=ORIENTED_EDGE('',*,*,#6191,.F.);
#8234=ORIENTED_EDGE('',*,*,#6193,.F.);
#8235=ORIENTED_EDGE('',*,*,#6194,.T.);
#8236=ORIENTED_EDGE('',*,*,#6192,.F.);
#8237=ORIENTED_EDGE('',*,*,#6194,.F.);
#8238=ORIENTED_EDGE('',*,*,#6188,.T.);
#8239=ORIENTED_EDGE('',*,*,#6195,.T.);
#8240=ORIENTED_EDGE('',*,*,#6196,.T.);
#8241=ORIENTED_EDGE('',*,*,#6195,.F.);
#8242=ORIENTED_EDGE('',*,*,#6197,.F.);
#8243=ORIENTED_EDGE('',*,*,#6198,.T.);
#8244=ORIENTED_EDGE('',*,*,#6196,.F.);
#8245=ORIENTED_EDGE('',*,*,#6198,.F.);
#8246=ORIENTED_EDGE('',*,*,#6181,.T.);
#8247=ORIENTED_EDGE('',*,*,#6199,.T.);
#8248=ORIENTED_EDGE('',*,*,#6200,.T.);
#8249=ORIENTED_EDGE('',*,*,#6199,.F.);
#8250=ORIENTED_EDGE('',*,*,#6201,.F.);
#8251=ORIENTED_EDGE('',*,*,#6202,.T.);
#8252=ORIENTED_EDGE('',*,*,#6200,.F.);
#8253=ORIENTED_EDGE('',*,*,#6202,.F.);
#8254=ORIENTED_EDGE('',*,*,#6187,.T.);
#8255=ORIENTED_EDGE('',*,*,#6203,.T.);
#8256=ORIENTED_EDGE('',*,*,#6204,.T.);
#8257=ORIENTED_EDGE('',*,*,#6203,.F.);
#8258=ORIENTED_EDGE('',*,*,#6205,.F.);
#8259=ORIENTED_EDGE('',*,*,#6206,.T.);
#8260=ORIENTED_EDGE('',*,*,#6204,.F.);
#8261=ORIENTED_EDGE('',*,*,#6206,.F.);
#8262=ORIENTED_EDGE('',*,*,#6182,.T.);
#8263=ORIENTED_EDGE('',*,*,#6207,.T.);
#8264=ORIENTED_EDGE('',*,*,#6208,.T.);
#8265=ORIENTED_EDGE('',*,*,#6207,.F.);
#8266=ORIENTED_EDGE('',*,*,#6209,.F.);
#8267=ORIENTED_EDGE('',*,*,#6210,.T.);
#8268=ORIENTED_EDGE('',*,*,#6208,.F.);
#8269=ORIENTED_EDGE('',*,*,#6210,.F.);
#8270=ORIENTED_EDGE('',*,*,#6186,.T.);
#8271=ORIENTED_EDGE('',*,*,#6211,.T.);
#8272=ORIENTED_EDGE('',*,*,#6212,.T.);
#8273=ORIENTED_EDGE('',*,*,#6211,.F.);
#8274=ORIENTED_EDGE('',*,*,#6213,.F.);
#8275=ORIENTED_EDGE('',*,*,#6214,.T.);
#8276=ORIENTED_EDGE('',*,*,#6212,.F.);
#8277=ORIENTED_EDGE('',*,*,#6214,.F.);
#8278=ORIENTED_EDGE('',*,*,#6183,.T.);
#8279=ORIENTED_EDGE('',*,*,#6215,.T.);
#8280=ORIENTED_EDGE('',*,*,#6216,.T.);
#8281=ORIENTED_EDGE('',*,*,#6215,.F.);
#8282=ORIENTED_EDGE('',*,*,#6217,.F.);
#8283=ORIENTED_EDGE('',*,*,#6218,.T.);
#8284=ORIENTED_EDGE('',*,*,#6216,.F.);
#8285=ORIENTED_EDGE('',*,*,#6218,.F.);
#8286=ORIENTED_EDGE('',*,*,#6185,.T.);
#8287=ORIENTED_EDGE('',*,*,#6219,.T.);
#8288=ORIENTED_EDGE('',*,*,#6220,.T.);
#8289=ORIENTED_EDGE('',*,*,#6219,.F.);
#8290=ORIENTED_EDGE('',*,*,#6221,.F.);
#8291=ORIENTED_EDGE('',*,*,#6222,.T.);
#8292=ORIENTED_EDGE('',*,*,#6220,.F.);
#8293=ORIENTED_EDGE('',*,*,#6222,.F.);
#8294=ORIENTED_EDGE('',*,*,#6184,.T.);
#8295=ORIENTED_EDGE('',*,*,#6223,.T.);
#8296=ORIENTED_EDGE('',*,*,#6224,.T.);
#8297=ORIENTED_EDGE('',*,*,#6223,.F.);
#8298=ORIENTED_EDGE('',*,*,#6225,.F.);
#8299=ORIENTED_EDGE('',*,*,#6226,.T.);
#8300=ORIENTED_EDGE('',*,*,#6224,.F.);
#8301=ORIENTED_EDGE('',*,*,#6226,.F.);
#8302=ORIENTED_EDGE('',*,*,#6050,.F.);
#8303=ORIENTED_EDGE('',*,*,#6136,.F.);
#8304=ORIENTED_EDGE('',*,*,#6227,.F.);
#8305=ORIENTED_EDGE('',*,*,#6228,.T.);
#8306=ORIENTED_EDGE('',*,*,#6135,.T.);
#8307=ORIENTED_EDGE('',*,*,#6190,.T.);
#8308=ORIENTED_EDGE('',*,*,#6229,.T.);
#8309=ORIENTED_EDGE('',*,*,#6227,.T.);
#8310=ORIENTED_EDGE('',*,*,#6230,.F.);
#8311=ORIENTED_EDGE('',*,*,#6137,.T.);
#8312=ORIENTED_EDGE('',*,*,#6133,.F.);
#8313=ORIENTED_EDGE('',*,*,#6231,.T.);
#8314=ORIENTED_EDGE('',*,*,#6189,.F.);
#8315=ORIENTED_EDGE('',*,*,#6042,.T.);
#8316=ORIENTED_EDGE('',*,*,#6048,.F.);
#8317=ORIENTED_EDGE('',*,*,#6232,.F.);
#8318=ORIENTED_EDGE('',*,*,#6233,.F.);
#8319=ORIENTED_EDGE('',*,*,#6234,.F.);
#8320=ORIENTED_EDGE('',*,*,#6235,.T.);
#8321=ORIENTED_EDGE('',*,*,#6236,.F.);
#8322=ORIENTED_EDGE('',*,*,#6237,.F.);
#8323=ORIENTED_EDGE('',*,*,#6238,.F.);
#8324=ORIENTED_EDGE('',*,*,#6239,.T.);
#8325=ORIENTED_EDGE('',*,*,#6240,.F.);
#8326=ORIENTED_EDGE('',*,*,#6241,.F.);
#8327=ORIENTED_EDGE('',*,*,#6242,.F.);
#8328=ORIENTED_EDGE('',*,*,#6243,.T.);
#8329=ORIENTED_EDGE('',*,*,#6244,.F.);
#8330=ORIENTED_EDGE('',*,*,#6245,.F.);
#8331=ORIENTED_EDGE('',*,*,#6246,.F.);
#8332=ORIENTED_EDGE('',*,*,#6247,.T.);
#8333=ORIENTED_EDGE('',*,*,#6248,.F.);
#8334=ORIENTED_EDGE('',*,*,#6249,.F.);
#8335=ORIENTED_EDGE('',*,*,#6250,.F.);
#8336=ORIENTED_EDGE('',*,*,#6251,.T.);
#8337=ORIENTED_EDGE('',*,*,#6252,.F.);
#8338=ORIENTED_EDGE('',*,*,#6253,.F.);
#8339=ORIENTED_EDGE('',*,*,#6254,.F.);
#8340=ORIENTED_EDGE('',*,*,#6255,.T.);
#8341=ORIENTED_EDGE('',*,*,#6256,.F.);
#8342=ORIENTED_EDGE('',*,*,#6257,.F.);
#8343=ORIENTED_EDGE('',*,*,#6258,.F.);
#8344=ORIENTED_EDGE('',*,*,#6259,.T.);
#8345=ORIENTED_EDGE('',*,*,#6260,.F.);
#8346=ORIENTED_EDGE('',*,*,#6261,.F.);
#8347=ORIENTED_EDGE('',*,*,#6262,.F.);
#8348=ORIENTED_EDGE('',*,*,#6263,.T.);
#8349=ORIENTED_EDGE('',*,*,#6264,.F.);
#8350=ORIENTED_EDGE('',*,*,#6265,.F.);
#8351=ORIENTED_EDGE('',*,*,#6266,.F.);
#8352=ORIENTED_EDGE('',*,*,#6267,.T.);
#8353=ORIENTED_EDGE('',*,*,#6268,.F.);
#8354=ORIENTED_EDGE('',*,*,#6269,.F.);
#8355=ORIENTED_EDGE('',*,*,#6270,.F.);
#8356=ORIENTED_EDGE('',*,*,#6271,.T.);
#8357=ORIENTED_EDGE('',*,*,#6272,.F.);
#8358=ORIENTED_EDGE('',*,*,#6273,.F.);
#8359=ORIENTED_EDGE('',*,*,#6231,.F.);
#8360=ORIENTED_EDGE('',*,*,#6132,.F.);
#8361=ORIENTED_EDGE('',*,*,#6129,.F.);
#8362=ORIENTED_EDGE('',*,*,#6126,.F.);
#8363=ORIENTED_EDGE('',*,*,#6123,.F.);
#8364=ORIENTED_EDGE('',*,*,#6120,.F.);
#8365=ORIENTED_EDGE('',*,*,#6117,.F.);
#8366=ORIENTED_EDGE('',*,*,#6114,.F.);
#8367=ORIENTED_EDGE('',*,*,#6111,.F.);
#8368=ORIENTED_EDGE('',*,*,#6108,.F.);
#8369=ORIENTED_EDGE('',*,*,#6105,.F.);
#8370=ORIENTED_EDGE('',*,*,#6102,.F.);
#8371=ORIENTED_EDGE('',*,*,#6099,.F.);
#8372=ORIENTED_EDGE('',*,*,#6096,.F.);
#8373=ORIENTED_EDGE('',*,*,#6093,.F.);
#8374=ORIENTED_EDGE('',*,*,#6090,.F.);
#8375=ORIENTED_EDGE('',*,*,#6087,.F.);
#8376=ORIENTED_EDGE('',*,*,#6084,.F.);
#8377=ORIENTED_EDGE('',*,*,#6081,.F.);
#8378=ORIENTED_EDGE('',*,*,#6078,.F.);
#8379=ORIENTED_EDGE('',*,*,#6075,.F.);
#8380=ORIENTED_EDGE('',*,*,#6072,.F.);
#8381=ORIENTED_EDGE('',*,*,#6069,.F.);
#8382=ORIENTED_EDGE('',*,*,#6066,.F.);
#8383=ORIENTED_EDGE('',*,*,#6063,.F.);
#8384=ORIENTED_EDGE('',*,*,#6060,.F.);
#8385=ORIENTED_EDGE('',*,*,#6057,.F.);
#8386=ORIENTED_EDGE('',*,*,#6054,.F.);
#8387=ORIENTED_EDGE('',*,*,#6051,.F.);
#8388=ORIENTED_EDGE('',*,*,#6228,.F.);
#8389=ORIENTED_EDGE('',*,*,#6229,.F.);
#8390=ORIENTED_EDGE('',*,*,#6213,.T.);
#8391=ORIENTED_EDGE('',*,*,#6221,.T.);
#8392=ORIENTED_EDGE('',*,*,#6217,.T.);
#8393=ORIENTED_EDGE('',*,*,#6209,.T.);
#8394=ORIENTED_EDGE('',*,*,#6193,.T.);
#8395=ORIENTED_EDGE('',*,*,#6205,.T.);
#8396=ORIENTED_EDGE('',*,*,#6225,.T.);
#8397=ORIENTED_EDGE('',*,*,#6201,.T.);
#8398=ORIENTED_EDGE('',*,*,#6197,.T.);
#8399=ORIENTED_EDGE('',*,*,#6274,.T.);
#8400=ORIENTED_EDGE('',*,*,#6275,.F.);
#8401=ORIENTED_EDGE('',*,*,#6276,.F.);
#8402=ORIENTED_EDGE('',*,*,#6277,.T.);
#8403=ORIENTED_EDGE('',*,*,#6278,.F.);
#8404=ORIENTED_EDGE('',*,*,#6176,.F.);
#8405=ORIENTED_EDGE('',*,*,#6279,.F.);
#8406=ORIENTED_EDGE('',*,*,#6235,.F.);
#8407=ORIENTED_EDGE('',*,*,#6280,.F.);
#8408=ORIENTED_EDGE('',*,*,#6172,.F.);
#8409=ORIENTED_EDGE('',*,*,#6281,.F.);
#8410=ORIENTED_EDGE('',*,*,#6239,.F.);
#8411=ORIENTED_EDGE('',*,*,#6282,.F.);
#8412=ORIENTED_EDGE('',*,*,#6168,.F.);
#8413=ORIENTED_EDGE('',*,*,#6283,.F.);
#8414=ORIENTED_EDGE('',*,*,#6243,.F.);
#8415=ORIENTED_EDGE('',*,*,#6284,.F.);
#8416=ORIENTED_EDGE('',*,*,#6164,.F.);
#8417=ORIENTED_EDGE('',*,*,#6285,.F.);
#8418=ORIENTED_EDGE('',*,*,#6247,.F.);
#8419=ORIENTED_EDGE('',*,*,#6286,.F.);
#8420=ORIENTED_EDGE('',*,*,#6160,.F.);
#8421=ORIENTED_EDGE('',*,*,#6287,.F.);
#8422=ORIENTED_EDGE('',*,*,#6251,.F.);
#8423=ORIENTED_EDGE('',*,*,#6288,.F.);
#8424=ORIENTED_EDGE('',*,*,#6156,.F.);
#8425=ORIENTED_EDGE('',*,*,#6289,.F.);
#8426=ORIENTED_EDGE('',*,*,#6255,.F.);
#8427=ORIENTED_EDGE('',*,*,#6290,.F.);
#8428=ORIENTED_EDGE('',*,*,#6152,.F.);
#8429=ORIENTED_EDGE('',*,*,#6291,.F.);
#8430=ORIENTED_EDGE('',*,*,#6259,.F.);
#8431=ORIENTED_EDGE('',*,*,#6292,.F.);
#8432=ORIENTED_EDGE('',*,*,#6148,.F.);
#8433=ORIENTED_EDGE('',*,*,#6293,.F.);
#8434=ORIENTED_EDGE('',*,*,#6263,.F.);
#8435=ORIENTED_EDGE('',*,*,#6294,.F.);
#8436=ORIENTED_EDGE('',*,*,#6144,.F.);
#8437=ORIENTED_EDGE('',*,*,#6295,.F.);
#8438=ORIENTED_EDGE('',*,*,#6267,.F.);
#8439=ORIENTED_EDGE('',*,*,#6296,.F.);
#8440=ORIENTED_EDGE('',*,*,#6140,.F.);
#8441=ORIENTED_EDGE('',*,*,#6297,.F.);
#8442=ORIENTED_EDGE('',*,*,#6271,.F.);
#8443=ORIENTED_EDGE('',*,*,#6232,.T.);
#8444=ORIENTED_EDGE('',*,*,#6047,.T.);
#8445=ORIENTED_EDGE('',*,*,#6179,.T.);
#8446=ORIENTED_EDGE('',*,*,#6298,.T.);
#8447=ORIENTED_EDGE('',*,*,#6233,.T.);
#8448=ORIENTED_EDGE('',*,*,#6298,.F.);
#8449=ORIENTED_EDGE('',*,*,#6178,.T.);
#8450=ORIENTED_EDGE('',*,*,#6299,.T.);
#8451=ORIENTED_EDGE('',*,*,#6234,.T.);
#8452=ORIENTED_EDGE('',*,*,#6299,.F.);
#8453=ORIENTED_EDGE('',*,*,#6177,.T.);
#8454=ORIENTED_EDGE('',*,*,#6278,.T.);
#8455=ORIENTED_EDGE('',*,*,#6236,.T.);
#8456=ORIENTED_EDGE('',*,*,#6279,.T.);
#8457=ORIENTED_EDGE('',*,*,#6175,.T.);
#8458=ORIENTED_EDGE('',*,*,#6300,.T.);
#8459=ORIENTED_EDGE('',*,*,#6237,.T.);
#8460=ORIENTED_EDGE('',*,*,#6300,.F.);
#8461=ORIENTED_EDGE('',*,*,#6174,.T.);
#8462=ORIENTED_EDGE('',*,*,#6301,.T.);
#8463=ORIENTED_EDGE('',*,*,#6238,.T.);
#8464=ORIENTED_EDGE('',*,*,#6301,.F.);
#8465=ORIENTED_EDGE('',*,*,#6173,.T.);
#8466=ORIENTED_EDGE('',*,*,#6280,.T.);
#8467=ORIENTED_EDGE('',*,*,#6240,.T.);
#8468=ORIENTED_EDGE('',*,*,#6281,.T.);
#8469=ORIENTED_EDGE('',*,*,#6171,.T.);
#8470=ORIENTED_EDGE('',*,*,#6302,.T.);
#8471=ORIENTED_EDGE('',*,*,#6241,.T.);
#8472=ORIENTED_EDGE('',*,*,#6302,.F.);
#8473=ORIENTED_EDGE('',*,*,#6170,.T.);
#8474=ORIENTED_EDGE('',*,*,#6303,.T.);
#8475=ORIENTED_EDGE('',*,*,#6242,.T.);
#8476=ORIENTED_EDGE('',*,*,#6303,.F.);
#8477=ORIENTED_EDGE('',*,*,#6169,.T.);
#8478=ORIENTED_EDGE('',*,*,#6282,.T.);
#8479=ORIENTED_EDGE('',*,*,#6244,.T.);
#8480=ORIENTED_EDGE('',*,*,#6283,.T.);
#8481=ORIENTED_EDGE('',*,*,#6167,.T.);
#8482=ORIENTED_EDGE('',*,*,#6304,.T.);
#8483=ORIENTED_EDGE('',*,*,#6245,.T.);
#8484=ORIENTED_EDGE('',*,*,#6304,.F.);
#8485=ORIENTED_EDGE('',*,*,#6166,.T.);
#8486=ORIENTED_EDGE('',*,*,#6305,.T.);
#8487=ORIENTED_EDGE('',*,*,#6246,.T.);
#8488=ORIENTED_EDGE('',*,*,#6305,.F.);
#8489=ORIENTED_EDGE('',*,*,#6165,.T.);
#8490=ORIENTED_EDGE('',*,*,#6284,.T.);
#8491=ORIENTED_EDGE('',*,*,#6248,.T.);
#8492=ORIENTED_EDGE('',*,*,#6285,.T.);
#8493=ORIENTED_EDGE('',*,*,#6163,.T.);
#8494=ORIENTED_EDGE('',*,*,#6306,.T.);
#8495=ORIENTED_EDGE('',*,*,#6249,.T.);
#8496=ORIENTED_EDGE('',*,*,#6306,.F.);
#8497=ORIENTED_EDGE('',*,*,#6162,.T.);
#8498=ORIENTED_EDGE('',*,*,#6307,.T.);
#8499=ORIENTED_EDGE('',*,*,#6250,.T.);
#8500=ORIENTED_EDGE('',*,*,#6307,.F.);
#8501=ORIENTED_EDGE('',*,*,#6161,.T.);
#8502=ORIENTED_EDGE('',*,*,#6286,.T.);
#8503=ORIENTED_EDGE('',*,*,#6252,.T.);
#8504=ORIENTED_EDGE('',*,*,#6287,.T.);
#8505=ORIENTED_EDGE('',*,*,#6159,.T.);
#8506=ORIENTED_EDGE('',*,*,#6308,.T.);
#8507=ORIENTED_EDGE('',*,*,#6253,.T.);
#8508=ORIENTED_EDGE('',*,*,#6308,.F.);
#8509=ORIENTED_EDGE('',*,*,#6158,.T.);
#8510=ORIENTED_EDGE('',*,*,#6309,.T.);
#8511=ORIENTED_EDGE('',*,*,#6254,.T.);
#8512=ORIENTED_EDGE('',*,*,#6309,.F.);
#8513=ORIENTED_EDGE('',*,*,#6157,.T.);
#8514=ORIENTED_EDGE('',*,*,#6288,.T.);
#8515=ORIENTED_EDGE('',*,*,#6256,.T.);
#8516=ORIENTED_EDGE('',*,*,#6289,.T.);
#8517=ORIENTED_EDGE('',*,*,#6155,.T.);
#8518=ORIENTED_EDGE('',*,*,#6310,.T.);
#8519=ORIENTED_EDGE('',*,*,#6257,.T.);
#8520=ORIENTED_EDGE('',*,*,#6310,.F.);
#8521=ORIENTED_EDGE('',*,*,#6154,.T.);
#8522=ORIENTED_EDGE('',*,*,#6311,.T.);
#8523=ORIENTED_EDGE('',*,*,#6258,.T.);
#8524=ORIENTED_EDGE('',*,*,#6311,.F.);
#8525=ORIENTED_EDGE('',*,*,#6153,.T.);
#8526=ORIENTED_EDGE('',*,*,#6290,.T.);
#8527=ORIENTED_EDGE('',*,*,#6260,.T.);
#8528=ORIENTED_EDGE('',*,*,#6291,.T.);
#8529=ORIENTED_EDGE('',*,*,#6151,.T.);
#8530=ORIENTED_EDGE('',*,*,#6312,.T.);
#8531=ORIENTED_EDGE('',*,*,#6261,.T.);
#8532=ORIENTED_EDGE('',*,*,#6312,.F.);
#8533=ORIENTED_EDGE('',*,*,#6150,.T.);
#8534=ORIENTED_EDGE('',*,*,#6313,.T.);
#8535=ORIENTED_EDGE('',*,*,#6262,.T.);
#8536=ORIENTED_EDGE('',*,*,#6313,.F.);
#8537=ORIENTED_EDGE('',*,*,#6149,.T.);
#8538=ORIENTED_EDGE('',*,*,#6292,.T.);
#8539=ORIENTED_EDGE('',*,*,#6264,.T.);
#8540=ORIENTED_EDGE('',*,*,#6293,.T.);
#8541=ORIENTED_EDGE('',*,*,#6147,.T.);
#8542=ORIENTED_EDGE('',*,*,#6314,.T.);
#8543=ORIENTED_EDGE('',*,*,#6265,.T.);
#8544=ORIENTED_EDGE('',*,*,#6314,.F.);
#8545=ORIENTED_EDGE('',*,*,#6146,.T.);
#8546=ORIENTED_EDGE('',*,*,#6315,.T.);
#8547=ORIENTED_EDGE('',*,*,#6266,.T.);
#8548=ORIENTED_EDGE('',*,*,#6315,.F.);
#8549=ORIENTED_EDGE('',*,*,#6145,.T.);
#8550=ORIENTED_EDGE('',*,*,#6294,.T.);
#8551=ORIENTED_EDGE('',*,*,#6268,.T.);
#8552=ORIENTED_EDGE('',*,*,#6295,.T.);
#8553=ORIENTED_EDGE('',*,*,#6143,.T.);
#8554=ORIENTED_EDGE('',*,*,#6316,.T.);
#8555=ORIENTED_EDGE('',*,*,#6269,.T.);
#8556=ORIENTED_EDGE('',*,*,#6316,.F.);
#8557=ORIENTED_EDGE('',*,*,#6142,.T.);
#8558=ORIENTED_EDGE('',*,*,#6317,.T.);
#8559=ORIENTED_EDGE('',*,*,#6270,.T.);
#8560=ORIENTED_EDGE('',*,*,#6317,.F.);
#8561=ORIENTED_EDGE('',*,*,#6141,.T.);
#8562=ORIENTED_EDGE('',*,*,#6296,.T.);
#8563=ORIENTED_EDGE('',*,*,#6273,.T.);
#8564=ORIENTED_EDGE('',*,*,#6318,.F.);
#8565=ORIENTED_EDGE('',*,*,#6138,.T.);
#8566=ORIENTED_EDGE('',*,*,#6230,.T.);
#8567=ORIENTED_EDGE('',*,*,#6272,.T.);
#8568=ORIENTED_EDGE('',*,*,#6297,.T.);
#8569=ORIENTED_EDGE('',*,*,#6139,.T.);
#8570=ORIENTED_EDGE('',*,*,#6318,.T.);
#8571=ORIENTED_EDGE('',*,*,#6319,.F.);
#8572=ORIENTED_EDGE('',*,*,#6320,.T.);
#8573=ORIENTED_EDGE('',*,*,#6041,.T.);
#8574=ORIENTED_EDGE('',*,*,#6320,.F.);
#8575=ORIENTED_EDGE('',*,*,#6321,.F.);
#8576=ORIENTED_EDGE('',*,*,#6322,.T.);
#8577=ORIENTED_EDGE('',*,*,#6040,.T.);
#8578=ORIENTED_EDGE('',*,*,#6322,.F.);
#8579=ORIENTED_EDGE('',*,*,#6274,.F.);
#8580=ORIENTED_EDGE('',*,*,#6323,.T.);
#8581=ORIENTED_EDGE('',*,*,#6324,.F.);
#8582=ORIENTED_EDGE('',*,*,#6325,.F.);
#8583=ORIENTED_EDGE('',*,*,#6275,.T.);
#8584=ORIENTED_EDGE('',*,*,#6325,.T.);
#8585=ORIENTED_EDGE('',*,*,#6326,.F.);
#8586=ORIENTED_EDGE('',*,*,#6327,.F.);
#8587=ORIENTED_EDGE('',*,*,#6276,.T.);
#8588=ORIENTED_EDGE('',*,*,#6327,.T.);
#8589=ORIENTED_EDGE('',*,*,#6328,.F.);
#8590=ORIENTED_EDGE('',*,*,#6329,.F.);
#8591=ORIENTED_EDGE('',*,*,#6277,.F.);
#8592=ORIENTED_EDGE('',*,*,#6329,.T.);
#8593=ORIENTED_EDGE('',*,*,#6330,.F.);
#8594=ORIENTED_EDGE('',*,*,#6323,.F.);
#8595=ORIENTED_EDGE('',*,*,#6330,.T.);
#8596=ORIENTED_EDGE('',*,*,#6328,.T.);
#8597=ORIENTED_EDGE('',*,*,#6326,.T.);
#8598=ORIENTED_EDGE('',*,*,#6324,.T.);
#8599=ORIENTED_EDGE('',*,*,#6321,.T.);
#8600=ORIENTED_EDGE('',*,*,#6319,.T.);
#8601=ORIENTED_EDGE('',*,*,#6331,.F.);
#8602=ORIENTED_EDGE('',*,*,#6332,.T.);
#8603=ORIENTED_EDGE('',*,*,#6333,.T.);
#8604=ORIENTED_EDGE('',*,*,#6334,.T.);
#8605=ORIENTED_EDGE('',*,*,#6332,.F.);
#8606=ORIENTED_EDGE('',*,*,#6335,.T.);
#8607=ORIENTED_EDGE('',*,*,#6336,.F.);
#8608=ORIENTED_EDGE('',*,*,#6337,.F.);
#8609=ORIENTED_EDGE('',*,*,#6338,.F.);
#8610=ORIENTED_EDGE('',*,*,#6339,.T.);
#8611=ORIENTED_EDGE('',*,*,#6340,.F.);
#8612=ORIENTED_EDGE('',*,*,#6341,.T.);
#8613=ORIENTED_EDGE('',*,*,#6342,.T.);
#8614=ORIENTED_EDGE('',*,*,#6343,.T.);
#8615=ORIENTED_EDGE('',*,*,#6344,.F.);
#8616=ORIENTED_EDGE('',*,*,#6341,.F.);
#8617=ORIENTED_EDGE('',*,*,#6345,.T.);
#8618=ORIENTED_EDGE('',*,*,#6346,.F.);
#8619=ORIENTED_EDGE('',*,*,#6347,.T.);
#8620=ORIENTED_EDGE('',*,*,#6331,.T.);
#8621=ORIENTED_EDGE('',*,*,#6348,.F.);
#8622=ORIENTED_EDGE('',*,*,#6349,.T.);
#8623=ORIENTED_EDGE('',*,*,#6345,.F.);
#8624=ORIENTED_EDGE('',*,*,#6340,.T.);
#8625=ORIENTED_EDGE('',*,*,#6350,.T.);
#8626=ORIENTED_EDGE('',*,*,#6351,.F.);
#8627=ORIENTED_EDGE('',*,*,#6352,.T.);
#8628=ORIENTED_EDGE('',*,*,#6353,.T.);
#8629=ORIENTED_EDGE('',*,*,#6354,.F.);
#8630=ORIENTED_EDGE('',*,*,#6335,.F.);
#8631=ORIENTED_EDGE('',*,*,#6349,.F.);
#8632=ORIENTED_EDGE('',*,*,#6355,.T.);
#8633=ORIENTED_EDGE('',*,*,#6356,.T.);
#8634=ORIENTED_EDGE('',*,*,#6346,.T.);
#8635=ORIENTED_EDGE('',*,*,#6334,.F.);
#8636=ORIENTED_EDGE('',*,*,#6357,.F.);
#8637=ORIENTED_EDGE('',*,*,#6355,.F.);
#8638=ORIENTED_EDGE('',*,*,#6348,.T.);
#8639=ORIENTED_EDGE('',*,*,#6358,.F.);
#8640=ORIENTED_EDGE('',*,*,#6359,.F.);
#8641=ORIENTED_EDGE('',*,*,#6360,.F.);
#8642=ORIENTED_EDGE('',*,*,#6361,.T.);
#8643=ORIENTED_EDGE('',*,*,#6362,.T.);
#8644=ORIENTED_EDGE('',*,*,#6359,.T.);
#8645=ORIENTED_EDGE('',*,*,#6363,.T.);
#8646=ORIENTED_EDGE('',*,*,#6364,.T.);
#8647=ORIENTED_EDGE('',*,*,#6365,.T.);
#8648=ORIENTED_EDGE('',*,*,#6360,.T.);
#8649=ORIENTED_EDGE('',*,*,#6366,.T.);
#8650=ORIENTED_EDGE('',*,*,#6367,.F.);
#8651=ORIENTED_EDGE('',*,*,#6368,.F.);
#8652=ORIENTED_EDGE('',*,*,#6369,.F.);
#8653=ORIENTED_EDGE('',*,*,#6344,.T.);
#8654=ORIENTED_EDGE('',*,*,#6370,.T.);
#8655=ORIENTED_EDGE('',*,*,#6368,.T.);
#8656=ORIENTED_EDGE('',*,*,#6371,.T.);
#8657=ORIENTED_EDGE('',*,*,#6372,.F.);
#8658=ORIENTED_EDGE('',*,*,#6350,.F.);
#8659=ORIENTED_EDGE('',*,*,#6373,.T.);
#8660=ORIENTED_EDGE('',*,*,#6374,.T.);
#8661=ORIENTED_EDGE('',*,*,#6369,.T.);
#8662=ORIENTED_EDGE('',*,*,#6375,.T.);
#8663=ORIENTED_EDGE('',*,*,#6376,.F.);
#8664=ORIENTED_EDGE('',*,*,#6377,.F.);
#8665=ORIENTED_EDGE('',*,*,#6378,.F.);
#8666=ORIENTED_EDGE('',*,*,#6379,.T.);
#8667=ORIENTED_EDGE('',*,*,#6380,.T.);
#8668=ORIENTED_EDGE('',*,*,#6377,.T.);
#8669=ORIENTED_EDGE('',*,*,#6381,.T.);
#8670=ORIENTED_EDGE('',*,*,#6378,.T.);
#8671=ORIENTED_EDGE('',*,*,#6382,.T.);
#8672=ORIENTED_EDGE('',*,*,#6358,.T.);
#8673=ORIENTED_EDGE('',*,*,#6383,.T.);
#8674=ORIENTED_EDGE('',*,*,#6384,.F.);
#8675=ORIENTED_EDGE('',*,*,#6385,.F.);
#8676=ORIENTED_EDGE('',*,*,#6386,.F.);
#8677=ORIENTED_EDGE('',*,*,#6385,.T.);
#8678=ORIENTED_EDGE('',*,*,#6387,.T.);
#8679=ORIENTED_EDGE('',*,*,#6367,.T.);
#8680=ORIENTED_EDGE('',*,*,#6388,.T.);
#8681=ORIENTED_EDGE('',*,*,#6389,.T.);
#8682=ORIENTED_EDGE('',*,*,#6390,.T.);
#8683=ORIENTED_EDGE('',*,*,#6386,.T.);
#8684=ORIENTED_EDGE('',*,*,#6391,.T.);
#8685=ORIENTED_EDGE('',*,*,#6392,.F.);
#8686=ORIENTED_EDGE('',*,*,#6393,.F.);
#8687=ORIENTED_EDGE('',*,*,#6394,.F.);
#8688=ORIENTED_EDGE('',*,*,#6384,.T.);
#8689=ORIENTED_EDGE('',*,*,#6395,.T.);
#8690=ORIENTED_EDGE('',*,*,#6393,.T.);
#8691=ORIENTED_EDGE('',*,*,#6396,.T.);
#8692=ORIENTED_EDGE('',*,*,#6397,.T.);
#8693=ORIENTED_EDGE('',*,*,#6398,.T.);
#8694=ORIENTED_EDGE('',*,*,#6394,.T.);
#8695=ORIENTED_EDGE('',*,*,#6399,.T.);
#8696=ORIENTED_EDGE('',*,*,#6376,.T.);
#8697=ORIENTED_EDGE('',*,*,#6400,.T.);
#8698=ORIENTED_EDGE('',*,*,#6392,.T.);
#8699=ORIENTED_EDGE('',*,*,#6401,.T.);
#8700=ORIENTED_EDGE('',*,*,#6371,.F.);
#8701=ORIENTED_EDGE('',*,*,#6387,.F.);
#8702=ORIENTED_EDGE('',*,*,#6396,.F.);
#8703=ORIENTED_EDGE('',*,*,#6400,.F.);
#8704=ORIENTED_EDGE('',*,*,#6383,.F.);
#8705=ORIENTED_EDGE('',*,*,#6365,.F.);
#8706=ORIENTED_EDGE('',*,*,#6402,.T.);
#8707=ORIENTED_EDGE('',*,*,#6403,.T.);
#8708=ORIENTED_EDGE('',*,*,#6404,.T.);
#8709=ORIENTED_EDGE('',*,*,#6405,.T.);
#8710=ORIENTED_EDGE('',*,*,#6406,.T.);
#8711=ORIENTED_EDGE('',*,*,#6407,.T.);
#8712=ORIENTED_EDGE('',*,*,#6408,.T.);
#8713=ORIENTED_EDGE('',*,*,#6409,.T.);
#8714=ORIENTED_EDGE('',*,*,#6410,.T.);
#8715=ORIENTED_EDGE('',*,*,#6411,.T.);
#8716=ORIENTED_EDGE('',*,*,#6412,.T.);
#8717=ORIENTED_EDGE('',*,*,#6413,.T.);
#8718=ORIENTED_EDGE('',*,*,#6414,.T.);
#8719=ORIENTED_EDGE('',*,*,#6415,.T.);
#8720=ORIENTED_EDGE('',*,*,#6416,.T.);
#8721=ORIENTED_EDGE('',*,*,#6417,.T.);
#8722=ORIENTED_EDGE('',*,*,#6418,.T.);
#8723=ORIENTED_EDGE('',*,*,#6419,.T.);
#8724=ORIENTED_EDGE('',*,*,#6420,.T.);
#8725=ORIENTED_EDGE('',*,*,#6421,.T.);
#8726=ORIENTED_EDGE('',*,*,#6422,.T.);
#8727=ORIENTED_EDGE('',*,*,#6423,.T.);
#8728=ORIENTED_EDGE('',*,*,#6424,.T.);
#8729=ORIENTED_EDGE('',*,*,#6425,.F.);
#8730=ORIENTED_EDGE('',*,*,#6426,.F.);
#8731=ORIENTED_EDGE('',*,*,#6427,.F.);
#8732=ORIENTED_EDGE('',*,*,#6428,.T.);
#8733=ORIENTED_EDGE('',*,*,#6429,.F.);
#8734=ORIENTED_EDGE('',*,*,#6366,.F.);
#8735=ORIENTED_EDGE('',*,*,#6362,.F.);
#8736=ORIENTED_EDGE('',*,*,#6430,.F.);
#8737=ORIENTED_EDGE('',*,*,#6431,.T.);
#8738=ORIENTED_EDGE('',*,*,#6363,.F.);
#8739=ORIENTED_EDGE('',*,*,#6382,.F.);
#8740=ORIENTED_EDGE('',*,*,#6380,.F.);
#8741=ORIENTED_EDGE('',*,*,#6432,.F.);
#8742=ORIENTED_EDGE('',*,*,#6381,.F.);
#8743=ORIENTED_EDGE('',*,*,#6401,.F.);
#8744=ORIENTED_EDGE('',*,*,#6398,.F.);
#8745=ORIENTED_EDGE('',*,*,#6433,.T.);
#8746=ORIENTED_EDGE('',*,*,#6434,.F.);
#8747=ORIENTED_EDGE('',*,*,#6435,.F.);
#8748=ORIENTED_EDGE('',*,*,#6436,.F.);
#8749=ORIENTED_EDGE('',*,*,#6437,.T.);
#8750=ORIENTED_EDGE('',*,*,#6438,.T.);
#8751=ORIENTED_EDGE('',*,*,#6435,.T.);
#8752=ORIENTED_EDGE('',*,*,#6425,.T.);
#8753=ORIENTED_EDGE('',*,*,#6439,.T.);
#8754=ORIENTED_EDGE('',*,*,#6338,.T.);
#8755=ORIENTED_EDGE('',*,*,#6436,.T.);
#8756=ORIENTED_EDGE('',*,*,#6440,.T.);
#8757=ORIENTED_EDGE('',*,*,#6441,.T.);
#8758=ORIENTED_EDGE('',*,*,#6426,.T.);
#8759=ORIENTED_EDGE('',*,*,#6434,.T.);
#8760=ORIENTED_EDGE('',*,*,#6337,.T.);
#8761=ORIENTED_EDGE('',*,*,#6354,.T.);
#8762=ORIENTED_EDGE('',*,*,#6442,.T.);
#8763=ORIENTED_EDGE('',*,*,#6441,.F.);
#8764=ORIENTED_EDGE('',*,*,#6336,.T.);
#8765=ORIENTED_EDGE('',*,*,#6440,.F.);
#8766=ORIENTED_EDGE('',*,*,#6438,.F.);
#8767=ORIENTED_EDGE('',*,*,#6443,.T.);
#8768=ORIENTED_EDGE('',*,*,#6444,.F.);
#8769=ORIENTED_EDGE('',*,*,#6442,.F.);
#8770=ORIENTED_EDGE('',*,*,#6353,.F.);
#8771=ORIENTED_EDGE('',*,*,#6445,.T.);
#8772=ORIENTED_EDGE('',*,*,#6446,.T.);
#8773=ORIENTED_EDGE('',*,*,#6447,.T.);
#8774=ORIENTED_EDGE('',*,*,#6427,.T.);
#8775=ORIENTED_EDGE('',*,*,#6352,.F.);
#8776=ORIENTED_EDGE('',*,*,#6448,.F.);
#8777=ORIENTED_EDGE('',*,*,#6449,.T.);
#8778=ORIENTED_EDGE('',*,*,#6450,.F.);
#8779=ORIENTED_EDGE('',*,*,#6451,.T.);
#8780=ORIENTED_EDGE('',*,*,#6445,.F.);
#8781=ORIENTED_EDGE('',*,*,#6372,.T.);
#8782=ORIENTED_EDGE('',*,*,#6429,.T.);
#8783=ORIENTED_EDGE('',*,*,#6452,.T.);
#8784=ORIENTED_EDGE('',*,*,#6453,.T.);
#8785=ORIENTED_EDGE('',*,*,#6448,.T.);
#8786=ORIENTED_EDGE('',*,*,#6351,.T.);
#8787=ORIENTED_EDGE('',*,*,#6453,.F.);
#8788=ORIENTED_EDGE('',*,*,#6454,.T.);
#8789=ORIENTED_EDGE('',*,*,#6455,.F.);
#8790=ORIENTED_EDGE('',*,*,#6449,.F.);
#8791=ORIENTED_EDGE('',*,*,#6446,.F.);
#8792=ORIENTED_EDGE('',*,*,#6451,.F.);
#8793=ORIENTED_EDGE('',*,*,#6456,.F.);
#8794=ORIENTED_EDGE('',*,*,#6457,.F.);
#8795=ORIENTED_EDGE('',*,*,#6458,.T.);
#8796=ORIENTED_EDGE('',*,*,#6459,.T.);
#8797=ORIENTED_EDGE('',*,*,#6460,.F.);
#8798=ORIENTED_EDGE('',*,*,#6461,.F.);
#8799=ORIENTED_EDGE('',*,*,#6462,.F.);
#8800=ORIENTED_EDGE('',*,*,#6463,.F.);
#8801=ORIENTED_EDGE('',*,*,#6464,.F.);
#8802=ORIENTED_EDGE('',*,*,#6463,.T.);
#8803=ORIENTED_EDGE('',*,*,#6465,.F.);
#8804=ORIENTED_EDGE('',*,*,#6466,.F.);
#8805=ORIENTED_EDGE('',*,*,#6467,.F.);
#8806=ORIENTED_EDGE('',*,*,#6466,.T.);
#8807=ORIENTED_EDGE('',*,*,#6468,.F.);
#8808=ORIENTED_EDGE('',*,*,#6469,.F.);
#8809=ORIENTED_EDGE('',*,*,#6467,.T.);
#8810=ORIENTED_EDGE('',*,*,#6470,.F.);
#8811=ORIENTED_EDGE('',*,*,#6460,.T.);
#8812=ORIENTED_EDGE('',*,*,#6464,.T.);
#8813=ORIENTED_EDGE('',*,*,#6461,.T.);
#8814=ORIENTED_EDGE('',*,*,#6470,.T.);
#8815=ORIENTED_EDGE('',*,*,#6469,.T.);
#8816=ORIENTED_EDGE('',*,*,#6471,.T.);
#8817=ORIENTED_EDGE('',*,*,#6472,.T.);
#8818=ORIENTED_EDGE('',*,*,#6473,.T.);
#8819=ORIENTED_EDGE('',*,*,#6474,.T.);
#8820=ORIENTED_EDGE('',*,*,#6475,.T.);
#8821=ORIENTED_EDGE('',*,*,#6476,.T.);
#8822=ORIENTED_EDGE('',*,*,#6477,.T.);
#8823=ORIENTED_EDGE('',*,*,#6478,.T.);
#8824=ORIENTED_EDGE('',*,*,#6479,.T.);
#8825=ORIENTED_EDGE('',*,*,#6480,.T.);
#8826=ORIENTED_EDGE('',*,*,#6481,.T.);
#8827=ORIENTED_EDGE('',*,*,#6482,.T.);
#8828=ORIENTED_EDGE('',*,*,#6483,.T.);
#8829=ORIENTED_EDGE('',*,*,#6484,.T.);
#8830=ORIENTED_EDGE('',*,*,#6485,.T.);
#8831=ORIENTED_EDGE('',*,*,#6486,.T.);
#8832=ORIENTED_EDGE('',*,*,#6487,.T.);
#8833=ORIENTED_EDGE('',*,*,#6488,.T.);
#8834=ORIENTED_EDGE('',*,*,#6489,.T.);
#8835=ORIENTED_EDGE('',*,*,#6490,.T.);
#8836=ORIENTED_EDGE('',*,*,#6491,.T.);
#8837=ORIENTED_EDGE('',*,*,#6492,.T.);
#8838=ORIENTED_EDGE('',*,*,#6493,.T.);
#8839=ORIENTED_EDGE('',*,*,#6494,.T.);
#8840=ORIENTED_EDGE('',*,*,#6495,.T.);
#8841=ORIENTED_EDGE('',*,*,#6496,.T.);
#8842=ORIENTED_EDGE('',*,*,#6497,.T.);
#8843=ORIENTED_EDGE('',*,*,#6498,.T.);
#8844=ORIENTED_EDGE('',*,*,#6499,.T.);
#8845=ORIENTED_EDGE('',*,*,#6500,.T.);
#8846=ORIENTED_EDGE('',*,*,#6501,.T.);
#8847=ORIENTED_EDGE('',*,*,#6502,.T.);
#8848=ORIENTED_EDGE('',*,*,#6503,.T.);
#8849=ORIENTED_EDGE('',*,*,#6504,.T.);
#8850=ORIENTED_EDGE('',*,*,#6505,.F.);
#8851=ORIENTED_EDGE('',*,*,#6506,.T.);
#8852=ORIENTED_EDGE('',*,*,#6507,.T.);
#8853=ORIENTED_EDGE('',*,*,#6508,.T.);
#8854=ORIENTED_EDGE('',*,*,#6509,.F.);
#8855=ORIENTED_EDGE('',*,*,#6510,.T.);
#8856=ORIENTED_EDGE('',*,*,#6511,.T.);
#8857=ORIENTED_EDGE('',*,*,#6512,.F.);
#8858=ORIENTED_EDGE('',*,*,#6472,.F.);
#8859=ORIENTED_EDGE('',*,*,#6513,.F.);
#8860=ORIENTED_EDGE('',*,*,#6514,.F.);
#8861=ORIENTED_EDGE('',*,*,#6515,.F.);
#8862=ORIENTED_EDGE('',*,*,#6514,.T.);
#8863=ORIENTED_EDGE('',*,*,#6516,.F.);
#8864=ORIENTED_EDGE('',*,*,#6517,.F.);
#8865=ORIENTED_EDGE('',*,*,#6518,.F.);
#8866=ORIENTED_EDGE('',*,*,#6517,.T.);
#8867=ORIENTED_EDGE('',*,*,#6519,.F.);
#8868=ORIENTED_EDGE('',*,*,#6474,.F.);
#8869=ORIENTED_EDGE('',*,*,#6518,.T.);
#8870=ORIENTED_EDGE('',*,*,#6473,.F.);
#8871=ORIENTED_EDGE('',*,*,#6512,.T.);
#8872=ORIENTED_EDGE('',*,*,#6515,.T.);
#8873=ORIENTED_EDGE('',*,*,#6520,.T.);
#8874=ORIENTED_EDGE('',*,*,#6477,.F.);
#8875=ORIENTED_EDGE('',*,*,#6521,.T.);
#8876=ORIENTED_EDGE('',*,*,#6522,.T.);
#8877=ORIENTED_EDGE('',*,*,#6520,.F.);
#8878=ORIENTED_EDGE('',*,*,#6523,.T.);
#8879=ORIENTED_EDGE('',*,*,#6524,.F.);
#8880=ORIENTED_EDGE('',*,*,#6478,.F.);
#8881=ORIENTED_EDGE('',*,*,#6522,.F.);
#8882=ORIENTED_EDGE('',*,*,#6525,.T.);
#8883=ORIENTED_EDGE('',*,*,#6526,.F.);
#8884=ORIENTED_EDGE('',*,*,#6523,.F.);
#8885=ORIENTED_EDGE('',*,*,#6521,.F.);
#8886=ORIENTED_EDGE('',*,*,#6476,.F.);
#8887=ORIENTED_EDGE('',*,*,#6527,.F.);
#8888=ORIENTED_EDGE('',*,*,#6525,.F.);
#8889=ORIENTED_EDGE('',*,*,#6528,.F.);
#8890=ORIENTED_EDGE('',*,*,#6480,.F.);
#8891=ORIENTED_EDGE('',*,*,#6529,.F.);
#8892=ORIENTED_EDGE('',*,*,#6530,.F.);
#8893=ORIENTED_EDGE('',*,*,#6531,.F.);
#8894=ORIENTED_EDGE('',*,*,#6530,.T.);
#8895=ORIENTED_EDGE('',*,*,#6532,.F.);
#8896=ORIENTED_EDGE('',*,*,#6533,.F.);
#8897=ORIENTED_EDGE('',*,*,#6534,.F.);
#8898=ORIENTED_EDGE('',*,*,#6533,.T.);
#8899=ORIENTED_EDGE('',*,*,#6535,.F.);
#8900=ORIENTED_EDGE('',*,*,#6482,.F.);
#8901=ORIENTED_EDGE('',*,*,#6534,.T.);
#8902=ORIENTED_EDGE('',*,*,#6481,.F.);
#8903=ORIENTED_EDGE('',*,*,#6528,.T.);
#8904=ORIENTED_EDGE('',*,*,#6531,.T.);
#8905=ORIENTED_EDGE('',*,*,#6536,.T.);
#8906=ORIENTED_EDGE('',*,*,#6485,.F.);
#8907=ORIENTED_EDGE('',*,*,#6537,.T.);
#8908=ORIENTED_EDGE('',*,*,#6538,.T.);
#8909=ORIENTED_EDGE('',*,*,#6536,.F.);
#8910=ORIENTED_EDGE('',*,*,#6539,.T.);
#8911=ORIENTED_EDGE('',*,*,#6540,.F.);
#8912=ORIENTED_EDGE('',*,*,#6486,.F.);
#8913=ORIENTED_EDGE('',*,*,#6538,.F.);
#8914=ORIENTED_EDGE('',*,*,#6541,.T.);
#8915=ORIENTED_EDGE('',*,*,#6542,.F.);
#8916=ORIENTED_EDGE('',*,*,#6539,.F.);
#8917=ORIENTED_EDGE('',*,*,#6537,.F.);
#8918=ORIENTED_EDGE('',*,*,#6484,.F.);
#8919=ORIENTED_EDGE('',*,*,#6543,.F.);
#8920=ORIENTED_EDGE('',*,*,#6541,.F.);
#8921=ORIENTED_EDGE('',*,*,#6544,.F.);
#8922=ORIENTED_EDGE('',*,*,#6488,.F.);
#8923=ORIENTED_EDGE('',*,*,#6545,.F.);
#8924=ORIENTED_EDGE('',*,*,#6546,.F.);
#8925=ORIENTED_EDGE('',*,*,#6547,.F.);
#8926=ORIENTED_EDGE('',*,*,#6546,.T.);
#8927=ORIENTED_EDGE('',*,*,#6548,.F.);
#8928=ORIENTED_EDGE('',*,*,#6549,.F.);
#8929=ORIENTED_EDGE('',*,*,#6550,.F.);
#8930=ORIENTED_EDGE('',*,*,#6549,.T.);
#8931=ORIENTED_EDGE('',*,*,#6551,.F.);
#8932=ORIENTED_EDGE('',*,*,#6490,.F.);
#8933=ORIENTED_EDGE('',*,*,#6550,.T.);
#8934=ORIENTED_EDGE('',*,*,#6489,.F.);
#8935=ORIENTED_EDGE('',*,*,#6544,.T.);
#8936=ORIENTED_EDGE('',*,*,#6547,.T.);
#8937=ORIENTED_EDGE('',*,*,#6552,.T.);
#8938=ORIENTED_EDGE('',*,*,#6493,.F.);
#8939=ORIENTED_EDGE('',*,*,#6553,.T.);
#8940=ORIENTED_EDGE('',*,*,#6554,.T.);
#8941=ORIENTED_EDGE('',*,*,#6552,.F.);
#8942=ORIENTED_EDGE('',*,*,#6555,.T.);
#8943=ORIENTED_EDGE('',*,*,#6556,.F.);
#8944=ORIENTED_EDGE('',*,*,#6494,.F.);
#8945=ORIENTED_EDGE('',*,*,#6554,.F.);
#8946=ORIENTED_EDGE('',*,*,#6557,.T.);
#8947=ORIENTED_EDGE('',*,*,#6558,.F.);
#8948=ORIENTED_EDGE('',*,*,#6555,.F.);
#8949=ORIENTED_EDGE('',*,*,#6553,.F.);
#8950=ORIENTED_EDGE('',*,*,#6492,.F.);
#8951=ORIENTED_EDGE('',*,*,#6559,.F.);
#8952=ORIENTED_EDGE('',*,*,#6557,.F.);
#8953=ORIENTED_EDGE('',*,*,#6560,.F.);
#8954=ORIENTED_EDGE('',*,*,#6496,.F.);
#8955=ORIENTED_EDGE('',*,*,#6561,.F.);
#8956=ORIENTED_EDGE('',*,*,#6562,.F.);
#8957=ORIENTED_EDGE('',*,*,#6563,.F.);
#8958=ORIENTED_EDGE('',*,*,#6562,.T.);
#8959=ORIENTED_EDGE('',*,*,#6564,.F.);
#8960=ORIENTED_EDGE('',*,*,#6565,.F.);
#8961=ORIENTED_EDGE('',*,*,#6566,.F.);
#8962=ORIENTED_EDGE('',*,*,#6565,.T.);
#8963=ORIENTED_EDGE('',*,*,#6567,.F.);
#8964=ORIENTED_EDGE('',*,*,#6498,.F.);
#8965=ORIENTED_EDGE('',*,*,#6566,.T.);
#8966=ORIENTED_EDGE('',*,*,#6497,.F.);
#8967=ORIENTED_EDGE('',*,*,#6560,.T.);
#8968=ORIENTED_EDGE('',*,*,#6563,.T.);
#8969=ORIENTED_EDGE('',*,*,#6568,.T.);
#8970=ORIENTED_EDGE('',*,*,#6501,.F.);
#8971=ORIENTED_EDGE('',*,*,#6569,.T.);
#8972=ORIENTED_EDGE('',*,*,#6570,.T.);
#8973=ORIENTED_EDGE('',*,*,#6568,.F.);
#8974=ORIENTED_EDGE('',*,*,#6571,.T.);
#8975=ORIENTED_EDGE('',*,*,#6572,.F.);
#8976=ORIENTED_EDGE('',*,*,#6502,.F.);
#8977=ORIENTED_EDGE('',*,*,#6570,.F.);
#8978=ORIENTED_EDGE('',*,*,#6573,.T.);
#8979=ORIENTED_EDGE('',*,*,#6574,.F.);
#8980=ORIENTED_EDGE('',*,*,#6571,.F.);
#8981=ORIENTED_EDGE('',*,*,#6569,.F.);
#8982=ORIENTED_EDGE('',*,*,#6500,.F.);
#8983=ORIENTED_EDGE('',*,*,#6575,.F.);
#8984=ORIENTED_EDGE('',*,*,#6573,.F.);
#8985=ORIENTED_EDGE('',*,*,#6364,.F.);
#8986=ORIENTED_EDGE('',*,*,#6431,.F.);
#8987=ORIENTED_EDGE('',*,*,#6576,.F.);
#8988=ORIENTED_EDGE('',*,*,#6510,.F.);
#8989=ORIENTED_EDGE('',*,*,#6577,.F.);
#8990=ORIENTED_EDGE('',*,*,#6578,.F.);
#8991=ORIENTED_EDGE('',*,*,#6402,.F.);
#8992=ORIENTED_EDGE('',*,*,#6423,.F.);
#8993=ORIENTED_EDGE('',*,*,#6579,.T.);
#8994=ORIENTED_EDGE('',*,*,#6580,.F.);
#8995=ORIENTED_EDGE('',*,*,#6581,.F.);
#8996=ORIENTED_EDGE('',*,*,#6424,.F.);
#8997=ORIENTED_EDGE('',*,*,#6581,.T.);
#8998=ORIENTED_EDGE('',*,*,#6582,.F.);
#8999=ORIENTED_EDGE('',*,*,#6583,.F.);
#9000=ORIENTED_EDGE('',*,*,#6584,.F.);
#9001=ORIENTED_EDGE('',*,*,#6443,.F.);
#9002=ORIENTED_EDGE('',*,*,#6437,.F.);
#9003=ORIENTED_EDGE('',*,*,#6422,.F.);
#9004=ORIENTED_EDGE('',*,*,#6585,.T.);
#9005=ORIENTED_EDGE('',*,*,#6586,.F.);
#9006=ORIENTED_EDGE('',*,*,#6579,.F.);
#9007=ORIENTED_EDGE('',*,*,#6421,.F.);
#9008=ORIENTED_EDGE('',*,*,#6587,.T.);
#9009=ORIENTED_EDGE('',*,*,#6588,.F.);
#9010=ORIENTED_EDGE('',*,*,#6585,.F.);
#9011=ORIENTED_EDGE('',*,*,#6420,.F.);
#9012=ORIENTED_EDGE('',*,*,#6589,.T.);
#9013=ORIENTED_EDGE('',*,*,#6590,.F.);
#9014=ORIENTED_EDGE('',*,*,#6587,.F.);
#9015=ORIENTED_EDGE('',*,*,#6419,.F.);
#9016=ORIENTED_EDGE('',*,*,#6591,.T.);
#9017=ORIENTED_EDGE('',*,*,#6592,.F.);
#9018=ORIENTED_EDGE('',*,*,#6589,.F.);
#9019=ORIENTED_EDGE('',*,*,#6418,.F.);
#9020=ORIENTED_EDGE('',*,*,#6593,.T.);
#9021=ORIENTED_EDGE('',*,*,#6594,.F.);
#9022=ORIENTED_EDGE('',*,*,#6591,.F.);
#9023=ORIENTED_EDGE('',*,*,#6417,.F.);
#9024=ORIENTED_EDGE('',*,*,#6595,.T.);
#9025=ORIENTED_EDGE('',*,*,#6596,.F.);
#9026=ORIENTED_EDGE('',*,*,#6593,.F.);
#9027=ORIENTED_EDGE('',*,*,#6416,.F.);
#9028=ORIENTED_EDGE('',*,*,#6597,.T.);
#9029=ORIENTED_EDGE('',*,*,#6598,.F.);
#9030=ORIENTED_EDGE('',*,*,#6595,.F.);
#9031=ORIENTED_EDGE('',*,*,#6415,.F.);
#9032=ORIENTED_EDGE('',*,*,#6599,.T.);
#9033=ORIENTED_EDGE('',*,*,#6600,.F.);
#9034=ORIENTED_EDGE('',*,*,#6597,.F.);
#9035=ORIENTED_EDGE('',*,*,#6414,.F.);
#9036=ORIENTED_EDGE('',*,*,#6601,.T.);
#9037=ORIENTED_EDGE('',*,*,#6602,.F.);
#9038=ORIENTED_EDGE('',*,*,#6599,.F.);
#9039=ORIENTED_EDGE('',*,*,#6413,.F.);
#9040=ORIENTED_EDGE('',*,*,#6603,.T.);
#9041=ORIENTED_EDGE('',*,*,#6604,.F.);
#9042=ORIENTED_EDGE('',*,*,#6601,.F.);
#9043=ORIENTED_EDGE('',*,*,#6412,.F.);
#9044=ORIENTED_EDGE('',*,*,#6605,.T.);
#9045=ORIENTED_EDGE('',*,*,#6606,.F.);
#9046=ORIENTED_EDGE('',*,*,#6603,.F.);
#9047=ORIENTED_EDGE('',*,*,#6411,.F.);
#9048=ORIENTED_EDGE('',*,*,#6607,.T.);
#9049=ORIENTED_EDGE('',*,*,#6608,.F.);
#9050=ORIENTED_EDGE('',*,*,#6605,.F.);
#9051=ORIENTED_EDGE('',*,*,#6410,.F.);
#9052=ORIENTED_EDGE('',*,*,#6609,.T.);
#9053=ORIENTED_EDGE('',*,*,#6610,.F.);
#9054=ORIENTED_EDGE('',*,*,#6607,.F.);
#9055=ORIENTED_EDGE('',*,*,#6409,.F.);
#9056=ORIENTED_EDGE('',*,*,#6611,.T.);
#9057=ORIENTED_EDGE('',*,*,#6612,.F.);
#9058=ORIENTED_EDGE('',*,*,#6609,.F.);
#9059=ORIENTED_EDGE('',*,*,#6408,.F.);
#9060=ORIENTED_EDGE('',*,*,#6613,.T.);
#9061=ORIENTED_EDGE('',*,*,#6614,.F.);
#9062=ORIENTED_EDGE('',*,*,#6611,.F.);
#9063=ORIENTED_EDGE('',*,*,#6407,.F.);
#9064=ORIENTED_EDGE('',*,*,#6615,.T.);
#9065=ORIENTED_EDGE('',*,*,#6616,.F.);
#9066=ORIENTED_EDGE('',*,*,#6613,.F.);
#9067=ORIENTED_EDGE('',*,*,#6406,.F.);
#9068=ORIENTED_EDGE('',*,*,#6617,.T.);
#9069=ORIENTED_EDGE('',*,*,#6618,.F.);
#9070=ORIENTED_EDGE('',*,*,#6615,.F.);
#9071=ORIENTED_EDGE('',*,*,#6405,.F.);
#9072=ORIENTED_EDGE('',*,*,#6619,.T.);
#9073=ORIENTED_EDGE('',*,*,#6620,.F.);
#9074=ORIENTED_EDGE('',*,*,#6617,.F.);
#9075=ORIENTED_EDGE('',*,*,#6404,.F.);
#9076=ORIENTED_EDGE('',*,*,#6621,.T.);
#9077=ORIENTED_EDGE('',*,*,#6622,.F.);
#9078=ORIENTED_EDGE('',*,*,#6619,.F.);
#9079=ORIENTED_EDGE('',*,*,#6403,.F.);
#9080=ORIENTED_EDGE('',*,*,#6578,.T.);
#9081=ORIENTED_EDGE('',*,*,#6623,.F.);
#9082=ORIENTED_EDGE('',*,*,#6621,.F.);
#9083=ORIENTED_EDGE('',*,*,#6577,.T.);
#9084=ORIENTED_EDGE('',*,*,#6509,.T.);
#9085=ORIENTED_EDGE('',*,*,#6624,.F.);
#9086=ORIENTED_EDGE('',*,*,#6625,.T.);
#9087=ORIENTED_EDGE('',*,*,#6626,.F.);
#9088=ORIENTED_EDGE('',*,*,#6627,.T.);
#9089=ORIENTED_EDGE('',*,*,#6582,.T.);
#9090=ORIENTED_EDGE('',*,*,#6580,.T.);
#9091=ORIENTED_EDGE('',*,*,#6586,.T.);
#9092=ORIENTED_EDGE('',*,*,#6588,.T.);
#9093=ORIENTED_EDGE('',*,*,#6590,.T.);
#9094=ORIENTED_EDGE('',*,*,#6592,.T.);
#9095=ORIENTED_EDGE('',*,*,#6594,.T.);
#9096=ORIENTED_EDGE('',*,*,#6596,.T.);
#9097=ORIENTED_EDGE('',*,*,#6598,.T.);
#9098=ORIENTED_EDGE('',*,*,#6600,.T.);
#9099=ORIENTED_EDGE('',*,*,#6602,.T.);
#9100=ORIENTED_EDGE('',*,*,#6604,.T.);
#9101=ORIENTED_EDGE('',*,*,#6606,.T.);
#9102=ORIENTED_EDGE('',*,*,#6608,.T.);
#9103=ORIENTED_EDGE('',*,*,#6610,.T.);
#9104=ORIENTED_EDGE('',*,*,#6612,.T.);
#9105=ORIENTED_EDGE('',*,*,#6614,.T.);
#9106=ORIENTED_EDGE('',*,*,#6616,.T.);
#9107=ORIENTED_EDGE('',*,*,#6618,.T.);
#9108=ORIENTED_EDGE('',*,*,#6620,.T.);
#9109=ORIENTED_EDGE('',*,*,#6622,.T.);
#9110=ORIENTED_EDGE('',*,*,#6623,.T.);
#9111=ORIENTED_EDGE('',*,*,#6628,.F.);
#9112=ORIENTED_EDGE('',*,*,#6629,.F.);
#9113=ORIENTED_EDGE('',*,*,#6630,.F.);
#9114=ORIENTED_EDGE('',*,*,#6631,.F.);
#9115=ORIENTED_EDGE('',*,*,#6390,.F.);
#9116=ORIENTED_EDGE('',*,*,#6632,.F.);
#9117=ORIENTED_EDGE('',*,*,#6399,.F.);
#9118=ORIENTED_EDGE('',*,*,#6395,.F.);
#9119=ORIENTED_EDGE('',*,*,#6343,.F.);
#9120=ORIENTED_EDGE('',*,*,#6633,.F.);
#9121=ORIENTED_EDGE('',*,*,#6375,.F.);
#9122=ORIENTED_EDGE('',*,*,#6370,.F.);
#9123=ORIENTED_EDGE('',*,*,#6374,.F.);
#9124=ORIENTED_EDGE('',*,*,#6634,.T.);
#9125=ORIENTED_EDGE('',*,*,#6391,.F.);
#9126=ORIENTED_EDGE('',*,*,#6388,.F.);
#9127=ORIENTED_EDGE('',*,*,#6583,.T.);
#9128=ORIENTED_EDGE('',*,*,#6627,.F.);
#9129=ORIENTED_EDGE('',*,*,#6635,.F.);
#9130=ORIENTED_EDGE('',*,*,#6636,.T.);
#9131=ORIENTED_EDGE('',*,*,#6626,.T.);
#9132=ORIENTED_EDGE('',*,*,#6637,.T.);
#9133=ORIENTED_EDGE('',*,*,#6638,.T.);
#9134=ORIENTED_EDGE('',*,*,#6635,.T.);
#9135=ORIENTED_EDGE('',*,*,#6624,.T.);
#9136=ORIENTED_EDGE('',*,*,#6508,.F.);
#9137=ORIENTED_EDGE('',*,*,#6639,.T.);
#9138=ORIENTED_EDGE('',*,*,#6640,.T.);
#9139=ORIENTED_EDGE('',*,*,#6641,.F.);
#9140=ORIENTED_EDGE('',*,*,#6642,.T.);
#9141=ORIENTED_EDGE('',*,*,#6643,.F.);
#9142=ORIENTED_EDGE('',*,*,#6642,.F.);
#9143=ORIENTED_EDGE('',*,*,#6629,.T.);
#9144=ORIENTED_EDGE('',*,*,#6644,.T.);
#9145=ORIENTED_EDGE('',*,*,#6641,.T.);
#9146=ORIENTED_EDGE('',*,*,#6644,.F.);
#9147=ORIENTED_EDGE('',*,*,#6645,.F.);
#9148=ORIENTED_EDGE('',*,*,#6646,.T.);
#9149=ORIENTED_EDGE('',*,*,#6647,.F.);
#9150=ORIENTED_EDGE('',*,*,#6646,.F.);
#9151=ORIENTED_EDGE('',*,*,#6630,.T.);
#9152=ORIENTED_EDGE('',*,*,#6648,.T.);
#9153=ORIENTED_EDGE('',*,*,#6645,.T.);
#9154=ORIENTED_EDGE('',*,*,#6648,.F.);
#9155=ORIENTED_EDGE('',*,*,#6649,.F.);
#9156=ORIENTED_EDGE('',*,*,#6650,.T.);
#9157=ORIENTED_EDGE('',*,*,#6651,.F.);
#9158=ORIENTED_EDGE('',*,*,#6650,.F.);
#9159=ORIENTED_EDGE('',*,*,#6628,.T.);
#9160=ORIENTED_EDGE('',*,*,#6652,.T.);
#9161=ORIENTED_EDGE('',*,*,#6649,.T.);
#9162=ORIENTED_EDGE('',*,*,#6652,.F.);
#9163=ORIENTED_EDGE('',*,*,#6653,.F.);
#9164=ORIENTED_EDGE('',*,*,#6654,.T.);
#9165=ORIENTED_EDGE('',*,*,#6655,.F.);
#9166=ORIENTED_EDGE('',*,*,#6654,.F.);
#9167=ORIENTED_EDGE('',*,*,#6631,.T.);
#9168=ORIENTED_EDGE('',*,*,#6656,.T.);
#9169=ORIENTED_EDGE('',*,*,#6653,.T.);
#9170=ORIENTED_EDGE('',*,*,#6656,.F.);
#9171=ORIENTED_EDGE('',*,*,#6640,.F.);
#9172=ORIENTED_EDGE('',*,*,#6657,.T.);
#9173=ORIENTED_EDGE('',*,*,#6637,.F.);
#9174=ORIENTED_EDGE('',*,*,#6625,.F.);
#9175=ORIENTED_EDGE('',*,*,#6658,.F.);
#9176=ORIENTED_EDGE('',*,*,#6504,.F.);
#9177=ORIENTED_EDGE('',*,*,#6659,.F.);
#9178=ORIENTED_EDGE('',*,*,#6660,.F.);
#9179=ORIENTED_EDGE('',*,*,#6661,.F.);
#9180=ORIENTED_EDGE('',*,*,#6660,.T.);
#9181=ORIENTED_EDGE('',*,*,#6662,.F.);
#9182=ORIENTED_EDGE('',*,*,#6663,.F.);
#9183=ORIENTED_EDGE('',*,*,#6664,.F.);
#9184=ORIENTED_EDGE('',*,*,#6663,.T.);
#9185=ORIENTED_EDGE('',*,*,#6665,.F.);
#9186=ORIENTED_EDGE('',*,*,#6506,.F.);
#9187=ORIENTED_EDGE('',*,*,#6664,.T.);
#9188=ORIENTED_EDGE('',*,*,#6505,.T.);
#9189=ORIENTED_EDGE('',*,*,#6658,.T.);
#9190=ORIENTED_EDGE('',*,*,#6661,.T.);
#9191=ORIENTED_EDGE('',*,*,#6665,.T.);
#9192=ORIENTED_EDGE('',*,*,#6662,.T.);
#9193=ORIENTED_EDGE('',*,*,#6659,.T.);
#9194=ORIENTED_EDGE('',*,*,#6503,.F.);
#9195=ORIENTED_EDGE('',*,*,#6572,.T.);
#9196=ORIENTED_EDGE('',*,*,#6574,.T.);
#9197=ORIENTED_EDGE('',*,*,#6575,.T.);
#9198=ORIENTED_EDGE('',*,*,#6499,.F.);
#9199=ORIENTED_EDGE('',*,*,#6567,.T.);
#9200=ORIENTED_EDGE('',*,*,#6564,.T.);
#9201=ORIENTED_EDGE('',*,*,#6561,.T.);
#9202=ORIENTED_EDGE('',*,*,#6495,.F.);
#9203=ORIENTED_EDGE('',*,*,#6556,.T.);
#9204=ORIENTED_EDGE('',*,*,#6558,.T.);
#9205=ORIENTED_EDGE('',*,*,#6559,.T.);
#9206=ORIENTED_EDGE('',*,*,#6491,.F.);
#9207=ORIENTED_EDGE('',*,*,#6551,.T.);
#9208=ORIENTED_EDGE('',*,*,#6548,.T.);
#9209=ORIENTED_EDGE('',*,*,#6545,.T.);
#9210=ORIENTED_EDGE('',*,*,#6487,.F.);
#9211=ORIENTED_EDGE('',*,*,#6540,.T.);
#9212=ORIENTED_EDGE('',*,*,#6542,.T.);
#9213=ORIENTED_EDGE('',*,*,#6543,.T.);
#9214=ORIENTED_EDGE('',*,*,#6483,.F.);
#9215=ORIENTED_EDGE('',*,*,#6535,.T.);
#9216=ORIENTED_EDGE('',*,*,#6532,.T.);
#9217=ORIENTED_EDGE('',*,*,#6529,.T.);
#9218=ORIENTED_EDGE('',*,*,#6479,.F.);
#9219=ORIENTED_EDGE('',*,*,#6524,.T.);
#9220=ORIENTED_EDGE('',*,*,#6526,.T.);
#9221=ORIENTED_EDGE('',*,*,#6527,.T.);
#9222=ORIENTED_EDGE('',*,*,#6475,.F.);
#9223=ORIENTED_EDGE('',*,*,#6519,.T.);
#9224=ORIENTED_EDGE('',*,*,#6516,.T.);
#9225=ORIENTED_EDGE('',*,*,#6513,.T.);
#9226=ORIENTED_EDGE('',*,*,#6471,.F.);
#9227=ORIENTED_EDGE('',*,*,#6468,.T.);
#9228=ORIENTED_EDGE('',*,*,#6465,.T.);
#9229=ORIENTED_EDGE('',*,*,#6462,.T.);
#9230=ORIENTED_EDGE('',*,*,#6511,.F.);
#9231=ORIENTED_EDGE('',*,*,#6576,.T.);
#9232=ORIENTED_EDGE('',*,*,#6430,.T.);
#9233=ORIENTED_EDGE('',*,*,#6361,.F.);
#9234=ORIENTED_EDGE('',*,*,#6432,.T.);
#9235=ORIENTED_EDGE('',*,*,#6379,.F.);
#9236=ORIENTED_EDGE('',*,*,#6433,.F.);
#9237=ORIENTED_EDGE('',*,*,#6397,.F.);
#9238=ORIENTED_EDGE('',*,*,#6632,.T.);
#9239=ORIENTED_EDGE('',*,*,#6389,.F.);
#9240=ORIENTED_EDGE('',*,*,#6634,.F.);
#9241=ORIENTED_EDGE('',*,*,#6373,.F.);
#9242=ORIENTED_EDGE('',*,*,#6633,.T.);
#9243=ORIENTED_EDGE('',*,*,#6342,.F.);
#9244=ORIENTED_EDGE('',*,*,#6347,.F.);
#9245=ORIENTED_EDGE('',*,*,#6356,.F.);
#9246=ORIENTED_EDGE('',*,*,#6357,.T.);
#9247=ORIENTED_EDGE('',*,*,#6333,.F.);
#9248=ORIENTED_EDGE('',*,*,#6339,.F.);
#9249=ORIENTED_EDGE('',*,*,#6439,.F.);
#9250=ORIENTED_EDGE('',*,*,#6444,.T.);
#9251=ORIENTED_EDGE('',*,*,#6584,.T.);
#9252=ORIENTED_EDGE('',*,*,#6636,.F.);
#9253=ORIENTED_EDGE('',*,*,#6638,.F.);
#9254=ORIENTED_EDGE('',*,*,#6657,.F.);
#9255=ORIENTED_EDGE('',*,*,#6639,.F.);
#9256=ORIENTED_EDGE('',*,*,#6507,.F.);
#9257=ORIENTED_EDGE('',*,*,#6643,.T.);
#9258=ORIENTED_EDGE('',*,*,#6655,.T.);
#9259=ORIENTED_EDGE('',*,*,#6647,.T.);
#9260=ORIENTED_EDGE('',*,*,#6651,.T.);
#9261=ORIENTED_EDGE('',*,*,#6666,.F.);
#9262=ORIENTED_EDGE('',*,*,#6667,.T.);
#9263=ORIENTED_EDGE('',*,*,#6459,.F.);
#9264=ORIENTED_EDGE('',*,*,#6667,.F.);
#9265=ORIENTED_EDGE('',*,*,#6668,.F.);
#9266=ORIENTED_EDGE('',*,*,#6669,.T.);
#9267=ORIENTED_EDGE('',*,*,#6458,.F.);
#9268=ORIENTED_EDGE('',*,*,#6669,.F.);
#9269=ORIENTED_EDGE('',*,*,#6457,.T.);
#9270=ORIENTED_EDGE('',*,*,#6670,.F.);
#9271=ORIENTED_EDGE('',*,*,#6454,.F.);
#9272=ORIENTED_EDGE('',*,*,#6452,.F.);
#9273=ORIENTED_EDGE('',*,*,#6428,.F.);
#9274=ORIENTED_EDGE('',*,*,#6447,.F.);
#9275=ORIENTED_EDGE('',*,*,#6450,.T.);
#9276=ORIENTED_EDGE('',*,*,#6455,.T.);
#9277=ORIENTED_EDGE('',*,*,#6670,.T.);
#9278=ORIENTED_EDGE('',*,*,#6456,.T.);
#9279=ORIENTED_EDGE('',*,*,#6668,.T.);
#9280=ORIENTED_EDGE('',*,*,#6666,.T.);
#9281=ORIENTED_EDGE('',*,*,#6671,.F.);
#9282=ORIENTED_EDGE('',*,*,#6672,.T.);
#9283=ORIENTED_EDGE('',*,*,#6673,.T.);
#9284=ORIENTED_EDGE('',*,*,#6674,.T.);
#9285=ORIENTED_EDGE('',*,*,#6675,.F.);
#9286=ORIENTED_EDGE('',*,*,#6675,.T.);
#9287=ORIENTED_EDGE('',*,*,#6676,.F.);
#9288=ORIENTED_EDGE('',*,*,#6677,.T.);
#9289=ORIENTED_EDGE('',*,*,#6678,.F.);
#9290=ORIENTED_EDGE('',*,*,#6679,.T.);
#9291=ORIENTED_EDGE('',*,*,#6680,.F.);
#9292=ORIENTED_EDGE('',*,*,#6681,.F.);
#9293=ORIENTED_EDGE('',*,*,#6682,.F.);
#9294=ORIENTED_EDGE('',*,*,#6683,.F.);
#9295=ORIENTED_EDGE('',*,*,#6684,.T.);
#9296=ORIENTED_EDGE('',*,*,#6685,.T.);
#9297=ORIENTED_EDGE('',*,*,#6686,.T.);
#9298=ORIENTED_EDGE('',*,*,#6674,.F.);
#9299=ORIENTED_EDGE('',*,*,#6687,.T.);
#9300=ORIENTED_EDGE('',*,*,#6688,.F.);
#9301=ORIENTED_EDGE('',*,*,#6676,.T.);
#9302=ORIENTED_EDGE('',*,*,#6677,.F.);
#9303=ORIENTED_EDGE('',*,*,#6688,.T.);
#9304=ORIENTED_EDGE('',*,*,#6689,.T.);
#9305=ORIENTED_EDGE('',*,*,#6690,.T.);
#9306=ORIENTED_EDGE('',*,*,#6679,.F.);
#9307=ORIENTED_EDGE('',*,*,#6691,.T.);
#9308=ORIENTED_EDGE('',*,*,#6692,.T.);
#9309=ORIENTED_EDGE('',*,*,#6693,.T.);
#9310=ORIENTED_EDGE('',*,*,#6693,.F.);
#9311=ORIENTED_EDGE('',*,*,#6694,.T.);
#9312=ORIENTED_EDGE('',*,*,#6695,.F.);
#9313=ORIENTED_EDGE('',*,*,#6696,.F.);
#9314=ORIENTED_EDGE('',*,*,#6697,.F.);
#9315=ORIENTED_EDGE('',*,*,#6681,.T.);
#9316=ORIENTED_EDGE('',*,*,#6680,.T.);
#9317=ORIENTED_EDGE('',*,*,#6698,.F.);
#9318=ORIENTED_EDGE('',*,*,#6699,.F.);
#9319=ORIENTED_EDGE('',*,*,#6700,.F.);
#9320=ORIENTED_EDGE('',*,*,#6701,.T.);
#9321=ORIENTED_EDGE('',*,*,#6702,.T.);
#9322=ORIENTED_EDGE('',*,*,#6699,.T.);
#9323=ORIENTED_EDGE('',*,*,#6703,.T.);
#9324=ORIENTED_EDGE('',*,*,#6704,.T.);
#9325=ORIENTED_EDGE('',*,*,#6705,.F.);
#9326=ORIENTED_EDGE('',*,*,#6706,.F.);
#9327=ORIENTED_EDGE('',*,*,#6707,.T.);
#9328=ORIENTED_EDGE('',*,*,#6708,.F.);
#9329=ORIENTED_EDGE('',*,*,#6709,.T.);
#9330=ORIENTED_EDGE('',*,*,#6710,.F.);
#9331=ORIENTED_EDGE('',*,*,#6711,.T.);
#9332=ORIENTED_EDGE('',*,*,#6700,.T.);
#9333=ORIENTED_EDGE('',*,*,#6712,.T.);
#9334=ORIENTED_EDGE('',*,*,#6713,.T.);
#9335=ORIENTED_EDGE('',*,*,#6714,.T.);
#9336=ORIENTED_EDGE('',*,*,#6698,.T.);
#9337=ORIENTED_EDGE('',*,*,#6715,.T.);
#9338=ORIENTED_EDGE('',*,*,#6712,.F.);
#9339=ORIENTED_EDGE('',*,*,#6702,.F.);
#9340=ORIENTED_EDGE('',*,*,#6716,.F.);
#9341=ORIENTED_EDGE('',*,*,#6717,.T.);
#9342=ORIENTED_EDGE('',*,*,#6707,.F.);
#9343=ORIENTED_EDGE('',*,*,#6718,.T.);
#9344=ORIENTED_EDGE('',*,*,#6719,.T.);
#9345=ORIENTED_EDGE('',*,*,#6720,.T.);
#9346=ORIENTED_EDGE('',*,*,#6721,.T.);
#9347=ORIENTED_EDGE('',*,*,#6722,.T.);
#9348=ORIENTED_EDGE('',*,*,#6723,.T.);
#9349=ORIENTED_EDGE('',*,*,#6724,.T.);
#9350=ORIENTED_EDGE('',*,*,#6725,.T.);
#9351=ORIENTED_EDGE('',*,*,#6726,.T.);
#9352=ORIENTED_EDGE('',*,*,#6727,.T.);
#9353=ORIENTED_EDGE('',*,*,#6728,.T.);
#9354=ORIENTED_EDGE('',*,*,#6703,.F.);
#9355=ORIENTED_EDGE('',*,*,#6714,.F.);
#9356=ORIENTED_EDGE('',*,*,#6729,.F.);
#9357=ORIENTED_EDGE('',*,*,#6730,.F.);
#9358=ORIENTED_EDGE('',*,*,#6731,.F.);
#9359=ORIENTED_EDGE('',*,*,#6732,.F.);
#9360=ORIENTED_EDGE('',*,*,#6733,.F.);
#9361=ORIENTED_EDGE('',*,*,#6734,.T.);
#9362=ORIENTED_EDGE('',*,*,#6735,.T.);
#9363=ORIENTED_EDGE('',*,*,#6732,.T.);
#9364=ORIENTED_EDGE('',*,*,#6736,.T.);
#9365=ORIENTED_EDGE('',*,*,#6737,.T.);
#9366=ORIENTED_EDGE('',*,*,#6738,.F.);
#9367=ORIENTED_EDGE('',*,*,#6739,.T.);
#9368=ORIENTED_EDGE('',*,*,#6740,.T.);
#9369=ORIENTED_EDGE('',*,*,#6733,.T.);
#9370=ORIENTED_EDGE('',*,*,#6741,.T.);
#9371=ORIENTED_EDGE('',*,*,#6742,.F.);
#9372=ORIENTED_EDGE('',*,*,#6743,.F.);
#9373=ORIENTED_EDGE('',*,*,#6744,.F.);
#9374=ORIENTED_EDGE('',*,*,#6743,.T.);
#9375=ORIENTED_EDGE('',*,*,#6745,.T.);
#9376=ORIENTED_EDGE('',*,*,#6731,.T.);
#9377=ORIENTED_EDGE('',*,*,#6746,.T.);
#9378=ORIENTED_EDGE('',*,*,#6747,.T.);
#9379=ORIENTED_EDGE('',*,*,#6748,.T.);
#9380=ORIENTED_EDGE('',*,*,#6744,.T.);
#9381=ORIENTED_EDGE('',*,*,#6749,.T.);
#9382=ORIENTED_EDGE('',*,*,#6750,.F.);
#9383=ORIENTED_EDGE('',*,*,#6751,.F.);
#9384=ORIENTED_EDGE('',*,*,#6752,.F.);
#9385=ORIENTED_EDGE('',*,*,#6742,.T.);
#9386=ORIENTED_EDGE('',*,*,#6753,.T.);
#9387=ORIENTED_EDGE('',*,*,#6751,.T.);
#9388=ORIENTED_EDGE('',*,*,#6754,.T.);
#9389=ORIENTED_EDGE('',*,*,#6755,.T.);
#9390=ORIENTED_EDGE('',*,*,#6756,.T.);
#9391=ORIENTED_EDGE('',*,*,#6752,.T.);
#9392=ORIENTED_EDGE('',*,*,#6757,.T.);
#9393=ORIENTED_EDGE('',*,*,#6758,.F.);
#9394=ORIENTED_EDGE('',*,*,#6759,.F.);
#9395=ORIENTED_EDGE('',*,*,#6760,.F.);
#9396=ORIENTED_EDGE('',*,*,#6759,.T.);
#9397=ORIENTED_EDGE('',*,*,#6761,.T.);
#9398=ORIENTED_EDGE('',*,*,#6750,.T.);
#9399=ORIENTED_EDGE('',*,*,#6762,.T.);
#9400=ORIENTED_EDGE('',*,*,#6763,.T.);
#9401=ORIENTED_EDGE('',*,*,#6764,.T.);
#9402=ORIENTED_EDGE('',*,*,#6760,.T.);
#9403=ORIENTED_EDGE('',*,*,#6765,.T.);
#9404=ORIENTED_EDGE('',*,*,#6671,.T.);
#9405=ORIENTED_EDGE('',*,*,#6686,.F.);
#9406=ORIENTED_EDGE('',*,*,#6766,.F.);
#9407=ORIENTED_EDGE('',*,*,#6767,.T.);
#9408=ORIENTED_EDGE('',*,*,#6758,.T.);
#9409=ORIENTED_EDGE('',*,*,#6768,.T.);
#9410=ORIENTED_EDGE('',*,*,#6749,.F.);
#9411=ORIENTED_EDGE('',*,*,#6746,.F.);
#9412=ORIENTED_EDGE('',*,*,#6740,.F.);
#9413=ORIENTED_EDGE('',*,*,#6769,.T.);
#9414=ORIENTED_EDGE('',*,*,#6741,.F.);
#9415=ORIENTED_EDGE('',*,*,#6735,.F.);
#9416=ORIENTED_EDGE('',*,*,#6770,.T.);
#9417=ORIENTED_EDGE('',*,*,#6771,.F.);
#9418=ORIENTED_EDGE('',*,*,#6711,.F.);
#9419=ORIENTED_EDGE('',*,*,#6772,.T.);
#9420=ORIENTED_EDGE('',*,*,#6773,.T.);
#9421=ORIENTED_EDGE('',*,*,#6774,.T.);
#9422=ORIENTED_EDGE('',*,*,#6736,.F.);
#9423=ORIENTED_EDGE('',*,*,#6745,.F.);
#9424=ORIENTED_EDGE('',*,*,#6754,.F.);
#9425=ORIENTED_EDGE('',*,*,#6761,.F.);
#9426=ORIENTED_EDGE('',*,*,#6767,.F.);
#9427=ORIENTED_EDGE('',*,*,#6775,.F.);
#9428=ORIENTED_EDGE('',*,*,#6776,.T.);
#9429=ORIENTED_EDGE('',*,*,#6777,.T.);
#9430=ORIENTED_EDGE('',*,*,#6778,.T.);
#9431=ORIENTED_EDGE('',*,*,#6779,.F.);
#9432=ORIENTED_EDGE('',*,*,#6780,.F.);
#9433=ORIENTED_EDGE('',*,*,#6781,.F.);
#9434=ORIENTED_EDGE('',*,*,#6782,.F.);
#9435=ORIENTED_EDGE('',*,*,#6783,.F.);
#9436=ORIENTED_EDGE('',*,*,#6784,.F.);
#9437=ORIENTED_EDGE('',*,*,#6785,.F.);
#9438=ORIENTED_EDGE('',*,*,#6786,.F.);
#9439=ORIENTED_EDGE('',*,*,#6787,.F.);
#9440=ORIENTED_EDGE('',*,*,#6788,.F.);
#9441=ORIENTED_EDGE('',*,*,#6789,.F.);
#9442=ORIENTED_EDGE('',*,*,#6790,.F.);
#9443=ORIENTED_EDGE('',*,*,#6791,.F.);
#9444=ORIENTED_EDGE('',*,*,#6792,.F.);
#9445=ORIENTED_EDGE('',*,*,#6793,.F.);
#9446=ORIENTED_EDGE('',*,*,#6794,.F.);
#9447=ORIENTED_EDGE('',*,*,#6795,.F.);
#9448=ORIENTED_EDGE('',*,*,#6796,.F.);
#9449=ORIENTED_EDGE('',*,*,#6797,.F.);
#9450=ORIENTED_EDGE('',*,*,#6798,.F.);
#9451=ORIENTED_EDGE('',*,*,#6799,.F.);
#9452=ORIENTED_EDGE('',*,*,#6800,.F.);
#9453=ORIENTED_EDGE('',*,*,#6801,.F.);
#9454=ORIENTED_EDGE('',*,*,#6802,.F.);
#9455=ORIENTED_EDGE('',*,*,#6803,.F.);
#9456=ORIENTED_EDGE('',*,*,#6804,.F.);
#9457=ORIENTED_EDGE('',*,*,#6715,.F.);
#9458=ORIENTED_EDGE('',*,*,#6805,.T.);
#9459=ORIENTED_EDGE('',*,*,#6806,.T.);
#9460=ORIENTED_EDGE('',*,*,#6807,.T.);
#9461=ORIENTED_EDGE('',*,*,#6808,.T.);
#9462=ORIENTED_EDGE('',*,*,#6809,.T.);
#9463=ORIENTED_EDGE('',*,*,#6810,.T.);
#9464=ORIENTED_EDGE('',*,*,#6766,.T.);
#9465=ORIENTED_EDGE('',*,*,#6685,.F.);
#9466=ORIENTED_EDGE('',*,*,#6811,.T.);
#9467=ORIENTED_EDGE('',*,*,#6812,.T.);
#9468=ORIENTED_EDGE('',*,*,#6813,.T.);
#9469=ORIENTED_EDGE('',*,*,#6775,.T.);
#9470=ORIENTED_EDGE('',*,*,#6814,.F.);
#9471=ORIENTED_EDGE('',*,*,#6815,.F.);
#9472=ORIENTED_EDGE('',*,*,#6816,.F.);
#9473=ORIENTED_EDGE('',*,*,#6817,.T.);
#9474=ORIENTED_EDGE('',*,*,#6696,.T.);
#9475=ORIENTED_EDGE('',*,*,#6815,.T.);
#9476=ORIENTED_EDGE('',*,*,#6780,.T.);
#9477=ORIENTED_EDGE('',*,*,#6682,.T.);
#9478=ORIENTED_EDGE('',*,*,#6697,.T.);
#9479=ORIENTED_EDGE('',*,*,#6817,.F.);
#9480=ORIENTED_EDGE('',*,*,#6818,.T.);
#9481=ORIENTED_EDGE('',*,*,#6819,.T.);
#9482=ORIENTED_EDGE('',*,*,#6820,.T.);
#9483=ORIENTED_EDGE('',*,*,#6816,.T.);
#9484=ORIENTED_EDGE('',*,*,#6695,.T.);
#9485=ORIENTED_EDGE('',*,*,#6821,.T.);
#9486=ORIENTED_EDGE('',*,*,#6781,.T.);
#9487=ORIENTED_EDGE('',*,*,#6814,.T.);
#9488=ORIENTED_EDGE('',*,*,#6822,.T.);
#9489=ORIENTED_EDGE('',*,*,#6818,.F.);
#9490=ORIENTED_EDGE('',*,*,#6779,.T.);
#9491=ORIENTED_EDGE('',*,*,#6823,.T.);
#9492=ORIENTED_EDGE('',*,*,#6824,.T.);
#9493=ORIENTED_EDGE('',*,*,#6825,.T.);
#9494=ORIENTED_EDGE('',*,*,#6683,.T.);
#9495=ORIENTED_EDGE('',*,*,#6824,.F.);
#9496=ORIENTED_EDGE('',*,*,#6826,.T.);
#9497=ORIENTED_EDGE('',*,*,#6827,.F.);
#9498=ORIENTED_EDGE('',*,*,#6828,.T.);
#9499=ORIENTED_EDGE('',*,*,#6812,.F.);
#9500=ORIENTED_EDGE('',*,*,#6829,.T.);
#9501=ORIENTED_EDGE('',*,*,#6830,.F.);
#9502=ORIENTED_EDGE('',*,*,#6831,.F.);
#9503=ORIENTED_EDGE('',*,*,#6832,.T.);
#9504=ORIENTED_EDGE('',*,*,#6833,.T.);
#9505=ORIENTED_EDGE('',*,*,#6834,.F.);
#9506=ORIENTED_EDGE('',*,*,#6835,.F.);
#9507=ORIENTED_EDGE('',*,*,#6836,.T.);
#9508=ORIENTED_EDGE('',*,*,#6837,.F.);
#9509=ORIENTED_EDGE('',*,*,#6838,.F.);
#9510=ORIENTED_EDGE('',*,*,#6839,.T.);
#9511=ORIENTED_EDGE('',*,*,#6840,.F.);
#9512=ORIENTED_EDGE('',*,*,#6836,.F.);
#9513=ORIENTED_EDGE('',*,*,#6841,.T.);
#9514=ORIENTED_EDGE('',*,*,#6842,.F.);
#9515=ORIENTED_EDGE('',*,*,#6843,.F.);
#9516=ORIENTED_EDGE('',*,*,#6844,.F.);
#9517=ORIENTED_EDGE('',*,*,#6845,.T.);
#9518=ORIENTED_EDGE('',*,*,#6846,.T.);
#9519=ORIENTED_EDGE('',*,*,#6847,.T.);
#9520=ORIENTED_EDGE('',*,*,#6848,.T.);
#9521=ORIENTED_EDGE('',*,*,#6849,.T.);
#9522=ORIENTED_EDGE('',*,*,#6850,.T.);
#9523=ORIENTED_EDGE('',*,*,#6851,.T.);
#9524=ORIENTED_EDGE('',*,*,#6852,.T.);
#9525=ORIENTED_EDGE('',*,*,#6853,.T.);
#9526=ORIENTED_EDGE('',*,*,#6854,.T.);
#9527=ORIENTED_EDGE('',*,*,#6855,.T.);
#9528=ORIENTED_EDGE('',*,*,#6856,.T.);
#9529=ORIENTED_EDGE('',*,*,#6857,.T.);
#9530=ORIENTED_EDGE('',*,*,#6858,.T.);
#9531=ORIENTED_EDGE('',*,*,#6859,.T.);
#9532=ORIENTED_EDGE('',*,*,#6860,.T.);
#9533=ORIENTED_EDGE('',*,*,#6861,.T.);
#9534=ORIENTED_EDGE('',*,*,#6862,.T.);
#9535=ORIENTED_EDGE('',*,*,#6863,.T.);
#9536=ORIENTED_EDGE('',*,*,#6864,.T.);
#9537=ORIENTED_EDGE('',*,*,#6865,.T.);
#9538=ORIENTED_EDGE('',*,*,#6866,.T.);
#9539=ORIENTED_EDGE('',*,*,#6867,.T.);
#9540=ORIENTED_EDGE('',*,*,#6868,.T.);
#9541=ORIENTED_EDGE('',*,*,#6869,.T.);
#9542=ORIENTED_EDGE('',*,*,#6870,.T.);
#9543=ORIENTED_EDGE('',*,*,#6871,.T.);
#9544=ORIENTED_EDGE('',*,*,#6872,.T.);
#9545=ORIENTED_EDGE('',*,*,#6873,.T.);
#9546=ORIENTED_EDGE('',*,*,#6874,.T.);
#9547=ORIENTED_EDGE('',*,*,#6875,.T.);
#9548=ORIENTED_EDGE('',*,*,#6876,.T.);
#9549=ORIENTED_EDGE('',*,*,#6877,.T.);
#9550=ORIENTED_EDGE('',*,*,#6878,.T.);
#9551=ORIENTED_EDGE('',*,*,#6879,.T.);
#9552=ORIENTED_EDGE('',*,*,#6880,.T.);
#9553=ORIENTED_EDGE('',*,*,#6881,.T.);
#9554=ORIENTED_EDGE('',*,*,#6882,.T.);
#9555=ORIENTED_EDGE('',*,*,#6883,.T.);
#9556=ORIENTED_EDGE('',*,*,#6884,.T.);
#9557=ORIENTED_EDGE('',*,*,#6885,.T.);
#9558=ORIENTED_EDGE('',*,*,#6886,.T.);
#9559=ORIENTED_EDGE('',*,*,#6887,.T.);
#9560=ORIENTED_EDGE('',*,*,#6888,.T.);
#9561=ORIENTED_EDGE('',*,*,#6838,.T.);
#9562=ORIENTED_EDGE('',*,*,#6835,.T.);
#9563=ORIENTED_EDGE('',*,*,#6841,.F.);
#9564=ORIENTED_EDGE('',*,*,#6889,.F.);
#9565=ORIENTED_EDGE('',*,*,#6890,.F.);
#9566=ORIENTED_EDGE('',*,*,#6887,.F.);
#9567=ORIENTED_EDGE('',*,*,#6886,.F.);
#9568=ORIENTED_EDGE('',*,*,#6891,.F.);
#9569=ORIENTED_EDGE('',*,*,#6839,.F.);
#9570=ORIENTED_EDGE('',*,*,#6888,.F.);
#9571=ORIENTED_EDGE('',*,*,#6890,.T.);
#9572=ORIENTED_EDGE('',*,*,#6892,.F.);
#9573=ORIENTED_EDGE('',*,*,#6893,.F.);
#9574=ORIENTED_EDGE('',*,*,#6894,.F.);
#9575=ORIENTED_EDGE('',*,*,#6846,.F.);
#9576=ORIENTED_EDGE('',*,*,#6895,.F.);
#9577=ORIENTED_EDGE('',*,*,#6896,.F.);
#9578=ORIENTED_EDGE('',*,*,#6897,.F.);
#9579=ORIENTED_EDGE('',*,*,#6893,.T.);
#9580=ORIENTED_EDGE('',*,*,#6898,.F.);
#9581=ORIENTED_EDGE('',*,*,#6848,.F.);
#9582=ORIENTED_EDGE('',*,*,#6899,.F.);
#9583=ORIENTED_EDGE('',*,*,#6896,.T.);
#9584=ORIENTED_EDGE('',*,*,#6894,.T.);
#9585=ORIENTED_EDGE('',*,*,#6897,.T.);
#9586=ORIENTED_EDGE('',*,*,#6899,.T.);
#9587=ORIENTED_EDGE('',*,*,#6847,.F.);
#9588=ORIENTED_EDGE('',*,*,#6900,.F.);
#9589=ORIENTED_EDGE('',*,*,#6901,.F.);
#9590=ORIENTED_EDGE('',*,*,#6902,.F.);
#9591=ORIENTED_EDGE('',*,*,#6850,.F.);
#9592=ORIENTED_EDGE('',*,*,#6903,.F.);
#9593=ORIENTED_EDGE('',*,*,#6904,.F.);
#9594=ORIENTED_EDGE('',*,*,#6905,.F.);
#9595=ORIENTED_EDGE('',*,*,#6901,.T.);
#9596=ORIENTED_EDGE('',*,*,#6906,.F.);
#9597=ORIENTED_EDGE('',*,*,#6852,.F.);
#9598=ORIENTED_EDGE('',*,*,#6907,.F.);
#9599=ORIENTED_EDGE('',*,*,#6904,.T.);
#9600=ORIENTED_EDGE('',*,*,#6902,.T.);
#9601=ORIENTED_EDGE('',*,*,#6905,.T.);
#9602=ORIENTED_EDGE('',*,*,#6907,.T.);
#9603=ORIENTED_EDGE('',*,*,#6851,.F.);
#9604=ORIENTED_EDGE('',*,*,#6908,.F.);
#9605=ORIENTED_EDGE('',*,*,#6909,.F.);
#9606=ORIENTED_EDGE('',*,*,#6910,.F.);
#9607=ORIENTED_EDGE('',*,*,#6854,.F.);
#9608=ORIENTED_EDGE('',*,*,#6911,.F.);
#9609=ORIENTED_EDGE('',*,*,#6912,.F.);
#9610=ORIENTED_EDGE('',*,*,#6913,.F.);
#9611=ORIENTED_EDGE('',*,*,#6909,.T.);
#9612=ORIENTED_EDGE('',*,*,#6914,.F.);
#9613=ORIENTED_EDGE('',*,*,#6856,.F.);
#9614=ORIENTED_EDGE('',*,*,#6915,.F.);
#9615=ORIENTED_EDGE('',*,*,#6912,.T.);
#9616=ORIENTED_EDGE('',*,*,#6910,.T.);
#9617=ORIENTED_EDGE('',*,*,#6913,.T.);
#9618=ORIENTED_EDGE('',*,*,#6915,.T.);
#9619=ORIENTED_EDGE('',*,*,#6855,.F.);
#9620=ORIENTED_EDGE('',*,*,#6916,.F.);
#9621=ORIENTED_EDGE('',*,*,#6917,.F.);
#9622=ORIENTED_EDGE('',*,*,#6918,.F.);
#9623=ORIENTED_EDGE('',*,*,#6858,.F.);
#9624=ORIENTED_EDGE('',*,*,#6919,.F.);
#9625=ORIENTED_EDGE('',*,*,#6920,.F.);
#9626=ORIENTED_EDGE('',*,*,#6921,.F.);
#9627=ORIENTED_EDGE('',*,*,#6917,.T.);
#9628=ORIENTED_EDGE('',*,*,#6922,.F.);
#9629=ORIENTED_EDGE('',*,*,#6860,.F.);
#9630=ORIENTED_EDGE('',*,*,#6923,.F.);
#9631=ORIENTED_EDGE('',*,*,#6920,.T.);
#9632=ORIENTED_EDGE('',*,*,#6918,.T.);
#9633=ORIENTED_EDGE('',*,*,#6921,.T.);
#9634=ORIENTED_EDGE('',*,*,#6923,.T.);
#9635=ORIENTED_EDGE('',*,*,#6859,.F.);
#9636=ORIENTED_EDGE('',*,*,#6924,.F.);
#9637=ORIENTED_EDGE('',*,*,#6925,.F.);
#9638=ORIENTED_EDGE('',*,*,#6926,.F.);
#9639=ORIENTED_EDGE('',*,*,#6862,.F.);
#9640=ORIENTED_EDGE('',*,*,#6927,.F.);
#9641=ORIENTED_EDGE('',*,*,#6928,.F.);
#9642=ORIENTED_EDGE('',*,*,#6929,.F.);
#9643=ORIENTED_EDGE('',*,*,#6925,.T.);
#9644=ORIENTED_EDGE('',*,*,#6930,.F.);
#9645=ORIENTED_EDGE('',*,*,#6864,.F.);
#9646=ORIENTED_EDGE('',*,*,#6931,.F.);
#9647=ORIENTED_EDGE('',*,*,#6928,.T.);
#9648=ORIENTED_EDGE('',*,*,#6926,.T.);
#9649=ORIENTED_EDGE('',*,*,#6929,.T.);
#9650=ORIENTED_EDGE('',*,*,#6931,.T.);
#9651=ORIENTED_EDGE('',*,*,#6863,.F.);
#9652=ORIENTED_EDGE('',*,*,#6932,.F.);
#9653=ORIENTED_EDGE('',*,*,#6933,.F.);
#9654=ORIENTED_EDGE('',*,*,#6934,.F.);
#9655=ORIENTED_EDGE('',*,*,#6866,.F.);
#9656=ORIENTED_EDGE('',*,*,#6935,.F.);
#9657=ORIENTED_EDGE('',*,*,#6936,.F.);
#9658=ORIENTED_EDGE('',*,*,#6937,.F.);
#9659=ORIENTED_EDGE('',*,*,#6933,.T.);
#9660=ORIENTED_EDGE('',*,*,#6938,.F.);
#9661=ORIENTED_EDGE('',*,*,#6868,.F.);
#9662=ORIENTED_EDGE('',*,*,#6939,.F.);
#9663=ORIENTED_EDGE('',*,*,#6936,.T.);
#9664=ORIENTED_EDGE('',*,*,#6934,.T.);
#9665=ORIENTED_EDGE('',*,*,#6937,.T.);
#9666=ORIENTED_EDGE('',*,*,#6939,.T.);
#9667=ORIENTED_EDGE('',*,*,#6867,.F.);
#9668=ORIENTED_EDGE('',*,*,#6940,.T.);
#9669=ORIENTED_EDGE('',*,*,#6941,.T.);
#9670=ORIENTED_EDGE('',*,*,#6942,.T.);
#9671=ORIENTED_EDGE('',*,*,#6871,.F.);
#9672=ORIENTED_EDGE('',*,*,#6943,.F.);
#9673=ORIENTED_EDGE('',*,*,#6872,.F.);
#9674=ORIENTED_EDGE('',*,*,#6942,.F.);
#9675=ORIENTED_EDGE('',*,*,#6944,.T.);
#9676=ORIENTED_EDGE('',*,*,#6945,.F.);
#9677=ORIENTED_EDGE('',*,*,#6944,.F.);
#9678=ORIENTED_EDGE('',*,*,#6941,.F.);
#9679=ORIENTED_EDGE('',*,*,#6946,.T.);
#9680=ORIENTED_EDGE('',*,*,#6947,.F.);
#9681=ORIENTED_EDGE('',*,*,#6946,.F.);
#9682=ORIENTED_EDGE('',*,*,#6940,.F.);
#9683=ORIENTED_EDGE('',*,*,#6870,.F.);
#9684=ORIENTED_EDGE('',*,*,#6948,.T.);
#9685=ORIENTED_EDGE('',*,*,#6949,.T.);
#9686=ORIENTED_EDGE('',*,*,#6950,.T.);
#9687=ORIENTED_EDGE('',*,*,#6875,.F.);
#9688=ORIENTED_EDGE('',*,*,#6951,.F.);
#9689=ORIENTED_EDGE('',*,*,#6876,.F.);
#9690=ORIENTED_EDGE('',*,*,#6950,.F.);
#9691=ORIENTED_EDGE('',*,*,#6952,.T.);
#9692=ORIENTED_EDGE('',*,*,#6953,.F.);
#9693=ORIENTED_EDGE('',*,*,#6952,.F.);
#9694=ORIENTED_EDGE('',*,*,#6949,.F.);
#9695=ORIENTED_EDGE('',*,*,#6954,.T.);
#9696=ORIENTED_EDGE('',*,*,#6955,.F.);
#9697=ORIENTED_EDGE('',*,*,#6954,.F.);
#9698=ORIENTED_EDGE('',*,*,#6948,.F.);
#9699=ORIENTED_EDGE('',*,*,#6874,.F.);
#9700=ORIENTED_EDGE('',*,*,#6956,.T.);
#9701=ORIENTED_EDGE('',*,*,#6957,.T.);
#9702=ORIENTED_EDGE('',*,*,#6958,.T.);
#9703=ORIENTED_EDGE('',*,*,#6879,.F.);
#9704=ORIENTED_EDGE('',*,*,#6959,.F.);
#9705=ORIENTED_EDGE('',*,*,#6880,.F.);
#9706=ORIENTED_EDGE('',*,*,#6958,.F.);
#9707=ORIENTED_EDGE('',*,*,#6960,.T.);
#9708=ORIENTED_EDGE('',*,*,#6961,.F.);
#9709=ORIENTED_EDGE('',*,*,#6960,.F.);
#9710=ORIENTED_EDGE('',*,*,#6957,.F.);
#9711=ORIENTED_EDGE('',*,*,#6962,.T.);
#9712=ORIENTED_EDGE('',*,*,#6963,.F.);
#9713=ORIENTED_EDGE('',*,*,#6962,.F.);
#9714=ORIENTED_EDGE('',*,*,#6956,.F.);
#9715=ORIENTED_EDGE('',*,*,#6878,.F.);
#9716=ORIENTED_EDGE('',*,*,#6964,.T.);
#9717=ORIENTED_EDGE('',*,*,#6965,.T.);
#9718=ORIENTED_EDGE('',*,*,#6966,.T.);
#9719=ORIENTED_EDGE('',*,*,#6883,.F.);
#9720=ORIENTED_EDGE('',*,*,#6967,.F.);
#9721=ORIENTED_EDGE('',*,*,#6884,.F.);
#9722=ORIENTED_EDGE('',*,*,#6966,.F.);
#9723=ORIENTED_EDGE('',*,*,#6968,.T.);
#9724=ORIENTED_EDGE('',*,*,#6969,.F.);
#9725=ORIENTED_EDGE('',*,*,#6968,.F.);
#9726=ORIENTED_EDGE('',*,*,#6965,.F.);
#9727=ORIENTED_EDGE('',*,*,#6970,.T.);
#9728=ORIENTED_EDGE('',*,*,#6971,.F.);
#9729=ORIENTED_EDGE('',*,*,#6970,.F.);
#9730=ORIENTED_EDGE('',*,*,#6964,.F.);
#9731=ORIENTED_EDGE('',*,*,#6882,.F.);
#9732=ORIENTED_EDGE('',*,*,#6803,.T.);
#9733=ORIENTED_EDGE('',*,*,#6972,.T.);
#9734=ORIENTED_EDGE('',*,*,#6973,.T.);
#9735=ORIENTED_EDGE('',*,*,#6974,.F.);
#9736=ORIENTED_EDGE('',*,*,#6802,.T.);
#9737=ORIENTED_EDGE('',*,*,#6975,.T.);
#9738=ORIENTED_EDGE('',*,*,#6976,.T.);
#9739=ORIENTED_EDGE('',*,*,#6972,.F.);
#9740=ORIENTED_EDGE('',*,*,#6801,.T.);
#9741=ORIENTED_EDGE('',*,*,#6977,.T.);
#9742=ORIENTED_EDGE('',*,*,#6978,.T.);
#9743=ORIENTED_EDGE('',*,*,#6975,.F.);
#9744=ORIENTED_EDGE('',*,*,#6800,.T.);
#9745=ORIENTED_EDGE('',*,*,#6979,.T.);
#9746=ORIENTED_EDGE('',*,*,#6980,.T.);
#9747=ORIENTED_EDGE('',*,*,#6977,.F.);
#9748=ORIENTED_EDGE('',*,*,#6799,.T.);
#9749=ORIENTED_EDGE('',*,*,#6981,.T.);
#9750=ORIENTED_EDGE('',*,*,#6982,.T.);
#9751=ORIENTED_EDGE('',*,*,#6979,.F.);
#9752=ORIENTED_EDGE('',*,*,#6798,.T.);
#9753=ORIENTED_EDGE('',*,*,#6983,.T.);
#9754=ORIENTED_EDGE('',*,*,#6984,.T.);
#9755=ORIENTED_EDGE('',*,*,#6981,.F.);
#9756=ORIENTED_EDGE('',*,*,#6797,.T.);
#9757=ORIENTED_EDGE('',*,*,#6985,.T.);
#9758=ORIENTED_EDGE('',*,*,#6986,.T.);
#9759=ORIENTED_EDGE('',*,*,#6983,.F.);
#9760=ORIENTED_EDGE('',*,*,#6796,.T.);
#9761=ORIENTED_EDGE('',*,*,#6987,.T.);
#9762=ORIENTED_EDGE('',*,*,#6988,.T.);
#9763=ORIENTED_EDGE('',*,*,#6985,.F.);
#9764=ORIENTED_EDGE('',*,*,#6795,.T.);
#9765=ORIENTED_EDGE('',*,*,#6989,.T.);
#9766=ORIENTED_EDGE('',*,*,#6990,.T.);
#9767=ORIENTED_EDGE('',*,*,#6987,.F.);
#9768=ORIENTED_EDGE('',*,*,#6794,.T.);
#9769=ORIENTED_EDGE('',*,*,#6991,.T.);
#9770=ORIENTED_EDGE('',*,*,#6992,.T.);
#9771=ORIENTED_EDGE('',*,*,#6989,.F.);
#9772=ORIENTED_EDGE('',*,*,#6793,.T.);
#9773=ORIENTED_EDGE('',*,*,#6993,.T.);
#9774=ORIENTED_EDGE('',*,*,#6994,.T.);
#9775=ORIENTED_EDGE('',*,*,#6991,.F.);
#9776=ORIENTED_EDGE('',*,*,#6792,.T.);
#9777=ORIENTED_EDGE('',*,*,#6995,.T.);
#9778=ORIENTED_EDGE('',*,*,#6996,.T.);
#9779=ORIENTED_EDGE('',*,*,#6993,.F.);
#9780=ORIENTED_EDGE('',*,*,#6791,.T.);
#9781=ORIENTED_EDGE('',*,*,#6997,.T.);
#9782=ORIENTED_EDGE('',*,*,#6998,.T.);
#9783=ORIENTED_EDGE('',*,*,#6995,.F.);
#9784=ORIENTED_EDGE('',*,*,#6790,.T.);
#9785=ORIENTED_EDGE('',*,*,#6999,.T.);
#9786=ORIENTED_EDGE('',*,*,#7000,.T.);
#9787=ORIENTED_EDGE('',*,*,#6997,.F.);
#9788=ORIENTED_EDGE('',*,*,#6789,.T.);
#9789=ORIENTED_EDGE('',*,*,#7001,.T.);
#9790=ORIENTED_EDGE('',*,*,#7002,.T.);
#9791=ORIENTED_EDGE('',*,*,#6999,.F.);
#9792=ORIENTED_EDGE('',*,*,#6788,.T.);
#9793=ORIENTED_EDGE('',*,*,#7003,.T.);
#9794=ORIENTED_EDGE('',*,*,#7004,.T.);
#9795=ORIENTED_EDGE('',*,*,#7001,.F.);
#9796=ORIENTED_EDGE('',*,*,#6787,.T.);
#9797=ORIENTED_EDGE('',*,*,#7005,.T.);
#9798=ORIENTED_EDGE('',*,*,#7006,.T.);
#9799=ORIENTED_EDGE('',*,*,#7003,.F.);
#9800=ORIENTED_EDGE('',*,*,#6786,.T.);
#9801=ORIENTED_EDGE('',*,*,#7007,.T.);
#9802=ORIENTED_EDGE('',*,*,#7008,.T.);
#9803=ORIENTED_EDGE('',*,*,#7005,.F.);
#9804=ORIENTED_EDGE('',*,*,#6785,.T.);
#9805=ORIENTED_EDGE('',*,*,#7009,.T.);
#9806=ORIENTED_EDGE('',*,*,#7010,.T.);
#9807=ORIENTED_EDGE('',*,*,#7007,.F.);
#9808=ORIENTED_EDGE('',*,*,#6784,.T.);
#9809=ORIENTED_EDGE('',*,*,#7011,.T.);
#9810=ORIENTED_EDGE('',*,*,#7012,.T.);
#9811=ORIENTED_EDGE('',*,*,#7009,.F.);
#9812=ORIENTED_EDGE('',*,*,#6782,.T.);
#9813=ORIENTED_EDGE('',*,*,#6821,.F.);
#9814=ORIENTED_EDGE('',*,*,#7013,.T.);
#9815=ORIENTED_EDGE('',*,*,#7014,.T.);
#9816=ORIENTED_EDGE('',*,*,#7015,.T.);
#9817=ORIENTED_EDGE('',*,*,#7016,.T.);
#9818=ORIENTED_EDGE('',*,*,#7017,.F.);
#9819=ORIENTED_EDGE('',*,*,#6783,.T.);
#9820=ORIENTED_EDGE('',*,*,#7017,.T.);
#9821=ORIENTED_EDGE('',*,*,#7018,.T.);
#9822=ORIENTED_EDGE('',*,*,#7011,.F.);
#9823=ORIENTED_EDGE('',*,*,#6804,.T.);
#9824=ORIENTED_EDGE('',*,*,#6974,.T.);
#9825=ORIENTED_EDGE('',*,*,#7019,.T.);
#9826=ORIENTED_EDGE('',*,*,#6842,.T.);
#9827=ORIENTED_EDGE('',*,*,#6834,.T.);
#9828=ORIENTED_EDGE('',*,*,#7020,.T.);
#9829=ORIENTED_EDGE('',*,*,#6729,.T.);
#9830=ORIENTED_EDGE('',*,*,#6713,.F.);
#9831=ORIENTED_EDGE('',*,*,#7014,.F.);
#9832=ORIENTED_EDGE('',*,*,#7021,.T.);
#9833=ORIENTED_EDGE('',*,*,#6819,.F.);
#9834=ORIENTED_EDGE('',*,*,#6694,.F.);
#9835=ORIENTED_EDGE('',*,*,#6692,.F.);
#9836=ORIENTED_EDGE('',*,*,#7022,.T.);
#9837=ORIENTED_EDGE('',*,*,#6689,.F.);
#9838=ORIENTED_EDGE('',*,*,#6687,.F.);
#9839=ORIENTED_EDGE('',*,*,#6673,.F.);
#9840=ORIENTED_EDGE('',*,*,#7023,.T.);
#9841=ORIENTED_EDGE('',*,*,#6763,.F.);
#9842=ORIENTED_EDGE('',*,*,#7024,.F.);
#9843=ORIENTED_EDGE('',*,*,#6755,.F.);
#9844=ORIENTED_EDGE('',*,*,#7025,.T.);
#9845=ORIENTED_EDGE('',*,*,#6747,.F.);
#9846=ORIENTED_EDGE('',*,*,#6769,.F.);
#9847=ORIENTED_EDGE('',*,*,#6739,.F.);
#9848=ORIENTED_EDGE('',*,*,#6771,.T.);
#9849=ORIENTED_EDGE('',*,*,#7026,.T.);
#9850=ORIENTED_EDGE('',*,*,#7027,.F.);
#9851=ORIENTED_EDGE('',*,*,#7028,.F.);
#9852=ORIENTED_EDGE('',*,*,#7029,.F.);
#9853=ORIENTED_EDGE('',*,*,#7030,.T.);
#9854=ORIENTED_EDGE('',*,*,#7031,.T.);
#9855=ORIENTED_EDGE('',*,*,#7032,.T.);
#9856=ORIENTED_EDGE('',*,*,#7033,.T.);
#9857=ORIENTED_EDGE('',*,*,#7015,.F.);
#9858=ORIENTED_EDGE('',*,*,#7029,.T.);
#9859=ORIENTED_EDGE('',*,*,#7034,.F.);
#9860=ORIENTED_EDGE('',*,*,#7035,.F.);
#9861=ORIENTED_EDGE('',*,*,#7036,.T.);
#9862=ORIENTED_EDGE('',*,*,#7037,.F.);
#9863=ORIENTED_EDGE('',*,*,#7038,.F.);
#9864=ORIENTED_EDGE('',*,*,#7027,.T.);
#9865=ORIENTED_EDGE('',*,*,#7039,.T.);
#9866=ORIENTED_EDGE('',*,*,#7040,.T.);
#9867=ORIENTED_EDGE('',*,*,#7041,.T.);
#9868=ORIENTED_EDGE('',*,*,#7042,.T.);
#9869=ORIENTED_EDGE('',*,*,#7043,.T.);
#9870=ORIENTED_EDGE('',*,*,#7044,.T.);
#9871=ORIENTED_EDGE('',*,*,#7045,.T.);
#9872=ORIENTED_EDGE('',*,*,#7046,.T.);
#9873=ORIENTED_EDGE('',*,*,#7047,.T.);
#9874=ORIENTED_EDGE('',*,*,#7048,.T.);
#9875=ORIENTED_EDGE('',*,*,#7049,.T.);
#9876=ORIENTED_EDGE('',*,*,#7050,.T.);
#9877=ORIENTED_EDGE('',*,*,#7051,.T.);
#9878=ORIENTED_EDGE('',*,*,#7052,.T.);
#9879=ORIENTED_EDGE('',*,*,#7053,.T.);
#9880=ORIENTED_EDGE('',*,*,#7054,.T.);
#9881=ORIENTED_EDGE('',*,*,#7055,.T.);
#9882=ORIENTED_EDGE('',*,*,#7056,.T.);
#9883=ORIENTED_EDGE('',*,*,#7057,.T.);
#9884=ORIENTED_EDGE('',*,*,#7058,.T.);
#9885=ORIENTED_EDGE('',*,*,#6672,.F.);
#9886=ORIENTED_EDGE('',*,*,#6768,.F.);
#9887=ORIENTED_EDGE('',*,*,#6764,.F.);
#9888=ORIENTED_EDGE('',*,*,#7023,.F.);
#9889=ORIENTED_EDGE('',*,*,#6756,.F.);
#9890=ORIENTED_EDGE('',*,*,#7024,.T.);
#9891=ORIENTED_EDGE('',*,*,#6765,.F.);
#9892=ORIENTED_EDGE('',*,*,#6762,.F.);
#9893=ORIENTED_EDGE('',*,*,#6690,.F.);
#9894=ORIENTED_EDGE('',*,*,#7022,.F.);
#9895=ORIENTED_EDGE('',*,*,#6691,.F.);
#9896=ORIENTED_EDGE('',*,*,#6678,.T.);
#9897=ORIENTED_EDGE('',*,*,#6820,.F.);
#9898=ORIENTED_EDGE('',*,*,#7021,.F.);
#9899=ORIENTED_EDGE('',*,*,#7013,.F.);
#9900=ORIENTED_EDGE('',*,*,#6822,.F.);
#9901=ORIENTED_EDGE('',*,*,#6748,.F.);
#9902=ORIENTED_EDGE('',*,*,#7025,.F.);
#9903=ORIENTED_EDGE('',*,*,#6757,.F.);
#9904=ORIENTED_EDGE('',*,*,#6753,.F.);
#9905=ORIENTED_EDGE('',*,*,#7059,.T.);
#9906=ORIENTED_EDGE('',*,*,#7034,.T.);
#9907=ORIENTED_EDGE('',*,*,#7028,.T.);
#9908=ORIENTED_EDGE('',*,*,#7038,.T.);
#9909=ORIENTED_EDGE('',*,*,#7060,.T.);
#9910=ORIENTED_EDGE('',*,*,#7036,.F.);
#9911=ORIENTED_EDGE('',*,*,#7061,.T.);
#9912=ORIENTED_EDGE('',*,*,#6844,.T.);
#9913=ORIENTED_EDGE('',*,*,#7062,.F.);
#9914=ORIENTED_EDGE('',*,*,#7063,.T.);
#9915=ORIENTED_EDGE('',*,*,#7032,.F.);
#9916=ORIENTED_EDGE('',*,*,#7063,.F.);
#9917=ORIENTED_EDGE('',*,*,#7064,.T.);
#9918=ORIENTED_EDGE('',*,*,#7065,.T.);
#9919=ORIENTED_EDGE('',*,*,#7062,.T.);
#9920=ORIENTED_EDGE('',*,*,#7065,.F.);
#9921=ORIENTED_EDGE('',*,*,#7066,.F.);
#9922=ORIENTED_EDGE('',*,*,#7067,.T.);
#9923=ORIENTED_EDGE('',*,*,#7031,.F.);
#9924=ORIENTED_EDGE('',*,*,#7067,.F.);
#9925=ORIENTED_EDGE('',*,*,#7068,.T.);
#9926=ORIENTED_EDGE('',*,*,#7069,.T.);
#9927=ORIENTED_EDGE('',*,*,#7066,.T.);
#9928=ORIENTED_EDGE('',*,*,#7069,.F.);
#9929=ORIENTED_EDGE('',*,*,#7070,.F.);
#9930=ORIENTED_EDGE('',*,*,#7071,.T.);
#9931=ORIENTED_EDGE('',*,*,#7030,.F.);
#9932=ORIENTED_EDGE('',*,*,#7071,.F.);
#9933=ORIENTED_EDGE('',*,*,#7072,.T.);
#9934=ORIENTED_EDGE('',*,*,#7073,.T.);
#9935=ORIENTED_EDGE('',*,*,#7070,.T.);
#9936=ORIENTED_EDGE('',*,*,#7073,.F.);
#9937=ORIENTED_EDGE('',*,*,#7074,.F.);
#9938=ORIENTED_EDGE('',*,*,#7075,.T.);
#9939=ORIENTED_EDGE('',*,*,#7033,.F.);
#9940=ORIENTED_EDGE('',*,*,#7075,.F.);
#9941=ORIENTED_EDGE('',*,*,#7076,.T.);
#9942=ORIENTED_EDGE('',*,*,#7077,.T.);
#9943=ORIENTED_EDGE('',*,*,#7074,.T.);
#9944=ORIENTED_EDGE('',*,*,#7077,.F.);
#9945=ORIENTED_EDGE('',*,*,#7078,.T.);
#9946=ORIENTED_EDGE('',*,*,#6726,.F.);
#9947=ORIENTED_EDGE('',*,*,#7079,.F.);
#9948=ORIENTED_EDGE('',*,*,#7050,.F.);
#9949=ORIENTED_EDGE('',*,*,#7080,.T.);
#9950=ORIENTED_EDGE('',*,*,#6725,.F.);
#9951=ORIENTED_EDGE('',*,*,#7081,.F.);
#9952=ORIENTED_EDGE('',*,*,#7047,.F.);
#9953=ORIENTED_EDGE('',*,*,#7079,.T.);
#9954=ORIENTED_EDGE('',*,*,#6728,.F.);
#9955=ORIENTED_EDGE('',*,*,#7082,.F.);
#9956=ORIENTED_EDGE('',*,*,#7048,.F.);
#9957=ORIENTED_EDGE('',*,*,#7081,.T.);
#9958=ORIENTED_EDGE('',*,*,#6727,.F.);
#9959=ORIENTED_EDGE('',*,*,#7080,.F.);
#9960=ORIENTED_EDGE('',*,*,#7049,.F.);
#9961=ORIENTED_EDGE('',*,*,#7082,.T.);
#9962=ORIENTED_EDGE('',*,*,#6719,.F.);
#9963=ORIENTED_EDGE('',*,*,#7083,.F.);
#9964=ORIENTED_EDGE('',*,*,#7056,.F.);
#9965=ORIENTED_EDGE('',*,*,#7084,.T.);
#9966=ORIENTED_EDGE('',*,*,#7085,.T.);
#9967=ORIENTED_EDGE('',*,*,#7057,.F.);
#9968=ORIENTED_EDGE('',*,*,#7083,.T.);
#9969=ORIENTED_EDGE('',*,*,#6718,.F.);
#9970=ORIENTED_EDGE('',*,*,#6706,.T.);
#9971=ORIENTED_EDGE('',*,*,#7086,.T.);
#9972=ORIENTED_EDGE('',*,*,#7058,.F.);
#9973=ORIENTED_EDGE('',*,*,#7085,.F.);
#9974=ORIENTED_EDGE('',*,*,#6705,.T.);
#9975=ORIENTED_EDGE('',*,*,#6724,.F.);
#9976=ORIENTED_EDGE('',*,*,#7087,.F.);
#9977=ORIENTED_EDGE('',*,*,#7051,.F.);
#9978=ORIENTED_EDGE('',*,*,#7086,.F.);
#9979=ORIENTED_EDGE('',*,*,#6704,.F.);
#9980=ORIENTED_EDGE('',*,*,#6723,.F.);
#9981=ORIENTED_EDGE('',*,*,#7088,.F.);
#9982=ORIENTED_EDGE('',*,*,#7052,.F.);
#9983=ORIENTED_EDGE('',*,*,#7087,.T.);
#9984=ORIENTED_EDGE('',*,*,#6722,.F.);
#9985=ORIENTED_EDGE('',*,*,#7089,.F.);
#9986=ORIENTED_EDGE('',*,*,#7053,.F.);
#9987=ORIENTED_EDGE('',*,*,#7088,.T.);
#9988=ORIENTED_EDGE('',*,*,#6721,.F.);
#9989=ORIENTED_EDGE('',*,*,#7090,.F.);
#9990=ORIENTED_EDGE('',*,*,#7054,.F.);
#9991=ORIENTED_EDGE('',*,*,#7089,.T.);
#9992=ORIENTED_EDGE('',*,*,#6720,.F.);
#9993=ORIENTED_EDGE('',*,*,#7084,.F.);
#9994=ORIENTED_EDGE('',*,*,#7055,.F.);
#9995=ORIENTED_EDGE('',*,*,#7090,.T.);
#9996=ORIENTED_EDGE('',*,*,#7042,.F.);
#9997=ORIENTED_EDGE('',*,*,#7091,.T.);
#9998=ORIENTED_EDGE('',*,*,#7092,.T.);
#9999=ORIENTED_EDGE('',*,*,#7093,.F.);
#10000=ORIENTED_EDGE('',*,*,#7094,.T.);
#10001=ORIENTED_EDGE('',*,*,#7043,.F.);
#10002=ORIENTED_EDGE('',*,*,#7093,.T.);
#10003=ORIENTED_EDGE('',*,*,#7095,.T.);
#10004=ORIENTED_EDGE('',*,*,#6772,.F.);
#10005=ORIENTED_EDGE('',*,*,#6710,.T.);
#10006=ORIENTED_EDGE('',*,*,#7096,.F.);
#10007=ORIENTED_EDGE('',*,*,#7044,.F.);
#10008=ORIENTED_EDGE('',*,*,#7094,.F.);
#10009=ORIENTED_EDGE('',*,*,#6709,.F.);
#10010=ORIENTED_EDGE('',*,*,#6717,.F.);
#10011=ORIENTED_EDGE('',*,*,#7097,.F.);
#10012=ORIENTED_EDGE('',*,*,#7045,.F.);
#10013=ORIENTED_EDGE('',*,*,#7096,.T.);
#10014=ORIENTED_EDGE('',*,*,#6708,.T.);
#10015=ORIENTED_EDGE('',*,*,#7098,.F.);
#10016=ORIENTED_EDGE('',*,*,#7039,.F.);
#10017=ORIENTED_EDGE('',*,*,#7026,.F.);
#10018=ORIENTED_EDGE('',*,*,#6770,.F.);
#10019=ORIENTED_EDGE('',*,*,#6734,.F.);
#10020=ORIENTED_EDGE('',*,*,#7099,.F.);
#10021=ORIENTED_EDGE('',*,*,#7040,.F.);
#10022=ORIENTED_EDGE('',*,*,#7098,.T.);
#10023=ORIENTED_EDGE('',*,*,#6738,.T.);
#10024=ORIENTED_EDGE('',*,*,#6774,.F.);
#10025=ORIENTED_EDGE('',*,*,#7100,.T.);
#10026=ORIENTED_EDGE('',*,*,#7091,.F.);
#10027=ORIENTED_EDGE('',*,*,#7041,.F.);
#10028=ORIENTED_EDGE('',*,*,#7099,.T.);
#10029=ORIENTED_EDGE('',*,*,#6737,.F.);
#10030=ORIENTED_EDGE('',*,*,#6773,.F.);
#10031=ORIENTED_EDGE('',*,*,#7095,.F.);
#10032=ORIENTED_EDGE('',*,*,#7092,.F.);
#10033=ORIENTED_EDGE('',*,*,#7100,.F.);
#10034=ORIENTED_EDGE('',*,*,#7101,.T.);
#10035=ORIENTED_EDGE('',*,*,#7102,.T.);
#10036=ORIENTED_EDGE('',*,*,#7103,.F.);
#10037=ORIENTED_EDGE('',*,*,#7104,.T.);
#10038=ORIENTED_EDGE('',*,*,#6777,.F.);
#10039=ORIENTED_EDGE('',*,*,#7105,.F.);
#10040=ORIENTED_EDGE('',*,*,#7102,.F.);
#10041=ORIENTED_EDGE('',*,*,#7106,.F.);
#10042=ORIENTED_EDGE('',*,*,#7104,.F.);
#10043=ORIENTED_EDGE('',*,*,#7107,.T.);
#10044=ORIENTED_EDGE('',*,*,#7078,.F.);
#10045=ORIENTED_EDGE('',*,*,#7107,.F.);
#10046=ORIENTED_EDGE('',*,*,#7108,.T.);
#10047=ORIENTED_EDGE('',*,*,#7109,.T.);
#10048=ORIENTED_EDGE('',*,*,#7110,.T.);
#10049=ORIENTED_EDGE('',*,*,#7111,.T.);
#10050=ORIENTED_EDGE('',*,*,#6808,.F.);
#10051=ORIENTED_EDGE('',*,*,#7112,.T.);
#10052=ORIENTED_EDGE('',*,*,#7109,.F.);
#10053=ORIENTED_EDGE('',*,*,#7113,.F.);
#10054=ORIENTED_EDGE('',*,*,#6807,.F.);
#10055=ORIENTED_EDGE('',*,*,#7113,.T.);
#10056=ORIENTED_EDGE('',*,*,#7110,.F.);
#10057=ORIENTED_EDGE('',*,*,#7112,.F.);
#10058=ORIENTED_EDGE('',*,*,#7111,.F.);
#10059=ORIENTED_EDGE('',*,*,#7114,.T.);
#10060=ORIENTED_EDGE('',*,*,#7101,.F.);
#10061=ORIENTED_EDGE('',*,*,#7114,.F.);
#10062=ORIENTED_EDGE('',*,*,#7115,.T.);
#10063=ORIENTED_EDGE('',*,*,#7116,.T.);
#10064=ORIENTED_EDGE('',*,*,#7117,.T.);
#10065=ORIENTED_EDGE('',*,*,#7118,.T.);
#10066=ORIENTED_EDGE('',*,*,#6806,.F.);
#10067=ORIENTED_EDGE('',*,*,#7119,.T.);
#10068=ORIENTED_EDGE('',*,*,#7116,.F.);
#10069=ORIENTED_EDGE('',*,*,#7120,.F.);
#10070=ORIENTED_EDGE('',*,*,#6805,.F.);
#10071=ORIENTED_EDGE('',*,*,#7120,.T.);
#10072=ORIENTED_EDGE('',*,*,#7117,.F.);
#10073=ORIENTED_EDGE('',*,*,#7119,.F.);
#10074=ORIENTED_EDGE('',*,*,#7118,.F.);
#10075=ORIENTED_EDGE('',*,*,#7121,.T.);
#10076=ORIENTED_EDGE('',*,*,#7108,.F.);
#10077=ORIENTED_EDGE('',*,*,#7121,.F.);
#10078=ORIENTED_EDGE('',*,*,#7122,.T.);
#10079=ORIENTED_EDGE('',*,*,#7123,.T.);
#10080=ORIENTED_EDGE('',*,*,#7124,.T.);
#10081=ORIENTED_EDGE('',*,*,#6810,.F.);
#10082=ORIENTED_EDGE('',*,*,#7125,.T.);
#10083=ORIENTED_EDGE('',*,*,#7122,.F.);
#10084=ORIENTED_EDGE('',*,*,#7126,.F.);
#10085=ORIENTED_EDGE('',*,*,#6809,.F.);
#10086=ORIENTED_EDGE('',*,*,#7126,.T.);
#10087=ORIENTED_EDGE('',*,*,#7123,.F.);
#10088=ORIENTED_EDGE('',*,*,#7125,.F.);
#10089=ORIENTED_EDGE('',*,*,#7124,.F.);
#10090=ORIENTED_EDGE('',*,*,#7127,.T.);
#10091=ORIENTED_EDGE('',*,*,#7115,.F.);
#10092=ORIENTED_EDGE('',*,*,#7127,.F.);
#10093=ORIENTED_EDGE('',*,*,#6845,.F.);
#10094=ORIENTED_EDGE('',*,*,#7061,.F.);
#10095=ORIENTED_EDGE('',*,*,#7046,.F.);
#10096=ORIENTED_EDGE('',*,*,#7097,.T.);
#10097=ORIENTED_EDGE('',*,*,#6716,.T.);
#10098=ORIENTED_EDGE('',*,*,#6701,.F.);
#10099=ORIENTED_EDGE('',*,*,#6730,.T.);
#10100=ORIENTED_EDGE('',*,*,#7020,.F.);
#10101=ORIENTED_EDGE('',*,*,#6837,.T.);
#10102=ORIENTED_EDGE('',*,*,#6840,.T.);
#10103=ORIENTED_EDGE('',*,*,#6891,.T.);
#10104=ORIENTED_EDGE('',*,*,#6889,.T.);
#10105=ORIENTED_EDGE('',*,*,#6885,.F.);
#10106=ORIENTED_EDGE('',*,*,#6967,.T.);
#10107=ORIENTED_EDGE('',*,*,#6969,.T.);
#10108=ORIENTED_EDGE('',*,*,#6971,.T.);
#10109=ORIENTED_EDGE('',*,*,#6881,.F.);
#10110=ORIENTED_EDGE('',*,*,#6959,.T.);
#10111=ORIENTED_EDGE('',*,*,#6961,.T.);
#10112=ORIENTED_EDGE('',*,*,#6963,.T.);
#10113=ORIENTED_EDGE('',*,*,#6877,.F.);
#10114=ORIENTED_EDGE('',*,*,#6951,.T.);
#10115=ORIENTED_EDGE('',*,*,#6953,.T.);
#10116=ORIENTED_EDGE('',*,*,#6955,.T.);
#10117=ORIENTED_EDGE('',*,*,#6873,.F.);
#10118=ORIENTED_EDGE('',*,*,#6943,.T.);
#10119=ORIENTED_EDGE('',*,*,#6945,.T.);
#10120=ORIENTED_EDGE('',*,*,#6947,.T.);
#10121=ORIENTED_EDGE('',*,*,#6869,.F.);
#10122=ORIENTED_EDGE('',*,*,#6938,.T.);
#10123=ORIENTED_EDGE('',*,*,#6935,.T.);
#10124=ORIENTED_EDGE('',*,*,#6932,.T.);
#10125=ORIENTED_EDGE('',*,*,#6865,.F.);
#10126=ORIENTED_EDGE('',*,*,#6930,.T.);
#10127=ORIENTED_EDGE('',*,*,#6927,.T.);
#10128=ORIENTED_EDGE('',*,*,#6924,.T.);
#10129=ORIENTED_EDGE('',*,*,#6861,.F.);
#10130=ORIENTED_EDGE('',*,*,#6922,.T.);
#10131=ORIENTED_EDGE('',*,*,#6919,.T.);
#10132=ORIENTED_EDGE('',*,*,#6916,.T.);
#10133=ORIENTED_EDGE('',*,*,#6857,.F.);
#10134=ORIENTED_EDGE('',*,*,#6914,.T.);
#10135=ORIENTED_EDGE('',*,*,#6911,.T.);
#10136=ORIENTED_EDGE('',*,*,#6908,.T.);
#10137=ORIENTED_EDGE('',*,*,#6853,.F.);
#10138=ORIENTED_EDGE('',*,*,#6906,.T.);
#10139=ORIENTED_EDGE('',*,*,#6903,.T.);
#10140=ORIENTED_EDGE('',*,*,#6900,.T.);
#10141=ORIENTED_EDGE('',*,*,#6849,.F.);
#10142=ORIENTED_EDGE('',*,*,#6898,.T.);
#10143=ORIENTED_EDGE('',*,*,#6895,.T.);
#10144=ORIENTED_EDGE('',*,*,#6892,.T.);
#10145=ORIENTED_EDGE('',*,*,#6843,.T.);
#10146=ORIENTED_EDGE('',*,*,#7019,.F.);
#10147=ORIENTED_EDGE('',*,*,#6973,.F.);
#10148=ORIENTED_EDGE('',*,*,#6976,.F.);
#10149=ORIENTED_EDGE('',*,*,#6978,.F.);
#10150=ORIENTED_EDGE('',*,*,#6980,.F.);
#10151=ORIENTED_EDGE('',*,*,#6982,.F.);
#10152=ORIENTED_EDGE('',*,*,#6984,.F.);
#10153=ORIENTED_EDGE('',*,*,#6986,.F.);
#10154=ORIENTED_EDGE('',*,*,#6988,.F.);
#10155=ORIENTED_EDGE('',*,*,#6990,.F.);
#10156=ORIENTED_EDGE('',*,*,#6992,.F.);
#10157=ORIENTED_EDGE('',*,*,#6994,.F.);
#10158=ORIENTED_EDGE('',*,*,#6996,.F.);
#10159=ORIENTED_EDGE('',*,*,#6998,.F.);
#10160=ORIENTED_EDGE('',*,*,#7000,.F.);
#10161=ORIENTED_EDGE('',*,*,#7002,.F.);
#10162=ORIENTED_EDGE('',*,*,#7004,.F.);
#10163=ORIENTED_EDGE('',*,*,#7006,.F.);
#10164=ORIENTED_EDGE('',*,*,#7008,.F.);
#10165=ORIENTED_EDGE('',*,*,#7010,.F.);
#10166=ORIENTED_EDGE('',*,*,#7012,.F.);
#10167=ORIENTED_EDGE('',*,*,#7018,.F.);
#10168=ORIENTED_EDGE('',*,*,#7016,.F.);
#10169=ORIENTED_EDGE('',*,*,#7035,.T.);
#10170=ORIENTED_EDGE('',*,*,#7059,.F.);
#10171=ORIENTED_EDGE('',*,*,#7037,.T.);
#10172=ORIENTED_EDGE('',*,*,#7060,.F.);
#10173=ORIENTED_EDGE('',*,*,#7076,.F.);
#10174=ORIENTED_EDGE('',*,*,#7068,.F.);
#10175=ORIENTED_EDGE('',*,*,#7064,.F.);
#10176=ORIENTED_EDGE('',*,*,#7072,.F.);
#10177=ORIENTED_EDGE('',*,*,#7106,.T.);
#10178=ORIENTED_EDGE('',*,*,#7103,.T.);
#10179=ORIENTED_EDGE('',*,*,#7105,.T.);
#10180=ORIENTED_EDGE('',*,*,#6776,.F.);
#10181=ORIENTED_EDGE('',*,*,#6813,.F.);
#10182=ORIENTED_EDGE('',*,*,#6831,.T.);
#10183=ORIENTED_EDGE('',*,*,#7128,.F.);
#10184=ORIENTED_EDGE('',*,*,#6826,.F.);
#10185=ORIENTED_EDGE('',*,*,#6823,.F.);
#10186=ORIENTED_EDGE('',*,*,#6778,.F.);
#10187=ORIENTED_EDGE('',*,*,#7129,.F.);
#10188=ORIENTED_EDGE('',*,*,#7130,.T.);
#10189=ORIENTED_EDGE('',*,*,#6833,.F.);
#10190=ORIENTED_EDGE('',*,*,#7130,.F.);
#10191=ORIENTED_EDGE('',*,*,#7131,.F.);
#10192=ORIENTED_EDGE('',*,*,#7132,.T.);
#10193=ORIENTED_EDGE('',*,*,#6832,.F.);
#10194=ORIENTED_EDGE('',*,*,#7132,.F.);
#10195=ORIENTED_EDGE('',*,*,#6684,.F.);
#10196=ORIENTED_EDGE('',*,*,#6825,.F.);
#10197=ORIENTED_EDGE('',*,*,#6828,.F.);
#10198=ORIENTED_EDGE('',*,*,#7133,.F.);
#10199=ORIENTED_EDGE('',*,*,#6829,.F.);
#10200=ORIENTED_EDGE('',*,*,#6811,.F.);
#10201=ORIENTED_EDGE('',*,*,#6827,.T.);
#10202=ORIENTED_EDGE('',*,*,#7128,.T.);
#10203=ORIENTED_EDGE('',*,*,#6830,.T.);
#10204=ORIENTED_EDGE('',*,*,#7133,.T.);
#10205=ORIENTED_EDGE('',*,*,#7131,.T.);
#10206=ORIENTED_EDGE('',*,*,#7129,.T.);
#10207=ORIENTED_EDGE('',*,*,#7134,.T.);
#10208=ORIENTED_EDGE('',*,*,#7135,.T.);
#10209=ORIENTED_EDGE('',*,*,#7136,.T.);
#10210=ORIENTED_EDGE('',*,*,#7137,.T.);
#10211=ORIENTED_EDGE('',*,*,#7138,.T.);
#10212=ORIENTED_EDGE('',*,*,#7139,.T.);
#10213=ORIENTED_EDGE('',*,*,#7140,.T.);
#10214=ORIENTED_EDGE('',*,*,#7141,.T.);
#10215=ORIENTED_EDGE('',*,*,#7137,.F.);
#10216=ORIENTED_EDGE('',*,*,#7142,.F.);
#10217=ORIENTED_EDGE('',*,*,#7143,.F.);
#10218=ORIENTED_EDGE('',*,*,#7144,.T.);
#10219=ORIENTED_EDGE('',*,*,#7136,.F.);
#10220=ORIENTED_EDGE('',*,*,#7145,.T.);
#10221=ORIENTED_EDGE('',*,*,#7146,.F.);
#10222=ORIENTED_EDGE('',*,*,#7147,.T.);
#10223=ORIENTED_EDGE('',*,*,#7148,.F.);
#10224=ORIENTED_EDGE('',*,*,#7142,.T.);
#10225=ORIENTED_EDGE('',*,*,#7135,.F.);
#10226=ORIENTED_EDGE('',*,*,#7149,.T.);
#10227=ORIENTED_EDGE('',*,*,#7150,.F.);
#10228=ORIENTED_EDGE('',*,*,#7145,.F.);
#10229=ORIENTED_EDGE('',*,*,#7140,.F.);
#10230=ORIENTED_EDGE('',*,*,#7151,.T.);
#10231=ORIENTED_EDGE('',*,*,#7152,.T.);
#10232=ORIENTED_EDGE('',*,*,#7153,.T.);
#10233=ORIENTED_EDGE('',*,*,#7138,.F.);
#10234=ORIENTED_EDGE('',*,*,#7144,.F.);
#10235=ORIENTED_EDGE('',*,*,#7154,.F.);
#10236=ORIENTED_EDGE('',*,*,#7155,.F.);
#10237=ORIENTED_EDGE('',*,*,#7156,.F.);
#10238=ORIENTED_EDGE('',*,*,#7149,.F.);
#10239=ORIENTED_EDGE('',*,*,#7134,.F.);
#10240=ORIENTED_EDGE('',*,*,#7157,.F.);
#10241=ORIENTED_EDGE('',*,*,#7158,.F.);
#10242=ORIENTED_EDGE('',*,*,#7159,.F.);
#10243=ORIENTED_EDGE('',*,*,#7160,.T.);
#10244=ORIENTED_EDGE('',*,*,#7161,.T.);
#10245=ORIENTED_EDGE('',*,*,#7146,.T.);
#10246=ORIENTED_EDGE('',*,*,#7150,.T.);
#10247=ORIENTED_EDGE('',*,*,#7156,.T.);
#10248=ORIENTED_EDGE('',*,*,#7162,.T.);
#10249=ORIENTED_EDGE('',*,*,#7162,.F.);
#10250=ORIENTED_EDGE('',*,*,#7155,.T.);
#10251=ORIENTED_EDGE('',*,*,#7163,.F.);
#10252=ORIENTED_EDGE('',*,*,#7147,.F.);
#10253=ORIENTED_EDGE('',*,*,#7148,.T.);
#10254=ORIENTED_EDGE('',*,*,#7163,.T.);
#10255=ORIENTED_EDGE('',*,*,#7154,.T.);
#10256=ORIENTED_EDGE('',*,*,#7143,.T.);
#10257=ORIENTED_EDGE('',*,*,#7164,.F.);
#10258=ORIENTED_EDGE('',*,*,#7164,.T.);
#10259=ORIENTED_EDGE('',*,*,#7165,.T.);
#10260=ORIENTED_EDGE('',*,*,#7161,.F.);
#10261=ORIENTED_EDGE('',*,*,#7165,.F.);
#10262=ORIENTED_EDGE('',*,*,#7166,.F.);
#10263=ORIENTED_EDGE('',*,*,#7166,.T.);
#10264=ORIENTED_EDGE('',*,*,#7167,.T.);
#10265=ORIENTED_EDGE('',*,*,#7160,.F.);
#10266=ORIENTED_EDGE('',*,*,#7167,.F.);
#10267=ORIENTED_EDGE('',*,*,#7139,.F.);
#10268=ORIENTED_EDGE('',*,*,#7159,.T.);
#10269=ORIENTED_EDGE('',*,*,#7168,.T.);
#10270=ORIENTED_EDGE('',*,*,#7151,.F.);
#10271=ORIENTED_EDGE('',*,*,#7158,.T.);
#10272=ORIENTED_EDGE('',*,*,#7169,.T.);
#10273=ORIENTED_EDGE('',*,*,#7152,.F.);
#10274=ORIENTED_EDGE('',*,*,#7168,.F.);
#10275=ORIENTED_EDGE('',*,*,#7141,.F.);
#10276=ORIENTED_EDGE('',*,*,#7153,.F.);
#10277=ORIENTED_EDGE('',*,*,#7169,.F.);
#10278=ORIENTED_EDGE('',*,*,#7157,.T.);
#10279=ORIENTED_EDGE('',*,*,#7170,.T.);
#10280=ORIENTED_EDGE('',*,*,#7171,.T.);
#10281=ORIENTED_EDGE('',*,*,#7172,.F.);
#10282=ORIENTED_EDGE('',*,*,#7173,.F.);
#10283=ORIENTED_EDGE('',*,*,#7174,.T.);
#10284=ORIENTED_EDGE('',*,*,#7175,.T.);
#10285=ORIENTED_EDGE('',*,*,#7176,.F.);
#10286=ORIENTED_EDGE('',*,*,#7171,.F.);
#10287=ORIENTED_EDGE('',*,*,#7177,.T.);
#10288=ORIENTED_EDGE('',*,*,#7178,.T.);
#10289=ORIENTED_EDGE('',*,*,#7179,.F.);
#10290=ORIENTED_EDGE('',*,*,#7180,.F.);
#10291=ORIENTED_EDGE('',*,*,#7181,.T.);
#10292=ORIENTED_EDGE('',*,*,#7182,.T.);
#10293=ORIENTED_EDGE('',*,*,#7183,.F.);
#10294=ORIENTED_EDGE('',*,*,#7178,.F.);
#10295=ORIENTED_EDGE('',*,*,#7184,.F.);
#10296=ORIENTED_EDGE('',*,*,#7185,.T.);
#10297=ORIENTED_EDGE('',*,*,#7186,.F.);
#10298=ORIENTED_EDGE('',*,*,#7187,.F.);
#10299=ORIENTED_EDGE('',*,*,#7188,.T.);
#10300=ORIENTED_EDGE('',*,*,#7189,.T.);
#10301=ORIENTED_EDGE('',*,*,#7190,.F.);
#10302=ORIENTED_EDGE('',*,*,#7182,.F.);
#10303=ORIENTED_EDGE('',*,*,#7191,.T.);
#10304=ORIENTED_EDGE('',*,*,#7192,.T.);
#10305=ORIENTED_EDGE('',*,*,#7193,.F.);
#10306=ORIENTED_EDGE('',*,*,#7194,.F.);
#10307=ORIENTED_EDGE('',*,*,#7195,.T.);
#10308=ORIENTED_EDGE('',*,*,#7196,.T.);
#10309=ORIENTED_EDGE('',*,*,#7197,.F.);
#10310=ORIENTED_EDGE('',*,*,#7198,.F.);
#10311=ORIENTED_EDGE('',*,*,#7199,.T.);
#10312=ORIENTED_EDGE('',*,*,#7173,.T.);
#10313=ORIENTED_EDGE('',*,*,#7200,.F.);
#10314=ORIENTED_EDGE('',*,*,#7196,.F.);
#10315=ORIENTED_EDGE('',*,*,#7201,.T.);
#10316=ORIENTED_EDGE('',*,*,#7202,.T.);
#10317=ORIENTED_EDGE('',*,*,#7203,.T.);
#10318=ORIENTED_EDGE('',*,*,#7186,.T.);
#10319=ORIENTED_EDGE('',*,*,#7204,.T.);
#10320=ORIENTED_EDGE('',*,*,#7198,.T.);
#10321=ORIENTED_EDGE('',*,*,#7205,.F.);
#10322=ORIENTED_EDGE('',*,*,#7192,.F.);
#10323=ORIENTED_EDGE('',*,*,#7206,.T.);
#10324=ORIENTED_EDGE('',*,*,#7194,.T.);
#10325=ORIENTED_EDGE('',*,*,#7207,.F.);
#10326=ORIENTED_EDGE('',*,*,#7208,.F.);
#10327=ORIENTED_EDGE('',*,*,#7209,.T.);
#10328=ORIENTED_EDGE('',*,*,#7208,.T.);
#10329=ORIENTED_EDGE('',*,*,#7210,.F.);
#10330=ORIENTED_EDGE('',*,*,#7189,.F.);
#10331=ORIENTED_EDGE('',*,*,#7211,.T.);
#10332=ORIENTED_EDGE('',*,*,#7212,.T.);
#10333=ORIENTED_EDGE('',*,*,#7213,.F.);
#10334=ORIENTED_EDGE('',*,*,#7212,.F.);
#10335=ORIENTED_EDGE('',*,*,#7211,.F.);
#10336=ORIENTED_EDGE('',*,*,#7214,.T.);
#10337=ORIENTED_EDGE('',*,*,#7215,.T.);
#10338=ORIENTED_EDGE('',*,*,#7216,.F.);
#10339=ORIENTED_EDGE('',*,*,#7215,.F.);
#10340=ORIENTED_EDGE('',*,*,#7214,.F.);
#10341=ORIENTED_EDGE('',*,*,#7217,.T.);
#10342=ORIENTED_EDGE('',*,*,#7218,.T.);
#10343=ORIENTED_EDGE('',*,*,#7219,.F.);
#10344=ORIENTED_EDGE('',*,*,#7218,.F.);
#10345=ORIENTED_EDGE('',*,*,#7217,.F.);
#10346=ORIENTED_EDGE('',*,*,#7220,.T.);
#10347=ORIENTED_EDGE('',*,*,#7221,.T.);
#10348=ORIENTED_EDGE('',*,*,#7222,.F.);
#10349=ORIENTED_EDGE('',*,*,#7221,.F.);
#10350=ORIENTED_EDGE('',*,*,#7220,.F.);
#10351=ORIENTED_EDGE('',*,*,#7223,.T.);
#10352=ORIENTED_EDGE('',*,*,#7224,.T.);
#10353=ORIENTED_EDGE('',*,*,#7225,.F.);
#10354=ORIENTED_EDGE('',*,*,#7224,.F.);
#10355=ORIENTED_EDGE('',*,*,#7223,.F.);
#10356=ORIENTED_EDGE('',*,*,#7226,.T.);
#10357=ORIENTED_EDGE('',*,*,#7227,.T.);
#10358=ORIENTED_EDGE('',*,*,#7228,.F.);
#10359=ORIENTED_EDGE('',*,*,#7227,.F.);
#10360=ORIENTED_EDGE('',*,*,#7226,.F.);
#10361=ORIENTED_EDGE('',*,*,#7229,.T.);
#10362=ORIENTED_EDGE('',*,*,#7230,.T.);
#10363=ORIENTED_EDGE('',*,*,#7231,.T.);
#10364=ORIENTED_EDGE('',*,*,#7202,.F.);
#10365=ORIENTED_EDGE('',*,*,#7232,.T.);
#10366=ORIENTED_EDGE('',*,*,#7233,.T.);
#10367=ORIENTED_EDGE('',*,*,#7180,.T.);
#10368=ORIENTED_EDGE('',*,*,#7234,.F.);
#10369=ORIENTED_EDGE('',*,*,#7235,.F.);
#10370=ORIENTED_EDGE('',*,*,#7232,.F.);
#10371=ORIENTED_EDGE('',*,*,#7236,.F.);
#10372=ORIENTED_EDGE('',*,*,#7187,.T.);
#10373=ORIENTED_EDGE('',*,*,#7203,.F.);
#10374=ORIENTED_EDGE('',*,*,#7231,.F.);
#10375=ORIENTED_EDGE('',*,*,#7237,.T.);
#10376=ORIENTED_EDGE('',*,*,#7238,.F.);
#10377=ORIENTED_EDGE('',*,*,#7174,.F.);
#10378=ORIENTED_EDGE('',*,*,#7170,.F.);
#10379=ORIENTED_EDGE('',*,*,#7199,.F.);
#10380=ORIENTED_EDGE('',*,*,#7195,.F.);
#10381=ORIENTED_EDGE('',*,*,#7204,.F.);
#10382=ORIENTED_EDGE('',*,*,#7191,.F.);
#10383=ORIENTED_EDGE('',*,*,#7206,.F.);
#10384=ORIENTED_EDGE('',*,*,#7209,.F.);
#10385=ORIENTED_EDGE('',*,*,#7188,.F.);
#10386=ORIENTED_EDGE('',*,*,#7181,.F.);
#10387=ORIENTED_EDGE('',*,*,#7177,.F.);
#10388=ORIENTED_EDGE('',*,*,#7233,.F.);
#10389=ORIENTED_EDGE('',*,*,#7235,.T.);
#10390=ORIENTED_EDGE('',*,*,#7230,.F.);
#10391=ORIENTED_EDGE('',*,*,#7228,.T.);
#10392=ORIENTED_EDGE('',*,*,#7225,.T.);
#10393=ORIENTED_EDGE('',*,*,#7222,.T.);
#10394=ORIENTED_EDGE('',*,*,#7219,.T.);
#10395=ORIENTED_EDGE('',*,*,#7216,.T.);
#10396=ORIENTED_EDGE('',*,*,#7213,.T.);
#10397=ORIENTED_EDGE('',*,*,#7239,.T.);
#10398=ORIENTED_EDGE('',*,*,#7184,.T.);
#10399=ORIENTED_EDGE('',*,*,#7236,.T.);
#10400=ORIENTED_EDGE('',*,*,#7234,.T.);
#10401=ORIENTED_EDGE('',*,*,#7179,.T.);
#10402=ORIENTED_EDGE('',*,*,#7183,.T.);
#10403=ORIENTED_EDGE('',*,*,#7190,.T.);
#10404=ORIENTED_EDGE('',*,*,#7210,.T.);
#10405=ORIENTED_EDGE('',*,*,#7207,.T.);
#10406=ORIENTED_EDGE('',*,*,#7193,.T.);
#10407=ORIENTED_EDGE('',*,*,#7205,.T.);
#10408=ORIENTED_EDGE('',*,*,#7197,.T.);
#10409=ORIENTED_EDGE('',*,*,#7200,.T.);
#10410=ORIENTED_EDGE('',*,*,#7172,.T.);
#10411=ORIENTED_EDGE('',*,*,#7176,.T.);
#10412=ORIENTED_EDGE('',*,*,#7240,.T.);
#10413=ORIENTED_EDGE('',*,*,#7241,.T.);
#10414=ORIENTED_EDGE('',*,*,#7240,.F.);
#10415=ORIENTED_EDGE('',*,*,#7175,.F.);
#10416=ORIENTED_EDGE('',*,*,#7238,.T.);
#10417=ORIENTED_EDGE('',*,*,#7185,.F.);
#10418=ORIENTED_EDGE('',*,*,#7239,.F.);
#10419=ORIENTED_EDGE('',*,*,#7241,.F.);
#10420=ORIENTED_EDGE('',*,*,#7237,.F.);
#10421=ORIENTED_EDGE('',*,*,#7229,.F.);
#10422=ORIENTED_EDGE('',*,*,#7201,.F.);
#10423=ORIENTED_EDGE('',*,*,#7242,.F.);
#10424=ORIENTED_EDGE('',*,*,#7243,.F.);
#10425=ORIENTED_EDGE('',*,*,#7244,.F.);
#10426=ORIENTED_EDGE('',*,*,#7245,.T.);
#10427=ORIENTED_EDGE('',*,*,#7246,.F.);
#10428=ORIENTED_EDGE('',*,*,#7247,.F.);
#10429=ORIENTED_EDGE('',*,*,#7246,.T.);
#10430=ORIENTED_EDGE('',*,*,#7248,.T.);
#10431=ORIENTED_EDGE('',*,*,#7249,.T.);
#10432=ORIENTED_EDGE('',*,*,#7250,.T.);
#10433=ORIENTED_EDGE('',*,*,#7244,.T.);
#10434=ORIENTED_EDGE('',*,*,#7251,.T.);
#10435=ORIENTED_EDGE('',*,*,#7252,.T.);
#10436=ORIENTED_EDGE('',*,*,#7253,.T.);
#10437=ORIENTED_EDGE('',*,*,#7254,.T.);
#10438=ORIENTED_EDGE('',*,*,#7255,.T.);
#10439=ORIENTED_EDGE('',*,*,#7256,.T.);
#10440=ORIENTED_EDGE('',*,*,#7257,.T.);
#10441=ORIENTED_EDGE('',*,*,#7258,.T.);
#10442=ORIENTED_EDGE('',*,*,#7259,.T.);
#10443=ORIENTED_EDGE('',*,*,#7260,.T.);
#10444=ORIENTED_EDGE('',*,*,#7261,.T.);
#10445=ORIENTED_EDGE('',*,*,#7243,.T.);
#10446=ORIENTED_EDGE('',*,*,#7262,.T.);
#10447=ORIENTED_EDGE('',*,*,#7263,.T.);
#10448=ORIENTED_EDGE('',*,*,#7251,.F.);
#10449=ORIENTED_EDGE('',*,*,#7242,.T.);
#10450=ORIENTED_EDGE('',*,*,#7264,.F.);
#10451=ORIENTED_EDGE('',*,*,#7265,.T.);
#10452=ORIENTED_EDGE('',*,*,#7266,.F.);
#10453=ORIENTED_EDGE('',*,*,#7267,.F.);
#10454=ORIENTED_EDGE('',*,*,#7268,.T.);
#10455=ORIENTED_EDGE('',*,*,#7269,.T.);
#10456=ORIENTED_EDGE('',*,*,#7270,.T.);
#10457=ORIENTED_EDGE('',*,*,#7271,.T.);
#10458=ORIENTED_EDGE('',*,*,#7272,.F.);
#10459=ORIENTED_EDGE('',*,*,#7273,.F.);
#10460=ORIENTED_EDGE('',*,*,#7274,.T.);
#10461=ORIENTED_EDGE('',*,*,#7275,.T.);
#10462=ORIENTED_EDGE('',*,*,#7276,.T.);
#10463=ORIENTED_EDGE('',*,*,#7277,.T.);
#10464=ORIENTED_EDGE('',*,*,#7262,.F.);
#10465=ORIENTED_EDGE('',*,*,#7278,.T.);
#10466=ORIENTED_EDGE('',*,*,#7279,.T.);
#10467=ORIENTED_EDGE('',*,*,#7280,.T.);
#10468=ORIENTED_EDGE('',*,*,#7281,.T.);
#10469=ORIENTED_EDGE('',*,*,#7282,.T.);
#10470=ORIENTED_EDGE('',*,*,#7283,.T.);
#10471=ORIENTED_EDGE('',*,*,#7284,.T.);
#10472=ORIENTED_EDGE('',*,*,#7285,.T.);
#10473=ORIENTED_EDGE('',*,*,#7286,.T.);
#10474=ORIENTED_EDGE('',*,*,#7287,.T.);
#10475=ORIENTED_EDGE('',*,*,#7288,.T.);
#10476=ORIENTED_EDGE('',*,*,#7289,.T.);
#10477=ORIENTED_EDGE('',*,*,#7290,.T.);
#10478=ORIENTED_EDGE('',*,*,#7291,.T.);
#10479=ORIENTED_EDGE('',*,*,#7292,.T.);
#10480=ORIENTED_EDGE('',*,*,#7293,.F.);
#10481=ORIENTED_EDGE('',*,*,#7260,.F.);
#10482=ORIENTED_EDGE('',*,*,#7294,.F.);
#10483=ORIENTED_EDGE('',*,*,#7265,.F.);
#10484=ORIENTED_EDGE('',*,*,#7295,.F.);
#10485=ORIENTED_EDGE('',*,*,#7249,.F.);
#10486=ORIENTED_EDGE('',*,*,#7294,.T.);
#10487=ORIENTED_EDGE('',*,*,#7259,.F.);
#10488=ORIENTED_EDGE('',*,*,#7296,.F.);
#10489=ORIENTED_EDGE('',*,*,#7266,.T.);
#10490=ORIENTED_EDGE('',*,*,#7276,.F.);
#10491=ORIENTED_EDGE('',*,*,#7297,.F.);
#10492=ORIENTED_EDGE('',*,*,#7298,.F.);
#10493=ORIENTED_EDGE('',*,*,#7299,.F.);
#10494=ORIENTED_EDGE('',*,*,#7270,.F.);
#10495=ORIENTED_EDGE('',*,*,#7300,.F.);
#10496=ORIENTED_EDGE('',*,*,#7301,.F.);
#10497=ORIENTED_EDGE('',*,*,#7302,.F.);
#10498=ORIENTED_EDGE('',*,*,#7247,.T.);
#10499=ORIENTED_EDGE('',*,*,#7250,.F.);
#10500=ORIENTED_EDGE('',*,*,#7295,.T.);
#10501=ORIENTED_EDGE('',*,*,#7264,.T.);
#10502=ORIENTED_EDGE('',*,*,#7303,.F.);
#10503=ORIENTED_EDGE('',*,*,#7303,.T.);
#10504=ORIENTED_EDGE('',*,*,#7304,.T.);
#10505=ORIENTED_EDGE('',*,*,#7305,.T.);
#10506=ORIENTED_EDGE('',*,*,#7274,.F.);
#10507=ORIENTED_EDGE('',*,*,#7306,.F.);
#10508=ORIENTED_EDGE('',*,*,#7304,.F.);
#10509=ORIENTED_EDGE('',*,*,#7307,.F.);
#10510=ORIENTED_EDGE('',*,*,#7307,.T.);
#10511=ORIENTED_EDGE('',*,*,#7308,.T.);
#10512=ORIENTED_EDGE('',*,*,#7292,.F.);
#10513=ORIENTED_EDGE('',*,*,#7308,.F.);
#10514=ORIENTED_EDGE('',*,*,#7309,.F.);
#10515=ORIENTED_EDGE('',*,*,#7309,.T.);
#10516=ORIENTED_EDGE('',*,*,#7310,.T.);
#10517=ORIENTED_EDGE('',*,*,#7291,.F.);
#10518=ORIENTED_EDGE('',*,*,#7310,.F.);
#10519=ORIENTED_EDGE('',*,*,#7311,.F.);
#10520=ORIENTED_EDGE('',*,*,#7311,.T.);
#10521=ORIENTED_EDGE('',*,*,#7312,.T.);
#10522=ORIENTED_EDGE('',*,*,#7290,.F.);
#10523=ORIENTED_EDGE('',*,*,#7312,.F.);
#10524=ORIENTED_EDGE('',*,*,#7313,.F.);
#10525=ORIENTED_EDGE('',*,*,#7313,.T.);
#10526=ORIENTED_EDGE('',*,*,#7314,.T.);
#10527=ORIENTED_EDGE('',*,*,#7289,.F.);
#10528=ORIENTED_EDGE('',*,*,#7314,.F.);
#10529=ORIENTED_EDGE('',*,*,#7315,.F.);
#10530=ORIENTED_EDGE('',*,*,#7315,.T.);
#10531=ORIENTED_EDGE('',*,*,#7316,.T.);
#10532=ORIENTED_EDGE('',*,*,#7288,.F.);
#10533=ORIENTED_EDGE('',*,*,#7316,.F.);
#10534=ORIENTED_EDGE('',*,*,#7317,.F.);
#10535=ORIENTED_EDGE('',*,*,#7317,.T.);
#10536=ORIENTED_EDGE('',*,*,#7318,.T.);
#10537=ORIENTED_EDGE('',*,*,#7287,.F.);
#10538=ORIENTED_EDGE('',*,*,#7318,.F.);
#10539=ORIENTED_EDGE('',*,*,#7319,.F.);
#10540=ORIENTED_EDGE('',*,*,#7319,.T.);
#10541=ORIENTED_EDGE('',*,*,#7320,.T.);
#10542=ORIENTED_EDGE('',*,*,#7286,.F.);
#10543=ORIENTED_EDGE('',*,*,#7320,.F.);
#10544=ORIENTED_EDGE('',*,*,#7321,.F.);
#10545=ORIENTED_EDGE('',*,*,#7321,.T.);
#10546=ORIENTED_EDGE('',*,*,#7322,.T.);
#10547=ORIENTED_EDGE('',*,*,#7285,.F.);
#10548=ORIENTED_EDGE('',*,*,#7322,.F.);
#10549=ORIENTED_EDGE('',*,*,#7323,.F.);
#10550=ORIENTED_EDGE('',*,*,#7323,.T.);
#10551=ORIENTED_EDGE('',*,*,#7324,.T.);
#10552=ORIENTED_EDGE('',*,*,#7284,.F.);
#10553=ORIENTED_EDGE('',*,*,#7324,.F.);
#10554=ORIENTED_EDGE('',*,*,#7325,.F.);
#10555=ORIENTED_EDGE('',*,*,#7325,.T.);
#10556=ORIENTED_EDGE('',*,*,#7326,.T.);
#10557=ORIENTED_EDGE('',*,*,#7283,.F.);
#10558=ORIENTED_EDGE('',*,*,#7326,.F.);
#10559=ORIENTED_EDGE('',*,*,#7327,.F.);
#10560=ORIENTED_EDGE('',*,*,#7327,.T.);
#10561=ORIENTED_EDGE('',*,*,#7328,.T.);
#10562=ORIENTED_EDGE('',*,*,#7282,.F.);
#10563=ORIENTED_EDGE('',*,*,#7328,.F.);
#10564=ORIENTED_EDGE('',*,*,#7329,.F.);
#10565=ORIENTED_EDGE('',*,*,#7329,.T.);
#10566=ORIENTED_EDGE('',*,*,#7330,.T.);
#10567=ORIENTED_EDGE('',*,*,#7331,.F.);
#10568=ORIENTED_EDGE('',*,*,#7268,.F.);
#10569=ORIENTED_EDGE('',*,*,#7332,.T.);
#10570=ORIENTED_EDGE('',*,*,#7330,.F.);
#10571=ORIENTED_EDGE('',*,*,#7333,.F.);
#10572=ORIENTED_EDGE('',*,*,#7333,.T.);
#10573=ORIENTED_EDGE('',*,*,#7334,.T.);
#10574=ORIENTED_EDGE('',*,*,#7281,.F.);
#10575=ORIENTED_EDGE('',*,*,#7334,.F.);
#10576=ORIENTED_EDGE('',*,*,#7335,.F.);
#10577=ORIENTED_EDGE('',*,*,#7335,.T.);
#10578=ORIENTED_EDGE('',*,*,#7336,.T.);
#10579=ORIENTED_EDGE('',*,*,#7280,.F.);
#10580=ORIENTED_EDGE('',*,*,#7336,.F.);
#10581=ORIENTED_EDGE('',*,*,#7337,.F.);
#10582=ORIENTED_EDGE('',*,*,#7337,.T.);
#10583=ORIENTED_EDGE('',*,*,#7338,.T.);
#10584=ORIENTED_EDGE('',*,*,#7279,.F.);
#10585=ORIENTED_EDGE('',*,*,#7338,.F.);
#10586=ORIENTED_EDGE('',*,*,#7339,.F.);
#10587=ORIENTED_EDGE('',*,*,#7339,.T.);
#10588=ORIENTED_EDGE('',*,*,#7340,.T.);
#10589=ORIENTED_EDGE('',*,*,#7278,.F.);
#10590=ORIENTED_EDGE('',*,*,#7340,.F.);
#10591=ORIENTED_EDGE('',*,*,#7305,.F.);
#10592=ORIENTED_EDGE('',*,*,#7341,.T.);
#10593=ORIENTED_EDGE('',*,*,#7297,.T.);
#10594=ORIENTED_EDGE('',*,*,#7275,.F.);
#10595=ORIENTED_EDGE('',*,*,#7331,.T.);
#10596=ORIENTED_EDGE('',*,*,#7342,.T.);
#10597=ORIENTED_EDGE('',*,*,#7300,.T.);
#10598=ORIENTED_EDGE('',*,*,#7269,.F.);
#10599=ORIENTED_EDGE('',*,*,#7277,.F.);
#10600=ORIENTED_EDGE('',*,*,#7299,.T.);
#10601=ORIENTED_EDGE('',*,*,#7343,.T.);
#10602=ORIENTED_EDGE('',*,*,#7344,.T.);
#10603=ORIENTED_EDGE('',*,*,#7252,.F.);
#10604=ORIENTED_EDGE('',*,*,#7263,.F.);
#10605=ORIENTED_EDGE('',*,*,#7306,.T.);
#10606=ORIENTED_EDGE('',*,*,#7273,.T.);
#10607=ORIENTED_EDGE('',*,*,#7345,.F.);
#10608=ORIENTED_EDGE('',*,*,#7254,.F.);
#10609=ORIENTED_EDGE('',*,*,#7346,.F.);
#10610=ORIENTED_EDGE('',*,*,#7347,.T.);
#10611=ORIENTED_EDGE('',*,*,#7272,.T.);
#10612=ORIENTED_EDGE('',*,*,#7348,.T.);
#10613=ORIENTED_EDGE('',*,*,#7255,.F.);
#10614=ORIENTED_EDGE('',*,*,#7345,.T.);
#10615=ORIENTED_EDGE('',*,*,#7342,.F.);
#10616=ORIENTED_EDGE('',*,*,#7349,.F.);
#10617=ORIENTED_EDGE('',*,*,#7350,.F.);
#10618=ORIENTED_EDGE('',*,*,#7351,.F.);
#10619=ORIENTED_EDGE('',*,*,#7301,.T.);
#10620=ORIENTED_EDGE('',*,*,#7332,.F.);
#10621=ORIENTED_EDGE('',*,*,#7267,.T.);
#10622=ORIENTED_EDGE('',*,*,#7296,.T.);
#10623=ORIENTED_EDGE('',*,*,#7258,.F.);
#10624=ORIENTED_EDGE('',*,*,#7352,.F.);
#10625=ORIENTED_EDGE('',*,*,#7349,.T.);
#10626=ORIENTED_EDGE('',*,*,#7341,.F.);
#10627=ORIENTED_EDGE('',*,*,#7347,.F.);
#10628=ORIENTED_EDGE('',*,*,#7353,.F.);
#10629=ORIENTED_EDGE('',*,*,#7343,.F.);
#10630=ORIENTED_EDGE('',*,*,#7298,.T.);
#10631=ORIENTED_EDGE('',*,*,#7353,.T.);
#10632=ORIENTED_EDGE('',*,*,#7346,.T.);
#10633=ORIENTED_EDGE('',*,*,#7253,.F.);
#10634=ORIENTED_EDGE('',*,*,#7344,.F.);
#10635=ORIENTED_EDGE('',*,*,#7271,.F.);
#10636=ORIENTED_EDGE('',*,*,#7302,.T.);
#10637=ORIENTED_EDGE('',*,*,#7351,.T.);
#10638=ORIENTED_EDGE('',*,*,#7354,.T.);
#10639=ORIENTED_EDGE('',*,*,#7256,.F.);
#10640=ORIENTED_EDGE('',*,*,#7348,.F.);
#10641=ORIENTED_EDGE('',*,*,#7350,.T.);
#10642=ORIENTED_EDGE('',*,*,#7352,.T.);
#10643=ORIENTED_EDGE('',*,*,#7257,.F.);
#10644=ORIENTED_EDGE('',*,*,#7354,.F.);
#10645=ORIENTED_EDGE('',*,*,#7261,.F.);
#10646=ORIENTED_EDGE('',*,*,#7293,.T.);
#10647=ORIENTED_EDGE('',*,*,#7248,.F.);
#10648=ORIENTED_EDGE('',*,*,#7245,.F.);
#10649=PLANE('',#11752);
#10650=PLANE('',#11753);
#10651=PLANE('',#11754);
#10652=PLANE('',#11755);
#10653=PLANE('',#11759);
#10654=PLANE('',#11763);
#10655=PLANE('',#11767);
#10656=PLANE('',#11769);
#10657=PLANE('',#11772);
#10658=PLANE('',#11773);
#10659=PLANE('',#11774);
#10660=PLANE('',#11775);
#10661=PLANE('',#11776);
#10662=PLANE('',#11778);
#10663=PLANE('',#11833);
#10664=PLANE('',#11834);
#10665=PLANE('',#11835);
#10666=PLANE('',#11836);
#10667=PLANE('',#11837);
#10668=PLANE('',#11838);
#10669=PLANE('',#11839);
#10670=PLANE('',#11840);
#10671=PLANE('',#11841);
#10672=PLANE('',#11842);
#10673=PLANE('',#11843);
#10674=PLANE('',#11844);
#10675=PLANE('',#11845);
#10676=PLANE('',#11846);
#10677=PLANE('',#11847);
#10678=PLANE('',#11848);
#10679=PLANE('',#11849);
#10680=PLANE('',#11850);
#10681=PLANE('',#11851);
#10682=PLANE('',#11852);
#10683=PLANE('',#11853);
#10684=PLANE('',#11854);
#10685=PLANE('',#11855);
#10686=PLANE('',#11856);
#10687=PLANE('',#11857);
#10688=PLANE('',#11858);
#10689=PLANE('',#11859);
#10690=PLANE('',#11860);
#10691=PLANE('',#11861);
#10692=PLANE('',#11862);
#10693=PLANE('',#11863);
#10694=PLANE('',#11864);
#10695=PLANE('',#11865);
#10696=PLANE('',#11866);
#10697=PLANE('',#11867);
#10698=PLANE('',#11868);
#10699=PLANE('',#11869);
#10700=PLANE('',#11870);
#10701=PLANE('',#11871);
#10702=PLANE('',#11872);
#10703=PLANE('',#11873);
#10704=PLANE('',#11874);
#10705=PLANE('',#11875);
#10706=PLANE('',#11876);
#10707=PLANE('',#11877);
#10708=PLANE('',#11878);
#10709=PLANE('',#11879);
#10710=PLANE('',#11880);
#10711=PLANE('',#11881);
#10712=PLANE('',#11882);
#10713=PLANE('',#11883);
#10714=PLANE('',#11884);
#10715=PLANE('',#11885);
#10716=PLANE('',#11886);
#10717=PLANE('',#11887);
#10718=PLANE('',#11888);
#10719=PLANE('',#11889);
#10720=PLANE('',#11890);
#10721=PLANE('',#11891);
#10722=PLANE('',#11892);
#10723=PLANE('',#11893);
#10724=PLANE('',#11894);
#10725=PLANE('',#11895);
#10726=PLANE('',#11896);
#10727=PLANE('',#11897);
#10728=PLANE('',#11898);
#10729=PLANE('',#11899);
#10730=PLANE('',#11900);
#10731=PLANE('',#11901);
#10732=PLANE('',#11902);
#10733=PLANE('',#11903);
#10734=PLANE('',#11904);
#10735=PLANE('',#11905);
#10736=PLANE('',#11906);
#10737=PLANE('',#11910);
#10738=PLANE('',#11911);
#10739=PLANE('',#11916);
#10740=PLANE('',#11917);
#10741=PLANE('',#11918);
#10742=PLANE('',#11919);
#10743=PLANE('',#11920);
#10744=PLANE('',#11921);
#10745=PLANE('',#11923);
#10746=PLANE('',#11928);
#10747=PLANE('',#11929);
#10748=PLANE('',#11930);
#10749=PLANE('',#11931);
#10750=PLANE('',#11932);
#10751=PLANE('',#11933);
#10752=PLANE('',#11934);
#10753=PLANE('',#11935);
#10754=PLANE('',#11936);
#10755=PLANE('',#11937);
#10756=PLANE('',#11938);
#10757=PLANE('',#11939);
#10758=PLANE('',#11940);
#10759=PLANE('',#11941);
#10760=PLANE('',#11942);
#10761=PLANE('',#11943);
#10762=PLANE('',#11944);
#10763=PLANE('',#11945);
#10764=PLANE('',#11946);
#10765=PLANE('',#11947);
#10766=PLANE('',#11948);
#10767=PLANE('',#11949);
#10768=PLANE('',#11950);
#10769=PLANE('',#11951);
#10770=PLANE('',#11952);
#10771=PLANE('',#11953);
#10772=PLANE('',#11954);
#10773=PLANE('',#11955);
#10774=PLANE('',#11956);
#10775=PLANE('',#11957);
#10776=PLANE('',#11968);
#10777=PLANE('',#12005);
#10778=PLANE('',#12008);
#10779=PLANE('',#12009);
#10780=PLANE('',#12010);
#10781=PLANE('',#12011);
#10782=PLANE('',#12012);
#10783=PLANE('',#12013);
#10784=PLANE('',#12014);
#10785=PLANE('',#12015);
#10786=PLANE('',#12016);
#10787=PLANE('',#12017);
#10788=PLANE('',#12018);
#10789=PLANE('',#12019);
#10790=PLANE('',#12020);
#10791=PLANE('',#12021);
#10792=PLANE('',#12022);
#10793=PLANE('',#12023);
#10794=PLANE('',#12024);
#10795=PLANE('',#12025);
#10796=PLANE('',#12026);
#10797=PLANE('',#12027);
#10798=PLANE('',#12028);
#10799=PLANE('',#12029);
#10800=PLANE('',#12030);
#10801=PLANE('',#12031);
#10802=PLANE('',#12032);
#10803=PLANE('',#12033);
#10804=PLANE('',#12034);
#10805=PLANE('',#12035);
#10806=PLANE('',#12036);
#10807=PLANE('',#12037);
#10808=PLANE('',#12038);
#10809=PLANE('',#12039);
#10810=PLANE('',#12040);
#10811=PLANE('',#12041);
#10812=PLANE('',#12042);
#10813=PLANE('',#12043);
#10814=PLANE('',#12044);
#10815=PLANE('',#12045);
#10816=PLANE('',#12046);
#10817=PLANE('',#12047);
#10818=PLANE('',#12048);
#10819=PLANE('',#12049);
#10820=PLANE('',#12050);
#10821=PLANE('',#12051);
#10822=PLANE('',#12056);
#10823=PLANE('',#12057);
#10824=PLANE('',#12058);
#10825=PLANE('',#12059);
#10826=PLANE('',#12060);
#10827=PLANE('',#12074);
#10828=PLANE('',#12116);
#10829=PLANE('',#12118);
#10830=PLANE('',#12119);
#10831=PLANE('',#12132);
#10832=PLANE('',#12136);
#10833=PLANE('',#12140);
#10834=PLANE('',#12141);
#10835=PLANE('',#12142);
#10836=PLANE('',#12144);
#10837=PLANE('',#12146);
#10838=PLANE('',#12147);
#10839=PLANE('',#12148);
#10840=PLANE('',#12149);
#10841=PLANE('',#12150);
#10842=PLANE('',#12151);
#10843=PLANE('',#12152);
#10844=PLANE('',#12153);
#10845=PLANE('',#12154);
#10846=PLANE('',#12155);
#10847=PLANE('',#12156);
#10848=PLANE('',#12157);
#10849=PLANE('',#12158);
#10850=PLANE('',#12159);
#10851=PLANE('',#12160);
#10852=PLANE('',#12161);
#10853=PLANE('',#12162);
#10854=PLANE('',#12163);
#10855=PLANE('',#12164);
#10856=PLANE('',#12165);
#10857=PLANE('',#12166);
#10858=PLANE('',#12167);
#10859=PLANE('',#12168);
#10860=PLANE('',#12169);
#10861=PLANE('',#12170);
#10862=PLANE('',#12171);
#10863=PLANE('',#12172);
#10864=PLANE('',#12173);
#10865=PLANE('',#12174);
#10866=PLANE('',#12175);
#10867=PLANE('',#12176);
#10868=PLANE('',#12177);
#10869=PLANE('',#12178);
#10870=PLANE('',#12179);
#10871=PLANE('',#12180);
#10872=PLANE('',#12181);
#10873=PLANE('',#12182);
#10874=PLANE('',#12183);
#10875=PLANE('',#12184);
#10876=PLANE('',#12185);
#10877=PLANE('',#12186);
#10878=PLANE('',#12187);
#10879=PLANE('',#12188);
#10880=PLANE('',#12189);
#10881=PLANE('',#12190);
#10882=PLANE('',#12191);
#10883=PLANE('',#12192);
#10884=PLANE('',#12193);
#10885=PLANE('',#12194);
#10886=PLANE('',#12195);
#10887=PLANE('',#12196);
#10888=PLANE('',#12197);
#10889=PLANE('',#12198);
#10890=PLANE('',#12199);
#10891=PLANE('',#12200);
#10892=PLANE('',#12201);
#10893=PLANE('',#12202);
#10894=PLANE('',#12203);
#10895=PLANE('',#12204);
#10896=PLANE('',#12205);
#10897=PLANE('',#12206);
#10898=PLANE('',#12213);
#10899=PLANE('',#12214);
#10900=PLANE('',#12217);
#10901=PLANE('',#12238);
#10902=PLANE('',#12239);
#10903=PLANE('',#12240);
#10904=PLANE('',#12241);
#10905=PLANE('',#12242);
#10906=PLANE('',#12243);
#10907=PLANE('',#12248);
#10908=PLANE('',#12249);
#10909=PLANE('',#12275);
#10910=PLANE('',#12280);
#10911=PLANE('',#12319);
#10912=PLANE('',#12320);
#10913=PLANE('',#12342);
#10914=PLANE('',#12343);
#10915=PLANE('',#12344);
#10916=PLANE('',#12346);
#10917=PLANE('',#12348);
#10918=PLANE('',#12349);
#10919=PLANE('',#12350);
#10920=PLANE('',#12351);
#10921=PLANE('',#12352);
#10922=PLANE('',#12353);
#10923=PLANE('',#12354);
#10924=PLANE('',#12355);
#10925=PLANE('',#12356);
#10926=PLANE('',#12357);
#10927=PLANE('',#12358);
#10928=PLANE('',#12359);
#10929=PLANE('',#12360);
#10930=PLANE('',#12361);
#10931=PLANE('',#12362);
#10932=PLANE('',#12363);
#10933=PLANE('',#12364);
#10934=PLANE('',#12365);
#10935=PLANE('',#12366);
#10936=PLANE('',#12367);
#10937=PLANE('',#12368);
#10938=PLANE('',#12369);
#10939=PLANE('',#12370);
#10940=PLANE('',#12371);
#10941=PLANE('',#12372);
#10942=PLANE('',#12373);
#10943=PLANE('',#12374);
#10944=PLANE('',#12375);
#10945=PLANE('',#12376);
#10946=PLANE('',#12377);
#10947=PLANE('',#12378);
#10948=PLANE('',#12379);
#10949=PLANE('',#12380);
#10950=PLANE('',#12381);
#10951=PLANE('',#12382);
#10952=PLANE('',#12383);
#10953=PLANE('',#12384);
#10954=PLANE('',#12385);
#10955=PLANE('',#12386);
#10956=PLANE('',#12387);
#10957=PLANE('',#12388);
#10958=PLANE('',#12389);
#10959=PLANE('',#12390);
#10960=PLANE('',#12391);
#10961=PLANE('',#12392);
#10962=PLANE('',#12393);
#10963=PLANE('',#12394);
#10964=PLANE('',#12395);
#10965=PLANE('',#12396);
#10966=PLANE('',#12397);
#10967=PLANE('',#12398);
#10968=PLANE('',#12399);
#10969=PLANE('',#12400);
#10970=PLANE('',#12401);
#10971=PLANE('',#12402);
#10972=PLANE('',#12403);
#10973=PLANE('',#12404);
#10974=PLANE('',#12405);
#10975=PLANE('',#12406);
#10976=PLANE('',#12407);
#10977=PLANE('',#12408);
#10978=PLANE('',#12409);
#10979=PLANE('',#12410);
#10980=PLANE('',#12411);
#10981=PLANE('',#12412);
#10982=PLANE('',#12413);
#10983=PLANE('',#12414);
#10984=PLANE('',#12415);
#10985=PLANE('',#12416);
#10986=PLANE('',#12417);
#10987=PLANE('',#12424);
#10988=PLANE('',#12425);
#10989=PLANE('',#12430);
#10990=PLANE('',#12432);
#10991=PLANE('',#12433);
#10992=PLANE('',#12434);
#10993=PLANE('',#12456);
#10994=PLANE('',#12458);
#10995=PLANE('',#12459);
#10996=PLANE('',#12460);
#10997=PLANE('',#12461);
#10998=PLANE('',#12462);
#10999=PLANE('',#12464);
#11000=PLANE('',#12466);
#11001=PLANE('',#12468);
#11002=PLANE('',#12470);
#11003=PLANE('',#12471);
#11004=PLANE('',#12472);
#11005=PLANE('',#12473);
#11006=PLANE('',#12474);
#11007=PLANE('',#12475);
#11008=PLANE('',#12476);
#11009=PLANE('',#12477);
#11010=PLANE('',#12478);
#11011=PLANE('',#12480);
#11012=PLANE('',#12485);
#11013=PLANE('',#12487);
#11014=PLANE('',#12491);
#11015=PLANE('',#12493);
#11016=PLANE('',#12495);
#11017=PLANE('',#12499);
#11018=PLANE('',#12501);
#11019=PLANE('',#12505);
#11020=PLANE('',#12507);
#11021=PLANE('',#12508);
#11022=PLANE('',#12509);
#11023=PLANE('',#12514);
#11024=PLANE('',#12515);
#11025=PLANE('',#12516);
#11026=PLANE('',#12517);
#11027=PLANE('',#12518);
#11028=PLANE('',#12521);
#11029=PLANE('',#12522);
#11030=PLANE('',#12523);
#11031=PLANE('',#12529);
#11032=PLANE('',#12531);
#11033=PLANE('',#12534);
#11034=PLANE('',#12537);
#11035=PLANE('',#12538);
#11036=PLANE('',#12539);
#11037=PLANE('',#12540);
#11038=PLANE('',#12541);
#11039=PLANE('',#12542);
#11040=PLANE('',#12543);
#11041=PLANE('',#12544);
#11042=PLANE('',#12545);
#11043=PLANE('',#12546);
#11044=PLANE('',#12547);
#11045=PLANE('',#12548);
#11046=PLANE('',#12549);
#11047=PLANE('',#12550);
#11048=PLANE('',#12551);
#11049=PLANE('',#12552);
#11050=PLANE('',#12556);
#11051=PLANE('',#12560);
#11052=PLANE('',#12564);
#11053=PLANE('',#12568);
#11054=PLANE('',#12572);
#11055=PLANE('',#12576);
#11056=PLANE('',#12577);
#11057=PLANE('',#12578);
#11058=PLANE('',#12579);
#11059=PLANE('',#12580);
#11060=PLANE('',#12581);
#11061=PLANE('',#12582);
#11062=PLANE('',#12583);
#11063=PLANE('',#12584);
#11064=PLANE('',#12585);
#11065=PLANE('',#12586);
#11066=PLANE('',#12587);
#11067=PLANE('',#12588);
#11068=PLANE('',#12606);
#11069=PLANE('',#12607);
#11070=PLANE('',#12608);
#11071=PLANE('',#12609);
#11072=PLANE('',#12610);
#11073=PLANE('',#12611);
#11074=PLANE('',#12614);
#11075=PLANE('',#12617);
#11076=PLANE('',#12620);
#11077=PLANE('',#12623);
#11078=PLANE('',#12626);
#11079=PLANE('',#12629);
#11080=PLANE('',#12632);
#11081=PLANE('',#12635);
#11082=PLANE('',#12638);
#11083=PLANE('',#12641);
#11084=PLANE('',#12644);
#11085=PLANE('',#12647);
#11086=PLANE('',#12650);
#11087=PLANE('',#12653);
#11088=PLANE('',#12656);
#11089=PLANE('',#12659);
#11090=PLANE('',#12662);
#11091=PLANE('',#12663);
#11092=PLANE('',#12664);
#11093=PLANE('',#12665);
#11094=PLANE('',#12666);
#11095=PLANE('',#12667);
#11096=PLANE('',#12668);
#11097=PLANE('',#12669);
#11098=PLANE('',#12670);
#11099=PLANE('',#12671);
#11100=PLANE('',#12672);
#11101=PLANE('',#12673);
#11102=ADVANCED_FACE('',(#624),#10649,.F.);
#11103=ADVANCED_FACE('',(#625),#10650,.T.);
#11104=ADVANCED_FACE('',(#626),#10651,.T.);
#11105=ADVANCED_FACE('',(#627),#10652,.T.);
#11106=ADVANCED_FACE('',(#628),#495,.F.);
#11107=ADVANCED_FACE('',(#629),#10653,.T.);
#11108=ADVANCED_FACE('',(#630),#496,.F.);
#11109=ADVANCED_FACE('',(#631),#10654,.T.);
#11110=ADVANCED_FACE('',(#632),#497,.T.);
#11111=ADVANCED_FACE('',(#633,#107,#108),#10655,.F.);
#11112=ADVANCED_FACE('',(#634),#10656,.T.);
#11113=ADVANCED_FACE('',(#635),#498,.T.);
#11114=ADVANCED_FACE('',(#636),#10657,.T.);
#11115=ADVANCED_FACE('',(#637),#10658,.T.);
#11116=ADVANCED_FACE('',(#638),#10659,.T.);
#11117=ADVANCED_FACE('',(#639),#10660,.F.);
#11118=ADVANCED_FACE('',(#640),#10661,.T.);
#11119=ADVANCED_FACE('',(#641),#10662,.T.);
#11120=ADVANCED_FACE('',(#642),#499,.T.);
#11121=ADVANCED_FACE('',(#643),#500,.F.);
#11122=ADVANCED_FACE('',(#644),#64,.F.);
#11123=ADVANCED_FACE('',(#645),#501,.F.);
#11124=ADVANCED_FACE('',(#646),#65,.F.);
#11125=ADVANCED_FACE('',(#647),#502,.F.);
#11126=ADVANCED_FACE('',(#648),#66,.F.);
#11127=ADVANCED_FACE('',(#649),#503,.F.);
#11128=ADVANCED_FACE('',(#650),#67,.F.);
#11129=ADVANCED_FACE('',(#651),#504,.F.);
#11130=ADVANCED_FACE('',(#652),#68,.F.);
#11131=ADVANCED_FACE('',(#653),#505,.F.);
#11132=ADVANCED_FACE('',(#654),#69,.F.);
#11133=ADVANCED_FACE('',(#655),#506,.F.);
#11134=ADVANCED_FACE('',(#656),#70,.F.);
#11135=ADVANCED_FACE('',(#657),#507,.F.);
#11136=ADVANCED_FACE('',(#658),#71,.F.);
#11137=ADVANCED_FACE('',(#659),#508,.F.);
#11138=ADVANCED_FACE('',(#660),#72,.F.);
#11139=ADVANCED_FACE('',(#661),#509,.F.);
#11140=ADVANCED_FACE('',(#662),#73,.F.);
#11141=ADVANCED_FACE('',(#663),#10663,.F.);
#11142=ADVANCED_FACE('',(#664),#10664,.T.);
#11143=ADVANCED_FACE('',(#665),#10665,.F.);
#11144=ADVANCED_FACE('',(#666),#10666,.F.);
#11145=ADVANCED_FACE('',(#667),#10667,.F.);
#11146=ADVANCED_FACE('',(#668),#10668,.F.);
#11147=ADVANCED_FACE('',(#669),#10669,.F.);
#11148=ADVANCED_FACE('',(#670),#10670,.F.);
#11149=ADVANCED_FACE('',(#671),#10671,.F.);
#11150=ADVANCED_FACE('',(#672),#10672,.F.);
#11151=ADVANCED_FACE('',(#673),#10673,.F.);
#11152=ADVANCED_FACE('',(#674),#10674,.F.);
#11153=ADVANCED_FACE('',(#675),#10675,.F.);
#11154=ADVANCED_FACE('',(#676),#10676,.F.);
#11155=ADVANCED_FACE('',(#677),#10677,.F.);
#11156=ADVANCED_FACE('',(#678),#10678,.F.);
#11157=ADVANCED_FACE('',(#679),#10679,.F.);
#11158=ADVANCED_FACE('',(#680),#10680,.F.);
#11159=ADVANCED_FACE('',(#681),#10681,.F.);
#11160=ADVANCED_FACE('',(#682),#10682,.F.);
#11161=ADVANCED_FACE('',(#683),#10683,.F.);
#11162=ADVANCED_FACE('',(#684),#10684,.F.);
#11163=ADVANCED_FACE('',(#685),#10685,.F.);
#11164=ADVANCED_FACE('',(#686),#10686,.F.);
#11165=ADVANCED_FACE('',(#687),#10687,.F.);
#11166=ADVANCED_FACE('',(#688),#10688,.F.);
#11167=ADVANCED_FACE('',(#689),#10689,.F.);
#11168=ADVANCED_FACE('',(#690),#10690,.F.);
#11169=ADVANCED_FACE('',(#691),#10691,.F.);
#11170=ADVANCED_FACE('',(#692),#10692,.F.);
#11171=ADVANCED_FACE('',(#693),#10693,.F.);
#11172=ADVANCED_FACE('',(#694),#10694,.F.);
#11173=ADVANCED_FACE('',(#695),#10695,.F.);
#11174=ADVANCED_FACE('',(#696),#10696,.F.);
#11175=ADVANCED_FACE('',(#697),#10697,.F.);
#11176=ADVANCED_FACE('',(#698),#10698,.F.);
#11177=ADVANCED_FACE('',(#699),#10699,.F.);
#11178=ADVANCED_FACE('',(#700),#10700,.F.);
#11179=ADVANCED_FACE('',(#701),#10701,.F.);
#11180=ADVANCED_FACE('',(#702),#10702,.F.);
#11181=ADVANCED_FACE('',(#703),#10703,.F.);
#11182=ADVANCED_FACE('',(#704),#10704,.T.);
#11183=ADVANCED_FACE('',(#705),#10705,.T.);
#11184=ADVANCED_FACE('',(#706),#10706,.T.);
#11185=ADVANCED_FACE('',(#707),#10707,.T.);
#11186=ADVANCED_FACE('',(#708),#10708,.T.);
#11187=ADVANCED_FACE('',(#709),#10709,.T.);
#11188=ADVANCED_FACE('',(#710),#10710,.T.);
#11189=ADVANCED_FACE('',(#711),#10711,.T.);
#11190=ADVANCED_FACE('',(#712),#10712,.T.);
#11191=ADVANCED_FACE('',(#713),#10713,.T.);
#11192=ADVANCED_FACE('',(#714),#10714,.T.);
#11193=ADVANCED_FACE('',(#715),#10715,.T.);
#11194=ADVANCED_FACE('',(#716),#10716,.T.);
#11195=ADVANCED_FACE('',(#717),#10717,.T.);
#11196=ADVANCED_FACE('',(#718),#10718,.T.);
#11197=ADVANCED_FACE('',(#719),#10719,.T.);
#11198=ADVANCED_FACE('',(#720),#10720,.T.);
#11199=ADVANCED_FACE('',(#721),#10721,.T.);
#11200=ADVANCED_FACE('',(#722),#10722,.T.);
#11201=ADVANCED_FACE('',(#723),#10723,.T.);
#11202=ADVANCED_FACE('',(#724),#10724,.T.);
#11203=ADVANCED_FACE('',(#725),#10725,.T.);
#11204=ADVANCED_FACE('',(#726),#10726,.T.);
#11205=ADVANCED_FACE('',(#727),#10727,.T.);
#11206=ADVANCED_FACE('',(#728),#10728,.T.);
#11207=ADVANCED_FACE('',(#729),#10729,.T.);
#11208=ADVANCED_FACE('',(#730),#10730,.T.);
#11209=ADVANCED_FACE('',(#731),#10731,.T.);
#11210=ADVANCED_FACE('',(#732),#10732,.T.);
#11211=ADVANCED_FACE('',(#733),#10733,.T.);
#11212=ADVANCED_FACE('',(#734),#10734,.T.);
#11213=ADVANCED_FACE('',(#735),#10735,.T.);
#11214=ADVANCED_FACE('',(#736,#109,#110,#111,#112,#113,#114,#115,#116,#117,
#118),#10736,.T.);
#11215=ADVANCED_FACE('',(#737),#510,.F.);
#11216=ADVANCED_FACE('',(#738,#119,#120,#121,#122,#123,#124,#125,#126,#127,
#128,#129),#10737,.T.);
#11217=ADVANCED_FACE('',(#739),#10738,.T.);
#11218=ADVANCED_FACE('',(#740),#511,.F.);
#11219=ADVANCED_FACE('',(#741),#512,.F.);
#11220=ADVANCED_FACE('',(#742),#10739,.T.);
#11221=ADVANCED_FACE('',(#743),#10740,.T.);
#11222=ADVANCED_FACE('',(#744),#10741,.T.);
#11223=ADVANCED_FACE('',(#745),#10742,.T.);
#11224=ADVANCED_FACE('',(#746,#130,#131),#10743,.T.);
#11225=ADVANCED_FACE('',(#747),#10744,.T.);
#11226=ADVANCED_FACE('',(#748),#10745,.T.);
#11227=ADVANCED_FACE('',(#749),#513,.F.);
#11228=ADVANCED_FACE('',(#750),#10746,.F.);
#11229=ADVANCED_FACE('',(#751),#10747,.T.);
#11230=ADVANCED_FACE('',(#752),#10748,.T.);
#11231=ADVANCED_FACE('',(#753),#10749,.T.);
#11232=ADVANCED_FACE('',(#754),#10750,.T.);
#11233=ADVANCED_FACE('',(#755),#10751,.T.);
#11234=ADVANCED_FACE('',(#756),#10752,.T.);
#11235=ADVANCED_FACE('',(#757),#10753,.T.);
#11236=ADVANCED_FACE('',(#758),#10754,.T.);
#11237=ADVANCED_FACE('',(#759),#10755,.T.);
#11238=ADVANCED_FACE('',(#760),#10756,.T.);
#11239=ADVANCED_FACE('',(#761),#10757,.T.);
#11240=ADVANCED_FACE('',(#762),#10758,.T.);
#11241=ADVANCED_FACE('',(#763),#10759,.T.);
#11242=ADVANCED_FACE('',(#764),#10760,.T.);
#11243=ADVANCED_FACE('',(#765),#10761,.T.);
#11244=ADVANCED_FACE('',(#766),#10762,.T.);
#11245=ADVANCED_FACE('',(#767),#10763,.T.);
#11246=ADVANCED_FACE('',(#768),#10764,.T.);
#11247=ADVANCED_FACE('',(#769),#10765,.T.);
#11248=ADVANCED_FACE('',(#770),#10766,.T.);
#11249=ADVANCED_FACE('',(#771),#10767,.T.);
#11250=ADVANCED_FACE('',(#772),#10768,.T.);
#11251=ADVANCED_FACE('',(#773),#10769,.T.);
#11252=ADVANCED_FACE('',(#774),#10770,.T.);
#11253=ADVANCED_FACE('',(#775),#10771,.T.);
#11254=ADVANCED_FACE('',(#776),#10772,.T.);
#11255=ADVANCED_FACE('',(#777),#10773,.T.);
#11256=ADVANCED_FACE('',(#778),#10774,.T.);
#11257=ADVANCED_FACE('',(#779,#132,#133,#134,#135,#136,#137,#138,#139,#140),
#10775,.T.);
#11258=ADVANCED_FACE('',(#780),#10776,.T.);
#11259=ADVANCED_FACE('',(#781),#74,.F.);
#11260=ADVANCED_FACE('',(#782),#514,.F.);
#11261=ADVANCED_FACE('',(#783),#75,.F.);
#11262=ADVANCED_FACE('',(#784),#515,.F.);
#11263=ADVANCED_FACE('',(#785),#76,.F.);
#11264=ADVANCED_FACE('',(#786),#516,.F.);
#11265=ADVANCED_FACE('',(#787),#77,.F.);
#11266=ADVANCED_FACE('',(#788),#517,.F.);
#11267=ADVANCED_FACE('',(#789),#78,.F.);
#11268=ADVANCED_FACE('',(#790),#518,.F.);
#11269=ADVANCED_FACE('',(#791),#79,.F.);
#11270=ADVANCED_FACE('',(#792),#519,.F.);
#11271=ADVANCED_FACE('',(#793),#80,.F.);
#11272=ADVANCED_FACE('',(#794),#520,.F.);
#11273=ADVANCED_FACE('',(#795),#81,.F.);
#11274=ADVANCED_FACE('',(#796),#521,.F.);
#11275=ADVANCED_FACE('',(#797),#82,.F.);
#11276=ADVANCED_FACE('',(#798),#522,.F.);
#11277=ADVANCED_FACE('',(#799),#10777,.T.);
#11278=ADVANCED_FACE('',(#800),#523,.T.);
#11279=ADVANCED_FACE('',(#801),#10778,.T.);
#11280=ADVANCED_FACE('',(#802,#141,#142,#143,#144,#145,#146,#147,#148,#149,
#150),#10779,.T.);
#11281=ADVANCED_FACE('',(#803),#10780,.F.);
#11282=ADVANCED_FACE('',(#804),#10781,.F.);
#11283=ADVANCED_FACE('',(#805),#10782,.F.);
#11284=ADVANCED_FACE('',(#806),#10783,.F.);
#11285=ADVANCED_FACE('',(#807),#10784,.F.);
#11286=ADVANCED_FACE('',(#808),#10785,.F.);
#11287=ADVANCED_FACE('',(#809),#10786,.F.);
#11288=ADVANCED_FACE('',(#810),#10787,.F.);
#11289=ADVANCED_FACE('',(#811),#10788,.F.);
#11290=ADVANCED_FACE('',(#812),#10789,.F.);
#11291=ADVANCED_FACE('',(#813),#10790,.T.);
#11292=ADVANCED_FACE('',(#814),#10791,.T.);
#11293=ADVANCED_FACE('',(#815),#10792,.T.);
#11294=ADVANCED_FACE('',(#816),#10793,.T.);
#11295=ADVANCED_FACE('',(#817),#10794,.T.);
#11296=ADVANCED_FACE('',(#818),#10795,.T.);
#11297=ADVANCED_FACE('',(#819),#10796,.T.);
#11298=ADVANCED_FACE('',(#820),#10797,.T.);
#11299=ADVANCED_FACE('',(#821),#10798,.T.);
#11300=ADVANCED_FACE('',(#822),#10799,.T.);
#11301=ADVANCED_FACE('',(#823),#10800,.T.);
#11302=ADVANCED_FACE('',(#824),#10801,.T.);
#11303=ADVANCED_FACE('',(#825),#10802,.T.);
#11304=ADVANCED_FACE('',(#826),#10803,.T.);
#11305=ADVANCED_FACE('',(#827),#10804,.T.);
#11306=ADVANCED_FACE('',(#828),#10805,.T.);
#11307=ADVANCED_FACE('',(#829),#10806,.T.);
#11308=ADVANCED_FACE('',(#830),#10807,.T.);
#11309=ADVANCED_FACE('',(#831),#10808,.T.);
#11310=ADVANCED_FACE('',(#832),#10809,.T.);
#11311=ADVANCED_FACE('',(#833),#10810,.T.);
#11312=ADVANCED_FACE('',(#834),#10811,.T.);
#11313=ADVANCED_FACE('',(#835),#10812,.T.);
#11314=ADVANCED_FACE('',(#836),#10813,.T.);
#11315=ADVANCED_FACE('',(#837),#10814,.T.);
#11316=ADVANCED_FACE('',(#838),#10815,.T.);
#11317=ADVANCED_FACE('',(#839),#10816,.T.);
#11318=ADVANCED_FACE('',(#840),#10817,.T.);
#11319=ADVANCED_FACE('',(#841),#10818,.T.);
#11320=ADVANCED_FACE('',(#842),#10819,.T.);
#11321=ADVANCED_FACE('',(#843),#10820,.T.);
#11322=ADVANCED_FACE('',(#844),#10821,.T.);
#11323=ADVANCED_FACE('',(#845),#524,.F.);
#11324=ADVANCED_FACE('',(#846),#525,.F.);
#11325=ADVANCED_FACE('',(#847),#10822,.T.);
#11326=ADVANCED_FACE('',(#848),#10823,.T.);
#11327=ADVANCED_FACE('',(#849),#10824,.T.);
#11328=ADVANCED_FACE('',(#850),#10825,.T.);
#11329=ADVANCED_FACE('',(#851,#151,#152),#10826,.T.);
#11330=ADVANCED_FACE('',(#852),#526,.F.);
#11331=ADVANCED_FACE('',(#853),#527,.T.);
#11332=ADVANCED_FACE('',(#854),#528,.F.);
#11333=ADVANCED_FACE('',(#855),#529,.T.);
#11334=ADVANCED_FACE('',(#856),#530,.F.);
#11335=ADVANCED_FACE('',(#857),#531,.F.);
#11336=ADVANCED_FACE('',(#858),#10827,.F.);
#11337=ADVANCED_FACE('',(#859),#21,.F.);
#11338=ADVANCED_FACE('',(#860),#532,.F.);
#11339=ADVANCED_FACE('',(#861),#533,.F.);
#11340=ADVANCED_FACE('',(#862),#22,.F.);
#11341=ADVANCED_FACE('',(#863),#534,.F.);
#11342=ADVANCED_FACE('',(#864),#535,.F.);
#11343=ADVANCED_FACE('',(#865),#23,.F.);
#11344=ADVANCED_FACE('',(#866),#536,.F.);
#11345=ADVANCED_FACE('',(#867),#537,.F.);
#11346=ADVANCED_FACE('',(#868),#24,.F.);
#11347=ADVANCED_FACE('',(#869),#15,.F.);
#11348=ADVANCED_FACE('',(#870),#538,.F.);
#11349=ADVANCED_FACE('',(#871),#25,.F.);
#11350=ADVANCED_FACE('',(#872),#539,.F.);
#11351=ADVANCED_FACE('',(#873),#540,.F.);
#11352=ADVANCED_FACE('',(#874),#16,.F.);
#11353=ADVANCED_FACE('',(#875),#10828,.F.);
#11354=ADVANCED_FACE('',(#876),#10829,.F.);
#11355=ADVANCED_FACE('',(#877),#10830,.F.);
#11356=ADVANCED_FACE('',(#878),#541,.T.);
#11357=ADVANCED_FACE('',(#879),#26,.F.);
#11358=ADVANCED_FACE('',(#880),#542,.F.);
#11359=ADVANCED_FACE('',(#881),#543,.F.);
#11360=ADVANCED_FACE('',(#882),#17,.F.);
#11361=ADVANCED_FACE('',(#883),#13,.T.);
#11362=ADVANCED_FACE('',(#884),#10831,.F.);
#11363=ADVANCED_FACE('',(#885),#544,.F.);
#11364=ADVANCED_FACE('',(#886),#10832,.T.);
#11365=ADVANCED_FACE('',(#887),#545,.F.);
#11366=ADVANCED_FACE('',(#888),#10833,.T.);
#11367=ADVANCED_FACE('',(#889),#10834,.T.);
#11368=ADVANCED_FACE('',(#890),#10835,.F.);
#11369=ADVANCED_FACE('',(#891),#10836,.F.);
#11370=ADVANCED_FACE('',(#892),#10837,.F.);
#11371=ADVANCED_FACE('',(#893),#10838,.F.);
#11372=ADVANCED_FACE('',(#894),#10839,.F.);
#11373=ADVANCED_FACE('',(#895),#10840,.T.);
#11374=ADVANCED_FACE('',(#896),#10841,.T.);
#11375=ADVANCED_FACE('',(#897),#10842,.F.);
#11376=ADVANCED_FACE('',(#898),#10843,.F.);
#11377=ADVANCED_FACE('',(#899),#10844,.F.);
#11378=ADVANCED_FACE('',(#900),#10845,.T.);
#11379=ADVANCED_FACE('',(#901),#10846,.T.);
#11380=ADVANCED_FACE('',(#902),#10847,.F.);
#11381=ADVANCED_FACE('',(#903),#10848,.F.);
#11382=ADVANCED_FACE('',(#904),#10849,.F.);
#11383=ADVANCED_FACE('',(#905),#10850,.F.);
#11384=ADVANCED_FACE('',(#906),#10851,.F.);
#11385=ADVANCED_FACE('',(#907),#10852,.F.);
#11386=ADVANCED_FACE('',(#908),#10853,.T.);
#11387=ADVANCED_FACE('',(#909),#10854,.T.);
#11388=ADVANCED_FACE('',(#910),#10855,.F.);
#11389=ADVANCED_FACE('',(#911),#10856,.F.);
#11390=ADVANCED_FACE('',(#912),#10857,.F.);
#11391=ADVANCED_FACE('',(#913),#10858,.F.);
#11392=ADVANCED_FACE('',(#914),#10859,.F.);
#11393=ADVANCED_FACE('',(#915),#10860,.F.);
#11394=ADVANCED_FACE('',(#916),#10861,.T.);
#11395=ADVANCED_FACE('',(#917),#10862,.T.);
#11396=ADVANCED_FACE('',(#918),#10863,.F.);
#11397=ADVANCED_FACE('',(#919),#10864,.F.);
#11398=ADVANCED_FACE('',(#920),#10865,.F.);
#11399=ADVANCED_FACE('',(#921),#10866,.F.);
#11400=ADVANCED_FACE('',(#922),#10867,.F.);
#11401=ADVANCED_FACE('',(#923),#10868,.F.);
#11402=ADVANCED_FACE('',(#924),#10869,.T.);
#11403=ADVANCED_FACE('',(#925),#10870,.T.);
#11404=ADVANCED_FACE('',(#926),#10871,.F.);
#11405=ADVANCED_FACE('',(#927),#10872,.F.);
#11406=ADVANCED_FACE('',(#928),#10873,.F.);
#11407=ADVANCED_FACE('',(#929),#10874,.F.);
#11408=ADVANCED_FACE('',(#930),#10875,.F.);
#11409=ADVANCED_FACE('',(#931),#10876,.F.);
#11410=ADVANCED_FACE('',(#932),#10877,.F.);
#11411=ADVANCED_FACE('',(#933),#10878,.F.);
#11412=ADVANCED_FACE('',(#934),#10879,.F.);
#11413=ADVANCED_FACE('',(#935),#10880,.F.);
#11414=ADVANCED_FACE('',(#936),#10881,.F.);
#11415=ADVANCED_FACE('',(#937),#10882,.F.);
#11416=ADVANCED_FACE('',(#938),#10883,.F.);
#11417=ADVANCED_FACE('',(#939),#10884,.F.);
#11418=ADVANCED_FACE('',(#940),#10885,.F.);
#11419=ADVANCED_FACE('',(#941),#10886,.F.);
#11420=ADVANCED_FACE('',(#942),#10887,.F.);
#11421=ADVANCED_FACE('',(#943),#10888,.F.);
#11422=ADVANCED_FACE('',(#944),#10889,.F.);
#11423=ADVANCED_FACE('',(#945),#10890,.F.);
#11424=ADVANCED_FACE('',(#946),#10891,.F.);
#11425=ADVANCED_FACE('',(#947),#10892,.F.);
#11426=ADVANCED_FACE('',(#948),#10893,.F.);
#11427=ADVANCED_FACE('',(#949),#10894,.F.);
#11428=ADVANCED_FACE('',(#950),#10895,.F.);
#11429=ADVANCED_FACE('',(#951),#10896,.F.);
#11430=ADVANCED_FACE('',(#952,#153,#154,#155,#156),#10897,.T.);
#11431=ADVANCED_FACE('',(#953),#10898,.F.);
#11432=ADVANCED_FACE('',(#954),#10899,.F.);
#11433=ADVANCED_FACE('',(#955),#546,.T.);
#11434=ADVANCED_FACE('',(#956),#10900,.T.);
#11435=ADVANCED_FACE('',(#957),#547,.T.);
#11436=ADVANCED_FACE('',(#958),#548,.T.);
#11437=ADVANCED_FACE('',(#959),#549,.F.);
#11438=ADVANCED_FACE('',(#960),#83,.F.);
#11439=ADVANCED_FACE('',(#961),#550,.F.);
#11440=ADVANCED_FACE('',(#962),#84,.F.);
#11441=ADVANCED_FACE('',(#963),#551,.F.);
#11442=ADVANCED_FACE('',(#964),#85,.F.);
#11443=ADVANCED_FACE('',(#965),#552,.F.);
#11444=ADVANCED_FACE('',(#966),#86,.F.);
#11445=ADVANCED_FACE('',(#967),#10901,.T.);
#11446=ADVANCED_FACE('',(#968),#10902,.F.);
#11447=ADVANCED_FACE('',(#969),#10903,.F.);
#11448=ADVANCED_FACE('',(#970),#10904,.F.);
#11449=ADVANCED_FACE('',(#971),#10905,.T.);
#11450=ADVANCED_FACE('',(#972,#157,#158,#159,#160),#10906,.T.);
#11451=ADVANCED_FACE('',(#973),#553,.F.);
#11452=ADVANCED_FACE('',(#974),#554,.F.);
#11453=ADVANCED_FACE('',(#975),#10907,.T.);
#11454=ADVANCED_FACE('',(#976,#161,#162),#10908,.T.);
#11455=ADVANCED_FACE('',(#977),#555,.F.);
#11456=ADVANCED_FACE('',(#978),#556,.F.);
#11457=ADVANCED_FACE('',(#979),#557,.T.);
#11458=ADVANCED_FACE('',(#980),#558,.F.);
#11459=ADVANCED_FACE('',(#981),#559,.F.);
#11460=ADVANCED_FACE('',(#982),#560,.T.);
#11461=ADVANCED_FACE('',(#983),#27,.F.);
#11462=ADVANCED_FACE('',(#984),#561,.F.);
#11463=ADVANCED_FACE('',(#985),#562,.F.);
#11464=ADVANCED_FACE('',(#986),#563,.F.);
#11465=ADVANCED_FACE('',(#987,#163),#10909,.F.);
#11466=ADVANCED_FACE('',(#988),#10910,.F.);
#11467=ADVANCED_FACE('',(#989),#28,.F.);
#11468=ADVANCED_FACE('',(#990),#564,.F.);
#11469=ADVANCED_FACE('',(#991),#565,.F.);
#11470=ADVANCED_FACE('',(#992),#29,.F.);
#11471=ADVANCED_FACE('',(#993),#18,.F.);
#11472=ADVANCED_FACE('',(#994),#566,.F.);
#11473=ADVANCED_FACE('',(#995),#30,.F.);
#11474=ADVANCED_FACE('',(#996),#567,.F.);
#11475=ADVANCED_FACE('',(#997),#568,.F.);
#11476=ADVANCED_FACE('',(#998),#31,.F.);
#11477=ADVANCED_FACE('',(#999),#19,.F.);
#11478=ADVANCED_FACE('',(#1000),#569,.F.);
#11479=ADVANCED_FACE('',(#1001),#570,.F.);
#11480=ADVANCED_FACE('',(#1002),#571,.T.);
#11481=ADVANCED_FACE('',(#1003),#10911,.F.);
#11482=ADVANCED_FACE('',(#1004,#164,#165,#166),#10912,.F.);
#11483=ADVANCED_FACE('',(#1005),#572,.F.);
#11484=ADVANCED_FACE('',(#1006),#32,.F.);
#11485=ADVANCED_FACE('',(#1007),#20,.F.);
#11486=ADVANCED_FACE('',(#1008),#14,.T.);
#11487=ADVANCED_FACE('',(#1009),#573,.F.);
#11488=ADVANCED_FACE('',(#1010),#574,.F.);
#11489=ADVANCED_FACE('',(#1011),#575,.F.);
#11490=ADVANCED_FACE('',(#1012),#10913,.T.);
#11491=ADVANCED_FACE('',(#1013),#10914,.T.);
#11492=ADVANCED_FACE('',(#1014),#10915,.F.);
#11493=ADVANCED_FACE('',(#1015),#10916,.F.);
#11494=ADVANCED_FACE('',(#1016),#10917,.F.);
#11495=ADVANCED_FACE('',(#1017),#10918,.F.);
#11496=ADVANCED_FACE('',(#1018),#10919,.T.);
#11497=ADVANCED_FACE('',(#1019),#10920,.T.);
#11498=ADVANCED_FACE('',(#1020),#10921,.F.);
#11499=ADVANCED_FACE('',(#1021),#10922,.F.);
#11500=ADVANCED_FACE('',(#1022),#10923,.F.);
#11501=ADVANCED_FACE('',(#1023),#10924,.F.);
#11502=ADVANCED_FACE('',(#1024),#10925,.F.);
#11503=ADVANCED_FACE('',(#1025),#10926,.T.);
#11504=ADVANCED_FACE('',(#1026),#10927,.F.);
#11505=ADVANCED_FACE('',(#1027),#10928,.F.);
#11506=ADVANCED_FACE('',(#1028),#10929,.F.);
#11507=ADVANCED_FACE('',(#1029),#10930,.T.);
#11508=ADVANCED_FACE('',(#1030),#10931,.F.);
#11509=ADVANCED_FACE('',(#1031),#10932,.F.);
#11510=ADVANCED_FACE('',(#1032),#10933,.F.);
#11511=ADVANCED_FACE('',(#1033),#10934,.T.);
#11512=ADVANCED_FACE('',(#1034),#10935,.F.);
#11513=ADVANCED_FACE('',(#1035),#10936,.F.);
#11514=ADVANCED_FACE('',(#1036),#10937,.F.);
#11515=ADVANCED_FACE('',(#1037),#10938,.T.);
#11516=ADVANCED_FACE('',(#1038),#10939,.F.);
#11517=ADVANCED_FACE('',(#1039),#10940,.F.);
#11518=ADVANCED_FACE('',(#1040),#10941,.F.);
#11519=ADVANCED_FACE('',(#1041),#10942,.T.);
#11520=ADVANCED_FACE('',(#1042),#10943,.F.);
#11521=ADVANCED_FACE('',(#1043),#10944,.F.);
#11522=ADVANCED_FACE('',(#1044),#10945,.F.);
#11523=ADVANCED_FACE('',(#1045),#10946,.T.);
#11524=ADVANCED_FACE('',(#1046),#10947,.T.);
#11525=ADVANCED_FACE('',(#1047),#10948,.F.);
#11526=ADVANCED_FACE('',(#1048),#10949,.F.);
#11527=ADVANCED_FACE('',(#1049),#10950,.F.);
#11528=ADVANCED_FACE('',(#1050),#10951,.T.);
#11529=ADVANCED_FACE('',(#1051),#10952,.F.);
#11530=ADVANCED_FACE('',(#1052),#10953,.F.);
#11531=ADVANCED_FACE('',(#1053),#10954,.F.);
#11532=ADVANCED_FACE('',(#1054),#10955,.T.);
#11533=ADVANCED_FACE('',(#1055),#10956,.F.);
#11534=ADVANCED_FACE('',(#1056),#10957,.F.);
#11535=ADVANCED_FACE('',(#1057),#10958,.F.);
#11536=ADVANCED_FACE('',(#1058),#10959,.T.);
#11537=ADVANCED_FACE('',(#1059),#10960,.F.);
#11538=ADVANCED_FACE('',(#1060),#10961,.F.);
#11539=ADVANCED_FACE('',(#1061),#10962,.F.);
#11540=ADVANCED_FACE('',(#1062),#10963,.T.);
#11541=ADVANCED_FACE('',(#1063),#10964,.T.);
#11542=ADVANCED_FACE('',(#1064),#10965,.T.);
#11543=ADVANCED_FACE('',(#1065),#10966,.T.);
#11544=ADVANCED_FACE('',(#1066),#10967,.T.);
#11545=ADVANCED_FACE('',(#1067),#10968,.T.);
#11546=ADVANCED_FACE('',(#1068),#10969,.T.);
#11547=ADVANCED_FACE('',(#1069),#10970,.T.);
#11548=ADVANCED_FACE('',(#1070),#10971,.T.);
#11549=ADVANCED_FACE('',(#1071),#10972,.T.);
#11550=ADVANCED_FACE('',(#1072),#10973,.T.);
#11551=ADVANCED_FACE('',(#1073),#10974,.T.);
#11552=ADVANCED_FACE('',(#1074),#10975,.T.);
#11553=ADVANCED_FACE('',(#1075),#10976,.T.);
#11554=ADVANCED_FACE('',(#1076),#10977,.T.);
#11555=ADVANCED_FACE('',(#1077),#10978,.T.);
#11556=ADVANCED_FACE('',(#1078),#10979,.T.);
#11557=ADVANCED_FACE('',(#1079),#10980,.T.);
#11558=ADVANCED_FACE('',(#1080),#10981,.T.);
#11559=ADVANCED_FACE('',(#1081),#10982,.T.);
#11560=ADVANCED_FACE('',(#1082),#10983,.T.);
#11561=ADVANCED_FACE('',(#1083),#10984,.T.);
#11562=ADVANCED_FACE('',(#1084),#10985,.T.);
#11563=ADVANCED_FACE('',(#1085,#167,#168,#169,#170),#10986,.T.);
#11564=ADVANCED_FACE('',(#1086),#10987,.T.);
#11565=ADVANCED_FACE('',(#1087,#171,#172),#10988,.T.);
#11566=ADVANCED_FACE('',(#1088),#10989,.F.);
#11567=ADVANCED_FACE('',(#1089),#576,.T.);
#11568=ADVANCED_FACE('',(#1090),#10990,.F.);
#11569=ADVANCED_FACE('',(#1091),#10991,.F.);
#11570=ADVANCED_FACE('',(#1092),#10992,.F.);
#11571=ADVANCED_FACE('',(#1093),#577,.T.);
#11572=ADVANCED_FACE('',(#1094),#578,.T.);
#11573=ADVANCED_FACE('',(#1095),#579,.F.);
#11574=ADVANCED_FACE('',(#1096),#87,.F.);
#11575=ADVANCED_FACE('',(#1097),#580,.F.);
#11576=ADVANCED_FACE('',(#1098),#88,.F.);
#11577=ADVANCED_FACE('',(#1099),#581,.F.);
#11578=ADVANCED_FACE('',(#1100),#89,.F.);
#11579=ADVANCED_FACE('',(#1101),#582,.F.);
#11580=ADVANCED_FACE('',(#1102),#90,.F.);
#11581=ADVANCED_FACE('',(#1103),#10993,.F.);
#11582=ADVANCED_FACE('',(#1104),#10994,.F.);
#11583=ADVANCED_FACE('',(#1105),#10995,.F.);
#11584=ADVANCED_FACE('',(#1106),#10996,.F.);
#11585=ADVANCED_FACE('',(#1107),#10997,.F.);
#11586=ADVANCED_FACE('',(#1108),#10998,.F.);
#11587=ADVANCED_FACE('',(#1109),#583,.F.);
#11588=ADVANCED_FACE('',(#1110),#10999,.F.);
#11589=ADVANCED_FACE('',(#1111),#584,.F.);
#11590=ADVANCED_FACE('',(#1112),#11000,.F.);
#11591=ADVANCED_FACE('',(#1113),#585,.F.);
#11592=ADVANCED_FACE('',(#1114),#11001,.F.);
#11593=ADVANCED_FACE('',(#1115),#586,.F.);
#11594=ADVANCED_FACE('',(#1116),#11002,.F.);
#11595=ADVANCED_FACE('',(#1117),#11003,.F.);
#11596=ADVANCED_FACE('',(#1118),#11004,.F.);
#11597=ADVANCED_FACE('',(#1119),#11005,.F.);
#11598=ADVANCED_FACE('',(#1120),#11006,.F.);
#11599=ADVANCED_FACE('',(#1121),#11007,.F.);
#11600=ADVANCED_FACE('',(#1122),#11008,.F.);
#11601=ADVANCED_FACE('',(#1123),#11009,.F.);
#11602=ADVANCED_FACE('',(#1124),#11010,.F.);
#11603=ADVANCED_FACE('',(#1125,#173),#11011,.T.);
#11604=ADVANCED_FACE('',(#1126),#587,.T.);
#11605=ADVANCED_FACE('',(#1127),#588,.F.);
#11606=ADVANCED_FACE('',(#1128),#11012,.F.);
#11607=ADVANCED_FACE('',(#1129,#174),#11013,.T.);
#11608=ADVANCED_FACE('',(#1130),#589,.T.);
#11609=ADVANCED_FACE('',(#1131),#11014,.T.);
#11610=ADVANCED_FACE('',(#1132),#590,.F.);
#11611=ADVANCED_FACE('',(#1133),#11015,.F.);
#11612=ADVANCED_FACE('',(#1134,#175),#11016,.T.);
#11613=ADVANCED_FACE('',(#1135),#591,.T.);
#11614=ADVANCED_FACE('',(#1136),#11017,.T.);
#11615=ADVANCED_FACE('',(#1137),#592,.F.);
#11616=ADVANCED_FACE('',(#1138,#176),#11018,.T.);
#11617=ADVANCED_FACE('',(#1139),#593,.T.);
#11618=ADVANCED_FACE('',(#1140),#11019,.T.);
#11619=ADVANCED_FACE('',(#1141),#594,.F.);
#11620=ADVANCED_FACE('',(#1142),#11020,.T.);
#11621=ADVANCED_FACE('',(#1143,#177,#178,#179,#180),#11021,.T.);
#11622=ADVANCED_FACE('',(#1144),#11022,.T.);
#11623=ADVANCED_FACE('',(#1145),#595,.F.);
#11624=ADVANCED_FACE('',(#1146),#596,.F.);
#11625=ADVANCED_FACE('',(#1147),#11023,.T.);
#11626=ADVANCED_FACE('',(#1148,#181,#182),#11024,.T.);
#11627=ADVANCED_FACE('',(#1149),#11025,.F.);
#11628=ADVANCED_FACE('',(#1150),#11026,.T.);
#11629=ADVANCED_FACE('',(#1151),#11027,.T.);
#11630=ADVANCED_FACE('',(#1152),#11028,.T.);
#11631=ADVANCED_FACE('',(#1153),#11029,.F.);
#11632=ADVANCED_FACE('',(#1154,#183,#184),#11030,.F.);
#11633=ADVANCED_FACE('',(#1155),#597,.T.);
#11634=ADVANCED_FACE('',(#1156),#11031,.T.);
#11635=ADVANCED_FACE('',(#1157),#598,.T.);
#11636=ADVANCED_FACE('',(#1158),#11032,.T.);
#11637=ADVANCED_FACE('',(#1159),#599,.F.);
#11638=ADVANCED_FACE('',(#1160),#11033,.T.);
#11639=ADVANCED_FACE('',(#1161),#600,.F.);
#11640=ADVANCED_FACE('',(#1162),#11034,.T.);
#11641=ADVANCED_FACE('',(#1163),#11035,.T.);
#11642=ADVANCED_FACE('',(#1164),#11036,.T.);
#11643=ADVANCED_FACE('',(#1165),#11037,.T.);
#11644=ADVANCED_FACE('',(#1166),#11038,.T.);
#11645=ADVANCED_FACE('',(#1167),#11039,.T.);
#11646=ADVANCED_FACE('',(#1168),#11040,.T.);
#11647=ADVANCED_FACE('',(#1169),#11041,.F.);
#11648=ADVANCED_FACE('',(#1170),#11042,.T.);
#11649=ADVANCED_FACE('',(#1171),#11043,.T.);
#11650=ADVANCED_FACE('',(#1172),#11044,.T.);
#11651=ADVANCED_FACE('',(#1173),#11045,.T.);
#11652=ADVANCED_FACE('',(#1174),#11046,.T.);
#11653=ADVANCED_FACE('',(#1175),#11047,.T.);
#11654=ADVANCED_FACE('',(#1176),#11048,.T.);
#11655=ADVANCED_FACE('',(#1177),#11049,.T.);
#11656=ADVANCED_FACE('',(#1178),#601,.F.);
#11657=ADVANCED_FACE('',(#1179),#11050,.T.);
#11658=ADVANCED_FACE('',(#1180),#602,.F.);
#11659=ADVANCED_FACE('',(#1181),#11051,.T.);
#11660=ADVANCED_FACE('',(#1182),#603,.F.);
#11661=ADVANCED_FACE('',(#1183),#11052,.T.);
#11662=ADVANCED_FACE('',(#1184),#604,.F.);
#11663=ADVANCED_FACE('',(#1185),#11053,.T.);
#11664=ADVANCED_FACE('',(#1186),#605,.F.);
#11665=ADVANCED_FACE('',(#1187),#11054,.T.);
#11666=ADVANCED_FACE('',(#1188),#606,.F.);
#11667=ADVANCED_FACE('',(#1189),#11055,.T.);
#11668=ADVANCED_FACE('',(#1190),#11056,.T.);
#11669=ADVANCED_FACE('',(#1191),#11057,.T.);
#11670=ADVANCED_FACE('',(#1192),#11058,.T.);
#11671=ADVANCED_FACE('',(#1193,#185,#186,#187,#188,#189,#190),#11059,.F.);
#11672=ADVANCED_FACE('',(#1194),#11060,.F.);
#11673=ADVANCED_FACE('',(#1195),#11061,.T.);
#11674=ADVANCED_FACE('',(#1196),#11062,.T.);
#11675=ADVANCED_FACE('',(#1197),#11063,.T.);
#11676=ADVANCED_FACE('',(#1198),#11064,.T.);
#11677=ADVANCED_FACE('',(#1199),#11065,.F.);
#11678=ADVANCED_FACE('',(#1200),#11066,.T.);
#11679=ADVANCED_FACE('',(#1201,#191,#192,#193,#194,#195,#196,#197,#198,
#199,#200,#201,#202,#203,#204,#205),#11067,.F.);
#11680=ADVANCED_FACE('',(#1202),#11068,.T.);
#11681=ADVANCED_FACE('',(#1203),#11069,.T.);
#11682=ADVANCED_FACE('',(#1204),#11070,.F.);
#11683=ADVANCED_FACE('',(#1205),#11071,.F.);
#11684=ADVANCED_FACE('',(#1206),#11072,.T.);
#11685=ADVANCED_FACE('',(#1207),#11073,.T.);
#11686=ADVANCED_FACE('',(#1208),#607,.F.);
#11687=ADVANCED_FACE('',(#1209),#11074,.T.);
#11688=ADVANCED_FACE('',(#1210),#608,.F.);
#11689=ADVANCED_FACE('',(#1211),#11075,.T.);
#11690=ADVANCED_FACE('',(#1212),#609,.F.);
#11691=ADVANCED_FACE('',(#1213),#11076,.T.);
#11692=ADVANCED_FACE('',(#1214),#610,.F.);
#11693=ADVANCED_FACE('',(#1215),#11077,.T.);
#11694=ADVANCED_FACE('',(#1216),#611,.F.);
#11695=ADVANCED_FACE('',(#1217),#11078,.T.);
#11696=ADVANCED_FACE('',(#1218),#612,.F.);
#11697=ADVANCED_FACE('',(#1219),#11079,.T.);
#11698=ADVANCED_FACE('',(#1220),#613,.F.);
#11699=ADVANCED_FACE('',(#1221),#11080,.T.);
#11700=ADVANCED_FACE('',(#1222),#614,.F.);
#11701=ADVANCED_FACE('',(#1223),#11081,.T.);
#11702=ADVANCED_FACE('',(#1224),#615,.F.);
#11703=ADVANCED_FACE('',(#1225),#11082,.T.);
#11704=ADVANCED_FACE('',(#1226),#616,.F.);
#11705=ADVANCED_FACE('',(#1227),#11083,.T.);
#11706=ADVANCED_FACE('',(#1228),#617,.F.);
#11707=ADVANCED_FACE('',(#1229),#11084,.T.);
#11708=ADVANCED_FACE('',(#1230),#618,.F.);
#11709=ADVANCED_FACE('',(#1231),#11085,.T.);
#11710=ADVANCED_FACE('',(#1232),#619,.F.);
#11711=ADVANCED_FACE('',(#1233),#11086,.T.);
#11712=ADVANCED_FACE('',(#1234),#620,.F.);
#11713=ADVANCED_FACE('',(#1235),#11087,.T.);
#11714=ADVANCED_FACE('',(#1236),#621,.F.);
#11715=ADVANCED_FACE('',(#1237),#11088,.T.);
#11716=ADVANCED_FACE('',(#1238),#622,.F.);
#11717=ADVANCED_FACE('',(#1239),#11089,.T.);
#11718=ADVANCED_FACE('',(#1240),#623,.F.);
#11719=ADVANCED_FACE('',(#1241),#11090,.T.);
#11720=ADVANCED_FACE('',(#1242),#11091,.T.);
#11721=ADVANCED_FACE('',(#1243),#11092,.T.);
#11722=ADVANCED_FACE('',(#1244),#11093,.T.);
#11723=ADVANCED_FACE('',(#1245),#11094,.T.);
#11724=ADVANCED_FACE('',(#1246),#11095,.F.);
#11725=ADVANCED_FACE('',(#1247),#11096,.T.);
#11726=ADVANCED_FACE('',(#1248),#11097,.F.);
#11727=ADVANCED_FACE('',(#1249),#11098,.T.);
#11728=ADVANCED_FACE('',(#1250),#11099,.T.);
#11729=ADVANCED_FACE('',(#1251),#11100,.T.);
#11730=ADVANCED_FACE('',(#1252),#11101,.F.);
#11731=CLOSED_SHELL('',(#11102,#11103,#11104,#11105,#11106,#11107,#11108,
#11109,#11110,#11111,#11112,#11113,#11114,#11115,#11116,#11117));
#11732=CLOSED_SHELL('',(#11118,#11119,#11120,#11121,#11122,#11123,#11124,
#11125,#11126,#11127,#11128,#11129,#11130,#11131,#11132,#11133,#11134,#11135,
#11136,#11137,#11138,#11139,#11140,#11141,#11142,#11143,#11144,#11145,#11146,
#11147,#11148,#11149,#11150,#11151,#11152,#11153,#11154,#11155,#11156,#11157,
#11158,#11159,#11160,#11161,#11162,#11163,#11164,#11165,#11166,#11167,#11168,
#11169,#11170,#11171,#11172,#11173,#11174,#11175,#11176,#11177,#11178,#11179,
#11180,#11181,#11182,#11183,#11184,#11185,#11186,#11187,#11188,#11189,#11190,
#11191,#11192,#11193,#11194,#11195,#11196,#11197,#11198,#11199,#11200,#11201,
#11202,#11203,#11204,#11205,#11206,#11207,#11208,#11209,#11210,#11211,#11212,
#11213,#11214,#11215,#11216,#11217,#11218,#11219,#11220,#11221,#11222,#11223,
#11224));
#11733=CLOSED_SHELL('',(#11225,#11226,#11227,#11228,#11229,#11230,#11231,
#11232,#11233,#11234,#11235,#11236,#11237,#11238,#11239,#11240,#11241,#11242,
#11243,#11244,#11245,#11246,#11247,#11248,#11249,#11250,#11251,#11252,#11253,
#11254,#11255,#11256,#11257,#11258,#11259,#11260,#11261,#11262,#11263,#11264,
#11265,#11266,#11267,#11268,#11269,#11270,#11271,#11272,#11273,#11274,#11275,
#11276,#11277,#11278,#11279,#11280,#11281,#11282,#11283,#11284,#11285,#11286,
#11287,#11288,#11289,#11290,#11291,#11292,#11293,#11294,#11295,#11296,#11297,
#11298,#11299,#11300,#11301,#11302,#11303,#11304,#11305,#11306,#11307,#11308,
#11309,#11310,#11311,#11312,#11313,#11314,#11315,#11316,#11317,#11318,#11319,
#11320,#11321,#11322,#11323,#11324,#11325,#11326,#11327,#11328,#11329));
#11734=CLOSED_SHELL('',(#11330,#11331,#11332,#11333,#11334,#11335,#11336,
#11337,#11338,#11339,#11340,#11341,#11342,#11343,#11344,#11345,#11346,#11347,
#11348,#11349,#11350,#11351,#11352,#11353,#11354,#11355,#11356,#11357,#11358,
#11359,#11360,#11361,#11362,#11363,#11364,#11365,#11366,#11367,#11368,#11369,
#11370,#11371,#11372,#11373,#11374,#11375,#11376,#11377,#11378,#11379,#11380,
#11381,#11382,#11383,#11384,#11385,#11386,#11387,#11388,#11389,#11390,#11391,
#11392,#11393,#11394,#11395,#11396,#11397,#11398,#11399,#11400,#11401,#11402,
#11403,#11404,#11405,#11406,#11407,#11408,#11409,#11410,#11411,#11412,#11413,
#11414,#11415,#11416,#11417,#11418,#11419,#11420,#11421,#11422,#11423,#11424,
#11425,#11426,#11427,#11428,#11429,#11430,#11431,#11432,#11433,#11434,#11435,
#11436,#11437,#11438,#11439,#11440,#11441,#11442,#11443,#11444,#11445,#11446,
#11447,#11448,#11449,#11450,#11451,#11452,#11453,#11454));
#11735=CLOSED_SHELL('',(#11455,#11456,#11457,#11458,#11459,#11460,#11461,
#11462,#11463,#11464,#11465,#11466,#11467,#11468,#11469,#11470,#11471,#11472,
#11473,#11474,#11475,#11476,#11477,#11478,#11479,#11480,#11481,#11482,#11483,
#11484,#11485,#11486,#11487,#11488,#11489,#11490,#11491,#11492,#11493,#11494,
#11495,#11496,#11497,#11498,#11499,#11500,#11501,#11502,#11503,#11504,#11505,
#11506,#11507,#11508,#11509,#11510,#11511,#11512,#11513,#11514,#11515,#11516,
#11517,#11518,#11519,#11520,#11521,#11522,#11523,#11524,#11525,#11526,#11527,
#11528,#11529,#11530,#11531,#11532,#11533,#11534,#11535,#11536,#11537,#11538,
#11539,#11540,#11541,#11542,#11543,#11544,#11545,#11546,#11547,#11548,#11549,
#11550,#11551,#11552,#11553,#11554,#11555,#11556,#11557,#11558,#11559,#11560,
#11561,#11562,#11563,#11564,#11565,#11566,#11567,#11568,#11569,#11570,#11571,
#11572,#11573,#11574,#11575,#11576,#11577,#11578,#11579,#11580,#11581,#11582,
#11583,#11584,#11585,#11586,#11587,#11588,#11589,#11590,#11591,#11592,#11593,
#11594,#11595,#11596,#11597,#11598,#11599,#11600,#11601,#11602,#11603,#11604,
#11605,#11606,#11607,#11608,#11609,#11610,#11611,#11612,#11613,#11614,#11615,
#11616,#11617,#11618,#11619,#11620,#11621,#11622,#11623,#11624,#11625,#11626));
#11736=CLOSED_SHELL('',(#11627,#11628,#11629,#11630,#11631,#11632,#11633,
#11634,#11635,#11636,#11637,#11638,#11639,#11640,#11641,#11642));
#11737=CLOSED_SHELL('',(#11643,#11644,#11645,#11646,#11647,#11648,#11649,
#11650,#11651,#11652,#11653,#11654,#11655,#11656,#11657,#11658,#11659,#11660,
#11661,#11662,#11663,#11664,#11665,#11666,#11667,#11668,#11669,#11670,#11671,
#11672,#11673,#11674));
#11738=CLOSED_SHELL('',(#11675,#11676,#11677,#11678,#11679,#11680,#11681,
#11682,#11683,#11684,#11685,#11686,#11687,#11688,#11689,#11690,#11691,#11692,
#11693,#11694,#11695,#11696,#11697,#11698,#11699,#11700,#11701,#11702,#11703,
#11704,#11705,#11706,#11707,#11708,#11709,#11710,#11711,#11712,#11713,#11714,
#11715,#11716,#11717,#11718,#11719,#11720,#11721,#11722,#11723,#11724,#11725,
#11726,#11727,#11728,#11729,#11730));
#11739=DERIVED_UNIT_ELEMENT(#11741,1.);
#11740=DERIVED_UNIT_ELEMENT(#19484,-3.);
#11741=(
MASS_UNIT()
NAMED_UNIT(*)
SI_UNIT(.KILO.,.GRAM.)
);
#11742=DERIVED_UNIT((#11739,#11740));
#11743=MEASURE_REPRESENTATION_ITEM('density measure',
POSITIVE_RATIO_MEASURE(7850.),#11742);
#11744=PROPERTY_DEFINITION_REPRESENTATION(#11749,#11746);
#11745=PROPERTY_DEFINITION_REPRESENTATION(#11750,#11747);
#11746=REPRESENTATION('material name',(#11748),#19481);
#11747=REPRESENTATION('density',(#11743),#19481);
#11748=DESCRIPTIVE_REPRESENTATION_ITEM('Stahl','Stahl');
#11749=PROPERTY_DEFINITION('material property','material name',#19491);
#11750=PROPERTY_DEFINITION('material property','density of part',#19491);
#11751=AXIS2_PLACEMENT_3D('',#15847,#12674,#12675);
#11752=AXIS2_PLACEMENT_3D('',#15848,#12676,#12677);
#11753=AXIS2_PLACEMENT_3D('',#15857,#12682,#12683);
#11754=AXIS2_PLACEMENT_3D('',#15863,#12687,#12688);
#11755=AXIS2_PLACEMENT_3D('',#15867,#12691,#12692);
#11756=AXIS2_PLACEMENT_3D('',#15871,#12695,#12696);
#11757=AXIS2_PLACEMENT_3D('',#15873,#12697,#12698);
#11758=AXIS2_PLACEMENT_3D('',#15876,#12700,#12701);
#11759=AXIS2_PLACEMENT_3D('',#15877,#12702,#12703);
#11760=AXIS2_PLACEMENT_3D('',#15878,#12704,#12705);
#11761=AXIS2_PLACEMENT_3D('',#15880,#12706,#12707);
#11762=AXIS2_PLACEMENT_3D('',#15883,#12709,#12710);
#11763=AXIS2_PLACEMENT_3D('',#15884,#12711,#12712);
#11764=AXIS2_PLACEMENT_3D('',#15885,#12713,#12714);
#11765=AXIS2_PLACEMENT_3D('',#15888,#12715,#12716);
#11766=AXIS2_PLACEMENT_3D('',#15892,#12718,#12719);
#11767=AXIS2_PLACEMENT_3D('',#15894,#12721,#12722);
#11768=AXIS2_PLACEMENT_3D('',#15901,#12726,#12727);
#11769=AXIS2_PLACEMENT_3D('',#15905,#12730,#12731);
#11770=AXIS2_PLACEMENT_3D('',#15909,#12734,#12735);
#11771=AXIS2_PLACEMENT_3D('',#15911,#12736,#12737);
#11772=AXIS2_PLACEMENT_3D('',#15913,#12739,#12740);
#11773=AXIS2_PLACEMENT_3D('',#15917,#12743,#12744);
#11774=AXIS2_PLACEMENT_3D('',#15921,#12747,#12748);
#11775=AXIS2_PLACEMENT_3D('',#15923,#12750,#12751);
#11776=AXIS2_PLACEMENT_3D('',#15924,#12752,#12753);
#11777=AXIS2_PLACEMENT_3D('',#15926,#12754,#12755);
#11778=AXIS2_PLACEMENT_3D('',#15927,#12756,#12757);
#11779=AXIS2_PLACEMENT_3D('',#15929,#12758,#12759);
#11780=AXIS2_PLACEMENT_3D('',#15930,#12760,#12761);
#11781=AXIS2_PLACEMENT_3D('',#15933,#12762,#12763);
#11782=AXIS2_PLACEMENT_3D('',#15937,#12765,#12766);
#11783=AXIS2_PLACEMENT_3D('',#15939,#12768,#12769);
#11784=AXIS2_PLACEMENT_3D('',#15941,#12770,#12771);
#11785=AXIS2_PLACEMENT_3D('',#15944,#12773,#12774);
#11786=AXIS2_PLACEMENT_3D('',#15945,#12775,#12776);
#11787=AXIS2_PLACEMENT_3D('',#15947,#12777,#12778);
#11788=AXIS2_PLACEMENT_3D('',#15949,#12780,#12781);
#11789=AXIS2_PLACEMENT_3D('',#15951,#12782,#12783);
#11790=AXIS2_PLACEMENT_3D('',#15954,#12785,#12786);
#11791=AXIS2_PLACEMENT_3D('',#15955,#12787,#12788);
#11792=AXIS2_PLACEMENT_3D('',#15957,#12789,#12790);
#11793=AXIS2_PLACEMENT_3D('',#15959,#12792,#12793);
#11794=AXIS2_PLACEMENT_3D('',#15961,#12794,#12795);
#11795=AXIS2_PLACEMENT_3D('',#15964,#12797,#12798);
#11796=AXIS2_PLACEMENT_3D('',#15965,#12799,#12800);
#11797=AXIS2_PLACEMENT_3D('',#15967,#12801,#12802);
#11798=AXIS2_PLACEMENT_3D('',#15969,#12804,#12805);
#11799=AXIS2_PLACEMENT_3D('',#15971,#12806,#12807);
#11800=AXIS2_PLACEMENT_3D('',#15974,#12809,#12810);
#11801=AXIS2_PLACEMENT_3D('',#15975,#12811,#12812);
#11802=AXIS2_PLACEMENT_3D('',#15977,#12813,#12814);
#11803=AXIS2_PLACEMENT_3D('',#15979,#12816,#12817);
#11804=AXIS2_PLACEMENT_3D('',#15981,#12818,#12819);
#11805=AXIS2_PLACEMENT_3D('',#15984,#12821,#12822);
#11806=AXIS2_PLACEMENT_3D('',#15985,#12823,#12824);
#11807=AXIS2_PLACEMENT_3D('',#15987,#12825,#12826);
#11808=AXIS2_PLACEMENT_3D('',#15989,#12828,#12829);
#11809=AXIS2_PLACEMENT_3D('',#15991,#12830,#12831);
#11810=AXIS2_PLACEMENT_3D('',#15994,#12833,#12834);
#11811=AXIS2_PLACEMENT_3D('',#15995,#12835,#12836);
#11812=AXIS2_PLACEMENT_3D('',#15997,#12837,#12838);
#11813=AXIS2_PLACEMENT_3D('',#15999,#12840,#12841);
#11814=AXIS2_PLACEMENT_3D('',#16001,#12842,#12843);
#11815=AXIS2_PLACEMENT_3D('',#16004,#12845,#12846);
#11816=AXIS2_PLACEMENT_3D('',#16005,#12847,#12848);
#11817=AXIS2_PLACEMENT_3D('',#16007,#12849,#12850);
#11818=AXIS2_PLACEMENT_3D('',#16009,#12852,#12853);
#11819=AXIS2_PLACEMENT_3D('',#16011,#12854,#12855);
#11820=AXIS2_PLACEMENT_3D('',#16014,#12857,#12858);
#11821=AXIS2_PLACEMENT_3D('',#16015,#12859,#12860);
#11822=AXIS2_PLACEMENT_3D('',#16017,#12861,#12862);
#11823=AXIS2_PLACEMENT_3D('',#16019,#12864,#12865);
#11824=AXIS2_PLACEMENT_3D('',#16021,#12866,#12867);
#11825=AXIS2_PLACEMENT_3D('',#16024,#12869,#12870);
#11826=AXIS2_PLACEMENT_3D('',#16025,#12871,#12872);
#11827=AXIS2_PLACEMENT_3D('',#16027,#12873,#12874);
#11828=AXIS2_PLACEMENT_3D('',#16029,#12876,#12877);
#11829=AXIS2_PLACEMENT_3D('',#16031,#12878,#12879);
#11830=AXIS2_PLACEMENT_3D('',#16034,#12881,#12882);
#11831=AXIS2_PLACEMENT_3D('',#16035,#12883,#12884);
#11832=AXIS2_PLACEMENT_3D('',#16037,#12885,#12886);
#11833=AXIS2_PLACEMENT_3D('',#16039,#12888,#12889);
#11834=AXIS2_PLACEMENT_3D('',#16048,#12894,#12895);
#11835=AXIS2_PLACEMENT_3D('',#16054,#12899,#12900);
#11836=AXIS2_PLACEMENT_3D('',#16060,#12904,#12905);
#11837=AXIS2_PLACEMENT_3D('',#16066,#12909,#12910);
#11838=AXIS2_PLACEMENT_3D('',#16072,#12914,#12915);
#11839=AXIS2_PLACEMENT_3D('',#16078,#12919,#12920);
#11840=AXIS2_PLACEMENT_3D('',#16084,#12924,#12925);
#11841=AXIS2_PLACEMENT_3D('',#16090,#12929,#12930);
#11842=AXIS2_PLACEMENT_3D('',#16096,#12934,#12935);
#11843=AXIS2_PLACEMENT_3D('',#16102,#12939,#12940);
#11844=AXIS2_PLACEMENT_3D('',#16108,#12944,#12945);
#11845=AXIS2_PLACEMENT_3D('',#16114,#12949,#12950);
#11846=AXIS2_PLACEMENT_3D('',#16120,#12954,#12955);
#11847=AXIS2_PLACEMENT_3D('',#16126,#12959,#12960);
#11848=AXIS2_PLACEMENT_3D('',#16132,#12964,#12965);
#11849=AXIS2_PLACEMENT_3D('',#16138,#12969,#12970);
#11850=AXIS2_PLACEMENT_3D('',#16144,#12974,#12975);
#11851=AXIS2_PLACEMENT_3D('',#16150,#12979,#12980);
#11852=AXIS2_PLACEMENT_3D('',#16156,#12984,#12985);
#11853=AXIS2_PLACEMENT_3D('',#16162,#12989,#12990);
#11854=AXIS2_PLACEMENT_3D('',#16168,#12994,#12995);
#11855=AXIS2_PLACEMENT_3D('',#16174,#12999,#13000);
#11856=AXIS2_PLACEMENT_3D('',#16180,#13004,#13005);
#11857=AXIS2_PLACEMENT_3D('',#16186,#13009,#13010);
#11858=AXIS2_PLACEMENT_3D('',#16192,#13014,#13015);
#11859=AXIS2_PLACEMENT_3D('',#16198,#13019,#13020);
#11860=AXIS2_PLACEMENT_3D('',#16204,#13024,#13025);
#11861=AXIS2_PLACEMENT_3D('',#16210,#13029,#13030);
#11862=AXIS2_PLACEMENT_3D('',#16216,#13034,#13035);
#11863=AXIS2_PLACEMENT_3D('',#16222,#13039,#13040);
#11864=AXIS2_PLACEMENT_3D('',#16228,#13044,#13045);
#11865=AXIS2_PLACEMENT_3D('',#16237,#13050,#13051);
#11866=AXIS2_PLACEMENT_3D('',#16246,#13056,#13057);
#11867=AXIS2_PLACEMENT_3D('',#16255,#13062,#13063);
#11868=AXIS2_PLACEMENT_3D('',#16264,#13068,#13069);
#11869=AXIS2_PLACEMENT_3D('',#16273,#13074,#13075);
#11870=AXIS2_PLACEMENT_3D('',#16282,#13080,#13081);
#11871=AXIS2_PLACEMENT_3D('',#16291,#13086,#13087);
#11872=AXIS2_PLACEMENT_3D('',#16300,#13092,#13093);
#11873=AXIS2_PLACEMENT_3D('',#16309,#13098,#13099);
#11874=AXIS2_PLACEMENT_3D('',#16318,#13104,#13105);
#11875=AXIS2_PLACEMENT_3D('',#16324,#13109,#13110);
#11876=AXIS2_PLACEMENT_3D('',#16327,#13113,#13114);
#11877=AXIS2_PLACEMENT_3D('',#16333,#13118,#13119);
#11878=AXIS2_PLACEMENT_3D('',#16339,#13123,#13124);
#11879=AXIS2_PLACEMENT_3D('',#16342,#13127,#13128);
#11880=AXIS2_PLACEMENT_3D('',#16348,#13132,#13133);
#11881=AXIS2_PLACEMENT_3D('',#16354,#13137,#13138);
#11882=AXIS2_PLACEMENT_3D('',#16357,#13141,#13142);
#11883=AXIS2_PLACEMENT_3D('',#16363,#13146,#13147);
#11884=AXIS2_PLACEMENT_3D('',#16369,#13151,#13152);
#11885=AXIS2_PLACEMENT_3D('',#16372,#13155,#13156);
#11886=AXIS2_PLACEMENT_3D('',#16378,#13160,#13161);
#11887=AXIS2_PLACEMENT_3D('',#16384,#13165,#13166);
#11888=AXIS2_PLACEMENT_3D('',#16387,#13169,#13170);
#11889=AXIS2_PLACEMENT_3D('',#16393,#13174,#13175);
#11890=AXIS2_PLACEMENT_3D('',#16399,#13179,#13180);
#11891=AXIS2_PLACEMENT_3D('',#16402,#13183,#13184);
#11892=AXIS2_PLACEMENT_3D('',#16408,#13188,#13189);
#11893=AXIS2_PLACEMENT_3D('',#16414,#13193,#13194);
#11894=AXIS2_PLACEMENT_3D('',#16417,#13197,#13198);
#11895=AXIS2_PLACEMENT_3D('',#16423,#13202,#13203);
#11896=AXIS2_PLACEMENT_3D('',#16429,#13207,#13208);
#11897=AXIS2_PLACEMENT_3D('',#16432,#13211,#13212);
#11898=AXIS2_PLACEMENT_3D('',#16438,#13216,#13217);
#11899=AXIS2_PLACEMENT_3D('',#16444,#13221,#13222);
#11900=AXIS2_PLACEMENT_3D('',#16447,#13225,#13226);
#11901=AXIS2_PLACEMENT_3D('',#16453,#13230,#13231);
#11902=AXIS2_PLACEMENT_3D('',#16459,#13235,#13236);
#11903=AXIS2_PLACEMENT_3D('',#16462,#13239,#13240);
#11904=AXIS2_PLACEMENT_3D('',#16468,#13244,#13245);
#11905=AXIS2_PLACEMENT_3D('',#16474,#13249,#13250);
#11906=AXIS2_PLACEMENT_3D('',#16477,#13253,#13254);
#11907=AXIS2_PLACEMENT_3D('',#16480,#13256,#13257);
#11908=AXIS2_PLACEMENT_3D('',#16481,#13258,#13259);
#11909=AXIS2_PLACEMENT_3D('',#16483,#13260,#13261);
#11910=AXIS2_PLACEMENT_3D('',#16485,#13263,#13264);
#11911=AXIS2_PLACEMENT_3D('',#16495,#13270,#13271);
#11912=AXIS2_PLACEMENT_3D('',#16496,#13272,#13273);
#11913=AXIS2_PLACEMENT_3D('',#16498,#13274,#13275);
#11914=AXIS2_PLACEMENT_3D('',#16500,#13277,#13278);
#11915=AXIS2_PLACEMENT_3D('',#16502,#13279,#13280);
#11916=AXIS2_PLACEMENT_3D('',#16504,#13282,#13283);
#11917=AXIS2_PLACEMENT_3D('',#16510,#13287,#13288);
#11918=AXIS2_PLACEMENT_3D('',#16514,#13291,#13292);
#11919=AXIS2_PLACEMENT_3D('',#16518,#13295,#13296);
#11920=AXIS2_PLACEMENT_3D('',#16520,#13298,#13299);
#11921=AXIS2_PLACEMENT_3D('',#16521,#13300,#13301);
#11922=AXIS2_PLACEMENT_3D('',#16523,#13302,#13303);
#11923=AXIS2_PLACEMENT_3D('',#16524,#13304,#13305);
#11924=AXIS2_PLACEMENT_3D('',#16526,#13306,#13307);
#11925=AXIS2_PLACEMENT_3D('',#16527,#13308,#13309);
#11926=AXIS2_PLACEMENT_3D('',#16530,#13310,#13311);
#11927=AXIS2_PLACEMENT_3D('',#16534,#13313,#13314);
#11928=AXIS2_PLACEMENT_3D('',#16536,#13316,#13317);
#11929=AXIS2_PLACEMENT_3D('',#16542,#13321,#13322);
#11930=AXIS2_PLACEMENT_3D('',#16551,#13327,#13328);
#11931=AXIS2_PLACEMENT_3D('',#16557,#13332,#13333);
#11932=AXIS2_PLACEMENT_3D('',#16563,#13337,#13338);
#11933=AXIS2_PLACEMENT_3D('',#16569,#13342,#13343);
#11934=AXIS2_PLACEMENT_3D('',#16575,#13347,#13348);
#11935=AXIS2_PLACEMENT_3D('',#16581,#13352,#13353);
#11936=AXIS2_PLACEMENT_3D('',#16587,#13357,#13358);
#11937=AXIS2_PLACEMENT_3D('',#16593,#13362,#13363);
#11938=AXIS2_PLACEMENT_3D('',#16599,#13367,#13368);
#11939=AXIS2_PLACEMENT_3D('',#16605,#13372,#13373);
#11940=AXIS2_PLACEMENT_3D('',#16611,#13377,#13378);
#11941=AXIS2_PLACEMENT_3D('',#16617,#13382,#13383);
#11942=AXIS2_PLACEMENT_3D('',#16623,#13387,#13388);
#11943=AXIS2_PLACEMENT_3D('',#16629,#13392,#13393);
#11944=AXIS2_PLACEMENT_3D('',#16635,#13397,#13398);
#11945=AXIS2_PLACEMENT_3D('',#16641,#13402,#13403);
#11946=AXIS2_PLACEMENT_3D('',#16647,#13407,#13408);
#11947=AXIS2_PLACEMENT_3D('',#16653,#13412,#13413);
#11948=AXIS2_PLACEMENT_3D('',#16659,#13417,#13418);
#11949=AXIS2_PLACEMENT_3D('',#16665,#13422,#13423);
#11950=AXIS2_PLACEMENT_3D('',#16671,#13427,#13428);
#11951=AXIS2_PLACEMENT_3D('',#16677,#13432,#13433);
#11952=AXIS2_PLACEMENT_3D('',#16683,#13437,#13438);
#11953=AXIS2_PLACEMENT_3D('',#16689,#13442,#13443);
#11954=AXIS2_PLACEMENT_3D('',#16695,#13447,#13448);
#11955=AXIS2_PLACEMENT_3D('',#16701,#13452,#13453);
#11956=AXIS2_PLACEMENT_3D('',#16707,#13457,#13458);
#11957=AXIS2_PLACEMENT_3D('',#16713,#13462,#13463);
#11958=AXIS2_PLACEMENT_3D('',#16717,#13465,#13466);
#11959=AXIS2_PLACEMENT_3D('',#16805,#13511,#13512);
#11960=AXIS2_PLACEMENT_3D('',#16807,#13513,#13514);
#11961=AXIS2_PLACEMENT_3D('',#16809,#13515,#13516);
#11962=AXIS2_PLACEMENT_3D('',#16811,#13517,#13518);
#11963=AXIS2_PLACEMENT_3D('',#16813,#13519,#13520);
#11964=AXIS2_PLACEMENT_3D('',#16815,#13521,#13522);
#11965=AXIS2_PLACEMENT_3D('',#16817,#13523,#13524);
#11966=AXIS2_PLACEMENT_3D('',#16819,#13525,#13526);
#11967=AXIS2_PLACEMENT_3D('',#16821,#13527,#13528);
#11968=AXIS2_PLACEMENT_3D('',#16822,#13529,#13530);
#11969=AXIS2_PLACEMENT_3D('',#16826,#13533,#13534);
#11970=AXIS2_PLACEMENT_3D('',#16829,#13536,#13537);
#11971=AXIS2_PLACEMENT_3D('',#16830,#13538,#13539);
#11972=AXIS2_PLACEMENT_3D('',#16832,#13540,#13541);
#11973=AXIS2_PLACEMENT_3D('',#16834,#13543,#13544);
#11974=AXIS2_PLACEMENT_3D('',#16837,#13546,#13547);
#11975=AXIS2_PLACEMENT_3D('',#16838,#13548,#13549);
#11976=AXIS2_PLACEMENT_3D('',#16840,#13550,#13551);
#11977=AXIS2_PLACEMENT_3D('',#16842,#13553,#13554);
#11978=AXIS2_PLACEMENT_3D('',#16845,#13556,#13557);
#11979=AXIS2_PLACEMENT_3D('',#16846,#13558,#13559);
#11980=AXIS2_PLACEMENT_3D('',#16848,#13560,#13561);
#11981=AXIS2_PLACEMENT_3D('',#16850,#13563,#13564);
#11982=AXIS2_PLACEMENT_3D('',#16853,#13566,#13567);
#11983=AXIS2_PLACEMENT_3D('',#16854,#13568,#13569);
#11984=AXIS2_PLACEMENT_3D('',#16856,#13570,#13571);
#11985=AXIS2_PLACEMENT_3D('',#16858,#13573,#13574);
#11986=AXIS2_PLACEMENT_3D('',#16861,#13576,#13577);
#11987=AXIS2_PLACEMENT_3D('',#16862,#13578,#13579);
#11988=AXIS2_PLACEMENT_3D('',#16864,#13580,#13581);
#11989=AXIS2_PLACEMENT_3D('',#16866,#13583,#13584);
#11990=AXIS2_PLACEMENT_3D('',#16869,#13586,#13587);
#11991=AXIS2_PLACEMENT_3D('',#16870,#13588,#13589);
#11992=AXIS2_PLACEMENT_3D('',#16872,#13590,#13591);
#11993=AXIS2_PLACEMENT_3D('',#16874,#13593,#13594);
#11994=AXIS2_PLACEMENT_3D('',#16877,#13596,#13597);
#11995=AXIS2_PLACEMENT_3D('',#16878,#13598,#13599);
#11996=AXIS2_PLACEMENT_3D('',#16880,#13600,#13601);
#11997=AXIS2_PLACEMENT_3D('',#16882,#13603,#13604);
#11998=AXIS2_PLACEMENT_3D('',#16885,#13606,#13607);
#11999=AXIS2_PLACEMENT_3D('',#16886,#13608,#13609);
#12000=AXIS2_PLACEMENT_3D('',#16888,#13610,#13611);
#12001=AXIS2_PLACEMENT_3D('',#16890,#13613,#13614);
#12002=AXIS2_PLACEMENT_3D('',#16893,#13616,#13617);
#12003=AXIS2_PLACEMENT_3D('',#16894,#13618,#13619);
#12004=AXIS2_PLACEMENT_3D('',#16896,#13620,#13621);
#12005=AXIS2_PLACEMENT_3D('',#16898,#13623,#13624);
#12006=AXIS2_PLACEMENT_3D('',#16902,#13627,#13628);
#12007=AXIS2_PLACEMENT_3D('',#16903,#13629,#13630);
#12008=AXIS2_PLACEMENT_3D('',#16904,#13631,#13632);
#12009=AXIS2_PLACEMENT_3D('',#16908,#13635,#13636);
#12010=AXIS2_PLACEMENT_3D('',#17000,#13683,#13684);
#12011=AXIS2_PLACEMENT_3D('',#17003,#13687,#13688);
#12012=AXIS2_PLACEMENT_3D('',#17006,#13691,#13692);
#12013=AXIS2_PLACEMENT_3D('',#17009,#13695,#13696);
#12014=AXIS2_PLACEMENT_3D('',#17012,#13699,#13700);
#12015=AXIS2_PLACEMENT_3D('',#17015,#13703,#13704);
#12016=AXIS2_PLACEMENT_3D('',#17018,#13707,#13708);
#12017=AXIS2_PLACEMENT_3D('',#17021,#13711,#13712);
#12018=AXIS2_PLACEMENT_3D('',#17024,#13715,#13716);
#12019=AXIS2_PLACEMENT_3D('',#17027,#13719,#13720);
#12020=AXIS2_PLACEMENT_3D('',#17030,#13723,#13724);
#12021=AXIS2_PLACEMENT_3D('',#17032,#13726,#13727);
#12022=AXIS2_PLACEMENT_3D('',#17034,#13729,#13730);
#12023=AXIS2_PLACEMENT_3D('',#17035,#13731,#13732);
#12024=AXIS2_PLACEMENT_3D('',#17037,#13734,#13735);
#12025=AXIS2_PLACEMENT_3D('',#17039,#13737,#13738);
#12026=AXIS2_PLACEMENT_3D('',#17040,#13739,#13740);
#12027=AXIS2_PLACEMENT_3D('',#17042,#13742,#13743);
#12028=AXIS2_PLACEMENT_3D('',#17044,#13745,#13746);
#12029=AXIS2_PLACEMENT_3D('',#17045,#13747,#13748);
#12030=AXIS2_PLACEMENT_3D('',#17047,#13750,#13751);
#12031=AXIS2_PLACEMENT_3D('',#17049,#13753,#13754);
#12032=AXIS2_PLACEMENT_3D('',#17050,#13755,#13756);
#12033=AXIS2_PLACEMENT_3D('',#17052,#13758,#13759);
#12034=AXIS2_PLACEMENT_3D('',#17054,#13761,#13762);
#12035=AXIS2_PLACEMENT_3D('',#17055,#13763,#13764);
#12036=AXIS2_PLACEMENT_3D('',#17057,#13766,#13767);
#12037=AXIS2_PLACEMENT_3D('',#17059,#13769,#13770);
#12038=AXIS2_PLACEMENT_3D('',#17060,#13771,#13772);
#12039=AXIS2_PLACEMENT_3D('',#17062,#13774,#13775);
#12040=AXIS2_PLACEMENT_3D('',#17064,#13777,#13778);
#12041=AXIS2_PLACEMENT_3D('',#17065,#13779,#13780);
#12042=AXIS2_PLACEMENT_3D('',#17067,#13782,#13783);
#12043=AXIS2_PLACEMENT_3D('',#17069,#13785,#13786);
#12044=AXIS2_PLACEMENT_3D('',#17070,#13787,#13788);
#12045=AXIS2_PLACEMENT_3D('',#17072,#13790,#13791);
#12046=AXIS2_PLACEMENT_3D('',#17074,#13793,#13794);
#12047=AXIS2_PLACEMENT_3D('',#17075,#13795,#13796);
#12048=AXIS2_PLACEMENT_3D('',#17077,#13798,#13799);
#12049=AXIS2_PLACEMENT_3D('',#17079,#13801,#13802);
#12050=AXIS2_PLACEMENT_3D('',#17080,#13803,#13804);
#12051=AXIS2_PLACEMENT_3D('',#17082,#13806,#13807);
#12052=AXIS2_PLACEMENT_3D('',#17083,#13808,#13809);
#12053=AXIS2_PLACEMENT_3D('',#17085,#13810,#13811);
#12054=AXIS2_PLACEMENT_3D('',#17087,#13813,#13814);
#12055=AXIS2_PLACEMENT_3D('',#17089,#13815,#13816);
#12056=AXIS2_PLACEMENT_3D('',#17091,#13818,#13819);
#12057=AXIS2_PLACEMENT_3D('',#17097,#13823,#13824);
#12058=AXIS2_PLACEMENT_3D('',#17101,#13827,#13828);
#12059=AXIS2_PLACEMENT_3D('',#17105,#13831,#13832);
#12060=AXIS2_PLACEMENT_3D('',#17107,#13834,#13835);
#12061=AXIS2_PLACEMENT_3D('',#17108,#13836,#13837);
#12062=AXIS2_PLACEMENT_3D('',#17124,#13839,#13840);
#12063=AXIS2_PLACEMENT_3D('',#17126,#13842,#13843);
#12064=AXIS2_PLACEMENT_3D('',#17142,#13844,#13845);
#12065=AXIS2_PLACEMENT_3D('',#17145,#13847,#13848);
#12066=AXIS2_PLACEMENT_3D('',#17146,#13849,#13850);
#12067=AXIS2_PLACEMENT_3D('',#17158,#13852,#13853);
#12068=AXIS2_PLACEMENT_3D('',#17161,#13855,#13856);
#12069=AXIS2_PLACEMENT_3D('',#17162,#13857,#13858);
#12070=AXIS2_PLACEMENT_3D('',#17189,#13860,#13861);
#12071=AXIS2_PLACEMENT_3D('',#17190,#13862,#13863);
#12072=AXIS2_PLACEMENT_3D('',#17243,#13867,#13868);
#12073=AXIS2_PLACEMENT_3D('',#17246,#13870,#13871);
#12074=AXIS2_PLACEMENT_3D('',#17247,#13872,#13873);
#12075=AXIS2_PLACEMENT_3D('',#17249,#13875,#13876);
#12076=AXIS2_PLACEMENT_3D('',#17252,#13877,#13878);
#12077=AXIS2_PLACEMENT_3D('',#17254,#13879,#13880);
#12078=AXIS2_PLACEMENT_3D('',#17255,#13881,#13882);
#12079=AXIS2_PLACEMENT_3D('',#17256,#13883,#13884);
#12080=AXIS2_PLACEMENT_3D('',#17259,#13885,#13886);
#12081=AXIS2_PLACEMENT_3D('',#17262,#13889,#13890);
#12082=AXIS2_PLACEMENT_3D('',#17265,#13891,#13892);
#12083=AXIS2_PLACEMENT_3D('',#17268,#13895,#13896);
#12084=AXIS2_PLACEMENT_3D('',#17271,#13897,#13898);
#12085=AXIS2_PLACEMENT_3D('',#17273,#13899,#13900);
#12086=AXIS2_PLACEMENT_3D('',#17274,#13901,#13902);
#12087=AXIS2_PLACEMENT_3D('',#17275,#13903,#13904);
#12088=AXIS2_PLACEMENT_3D('',#17283,#13907,#13908);
#12089=AXIS2_PLACEMENT_3D('',#17286,#13909,#13910);
#12090=AXIS2_PLACEMENT_3D('',#17289,#13913,#13914);
#12091=AXIS2_PLACEMENT_3D('',#17292,#13915,#13916);
#12092=AXIS2_PLACEMENT_3D('',#17294,#13917,#13918);
#12093=AXIS2_PLACEMENT_3D('',#17295,#13919,#13920);
#12094=AXIS2_PLACEMENT_3D('',#17296,#13921,#13922);
#12095=AXIS2_PLACEMENT_3D('',#17299,#13923,#13924);
#12096=AXIS2_PLACEMENT_3D('',#17302,#13927,#13928);
#12097=AXIS2_PLACEMENT_3D('',#17305,#13931,#13932);
#12098=AXIS2_PLACEMENT_3D('',#17308,#13933,#13934);
#12099=AXIS2_PLACEMENT_3D('',#17310,#13935,#13936);
#12100=AXIS2_PLACEMENT_3D('',#17311,#13937,#13938);
#12101=AXIS2_PLACEMENT_3D('',#17312,#13939,#13940);
#12102=AXIS2_PLACEMENT_3D('',#17313,#13941,#13942);
#12103=AXIS2_PLACEMENT_3D('',#17314,#13943,#13944);
#12104=AXIS2_PLACEMENT_3D('',#17315,#13945,#13946);
#12105=AXIS2_PLACEMENT_3D('',#17318,#13947,#13948);
#12106=AXIS2_PLACEMENT_3D('',#17321,#13951,#13952);
#12107=AXIS2_PLACEMENT_3D('',#17324,#13953,#13954);
#12108=AXIS2_PLACEMENT_3D('',#17326,#13955,#13956);
#12109=AXIS2_PLACEMENT_3D('',#17327,#13957,#13958);
#12110=AXIS2_PLACEMENT_3D('',#17328,#13959,#13960);
#12111=AXIS2_PLACEMENT_3D('',#17331,#13963,#13964);
#12112=AXIS2_PLACEMENT_3D('',#17334,#13965,#13966);
#12113=AXIS2_PLACEMENT_3D('',#17337,#13969,#13970);
#12114=AXIS2_PLACEMENT_3D('',#17338,#13971,#13972);
#12115=AXIS2_PLACEMENT_3D('',#17339,#13973,#13974);
#12116=AXIS2_PLACEMENT_3D('',#17340,#13975,#13976);
#12117=AXIS2_PLACEMENT_3D('',#17390,#14001,#14002);
#12118=AXIS2_PLACEMENT_3D('',#17396,#14006,#14007);
#12119=AXIS2_PLACEMENT_3D('',#17400,#14010,#14011);
#12120=AXIS2_PLACEMENT_3D('',#17402,#14013,#14014);
#12121=AXIS2_PLACEMENT_3D('',#17403,#14015,#14016);
#12122=AXIS2_PLACEMENT_3D('',#17404,#14017,#14018);
#12123=AXIS2_PLACEMENT_3D('',#17405,#14019,#14020);
#12124=AXIS2_PLACEMENT_3D('',#17407,#14021,#14022);
#12125=AXIS2_PLACEMENT_3D('',#17408,#14023,#14024);
#12126=AXIS2_PLACEMENT_3D('',#17409,#14025,#14026);
#12127=AXIS2_PLACEMENT_3D('',#17411,#14027,#14028);
#12128=AXIS2_PLACEMENT_3D('',#17413,#14030,#14031);
#12129=AXIS2_PLACEMENT_3D('',#17415,#14032,#14033);
#12130=AXIS2_PLACEMENT_3D('',#17417,#14035,#14036);
#12131=AXIS2_PLACEMENT_3D('',#17418,#14037,#14038);
#12132=AXIS2_PLACEMENT_3D('',#17459,#14039,#14040);
#12133=AXIS2_PLACEMENT_3D('',#17463,#14043,#14044);
#12134=AXIS2_PLACEMENT_3D('',#17465,#14045,#14046);
#12135=AXIS2_PLACEMENT_3D('',#17468,#14048,#14049);
#12136=AXIS2_PLACEMENT_3D('',#17469,#14050,#14051);
#12137=AXIS2_PLACEMENT_3D('',#17471,#14052,#14053);
#12138=AXIS2_PLACEMENT_3D('',#17477,#14057,#14058);
#12139=AXIS2_PLACEMENT_3D('',#17479,#14059,#14060);
#12140=AXIS2_PLACEMENT_3D('',#17481,#14062,#14063);
#12141=AXIS2_PLACEMENT_3D('',#17485,#14066,#14067);
#12142=AXIS2_PLACEMENT_3D('',#17489,#14070,#14071);
#12143=AXIS2_PLACEMENT_3D('',#17491,#14072,#14073);
#12144=AXIS2_PLACEMENT_3D('',#17492,#14074,#14075);
#12145=AXIS2_PLACEMENT_3D('',#17494,#14076,#14077);
#12146=AXIS2_PLACEMENT_3D('',#17495,#14078,#14079);
#12147=AXIS2_PLACEMENT_3D('',#17504,#14084,#14085);
#12148=AXIS2_PLACEMENT_3D('',#17510,#14089,#14090);
#12149=AXIS2_PLACEMENT_3D('',#17516,#14094,#14095);
#12150=AXIS2_PLACEMENT_3D('',#17518,#14097,#14098);
#12151=AXIS2_PLACEMENT_3D('',#17600,#14140,#14141);
#12152=AXIS2_PLACEMENT_3D('',#17606,#14145,#14146);
#12153=AXIS2_PLACEMENT_3D('',#17612,#14150,#14151);
#12154=AXIS2_PLACEMENT_3D('',#17615,#14154,#14155);
#12155=AXIS2_PLACEMENT_3D('',#17616,#14156,#14157);
#12156=AXIS2_PLACEMENT_3D('',#17622,#14161,#14162);
#12157=AXIS2_PLACEMENT_3D('',#17626,#14165,#14166);
#12158=AXIS2_PLACEMENT_3D('',#17630,#14169,#14170);
#12159=AXIS2_PLACEMENT_3D('',#17632,#14172,#14173);
#12160=AXIS2_PLACEMENT_3D('',#17638,#14177,#14178);
#12161=AXIS2_PLACEMENT_3D('',#17644,#14182,#14183);
#12162=AXIS2_PLACEMENT_3D('',#17647,#14186,#14187);
#12163=AXIS2_PLACEMENT_3D('',#17648,#14188,#14189);
#12164=AXIS2_PLACEMENT_3D('',#17654,#14193,#14194);
#12165=AXIS2_PLACEMENT_3D('',#17658,#14197,#14198);
#12166=AXIS2_PLACEMENT_3D('',#17662,#14201,#14202);
#12167=AXIS2_PLACEMENT_3D('',#17664,#14204,#14205);
#12168=AXIS2_PLACEMENT_3D('',#17670,#14209,#14210);
#12169=AXIS2_PLACEMENT_3D('',#17676,#14214,#14215);
#12170=AXIS2_PLACEMENT_3D('',#17679,#14218,#14219);
#12171=AXIS2_PLACEMENT_3D('',#17680,#14220,#14221);
#12172=AXIS2_PLACEMENT_3D('',#17686,#14225,#14226);
#12173=AXIS2_PLACEMENT_3D('',#17690,#14229,#14230);
#12174=AXIS2_PLACEMENT_3D('',#17694,#14233,#14234);
#12175=AXIS2_PLACEMENT_3D('',#17696,#14236,#14237);
#12176=AXIS2_PLACEMENT_3D('',#17702,#14241,#14242);
#12177=AXIS2_PLACEMENT_3D('',#17708,#14246,#14247);
#12178=AXIS2_PLACEMENT_3D('',#17711,#14250,#14251);
#12179=AXIS2_PLACEMENT_3D('',#17712,#14252,#14253);
#12180=AXIS2_PLACEMENT_3D('',#17718,#14257,#14258);
#12181=AXIS2_PLACEMENT_3D('',#17722,#14261,#14262);
#12182=AXIS2_PLACEMENT_3D('',#17726,#14265,#14266);
#12183=AXIS2_PLACEMENT_3D('',#17728,#14268,#14269);
#12184=AXIS2_PLACEMENT_3D('',#17733,#14273,#14274);
#12185=AXIS2_PLACEMENT_3D('',#17739,#14278,#14279);
#12186=AXIS2_PLACEMENT_3D('',#17745,#14283,#14284);
#12187=AXIS2_PLACEMENT_3D('',#17749,#14287,#14288);
#12188=AXIS2_PLACEMENT_3D('',#17753,#14291,#14292);
#12189=AXIS2_PLACEMENT_3D('',#17757,#14295,#14296);
#12190=AXIS2_PLACEMENT_3D('',#17761,#14299,#14300);
#12191=AXIS2_PLACEMENT_3D('',#17765,#14303,#14304);
#12192=AXIS2_PLACEMENT_3D('',#17769,#14307,#14308);
#12193=AXIS2_PLACEMENT_3D('',#17773,#14311,#14312);
#12194=AXIS2_PLACEMENT_3D('',#17777,#14315,#14316);
#12195=AXIS2_PLACEMENT_3D('',#17781,#14319,#14320);
#12196=AXIS2_PLACEMENT_3D('',#17785,#14323,#14324);
#12197=AXIS2_PLACEMENT_3D('',#17789,#14327,#14328);
#12198=AXIS2_PLACEMENT_3D('',#17793,#14331,#14332);
#12199=AXIS2_PLACEMENT_3D('',#17797,#14335,#14336);
#12200=AXIS2_PLACEMENT_3D('',#17801,#14339,#14340);
#12201=AXIS2_PLACEMENT_3D('',#17805,#14343,#14344);
#12202=AXIS2_PLACEMENT_3D('',#17809,#14347,#14348);
#12203=AXIS2_PLACEMENT_3D('',#17813,#14351,#14352);
#12204=AXIS2_PLACEMENT_3D('',#17817,#14355,#14356);
#12205=AXIS2_PLACEMENT_3D('',#17821,#14359,#14360);
#12206=AXIS2_PLACEMENT_3D('',#17823,#14362,#14363);
#12207=AXIS2_PLACEMENT_3D('',#17825,#14364,#14365);
#12208=AXIS2_PLACEMENT_3D('',#17829,#14367,#14368);
#12209=AXIS2_PLACEMENT_3D('',#17832,#14370,#14371);
#12210=AXIS2_PLACEMENT_3D('',#17834,#14372,#14373);
#12211=AXIS2_PLACEMENT_3D('',#17836,#14374,#14375);
#12212=AXIS2_PLACEMENT_3D('',#17838,#14376,#14377);
#12213=AXIS2_PLACEMENT_3D('',#17839,#14378,#14379);
#12214=AXIS2_PLACEMENT_3D('',#17841,#14381,#14382);
#12215=AXIS2_PLACEMENT_3D('',#17843,#14384,#14385);
#12216=AXIS2_PLACEMENT_3D('',#17844,#14386,#14387);
#12217=AXIS2_PLACEMENT_3D('',#17845,#14388,#14389);
#12218=AXIS2_PLACEMENT_3D('',#17849,#14392,#14393);
#12219=AXIS2_PLACEMENT_3D('',#17852,#14395,#14396);
#12220=AXIS2_PLACEMENT_3D('',#17853,#14397,#14398);
#12221=AXIS2_PLACEMENT_3D('',#17855,#14399,#14400);
#12222=AXIS2_PLACEMENT_3D('',#17857,#14402,#14403);
#12223=AXIS2_PLACEMENT_3D('',#17859,#14404,#14405);
#12224=AXIS2_PLACEMENT_3D('',#17862,#14407,#14408);
#12225=AXIS2_PLACEMENT_3D('',#17863,#14409,#14410);
#12226=AXIS2_PLACEMENT_3D('',#17865,#14412,#14413);
#12227=AXIS2_PLACEMENT_3D('',#17867,#14414,#14415);
#12228=AXIS2_PLACEMENT_3D('',#17870,#14417,#14418);
#12229=AXIS2_PLACEMENT_3D('',#17871,#14419,#14420);
#12230=AXIS2_PLACEMENT_3D('',#17873,#14422,#14423);
#12231=AXIS2_PLACEMENT_3D('',#17875,#14424,#14425);
#12232=AXIS2_PLACEMENT_3D('',#17878,#14427,#14428);
#12233=AXIS2_PLACEMENT_3D('',#17879,#14429,#14430);
#12234=AXIS2_PLACEMENT_3D('',#17881,#14432,#14433);
#12235=AXIS2_PLACEMENT_3D('',#17883,#14434,#14435);
#12236=AXIS2_PLACEMENT_3D('',#17886,#14437,#14438);
#12237=AXIS2_PLACEMENT_3D('',#17887,#14439,#14440);
#12238=AXIS2_PLACEMENT_3D('',#17889,#14442,#14443);
#12239=AXIS2_PLACEMENT_3D('',#17891,#14445,#14446);
#12240=AXIS2_PLACEMENT_3D('',#17897,#14450,#14451);
#12241=AXIS2_PLACEMENT_3D('',#17903,#14455,#14456);
#12242=AXIS2_PLACEMENT_3D('',#17906,#14459,#14460);
#12243=AXIS2_PLACEMENT_3D('',#17907,#14461,#14462);
#12244=AXIS2_PLACEMENT_3D('',#17908,#14463,#14464);
#12245=AXIS2_PLACEMENT_3D('',#17910,#14465,#14466);
#12246=AXIS2_PLACEMENT_3D('',#17912,#14468,#14469);
#12247=AXIS2_PLACEMENT_3D('',#17914,#14470,#14471);
#12248=AXIS2_PLACEMENT_3D('',#17916,#14473,#14474);
#12249=AXIS2_PLACEMENT_3D('',#17918,#14476,#14477);
#12250=AXIS2_PLACEMENT_3D('',#17919,#14478,#14479);
#12251=AXIS2_PLACEMENT_3D('',#17922,#14480,#14481);
#12252=AXIS2_PLACEMENT_3D('',#17926,#14483,#14484);
#12253=AXIS2_PLACEMENT_3D('',#17935,#14486,#14487);
#12254=AXIS2_PLACEMENT_3D('',#18036,#14491,#14492);
#12255=AXIS2_PLACEMENT_3D('',#18038,#14493,#14494);
#12256=AXIS2_PLACEMENT_3D('',#18040,#14496,#14497);
#12257=AXIS2_PLACEMENT_3D('',#18042,#14498,#14499);
#12258=AXIS2_PLACEMENT_3D('',#18044,#14501,#14502);
#12259=AXIS2_PLACEMENT_3D('',#18048,#14504,#14505);
#12260=AXIS2_PLACEMENT_3D('',#18050,#14507,#14508);
#12261=AXIS2_PLACEMENT_3D('',#18052,#14509,#14510);
#12262=AXIS2_PLACEMENT_3D('',#18056,#14512,#14513);
#12263=AXIS2_PLACEMENT_3D('',#18062,#14514,#14515);
#12264=AXIS2_PLACEMENT_3D('',#18065,#14516,#14517);
#12265=AXIS2_PLACEMENT_3D('',#18067,#14518,#14519);
#12266=AXIS2_PLACEMENT_3D('',#18068,#14520,#14521);
#12267=AXIS2_PLACEMENT_3D('',#18069,#14522,#14523);
#12268=AXIS2_PLACEMENT_3D('',#18072,#14524,#14525);
#12269=AXIS2_PLACEMENT_3D('',#18075,#14528,#14529);
#12270=AXIS2_PLACEMENT_3D('',#18104,#14532,#14533);
#12271=AXIS2_PLACEMENT_3D('',#18106,#14534,#14535);
#12272=AXIS2_PLACEMENT_3D('',#18108,#14536,#14537);
#12273=AXIS2_PLACEMENT_3D('',#18111,#14540,#14541);
#12274=AXIS2_PLACEMENT_3D('',#18114,#14542,#14543);
#12275=AXIS2_PLACEMENT_3D('',#18117,#14546,#14547);
#12276=AXIS2_PLACEMENT_3D('',#18122,#14550,#14551);
#12277=AXIS2_PLACEMENT_3D('',#18126,#14553,#14554);
#12278=AXIS2_PLACEMENT_3D('',#18130,#14556,#14557);
#12279=AXIS2_PLACEMENT_3D('',#18133,#14559,#14560);
#12280=AXIS2_PLACEMENT_3D('',#18142,#14565,#14566);
#12281=AXIS2_PLACEMENT_3D('',#18146,#14569,#14570);
#12282=AXIS2_PLACEMENT_3D('',#18149,#14571,#14572);
#12283=AXIS2_PLACEMENT_3D('',#18151,#14573,#14574);
#12284=AXIS2_PLACEMENT_3D('',#18152,#14575,#14576);
#12285=AXIS2_PLACEMENT_3D('',#18153,#14577,#14578);
#12286=AXIS2_PLACEMENT_3D('',#18156,#14579,#14580);
#12287=AXIS2_PLACEMENT_3D('',#18161,#14583,#14584);
#12288=AXIS2_PLACEMENT_3D('',#18162,#14585,#14586);
#12289=AXIS2_PLACEMENT_3D('',#18163,#14587,#14588);
#12290=AXIS2_PLACEMENT_3D('',#18166,#14589,#14590);
#12291=AXIS2_PLACEMENT_3D('',#18169,#14593,#14594);
#12292=AXIS2_PLACEMENT_3D('',#18172,#14595,#14596);
#12293=AXIS2_PLACEMENT_3D('',#18174,#14597,#14598);
#12294=AXIS2_PLACEMENT_3D('',#18175,#14599,#14600);
#12295=AXIS2_PLACEMENT_3D('',#18176,#14601,#14602);
#12296=AXIS2_PLACEMENT_3D('',#18177,#14603,#14604);
#12297=AXIS2_PLACEMENT_3D('',#18178,#14605,#14606);
#12298=AXIS2_PLACEMENT_3D('',#18179,#14607,#14608);
#12299=AXIS2_PLACEMENT_3D('',#18182,#14609,#14610);
#12300=AXIS2_PLACEMENT_3D('',#18185,#14613,#14614);
#12301=AXIS2_PLACEMENT_3D('',#18188,#14615,#14616);
#12302=AXIS2_PLACEMENT_3D('',#18190,#14617,#14618);
#12303=AXIS2_PLACEMENT_3D('',#18191,#14619,#14620);
#12304=AXIS2_PLACEMENT_3D('',#18192,#14621,#14622);
#12305=AXIS2_PLACEMENT_3D('',#18195,#14625,#14626);
#12306=AXIS2_PLACEMENT_3D('',#18198,#14627,#14628);
#12307=AXIS2_PLACEMENT_3D('',#18201,#14631,#14632);
#12308=AXIS2_PLACEMENT_3D('',#18204,#14633,#14634);
#12309=AXIS2_PLACEMENT_3D('',#18206,#14635,#14636);
#12310=AXIS2_PLACEMENT_3D('',#18207,#14637,#14638);
#12311=AXIS2_PLACEMENT_3D('',#18208,#14639,#14640);
#12312=AXIS2_PLACEMENT_3D('',#18209,#14641,#14642);
#12313=AXIS2_PLACEMENT_3D('',#18210,#14643,#14644);
#12314=AXIS2_PLACEMENT_3D('',#18211,#14645,#14646);
#12315=AXIS2_PLACEMENT_3D('',#18214,#14647,#14648);
#12316=AXIS2_PLACEMENT_3D('',#18217,#14651,#14652);
#12317=AXIS2_PLACEMENT_3D('',#18225,#14655,#14656);
#12318=AXIS2_PLACEMENT_3D('',#18226,#14657,#14658);
#12319=AXIS2_PLACEMENT_3D('',#18227,#14659,#14660);
#12320=AXIS2_PLACEMENT_3D('',#18231,#14663,#14664);
#12321=AXIS2_PLACEMENT_3D('',#18242,#14670,#14671);
#12322=AXIS2_PLACEMENT_3D('',#18248,#14674,#14675);
#12323=AXIS2_PLACEMENT_3D('',#18299,#14701,#14702);
#12324=AXIS2_PLACEMENT_3D('',#18303,#14704,#14705);
#12325=AXIS2_PLACEMENT_3D('',#18307,#14707,#14708);
#12326=AXIS2_PLACEMENT_3D('',#18308,#14709,#14710);
#12327=AXIS2_PLACEMENT_3D('',#18310,#14711,#14712);
#12328=AXIS2_PLACEMENT_3D('',#18313,#14714,#14715);
#12329=AXIS2_PLACEMENT_3D('',#18314,#14716,#14717);
#12330=AXIS2_PLACEMENT_3D('',#18316,#14718,#14719);
#12331=AXIS2_PLACEMENT_3D('',#18317,#14720,#14721);
#12332=AXIS2_PLACEMENT_3D('',#18318,#14722,#14723);
#12333=AXIS2_PLACEMENT_3D('',#18319,#14724,#14725);
#12334=AXIS2_PLACEMENT_3D('',#18320,#14726,#14727);
#12335=AXIS2_PLACEMENT_3D('',#18369,#14728,#14729);
#12336=AXIS2_PLACEMENT_3D('',#18371,#14730,#14731);
#12337=AXIS2_PLACEMENT_3D('',#18373,#14733,#14734);
#12338=AXIS2_PLACEMENT_3D('',#18375,#14735,#14736);
#12339=AXIS2_PLACEMENT_3D('',#18377,#14738,#14739);
#12340=AXIS2_PLACEMENT_3D('',#18379,#14740,#14741);
#12341=AXIS2_PLACEMENT_3D('',#18382,#14743,#14744);
#12342=AXIS2_PLACEMENT_3D('',#18383,#14745,#14746);
#12343=AXIS2_PLACEMENT_3D('',#18389,#14750,#14751);
#12344=AXIS2_PLACEMENT_3D('',#18395,#14755,#14756);
#12345=AXIS2_PLACEMENT_3D('',#18397,#14757,#14758);
#12346=AXIS2_PLACEMENT_3D('',#18398,#14759,#14760);
#12347=AXIS2_PLACEMENT_3D('',#18400,#14761,#14762);
#12348=AXIS2_PLACEMENT_3D('',#18401,#14763,#14764);
#12349=AXIS2_PLACEMENT_3D('',#18410,#14769,#14770);
#12350=AXIS2_PLACEMENT_3D('',#18416,#14774,#14775);
#12351=AXIS2_PLACEMENT_3D('',#18508,#14822,#14823);
#12352=AXIS2_PLACEMENT_3D('',#18512,#14826,#14827);
#12353=AXIS2_PLACEMENT_3D('',#18516,#14830,#14831);
#12354=AXIS2_PLACEMENT_3D('',#18518,#14833,#14834);
#12355=AXIS2_PLACEMENT_3D('',#18524,#14838,#14839);
#12356=AXIS2_PLACEMENT_3D('',#18530,#14843,#14844);
#12357=AXIS2_PLACEMENT_3D('',#18533,#14847,#14848);
#12358=AXIS2_PLACEMENT_3D('',#18534,#14849,#14850);
#12359=AXIS2_PLACEMENT_3D('',#18540,#14854,#14855);
#12360=AXIS2_PLACEMENT_3D('',#18546,#14859,#14860);
#12361=AXIS2_PLACEMENT_3D('',#18549,#14863,#14864);
#12362=AXIS2_PLACEMENT_3D('',#18550,#14865,#14866);
#12363=AXIS2_PLACEMENT_3D('',#18556,#14870,#14871);
#12364=AXIS2_PLACEMENT_3D('',#18562,#14875,#14876);
#12365=AXIS2_PLACEMENT_3D('',#18565,#14879,#14880);
#12366=AXIS2_PLACEMENT_3D('',#18566,#14881,#14882);
#12367=AXIS2_PLACEMENT_3D('',#18572,#14886,#14887);
#12368=AXIS2_PLACEMENT_3D('',#18578,#14891,#14892);
#12369=AXIS2_PLACEMENT_3D('',#18581,#14895,#14896);
#12370=AXIS2_PLACEMENT_3D('',#18582,#14897,#14898);
#12371=AXIS2_PLACEMENT_3D('',#18588,#14902,#14903);
#12372=AXIS2_PLACEMENT_3D('',#18594,#14907,#14908);
#12373=AXIS2_PLACEMENT_3D('',#18597,#14911,#14912);
#12374=AXIS2_PLACEMENT_3D('',#18598,#14913,#14914);
#12375=AXIS2_PLACEMENT_3D('',#18604,#14918,#14919);
#12376=AXIS2_PLACEMENT_3D('',#18610,#14923,#14924);
#12377=AXIS2_PLACEMENT_3D('',#18613,#14927,#14928);
#12378=AXIS2_PLACEMENT_3D('',#18614,#14929,#14930);
#12379=AXIS2_PLACEMENT_3D('',#18620,#14934,#14935);
#12380=AXIS2_PLACEMENT_3D('',#18624,#14938,#14939);
#12381=AXIS2_PLACEMENT_3D('',#18628,#14942,#14943);
#12382=AXIS2_PLACEMENT_3D('',#18630,#14945,#14946);
#12383=AXIS2_PLACEMENT_3D('',#18636,#14950,#14951);
#12384=AXIS2_PLACEMENT_3D('',#18640,#14954,#14955);
#12385=AXIS2_PLACEMENT_3D('',#18644,#14958,#14959);
#12386=AXIS2_PLACEMENT_3D('',#18646,#14961,#14962);
#12387=AXIS2_PLACEMENT_3D('',#18652,#14966,#14967);
#12388=AXIS2_PLACEMENT_3D('',#18656,#14970,#14971);
#12389=AXIS2_PLACEMENT_3D('',#18660,#14974,#14975);
#12390=AXIS2_PLACEMENT_3D('',#18662,#14977,#14978);
#12391=AXIS2_PLACEMENT_3D('',#18668,#14982,#14983);
#12392=AXIS2_PLACEMENT_3D('',#18672,#14986,#14987);
#12393=AXIS2_PLACEMENT_3D('',#18676,#14990,#14991);
#12394=AXIS2_PLACEMENT_3D('',#18678,#14993,#14994);
#12395=AXIS2_PLACEMENT_3D('',#18684,#14998,#14999);
#12396=AXIS2_PLACEMENT_3D('',#18688,#15002,#15003);
#12397=AXIS2_PLACEMENT_3D('',#18692,#15006,#15007);
#12398=AXIS2_PLACEMENT_3D('',#18696,#15010,#15011);
#12399=AXIS2_PLACEMENT_3D('',#18700,#15014,#15015);
#12400=AXIS2_PLACEMENT_3D('',#18704,#15018,#15019);
#12401=AXIS2_PLACEMENT_3D('',#18708,#15022,#15023);
#12402=AXIS2_PLACEMENT_3D('',#18712,#15026,#15027);
#12403=AXIS2_PLACEMENT_3D('',#18716,#15030,#15031);
#12404=AXIS2_PLACEMENT_3D('',#18720,#15034,#15035);
#12405=AXIS2_PLACEMENT_3D('',#18724,#15038,#15039);
#12406=AXIS2_PLACEMENT_3D('',#18728,#15042,#15043);
#12407=AXIS2_PLACEMENT_3D('',#18732,#15046,#15047);
#12408=AXIS2_PLACEMENT_3D('',#18736,#15050,#15051);
#12409=AXIS2_PLACEMENT_3D('',#18740,#15054,#15055);
#12410=AXIS2_PLACEMENT_3D('',#18744,#15058,#15059);
#12411=AXIS2_PLACEMENT_3D('',#18748,#15062,#15063);
#12412=AXIS2_PLACEMENT_3D('',#18752,#15066,#15067);
#12413=AXIS2_PLACEMENT_3D('',#18756,#15070,#15071);
#12414=AXIS2_PLACEMENT_3D('',#18760,#15074,#15075);
#12415=AXIS2_PLACEMENT_3D('',#18770,#15081,#15082);
#12416=AXIS2_PLACEMENT_3D('',#18772,#15084,#15085);
#12417=AXIS2_PLACEMENT_3D('',#18775,#15088,#15089);
#12418=AXIS2_PLACEMENT_3D('',#18779,#15093,#15094);
#12419=AXIS2_PLACEMENT_3D('',#18786,#15098,#15099);
#12420=AXIS2_PLACEMENT_3D('',#18789,#15101,#15102);
#12421=AXIS2_PLACEMENT_3D('',#18791,#15103,#15104);
#12422=AXIS2_PLACEMENT_3D('',#18793,#15105,#15106);
#12423=AXIS2_PLACEMENT_3D('',#18795,#15107,#15108);
#12424=AXIS2_PLACEMENT_3D('',#18796,#15109,#15110);
#12425=AXIS2_PLACEMENT_3D('',#18800,#15113,#15114);
#12426=AXIS2_PLACEMENT_3D('',#18832,#15130,#15131);
#12427=AXIS2_PLACEMENT_3D('',#18836,#15133,#15134);
#12428=AXIS2_PLACEMENT_3D('',#18840,#15136,#15137);
#12429=AXIS2_PLACEMENT_3D('',#18844,#15139,#15140);
#12430=AXIS2_PLACEMENT_3D('',#18846,#15142,#15143);
#12431=AXIS2_PLACEMENT_3D('',#18847,#15144,#15145);
#12432=AXIS2_PLACEMENT_3D('',#18848,#15146,#15147);
#12433=AXIS2_PLACEMENT_3D('',#18849,#15148,#15149);
#12434=AXIS2_PLACEMENT_3D('',#18850,#15150,#15151);
#12435=AXIS2_PLACEMENT_3D('',#18851,#15152,#15153);
#12436=AXIS2_PLACEMENT_3D('',#18852,#15154,#15155);
#12437=AXIS2_PLACEMENT_3D('',#18853,#15156,#15157);
#12438=AXIS2_PLACEMENT_3D('',#18854,#15158,#15159);
#12439=AXIS2_PLACEMENT_3D('',#18855,#15160,#15161);
#12440=AXIS2_PLACEMENT_3D('',#18856,#15162,#15163);
#12441=AXIS2_PLACEMENT_3D('',#18858,#15164,#15165);
#12442=AXIS2_PLACEMENT_3D('',#18860,#15167,#15168);
#12443=AXIS2_PLACEMENT_3D('',#18862,#15169,#15170);
#12444=AXIS2_PLACEMENT_3D('',#18864,#15172,#15173);
#12445=AXIS2_PLACEMENT_3D('',#18866,#15174,#15175);
#12446=AXIS2_PLACEMENT_3D('',#18868,#15177,#15178);
#12447=AXIS2_PLACEMENT_3D('',#18870,#15179,#15180);
#12448=AXIS2_PLACEMENT_3D('',#18872,#15182,#15183);
#12449=AXIS2_PLACEMENT_3D('',#18874,#15184,#15185);
#12450=AXIS2_PLACEMENT_3D('',#18876,#15187,#15188);
#12451=AXIS2_PLACEMENT_3D('',#18878,#15189,#15190);
#12452=AXIS2_PLACEMENT_3D('',#18880,#15192,#15193);
#12453=AXIS2_PLACEMENT_3D('',#18882,#15194,#15195);
#12454=AXIS2_PLACEMENT_3D('',#18884,#15197,#15198);
#12455=AXIS2_PLACEMENT_3D('',#18886,#15199,#15200);
#12456=AXIS2_PLACEMENT_3D('',#18888,#15202,#15203);
#12457=AXIS2_PLACEMENT_3D('',#18890,#15204,#15205);
#12458=AXIS2_PLACEMENT_3D('',#18891,#15206,#15207);
#12459=AXIS2_PLACEMENT_3D('',#18894,#15210,#15211);
#12460=AXIS2_PLACEMENT_3D('',#18896,#15213,#15214);
#12461=AXIS2_PLACEMENT_3D('',#18898,#15216,#15217);
#12462=AXIS2_PLACEMENT_3D('',#18899,#15218,#15219);
#12463=AXIS2_PLACEMENT_3D('',#18902,#15222,#15223);
#12464=AXIS2_PLACEMENT_3D('',#18904,#15225,#15226);
#12465=AXIS2_PLACEMENT_3D('',#18906,#15228,#15229);
#12466=AXIS2_PLACEMENT_3D('',#18908,#15231,#15232);
#12467=AXIS2_PLACEMENT_3D('',#18910,#15234,#15235);
#12468=AXIS2_PLACEMENT_3D('',#18912,#15237,#15238);
#12469=AXIS2_PLACEMENT_3D('',#18914,#15240,#15241);
#12470=AXIS2_PLACEMENT_3D('',#18915,#15242,#15243);
#12471=AXIS2_PLACEMENT_3D('',#18921,#15247,#15248);
#12472=AXIS2_PLACEMENT_3D('',#18924,#15251,#15252);
#12473=AXIS2_PLACEMENT_3D('',#18926,#15254,#15255);
#12474=AXIS2_PLACEMENT_3D('',#18928,#15257,#15258);
#12475=AXIS2_PLACEMENT_3D('',#18930,#15260,#15261);
#12476=AXIS2_PLACEMENT_3D('',#18932,#15263,#15264);
#12477=AXIS2_PLACEMENT_3D('',#18934,#15266,#15267);
#12478=AXIS2_PLACEMENT_3D('',#18935,#15268,#15269);
#12479=AXIS2_PLACEMENT_3D('',#18937,#15270,#15271);
#12480=AXIS2_PLACEMENT_3D('',#18938,#15272,#15273);
#12481=AXIS2_PLACEMENT_3D('',#18941,#15274,#15275);
#12482=AXIS2_PLACEMENT_3D('',#18944,#15277,#15278);
#12483=AXIS2_PLACEMENT_3D('',#18945,#15279,#15280);
#12484=AXIS2_PLACEMENT_3D('',#18948,#15283,#15284);
#12485=AXIS2_PLACEMENT_3D('',#18950,#15286,#15287);
#12486=AXIS2_PLACEMENT_3D('',#18952,#15288,#15289);
#12487=AXIS2_PLACEMENT_3D('',#18953,#15290,#15291);
#12488=AXIS2_PLACEMENT_3D('',#18956,#15292,#15293);
#12489=AXIS2_PLACEMENT_3D('',#18959,#15295,#15296);
#12490=AXIS2_PLACEMENT_3D('',#18960,#15297,#15298);
#12491=AXIS2_PLACEMENT_3D('',#18963,#15301,#15302);
#12492=AXIS2_PLACEMENT_3D('',#18964,#15303,#15304);
#12493=AXIS2_PLACEMENT_3D('',#18966,#15306,#15307);
#12494=AXIS2_PLACEMENT_3D('',#18968,#15308,#15309);
#12495=AXIS2_PLACEMENT_3D('',#18969,#15310,#15311);
#12496=AXIS2_PLACEMENT_3D('',#18972,#15312,#15313);
#12497=AXIS2_PLACEMENT_3D('',#18975,#15315,#15316);
#12498=AXIS2_PLACEMENT_3D('',#18976,#15317,#15318);
#12499=AXIS2_PLACEMENT_3D('',#18979,#15321,#15322);
#12500=AXIS2_PLACEMENT_3D('',#18980,#15323,#15324);
#12501=AXIS2_PLACEMENT_3D('',#18982,#15326,#15327);
#12502=AXIS2_PLACEMENT_3D('',#18985,#15328,#15329);
#12503=AXIS2_PLACEMENT_3D('',#18988,#15331,#15332);
#12504=AXIS2_PLACEMENT_3D('',#18989,#15333,#15334);
#12505=AXIS2_PLACEMENT_3D('',#18992,#15337,#15338);
#12506=AXIS2_PLACEMENT_3D('',#18993,#15339,#15340);
#12507=AXIS2_PLACEMENT_3D('',#18995,#15342,#15343);
#12508=AXIS2_PLACEMENT_3D('',#18996,#15344,#15345);
#12509=AXIS2_PLACEMENT_3D('',#18997,#15346,#15347);
#12510=AXIS2_PLACEMENT_3D('',#18999,#15349,#15350);
#12511=AXIS2_PLACEMENT_3D('',#19001,#15351,#15352);
#12512=AXIS2_PLACEMENT_3D('',#19003,#15354,#15355);
#12513=AXIS2_PLACEMENT_3D('',#19005,#15356,#15357);
#12514=AXIS2_PLACEMENT_3D('',#19007,#15359,#15360);
#12515=AXIS2_PLACEMENT_3D('',#19009,#15362,#15363);
#12516=AXIS2_PLACEMENT_3D('',#19010,#15364,#15365);
#12517=AXIS2_PLACEMENT_3D('',#19027,#15374,#15375);
#12518=AXIS2_PLACEMENT_3D('',#19033,#15379,#15380);
#12519=AXIS2_PLACEMENT_3D('',#19037,#15382,#15383);
#12520=AXIS2_PLACEMENT_3D('',#19040,#15385,#15386);
#12521=AXIS2_PLACEMENT_3D('',#19041,#15387,#15388);
#12522=AXIS2_PLACEMENT_3D('',#19045,#15391,#15392);
#12523=AXIS2_PLACEMENT_3D('',#19051,#15396,#15397);
#12524=AXIS2_PLACEMENT_3D('',#19053,#15398,#15399);
#12525=AXIS2_PLACEMENT_3D('',#19056,#15401,#15402);
#12526=AXIS2_PLACEMENT_3D('',#19063,#15406,#15407);
#12527=AXIS2_PLACEMENT_3D('',#19065,#15408,#15409);
#12528=AXIS2_PLACEMENT_3D('',#19066,#15410,#15411);
#12529=AXIS2_PLACEMENT_3D('',#19068,#15413,#15414);
#12530=AXIS2_PLACEMENT_3D('',#19070,#15416,#15417);
#12531=AXIS2_PLACEMENT_3D('',#19071,#15418,#15419);
#12532=AXIS2_PLACEMENT_3D('',#19073,#15420,#15421);
#12533=AXIS2_PLACEMENT_3D('',#19074,#15422,#15423);
#12534=AXIS2_PLACEMENT_3D('',#19076,#15425,#15426);
#12535=AXIS2_PLACEMENT_3D('',#19078,#15427,#15428);
#12536=AXIS2_PLACEMENT_3D('',#19079,#15429,#15430);
#12537=AXIS2_PLACEMENT_3D('',#19081,#15432,#15433);
#12538=AXIS2_PLACEMENT_3D('',#19083,#15435,#15436);
#12539=AXIS2_PLACEMENT_3D('',#19085,#15438,#15439);
#12540=AXIS2_PLACEMENT_3D('',#19086,#15440,#15441);
#12541=AXIS2_PLACEMENT_3D('',#19095,#15446,#15447);
#12542=AXIS2_PLACEMENT_3D('',#19101,#15451,#15452);
#12543=AXIS2_PLACEMENT_3D('',#19110,#15457,#15458);
#12544=AXIS2_PLACEMENT_3D('',#19116,#15462,#15463);
#12545=AXIS2_PLACEMENT_3D('',#19125,#15468,#15469);
#12546=AXIS2_PLACEMENT_3D('',#19131,#15473,#15474);
#12547=AXIS2_PLACEMENT_3D('',#19140,#15479,#15480);
#12548=AXIS2_PLACEMENT_3D('',#19149,#15485,#15486);
#12549=AXIS2_PLACEMENT_3D('',#19152,#15489,#15490);
#12550=AXIS2_PLACEMENT_3D('',#19158,#15494,#15495);
#12551=AXIS2_PLACEMENT_3D('',#19161,#15498,#15499);
#12552=AXIS2_PLACEMENT_3D('',#19167,#15503,#15504);
#12553=AXIS2_PLACEMENT_3D('',#19170,#15507,#15508);
#12554=AXIS2_PLACEMENT_3D('',#19172,#15509,#15510);
#12555=AXIS2_PLACEMENT_3D('',#19175,#15512,#15513);
#12556=AXIS2_PLACEMENT_3D('',#19176,#15514,#15515);
#12557=AXIS2_PLACEMENT_3D('',#19177,#15516,#15517);
#12558=AXIS2_PLACEMENT_3D('',#19179,#15518,#15519);
#12559=AXIS2_PLACEMENT_3D('',#19182,#15521,#15522);
#12560=AXIS2_PLACEMENT_3D('',#19183,#15523,#15524);
#12561=AXIS2_PLACEMENT_3D('',#19184,#15525,#15526);
#12562=AXIS2_PLACEMENT_3D('',#19186,#15527,#15528);
#12563=AXIS2_PLACEMENT_3D('',#19189,#15530,#15531);
#12564=AXIS2_PLACEMENT_3D('',#19190,#15532,#15533);
#12565=AXIS2_PLACEMENT_3D('',#19191,#15534,#15535);
#12566=AXIS2_PLACEMENT_3D('',#19193,#15536,#15537);
#12567=AXIS2_PLACEMENT_3D('',#19196,#15539,#15540);
#12568=AXIS2_PLACEMENT_3D('',#19197,#15541,#15542);
#12569=AXIS2_PLACEMENT_3D('',#19198,#15543,#15544);
#12570=AXIS2_PLACEMENT_3D('',#19200,#15545,#15546);
#12571=AXIS2_PLACEMENT_3D('',#19203,#15548,#15549);
#12572=AXIS2_PLACEMENT_3D('',#19204,#15550,#15551);
#12573=AXIS2_PLACEMENT_3D('',#19205,#15552,#15553);
#12574=AXIS2_PLACEMENT_3D('',#19207,#15554,#15555);
#12575=AXIS2_PLACEMENT_3D('',#19210,#15557,#15558);
#12576=AXIS2_PLACEMENT_3D('',#19211,#15559,#15560);
#12577=AXIS2_PLACEMENT_3D('',#19212,#15561,#15562);
#12578=AXIS2_PLACEMENT_3D('',#19218,#15566,#15567);
#12579=AXIS2_PLACEMENT_3D('',#19224,#15571,#15572);
#12580=AXIS2_PLACEMENT_3D('',#19227,#15575,#15576);
#12581=AXIS2_PLACEMENT_3D('',#19231,#15579,#15580);
#12582=AXIS2_PLACEMENT_3D('',#19235,#15583,#15584);
#12583=AXIS2_PLACEMENT_3D('',#19237,#15586,#15587);
#12584=AXIS2_PLACEMENT_3D('',#19238,#15588,#15589);
#12585=AXIS2_PLACEMENT_3D('',#19251,#15596,#15597);
#12586=AXIS2_PLACEMENT_3D('',#19257,#15601,#15602);
#12587=AXIS2_PLACEMENT_3D('',#19279,#15614,#15615);
#12588=AXIS2_PLACEMENT_3D('',#19283,#15618,#15619);
#12589=AXIS2_PLACEMENT_3D('',#19292,#15624,#15625);
#12590=AXIS2_PLACEMENT_3D('',#19303,#15631,#15632);
#12591=AXIS2_PLACEMENT_3D('',#19310,#15636,#15637);
#12592=AXIS2_PLACEMENT_3D('',#19312,#15638,#15639);
#12593=AXIS2_PLACEMENT_3D('',#19314,#15640,#15641);
#12594=AXIS2_PLACEMENT_3D('',#19316,#15642,#15643);
#12595=AXIS2_PLACEMENT_3D('',#19318,#15644,#15645);
#12596=AXIS2_PLACEMENT_3D('',#19320,#15646,#15647);
#12597=AXIS2_PLACEMENT_3D('',#19322,#15648,#15649);
#12598=AXIS2_PLACEMENT_3D('',#19324,#15650,#15651);
#12599=AXIS2_PLACEMENT_3D('',#19326,#15652,#15653);
#12600=AXIS2_PLACEMENT_3D('',#19328,#15654,#15655);
#12601=AXIS2_PLACEMENT_3D('',#19330,#15656,#15657);
#12602=AXIS2_PLACEMENT_3D('',#19332,#15658,#15659);
#12603=AXIS2_PLACEMENT_3D('',#19334,#15660,#15661);
#12604=AXIS2_PLACEMENT_3D('',#19336,#15662,#15663);
#12605=AXIS2_PLACEMENT_3D('',#19338,#15664,#15665);
#12606=AXIS2_PLACEMENT_3D('',#19339,#15666,#15667);
#12607=AXIS2_PLACEMENT_3D('',#19343,#15671,#15672);
#12608=AXIS2_PLACEMENT_3D('',#19345,#15674,#15675);
#12609=AXIS2_PLACEMENT_3D('',#19351,#15679,#15680);
#12610=AXIS2_PLACEMENT_3D('',#19357,#15684,#15685);
#12611=AXIS2_PLACEMENT_3D('',#19358,#15686,#15687);
#12612=AXIS2_PLACEMENT_3D('',#19360,#15688,#15689);
#12613=AXIS2_PLACEMENT_3D('',#19361,#15690,#15691);
#12614=AXIS2_PLACEMENT_3D('',#19366,#15695,#15696);
#12615=AXIS2_PLACEMENT_3D('',#19368,#15697,#15698);
#12616=AXIS2_PLACEMENT_3D('',#19369,#15699,#15700);
#12617=AXIS2_PLACEMENT_3D('',#19371,#15702,#15703);
#12618=AXIS2_PLACEMENT_3D('',#19373,#15704,#15705);
#12619=AXIS2_PLACEMENT_3D('',#19374,#15706,#15707);
#12620=AXIS2_PLACEMENT_3D('',#19376,#15709,#15710);
#12621=AXIS2_PLACEMENT_3D('',#19378,#15711,#15712);
#12622=AXIS2_PLACEMENT_3D('',#19379,#15713,#15714);
#12623=AXIS2_PLACEMENT_3D('',#19381,#15716,#15717);
#12624=AXIS2_PLACEMENT_3D('',#19383,#15718,#15719);
#12625=AXIS2_PLACEMENT_3D('',#19384,#15720,#15721);
#12626=AXIS2_PLACEMENT_3D('',#19386,#15723,#15724);
#12627=AXIS2_PLACEMENT_3D('',#19388,#15725,#15726);
#12628=AXIS2_PLACEMENT_3D('',#19389,#15727,#15728);
#12629=AXIS2_PLACEMENT_3D('',#19391,#15730,#15731);
#12630=AXIS2_PLACEMENT_3D('',#19393,#15732,#15733);
#12631=AXIS2_PLACEMENT_3D('',#19394,#15734,#15735);
#12632=AXIS2_PLACEMENT_3D('',#19396,#15737,#15738);
#12633=AXIS2_PLACEMENT_3D('',#19398,#15739,#15740);
#12634=AXIS2_PLACEMENT_3D('',#19399,#15741,#15742);
#12635=AXIS2_PLACEMENT_3D('',#19401,#15744,#15745);
#12636=AXIS2_PLACEMENT_3D('',#19403,#15746,#15747);
#12637=AXIS2_PLACEMENT_3D('',#19404,#15748,#15749);
#12638=AXIS2_PLACEMENT_3D('',#19406,#15751,#15752);
#12639=AXIS2_PLACEMENT_3D('',#19408,#15753,#15754);
#12640=AXIS2_PLACEMENT_3D('',#19409,#15755,#15756);
#12641=AXIS2_PLACEMENT_3D('',#19411,#15758,#15759);
#12642=AXIS2_PLACEMENT_3D('',#19413,#15760,#15761);
#12643=AXIS2_PLACEMENT_3D('',#19414,#15762,#15763);
#12644=AXIS2_PLACEMENT_3D('',#19416,#15765,#15766);
#12645=AXIS2_PLACEMENT_3D('',#19418,#15767,#15768);
#12646=AXIS2_PLACEMENT_3D('',#19419,#15769,#15770);
#12647=AXIS2_PLACEMENT_3D('',#19421,#15772,#15773);
#12648=AXIS2_PLACEMENT_3D('',#19423,#15774,#15775);
#12649=AXIS2_PLACEMENT_3D('',#19424,#15776,#15777);
#12650=AXIS2_PLACEMENT_3D('',#19429,#15781,#15782);
#12651=AXIS2_PLACEMENT_3D('',#19431,#15783,#15784);
#12652=AXIS2_PLACEMENT_3D('',#19432,#15785,#15786);
#12653=AXIS2_PLACEMENT_3D('',#19434,#15788,#15789);
#12654=AXIS2_PLACEMENT_3D('',#19436,#15790,#15791);
#12655=AXIS2_PLACEMENT_3D('',#19437,#15792,#15793);
#12656=AXIS2_PLACEMENT_3D('',#19439,#15795,#15796);
#12657=AXIS2_PLACEMENT_3D('',#19441,#15797,#15798);
#12658=AXIS2_PLACEMENT_3D('',#19442,#15799,#15800);
#12659=AXIS2_PLACEMENT_3D('',#19444,#15802,#15803);
#12660=AXIS2_PLACEMENT_3D('',#19446,#15804,#15805);
#12661=AXIS2_PLACEMENT_3D('',#19447,#15806,#15807);
#12662=AXIS2_PLACEMENT_3D('',#19449,#15809,#15810);
#12663=AXIS2_PLACEMENT_3D('',#19451,#15812,#15813);
#12664=AXIS2_PLACEMENT_3D('',#19453,#15815,#15816);
#12665=AXIS2_PLACEMENT_3D('',#19457,#15819,#15820);
#12666=AXIS2_PLACEMENT_3D('',#19462,#15824,#15825);
#12667=AXIS2_PLACEMENT_3D('',#19464,#15827,#15828);
#12668=AXIS2_PLACEMENT_3D('',#19470,#15832,#15833);
#12669=AXIS2_PLACEMENT_3D('',#19472,#15835,#15836);
#12670=AXIS2_PLACEMENT_3D('',#19474,#15838,#15839);
#12671=AXIS2_PLACEMENT_3D('',#19475,#15840,#15841);
#12672=AXIS2_PLACEMENT_3D('',#19477,#15843,#15844);
#12673=AXIS2_PLACEMENT_3D('',#19478,#15845,#15846);
#12674=DIRECTION('axis',(0.,0.,1.));
#12675=DIRECTION('refdir',(1.,0.,0.));
#12676=DIRECTION('center_axis',(0.,0.,1.));
#12677=DIRECTION('ref_axis',(1.,0.,0.));
#12678=DIRECTION('',(0.,-1.,0.));
#12679=DIRECTION('',(1.,0.,0.));
#12680=DIRECTION('',(0.,-1.,0.));
#12681=DIRECTION('',(-1.,0.,0.));
#12682=DIRECTION('center_axis',(0.,-1.,0.));
#12683=DIRECTION('ref_axis',(1.,0.,0.));
#12684=DIRECTION('',(0.,0.,1.));
#12685=DIRECTION('',(1.,0.,0.));
#12686=DIRECTION('',(0.,0.,1.));
#12687=DIRECTION('center_axis',(-1.,0.,0.));
#12688=DIRECTION('ref_axis',(0.,-1.,0.));
#12689=DIRECTION('',(0.,-1.,0.));
#12690=DIRECTION('',(0.,0.,1.));
#12691=DIRECTION('center_axis',(0.,1.,0.));
#12692=DIRECTION('ref_axis',(-1.,0.,0.));
#12693=DIRECTION('',(0.,0.,-1.));
#12694=DIRECTION('',(-1.,0.,0.));
#12695=DIRECTION('center_axis',(0.,0.,-1.));
#12696=DIRECTION('ref_axis',(1.,0.,0.));
#12697=DIRECTION('center_axis',(0.,0.,1.));
#12698=DIRECTION('ref_axis',(1.,0.,0.));
#12699=DIRECTION('',(0.,0.,-1.));
#12700=DIRECTION('center_axis',(0.,0.,1.));
#12701=DIRECTION('ref_axis',(1.,0.,0.));
#12702=DIRECTION('center_axis',(0.,0.,-1.));
#12703=DIRECTION('ref_axis',(1.,0.,0.));
#12704=DIRECTION('center_axis',(0.,0.,-1.));
#12705=DIRECTION('ref_axis',(1.,0.,0.));
#12706=DIRECTION('center_axis',(0.,0.,1.));
#12707=DIRECTION('ref_axis',(1.,0.,0.));
#12708=DIRECTION('',(0.,0.,-1.));
#12709=DIRECTION('center_axis',(0.,0.,1.));
#12710=DIRECTION('ref_axis',(1.,0.,0.));
#12711=DIRECTION('center_axis',(0.,0.,-1.));
#12712=DIRECTION('ref_axis',(1.,0.,0.));
#12713=DIRECTION('center_axis',(0.,0.,1.));
#12714=DIRECTION('ref_axis',(0.707106781186542,0.707106781186553,0.));
#12715=DIRECTION('center_axis',(0.,0.,-1.));
#12716=DIRECTION('ref_axis',(0.707106781186542,0.707106781186553,0.));
#12717=DIRECTION('',(0.,0.,-1.));
#12718=DIRECTION('center_axis',(0.,0.,1.));
#12719=DIRECTION('ref_axis',(0.707106781186542,0.707106781186553,0.));
#12720=DIRECTION('',(0.,0.,1.));
#12721=DIRECTION('center_axis',(0.,0.,1.));
#12722=DIRECTION('ref_axis',(1.,0.,0.));
#12723=DIRECTION('',(0.,-1.,0.));
#12724=DIRECTION('',(-1.,0.,0.));
#12725=DIRECTION('',(0.,1.,0.));
#12726=DIRECTION('center_axis',(0.,0.,1.));
#12727=DIRECTION('ref_axis',(0.707106781186553,-0.707106781186542,0.));
#12728=DIRECTION('',(1.,0.,0.));
#12729=DIRECTION('',(0.,-1.,0.));
#12730=DIRECTION('center_axis',(1.,0.,0.));
#12731=DIRECTION('ref_axis',(0.,1.,0.));
#12732=DIRECTION('',(0.,0.,1.));
#12733=DIRECTION('',(0.,1.,0.));
#12734=DIRECTION('center_axis',(0.,0.,1.));
#12735=DIRECTION('ref_axis',(0.707106781186553,-0.707106781186542,0.));
#12736=DIRECTION('center_axis',(0.,0.,-1.));
#12737=DIRECTION('ref_axis',(0.707106781186553,-0.707106781186542,0.));
#12738=DIRECTION('',(0.,0.,-1.));
#12739=DIRECTION('center_axis',(0.,-1.,0.));
#12740=DIRECTION('ref_axis',(1.,0.,0.));
#12741=DIRECTION('',(0.,0.,1.));
#12742=DIRECTION('',(1.,0.,0.));
#12743=DIRECTION('center_axis',(0.,0.,1.));
#12744=DIRECTION('ref_axis',(1.,0.,0.));
#12745=DIRECTION('',(0.,1.,0.));
#12746=DIRECTION('',(-1.,0.,0.));
#12747=DIRECTION('center_axis',(0.,1.,0.));
#12748=DIRECTION('ref_axis',(-1.,0.,0.));
#12749=DIRECTION('',(0.,0.,-1.));
#12750=DIRECTION('center_axis',(1.,0.,0.));
#12751=DIRECTION('ref_axis',(0.,1.,0.));
#12752=DIRECTION('center_axis',(0.,0.,1.));
#12753=DIRECTION('ref_axis',(1.,0.,0.));
#12754=DIRECTION('center_axis',(0.,0.,-1.));
#12755=DIRECTION('ref_axis',(1.,0.,0.));
#12756=DIRECTION('center_axis',(0.,0.,1.));
#12757=DIRECTION('ref_axis',(1.,0.,0.));
#12758=DIRECTION('center_axis',(0.,0.,-1.));
#12759=DIRECTION('ref_axis',(1.,0.,0.));
#12760=DIRECTION('center_axis',(0.,0.,-1.));
#12761=DIRECTION('ref_axis',(0.707106781186542,0.707106781186553,0.));
#12762=DIRECTION('center_axis',(0.,0.,1.));
#12763=DIRECTION('ref_axis',(0.707106781186542,0.707106781186553,0.));
#12764=DIRECTION('',(0.,0.,1.));
#12765=DIRECTION('center_axis',(0.,0.,-1.));
#12766=DIRECTION('ref_axis',(0.707106781186542,0.707106781186553,0.));
#12767=DIRECTION('',(0.,0.,-1.));
#12768=DIRECTION('center_axis',(0.,0.,-1.));
#12769=DIRECTION('ref_axis',(1.,0.,0.));
#12770=DIRECTION('center_axis',(0.,0.,-1.));
#12771=DIRECTION('ref_axis',(1.,0.,0.));
#12772=DIRECTION('',(0.,0.,-1.));
#12773=DIRECTION('center_axis',(0.,0.,1.));
#12774=DIRECTION('ref_axis',(1.,0.,0.));
#12775=DIRECTION('center_axis',(0.,0.,-1.));
#12776=DIRECTION('ref_axis',(1.,0.,0.));
#12777=DIRECTION('center_axis',(0.,0.,-1.));
#12778=DIRECTION('ref_axis',(1.,0.,0.));
#12779=DIRECTION('',(0.707106781186552,-8.65956056235499E-17,0.707106781186543));
#12780=DIRECTION('center_axis',(0.,0.,-1.));
#12781=DIRECTION('ref_axis',(1.,0.,0.));
#12782=DIRECTION('center_axis',(0.,0.,-1.));
#12783=DIRECTION('ref_axis',(1.,0.,0.));
#12784=DIRECTION('',(0.,0.,-1.));
#12785=DIRECTION('center_axis',(0.,0.,1.));
#12786=DIRECTION('ref_axis',(1.,0.,0.));
#12787=DIRECTION('center_axis',(0.,0.,-1.));
#12788=DIRECTION('ref_axis',(1.,0.,0.));
#12789=DIRECTION('center_axis',(0.,0.,-1.));
#12790=DIRECTION('ref_axis',(1.,0.,0.));
#12791=DIRECTION('',(0.707106781186553,-8.659560562355E-17,0.707106781186543));
#12792=DIRECTION('center_axis',(0.,0.,-1.));
#12793=DIRECTION('ref_axis',(1.,0.,0.));
#12794=DIRECTION('center_axis',(0.,0.,-1.));
#12795=DIRECTION('ref_axis',(1.,0.,0.));
#12796=DIRECTION('',(0.,0.,-1.));
#12797=DIRECTION('center_axis',(0.,0.,1.));
#12798=DIRECTION('ref_axis',(1.,0.,0.));
#12799=DIRECTION('center_axis',(0.,0.,-1.));
#12800=DIRECTION('ref_axis',(1.,0.,0.));
#12801=DIRECTION('center_axis',(0.,0.,-1.));
#12802=DIRECTION('ref_axis',(1.,0.,0.));
#12803=DIRECTION('',(0.707106781186553,-8.659560562355E-17,0.707106781186543));
#12804=DIRECTION('center_axis',(0.,0.,-1.));
#12805=DIRECTION('ref_axis',(1.,0.,0.));
#12806=DIRECTION('center_axis',(0.,0.,-1.));
#12807=DIRECTION('ref_axis',(1.,0.,0.));
#12808=DIRECTION('',(0.,0.,-1.));
#12809=DIRECTION('center_axis',(0.,0.,1.));
#12810=DIRECTION('ref_axis',(1.,0.,0.));
#12811=DIRECTION('center_axis',(0.,0.,-1.));
#12812=DIRECTION('ref_axis',(1.,0.,0.));
#12813=DIRECTION('center_axis',(0.,0.,-1.));
#12814=DIRECTION('ref_axis',(1.,0.,0.));
#12815=DIRECTION('',(0.707106781186553,-8.659560562355E-17,0.707106781186543));
#12816=DIRECTION('center_axis',(0.,0.,-1.));
#12817=DIRECTION('ref_axis',(1.,0.,0.));
#12818=DIRECTION('center_axis',(0.,0.,-1.));
#12819=DIRECTION('ref_axis',(1.,0.,0.));
#12820=DIRECTION('',(0.,0.,-1.));
#12821=DIRECTION('center_axis',(0.,0.,1.));
#12822=DIRECTION('ref_axis',(1.,0.,0.));
#12823=DIRECTION('center_axis',(0.,0.,-1.));
#12824=DIRECTION('ref_axis',(1.,0.,0.));
#12825=DIRECTION('center_axis',(0.,0.,-1.));
#12826=DIRECTION('ref_axis',(1.,0.,0.));
#12827=DIRECTION('',(0.707106781186553,-8.659560562355E-17,0.707106781186543));
#12828=DIRECTION('center_axis',(0.,0.,-1.));
#12829=DIRECTION('ref_axis',(1.,0.,0.));
#12830=DIRECTION('center_axis',(0.,0.,-1.));
#12831=DIRECTION('ref_axis',(1.,0.,0.));
#12832=DIRECTION('',(0.,0.,-1.));
#12833=DIRECTION('center_axis',(0.,0.,1.));
#12834=DIRECTION('ref_axis',(1.,0.,0.));
#12835=DIRECTION('center_axis',(0.,0.,-1.));
#12836=DIRECTION('ref_axis',(1.,0.,0.));
#12837=DIRECTION('center_axis',(0.,0.,-1.));
#12838=DIRECTION('ref_axis',(1.,0.,0.));
#12839=DIRECTION('',(0.707106781186546,-8.65956056235492E-17,0.707106781186549));
#12840=DIRECTION('center_axis',(0.,0.,-1.));
#12841=DIRECTION('ref_axis',(1.,0.,0.));
#12842=DIRECTION('center_axis',(0.,0.,-1.));
#12843=DIRECTION('ref_axis',(1.,0.,0.));
#12844=DIRECTION('',(0.,0.,-1.));
#12845=DIRECTION('center_axis',(0.,0.,1.));
#12846=DIRECTION('ref_axis',(1.,0.,0.));
#12847=DIRECTION('center_axis',(0.,0.,-1.));
#12848=DIRECTION('ref_axis',(1.,0.,0.));
#12849=DIRECTION('center_axis',(0.,0.,-1.));
#12850=DIRECTION('ref_axis',(1.,0.,0.));
#12851=DIRECTION('',(0.707106781186546,-8.65956056235492E-17,0.707106781186549));
#12852=DIRECTION('center_axis',(0.,0.,-1.));
#12853=DIRECTION('ref_axis',(1.,0.,0.));
#12854=DIRECTION('center_axis',(0.,0.,-1.));
#12855=DIRECTION('ref_axis',(1.,0.,0.));
#12856=DIRECTION('',(0.,0.,-1.));
#12857=DIRECTION('center_axis',(0.,0.,1.));
#12858=DIRECTION('ref_axis',(1.,0.,0.));
#12859=DIRECTION('center_axis',(0.,0.,-1.));
#12860=DIRECTION('ref_axis',(1.,0.,0.));
#12861=DIRECTION('center_axis',(0.,0.,-1.));
#12862=DIRECTION('ref_axis',(1.,0.,0.));
#12863=DIRECTION('',(0.707106781186546,-8.65956056235492E-17,0.707106781186549));
#12864=DIRECTION('center_axis',(0.,0.,-1.));
#12865=DIRECTION('ref_axis',(1.,0.,0.));
#12866=DIRECTION('center_axis',(0.,0.,-1.));
#12867=DIRECTION('ref_axis',(1.,0.,0.));
#12868=DIRECTION('',(0.,0.,-1.));
#12869=DIRECTION('center_axis',(0.,0.,1.));
#12870=DIRECTION('ref_axis',(1.,0.,0.));
#12871=DIRECTION('center_axis',(0.,0.,-1.));
#12872=DIRECTION('ref_axis',(1.,0.,0.));
#12873=DIRECTION('center_axis',(0.,0.,-1.));
#12874=DIRECTION('ref_axis',(1.,0.,0.));
#12875=DIRECTION('',(0.707106781186548,-8.65956056235494E-17,0.707106781186547));
#12876=DIRECTION('center_axis',(0.,0.,-1.));
#12877=DIRECTION('ref_axis',(1.,0.,0.));
#12878=DIRECTION('center_axis',(0.,0.,-1.));
#12879=DIRECTION('ref_axis',(1.,0.,0.));
#12880=DIRECTION('',(0.,0.,-1.));
#12881=DIRECTION('center_axis',(0.,0.,1.));
#12882=DIRECTION('ref_axis',(1.,0.,0.));
#12883=DIRECTION('center_axis',(0.,0.,-1.));
#12884=DIRECTION('ref_axis',(1.,0.,0.));
#12885=DIRECTION('center_axis',(0.,0.,-1.));
#12886=DIRECTION('ref_axis',(1.,0.,0.));
#12887=DIRECTION('',(0.707106781186548,-8.65956056235493E-17,0.707106781186548));
#12888=DIRECTION('center_axis',(0.,1.,0.));
#12889=DIRECTION('ref_axis',(0.,0.,1.));
#12890=DIRECTION('',(0.,0.,1.));
#12891=DIRECTION('',(-1.,2.44249065417535E-15,0.));
#12892=DIRECTION('',(0.,0.,-1.));
#12893=DIRECTION('',(1.,-2.44249065417535E-15,0.));
#12894=DIRECTION('center_axis',(0.,1.,0.));
#12895=DIRECTION('ref_axis',(1.,0.,0.));
#12896=DIRECTION('',(0.,0.,1.));
#12897=DIRECTION('',(1.,0.,0.));
#12898=DIRECTION('',(1.,0.,0.));
#12899=DIRECTION('center_axis',(1.,-5.25895116927703E-16,0.));
#12900=DIRECTION('ref_axis',(5.25895116927703E-16,1.,0.));
#12901=DIRECTION('',(5.25895116927703E-16,1.,0.));
#12902=DIRECTION('',(0.,0.,-1.));
#12903=DIRECTION('',(-5.25895116927703E-16,-1.,0.));
#12904=DIRECTION('center_axis',(-0.499999999999993,0.866025403784443,0.));
#12905=DIRECTION('ref_axis',(-0.866025403784443,-0.499999999999993,0.));
#12906=DIRECTION('',(-0.866025403784443,-0.499999999999993,0.));
#12907=DIRECTION('',(0.,0.,-1.));
#12908=DIRECTION('',(0.866025403784443,0.499999999999993,0.));
#12909=DIRECTION('center_axis',(1.,-7.21644966006352E-16,0.));
#12910=DIRECTION('ref_axis',(7.21644966006352E-16,1.,0.));
#12911=DIRECTION('',(7.21644966006352E-16,1.,0.));
#12912=DIRECTION('',(0.,0.,1.));
#12913=DIRECTION('',(-7.21644966006352E-16,-1.,0.));
#12914=DIRECTION('center_axis',(-0.500000000000004,-0.866025403784437,0.));
#12915=DIRECTION('ref_axis',(0.866025403784437,-0.500000000000004,0.));
#12916=DIRECTION('',(0.866025403784437,-0.500000000000004,0.));
#12917=DIRECTION('',(0.,0.,1.));
#12918=DIRECTION('',(-0.866025403784437,0.500000000000004,0.));
#12919=DIRECTION('center_axis',(1.,-6.66133814775095E-16,0.));
#12920=DIRECTION('ref_axis',(6.66133814775095E-16,1.,0.));
#12921=DIRECTION('',(6.66133814775095E-16,1.,0.));
#12922=DIRECTION('',(0.,0.,-1.));
#12923=DIRECTION('',(-6.66133814775095E-16,-1.,0.));
#12924=DIRECTION('center_axis',(-0.499999999999998,0.86602540378444,0.));
#12925=DIRECTION('ref_axis',(-0.86602540378444,-0.499999999999998,0.));
#12926=DIRECTION('',(-0.86602540378444,-0.499999999999998,0.));
#12927=DIRECTION('',(0.,0.,-1.));
#12928=DIRECTION('',(0.86602540378444,0.499999999999998,0.));
#12929=DIRECTION('center_axis',(1.,-8.32667268468867E-16,0.));
#12930=DIRECTION('ref_axis',(8.32667268468867E-16,1.,0.));
#12931=DIRECTION('',(8.32667268468867E-16,1.,0.));
#12932=DIRECTION('',(0.,0.,1.));
#12933=DIRECTION('',(-8.32667268468867E-16,-1.,0.));
#12934=DIRECTION('center_axis',(-0.500000000000007,-0.866025403784434,0.));
#12935=DIRECTION('ref_axis',(0.866025403784434,-0.500000000000007,0.));
#12936=DIRECTION('',(0.866025403784434,-0.500000000000007,0.));
#12937=DIRECTION('',(0.,0.,1.));
#12938=DIRECTION('',(-0.866025403784434,0.500000000000007,0.));
#12939=DIRECTION('center_axis',(1.,-2.22044604925031E-16,0.));
#12940=DIRECTION('ref_axis',(2.22044604925031E-16,1.,0.));
#12941=DIRECTION('',(2.22044604925031E-16,1.,0.));
#12942=DIRECTION('',(0.,0.,-1.));
#12943=DIRECTION('',(-2.22044604925031E-16,-1.,0.));
#12944=DIRECTION('center_axis',(-0.499999999999998,0.86602540378444,0.));
#12945=DIRECTION('ref_axis',(-0.86602540378444,-0.499999999999998,0.));
#12946=DIRECTION('',(-0.86602540378444,-0.499999999999998,0.));
#12947=DIRECTION('',(0.,0.,-1.));
#12948=DIRECTION('',(0.86602540378444,0.499999999999998,0.));
#12949=DIRECTION('center_axis',(1.,-1.94289029309402E-15,0.));
#12950=DIRECTION('ref_axis',(1.94289029309402E-15,1.,0.));
#12951=DIRECTION('',(1.94289029309402E-15,1.,0.));
#12952=DIRECTION('',(0.,0.,1.));
#12953=DIRECTION('',(-1.94289029309402E-15,-1.,0.));
#12954=DIRECTION('center_axis',(-0.500000000000004,-0.866025403784437,0.));
#12955=DIRECTION('ref_axis',(0.866025403784437,-0.500000000000003,0.));
#12956=DIRECTION('',(0.866025403784437,-0.500000000000003,0.));
#12957=DIRECTION('',(0.,0.,1.));
#12958=DIRECTION('',(-0.866025403784437,0.500000000000003,0.));
#12959=DIRECTION('center_axis',(1.,-8.32667268468867E-16,0.));
#12960=DIRECTION('ref_axis',(8.32667268468867E-16,1.,0.));
#12961=DIRECTION('',(8.32667268468867E-16,1.,0.));
#12962=DIRECTION('',(0.,0.,-1.));
#12963=DIRECTION('',(-8.32667268468867E-16,-1.,0.));
#12964=DIRECTION('center_axis',(-0.499999999999998,0.86602540378444,0.));
#12965=DIRECTION('ref_axis',(-0.86602540378444,-0.499999999999998,0.));
#12966=DIRECTION('',(-0.86602540378444,-0.499999999999998,0.));
#12967=DIRECTION('',(0.,0.,-1.));
#12968=DIRECTION('',(0.86602540378444,0.499999999999998,0.));
#12969=DIRECTION('center_axis',(1.,-1.0547118733939E-15,0.));
#12970=DIRECTION('ref_axis',(1.0547118733939E-15,1.,0.));
#12971=DIRECTION('',(1.0547118733939E-15,1.,0.));
#12972=DIRECTION('',(0.,0.,1.));
#12973=DIRECTION('',(-1.0547118733939E-15,-1.,0.));
#12974=DIRECTION('center_axis',(-0.499999999999999,-0.866025403784439,0.));
#12975=DIRECTION('ref_axis',(0.866025403784439,-0.499999999999999,0.));
#12976=DIRECTION('',(0.866025403784439,-0.499999999999999,0.));
#12977=DIRECTION('',(0.,0.,1.));
#12978=DIRECTION('',(-0.866025403784439,0.499999999999999,0.));
#12979=DIRECTION('center_axis',(1.,-8.88178419700125E-16,0.));
#12980=DIRECTION('ref_axis',(8.88178419700125E-16,1.,0.));
#12981=DIRECTION('',(8.88178419700125E-16,1.,0.));
#12982=DIRECTION('',(0.,0.,-1.));
#12983=DIRECTION('',(-8.88178419700125E-16,-1.,0.));
#12984=DIRECTION('center_axis',(-0.5,0.866025403784439,0.));
#12985=DIRECTION('ref_axis',(-0.866025403784439,-0.5,0.));
#12986=DIRECTION('',(-0.866025403784439,-0.5,0.));
#12987=DIRECTION('',(0.,0.,-1.));
#12988=DIRECTION('',(0.866025403784439,0.5,0.));
#12989=DIRECTION('center_axis',(1.,-4.44089209850063E-16,0.));
#12990=DIRECTION('ref_axis',(4.44089209850063E-16,1.,0.));
#12991=DIRECTION('',(4.44089209850063E-16,1.,0.));
#12992=DIRECTION('',(0.,0.,1.));
#12993=DIRECTION('',(-4.44089209850063E-16,-1.,0.));
#12994=DIRECTION('center_axis',(-0.500000000000002,-0.866025403784438,0.));
#12995=DIRECTION('ref_axis',(0.866025403784438,-0.500000000000002,0.));
#12996=DIRECTION('',(0.866025403784438,-0.500000000000002,0.));
#12997=DIRECTION('',(0.,0.,1.));
#12998=DIRECTION('',(-0.866025403784438,0.500000000000002,0.));
#12999=DIRECTION('center_axis',(1.,-5.55111512312578E-16,0.));
#13000=DIRECTION('ref_axis',(5.55111512312578E-16,1.,0.));
#13001=DIRECTION('',(5.55111512312578E-16,1.,0.));
#13002=DIRECTION('',(0.,0.,-1.));
#13003=DIRECTION('',(-5.55111512312578E-16,-1.,0.));
#13004=DIRECTION('center_axis',(-0.499999999999999,0.866025403784439,0.));
#13005=DIRECTION('ref_axis',(-0.866025403784439,-0.499999999999999,0.));
#13006=DIRECTION('',(-0.866025403784439,-0.499999999999999,0.));
#13007=DIRECTION('',(0.,0.,-1.));
#13008=DIRECTION('',(0.866025403784439,0.499999999999999,0.));
#13009=DIRECTION('center_axis',(1.,-6.66133814775094E-16,0.));
#13010=DIRECTION('ref_axis',(6.66133814775094E-16,1.,0.));
#13011=DIRECTION('',(6.66133814775094E-16,1.,0.));
#13012=DIRECTION('',(0.,0.,1.));
#13013=DIRECTION('',(-6.66133814775094E-16,-1.,0.));
#13014=DIRECTION('center_axis',(-0.500000000000001,-0.866025403784438,0.));
#13015=DIRECTION('ref_axis',(0.866025403784438,-0.500000000000001,0.));
#13016=DIRECTION('',(0.866025403784438,-0.500000000000001,0.));
#13017=DIRECTION('',(0.,0.,1.));
#13018=DIRECTION('',(-0.866025403784438,0.500000000000001,0.));
#13019=DIRECTION('center_axis',(1.,-4.44089209850063E-16,0.));
#13020=DIRECTION('ref_axis',(4.44089209850063E-16,1.,0.));
#13021=DIRECTION('',(4.44089209850063E-16,1.,0.));
#13022=DIRECTION('',(0.,0.,-1.));
#13023=DIRECTION('',(-4.44089209850063E-16,-1.,0.));
#13024=DIRECTION('center_axis',(-0.5,0.866025403784439,0.));
#13025=DIRECTION('ref_axis',(-0.866025403784439,-0.5,0.));
#13026=DIRECTION('',(-0.866025403784439,-0.5,0.));
#13027=DIRECTION('',(0.,0.,-1.));
#13028=DIRECTION('',(0.866025403784439,0.5,0.));
#13029=DIRECTION('center_axis',(1.,-5.82867087928207E-16,0.));
#13030=DIRECTION('ref_axis',(5.82867087928207E-16,1.,0.));
#13031=DIRECTION('',(5.82867087928207E-16,1.,0.));
#13032=DIRECTION('',(0.,0.,1.));
#13033=DIRECTION('',(-5.82867087928207E-16,-1.,0.));
#13034=DIRECTION('center_axis',(-0.500000000000002,-0.866025403784438,0.));
#13035=DIRECTION('ref_axis',(0.866025403784438,-0.500000000000002,0.));
#13036=DIRECTION('',(0.866025403784438,-0.500000000000002,0.));
#13037=DIRECTION('',(0.,0.,1.));
#13038=DIRECTION('',(-0.866025403784438,0.500000000000002,0.));
#13039=DIRECTION('center_axis',(1.,4.44089209850063E-16,0.));
#13040=DIRECTION('ref_axis',(-4.44089209850063E-16,1.,0.));
#13041=DIRECTION('',(0.,0.,1.));
#13042=DIRECTION('',(4.44089209850063E-16,-1.,0.));
#13043=DIRECTION('',(-4.44089209850063E-16,1.,0.));
#13044=DIRECTION('center_axis',(0.,1.,0.));
#13045=DIRECTION('ref_axis',(0.,0.,1.));
#13046=DIRECTION('',(0.,0.,1.));
#13047=DIRECTION('',(1.,0.,0.));
#13048=DIRECTION('',(0.,0.,-1.));
#13049=DIRECTION('',(-1.,0.,0.));
#13050=DIRECTION('center_axis',(0.,1.,0.));
#13051=DIRECTION('ref_axis',(0.,0.,1.));
#13052=DIRECTION('',(0.,0.,1.));
#13053=DIRECTION('',(1.,0.,0.));
#13054=DIRECTION('',(0.,0.,-1.));
#13055=DIRECTION('',(-1.,0.,0.));
#13056=DIRECTION('center_axis',(0.,1.,0.));
#13057=DIRECTION('ref_axis',(0.,0.,1.));
#13058=DIRECTION('',(0.,0.,1.));
#13059=DIRECTION('',(1.,0.,0.));
#13060=DIRECTION('',(0.,0.,-1.));
#13061=DIRECTION('',(-1.,0.,0.));
#13062=DIRECTION('center_axis',(0.,1.,0.));
#13063=DIRECTION('ref_axis',(0.,0.,1.));
#13064=DIRECTION('',(0.,0.,1.));
#13065=DIRECTION('',(1.,0.,0.));
#13066=DIRECTION('',(0.,0.,-1.));
#13067=DIRECTION('',(-1.,0.,0.));
#13068=DIRECTION('center_axis',(0.,1.,0.));
#13069=DIRECTION('ref_axis',(0.,0.,1.));
#13070=DIRECTION('',(0.,0.,1.));
#13071=DIRECTION('',(1.,0.,0.));
#13072=DIRECTION('',(0.,0.,-1.));
#13073=DIRECTION('',(-1.,0.,0.));
#13074=DIRECTION('center_axis',(0.,1.,0.));
#13075=DIRECTION('ref_axis',(0.,0.,1.));
#13076=DIRECTION('',(0.,0.,1.));
#13077=DIRECTION('',(1.,0.,0.));
#13078=DIRECTION('',(0.,0.,-1.));
#13079=DIRECTION('',(-1.,0.,0.));
#13080=DIRECTION('center_axis',(0.,1.,0.));
#13081=DIRECTION('ref_axis',(0.,0.,1.));
#13082=DIRECTION('',(0.,0.,1.));
#13083=DIRECTION('',(1.,0.,0.));
#13084=DIRECTION('',(0.,0.,-1.));
#13085=DIRECTION('',(-1.,0.,0.));
#13086=DIRECTION('center_axis',(0.,1.,0.));
#13087=DIRECTION('ref_axis',(0.,0.,1.));
#13088=DIRECTION('',(0.,0.,1.));
#13089=DIRECTION('',(1.,0.,0.));
#13090=DIRECTION('',(0.,0.,-1.));
#13091=DIRECTION('',(-1.,0.,0.));
#13092=DIRECTION('center_axis',(0.,1.,0.));
#13093=DIRECTION('ref_axis',(0.,0.,1.));
#13094=DIRECTION('',(0.,0.,1.));
#13095=DIRECTION('',(1.,0.,0.));
#13096=DIRECTION('',(0.,0.,-1.));
#13097=DIRECTION('',(-1.,0.,0.));
#13098=DIRECTION('center_axis',(0.,1.,0.));
#13099=DIRECTION('ref_axis',(0.,0.,1.));
#13100=DIRECTION('',(0.,0.,1.));
#13101=DIRECTION('',(1.,0.,0.));
#13102=DIRECTION('',(0.,0.,-1.));
#13103=DIRECTION('',(-1.,0.,0.));
#13104=DIRECTION('center_axis',(2.88657986402541E-15,-1.,0.));
#13105=DIRECTION('ref_axis',(1.,2.88657986402541E-15,0.));
#13106=DIRECTION('',(1.,2.88657986402541E-15,0.));
#13107=DIRECTION('',(0.,0.,1.));
#13108=DIRECTION('',(-1.,-2.88657986402541E-15,0.));
#13109=DIRECTION('center_axis',(-0.866025403784438,0.500000000000002,0.));
#13110=DIRECTION('ref_axis',(-0.500000000000002,-0.866025403784438,0.));
#13111=DIRECTION('',(-0.500000000000002,-0.866025403784438,0.));
#13112=DIRECTION('',(0.500000000000002,0.866025403784438,0.));
#13113=DIRECTION('center_axis',(0.866025403784436,0.500000000000005,0.));
#13114=DIRECTION('ref_axis',(-0.500000000000005,0.866025403784436,0.));
#13115=DIRECTION('',(-0.500000000000005,0.866025403784436,0.));
#13116=DIRECTION('',(0.,0.,-1.));
#13117=DIRECTION('',(0.500000000000005,-0.866025403784436,0.));
#13118=DIRECTION('center_axis',(1.99840144432528E-15,-1.,0.));
#13119=DIRECTION('ref_axis',(1.,1.99840144432528E-15,0.));
#13120=DIRECTION('',(1.,1.99840144432528E-15,0.));
#13121=DIRECTION('',(0.,0.,1.));
#13122=DIRECTION('',(-1.,-1.99840144432528E-15,0.));
#13123=DIRECTION('center_axis',(-0.866025403784436,0.500000000000005,0.));
#13124=DIRECTION('ref_axis',(-0.500000000000005,-0.866025403784436,0.));
#13125=DIRECTION('',(-0.500000000000005,-0.866025403784436,0.));
#13126=DIRECTION('',(0.500000000000005,0.866025403784436,0.));
#13127=DIRECTION('center_axis',(0.86602540378444,0.499999999999997,0.));
#13128=DIRECTION('ref_axis',(-0.499999999999997,0.86602540378444,0.));
#13129=DIRECTION('',(-0.499999999999997,0.86602540378444,0.));
#13130=DIRECTION('',(0.,0.,-1.));
#13131=DIRECTION('',(0.499999999999997,-0.86602540378444,0.));
#13132=DIRECTION('center_axis',(1.77635683940025E-15,-1.,0.));
#13133=DIRECTION('ref_axis',(1.,1.77635683940025E-15,0.));
#13134=DIRECTION('',(1.,1.77635683940025E-15,0.));
#13135=DIRECTION('',(0.,0.,1.));
#13136=DIRECTION('',(-1.,-1.77635683940025E-15,0.));
#13137=DIRECTION('center_axis',(-0.866025403784438,0.500000000000002,0.));
#13138=DIRECTION('ref_axis',(-0.500000000000002,-0.866025403784438,0.));
#13139=DIRECTION('',(-0.500000000000002,-0.866025403784438,0.));
#13140=DIRECTION('',(0.500000000000002,0.866025403784438,0.));
#13141=DIRECTION('center_axis',(0.866025403784441,0.499999999999996,0.));
#13142=DIRECTION('ref_axis',(-0.499999999999996,0.866025403784441,0.));
#13143=DIRECTION('',(-0.499999999999996,0.866025403784441,0.));
#13144=DIRECTION('',(0.,0.,-1.));
#13145=DIRECTION('',(0.499999999999996,-0.866025403784441,0.));
#13146=DIRECTION('center_axis',(2.66453525910038E-15,-1.,0.));
#13147=DIRECTION('ref_axis',(1.,2.66453525910038E-15,0.));
#13148=DIRECTION('',(1.,2.66453525910038E-15,0.));
#13149=DIRECTION('',(0.,0.,1.));
#13150=DIRECTION('',(-1.,-2.66453525910038E-15,0.));
#13151=DIRECTION('center_axis',(-0.866025403784435,0.500000000000006,0.));
#13152=DIRECTION('ref_axis',(-0.500000000000006,-0.866025403784435,0.));
#13153=DIRECTION('',(-0.500000000000006,-0.866025403784435,0.));
#13154=DIRECTION('',(0.500000000000006,0.866025403784435,0.));
#13155=DIRECTION('center_axis',(0.866025403784435,0.500000000000006,0.));
#13156=DIRECTION('ref_axis',(-0.500000000000006,0.866025403784435,0.));
#13157=DIRECTION('',(-0.500000000000006,0.866025403784435,0.));
#13158=DIRECTION('',(0.,0.,-1.));
#13159=DIRECTION('',(0.500000000000006,-0.866025403784435,0.));
#13160=DIRECTION('center_axis',(8.88178419700125E-16,-1.,0.));
#13161=DIRECTION('ref_axis',(1.,8.88178419700125E-16,0.));
#13162=DIRECTION('',(1.,8.88178419700125E-16,0.));
#13163=DIRECTION('',(0.,0.,1.));
#13164=DIRECTION('',(-1.,-8.88178419700125E-16,0.));
#13165=DIRECTION('center_axis',(-0.866025403784439,0.499999999999999,0.));
#13166=DIRECTION('ref_axis',(-0.499999999999999,-0.866025403784439,0.));
#13167=DIRECTION('',(-0.499999999999999,-0.866025403784439,0.));
#13168=DIRECTION('',(0.499999999999999,0.866025403784439,0.));
#13169=DIRECTION('center_axis',(0.866025403784441,0.499999999999995,0.));
#13170=DIRECTION('ref_axis',(-0.499999999999995,0.866025403784441,0.));
#13171=DIRECTION('',(-0.499999999999995,0.866025403784441,0.));
#13172=DIRECTION('',(0.,0.,-1.));
#13173=DIRECTION('',(0.499999999999995,-0.866025403784441,0.));
#13174=DIRECTION('center_axis',(1.11022302462516E-15,-1.,0.));
#13175=DIRECTION('ref_axis',(1.,1.11022302462516E-15,0.));
#13176=DIRECTION('',(1.,1.11022302462516E-15,0.));
#13177=DIRECTION('',(0.,0.,1.));
#13178=DIRECTION('',(-1.,-1.11022302462516E-15,0.));
#13179=DIRECTION('center_axis',(-0.866025403784442,0.499999999999994,0.));
#13180=DIRECTION('ref_axis',(-0.499999999999994,-0.866025403784442,0.));
#13181=DIRECTION('',(-0.499999999999994,-0.866025403784442,0.));
#13182=DIRECTION('',(0.499999999999994,0.866025403784442,0.));
#13183=DIRECTION('center_axis',(0.866025403784618,0.49999999999969,0.));
#13184=DIRECTION('ref_axis',(-0.49999999999969,0.866025403784618,0.));
#13185=DIRECTION('',(-0.49999999999969,0.866025403784618,0.));
#13186=DIRECTION('',(0.,0.,-1.));
#13187=DIRECTION('',(0.49999999999969,-0.866025403784618,0.));
#13188=DIRECTION('center_axis',(4.51416681812589E-13,-1.,0.));
#13189=DIRECTION('ref_axis',(1.,4.51416681812589E-13,0.));
#13190=DIRECTION('',(1.,4.51416681812589E-13,0.));
#13191=DIRECTION('',(0.,0.,1.));
#13192=DIRECTION('',(-1.,-4.51416681812589E-13,0.));
#13193=DIRECTION('center_axis',(-0.866025403784075,0.50000000000063,0.));
#13194=DIRECTION('ref_axis',(-0.50000000000063,-0.866025403784075,0.));
#13195=DIRECTION('',(-0.50000000000063,-0.866025403784075,0.));
#13196=DIRECTION('',(0.50000000000063,0.866025403784075,0.));
#13197=DIRECTION('center_axis',(0.866025403784075,0.50000000000063,0.));
#13198=DIRECTION('ref_axis',(-0.50000000000063,0.866025403784075,0.));
#13199=DIRECTION('',(-0.50000000000063,0.866025403784075,0.));
#13200=DIRECTION('',(0.,0.,-1.));
#13201=DIRECTION('',(0.50000000000063,-0.866025403784075,0.));
#13202=DIRECTION('center_axis',(-4.51416681812589E-13,-1.,0.));
#13203=DIRECTION('ref_axis',(1.,-4.51416681812589E-13,0.));
#13204=DIRECTION('',(1.,-4.51416681812589E-13,0.));
#13205=DIRECTION('',(0.,0.,1.));
#13206=DIRECTION('',(-1.,4.51416681812589E-13,0.));
#13207=DIRECTION('center_axis',(-0.866025403784618,0.49999999999969,0.));
#13208=DIRECTION('ref_axis',(-0.49999999999969,-0.866025403784618,0.));
#13209=DIRECTION('',(-0.49999999999969,-0.866025403784618,0.));
#13210=DIRECTION('',(0.49999999999969,0.866025403784618,0.));
#13211=DIRECTION('center_axis',(0.866025403784442,0.499999999999994,0.));
#13212=DIRECTION('ref_axis',(-0.499999999999994,0.866025403784442,0.));
#13213=DIRECTION('',(-0.499999999999994,0.866025403784442,0.));
#13214=DIRECTION('',(0.,0.,-1.));
#13215=DIRECTION('',(0.499999999999994,-0.866025403784442,0.));
#13216=DIRECTION('center_axis',(-1.11022302462516E-15,-1.,0.));
#13217=DIRECTION('ref_axis',(1.,-1.11022302462516E-15,0.));
#13218=DIRECTION('',(1.,-1.11022302462516E-15,0.));
#13219=DIRECTION('',(0.,0.,1.));
#13220=DIRECTION('',(-1.,1.11022302462516E-15,0.));
#13221=DIRECTION('center_axis',(-0.866025403784441,0.499999999999995,0.));
#13222=DIRECTION('ref_axis',(-0.499999999999995,-0.866025403784441,0.));
#13223=DIRECTION('',(-0.499999999999995,-0.866025403784441,0.));
#13224=DIRECTION('',(0.499999999999995,0.866025403784441,0.));
#13225=DIRECTION('center_axis',(0.866025403784438,0.500000000000001,0.));
#13226=DIRECTION('ref_axis',(-0.500000000000001,0.866025403784438,0.));
#13227=DIRECTION('',(-0.500000000000001,0.866025403784438,0.));
#13228=DIRECTION('',(0.,0.,-1.));
#13229=DIRECTION('',(0.500000000000001,-0.866025403784438,0.));
#13230=DIRECTION('center_axis',(-8.88178419700125E-16,-1.,0.));
#13231=DIRECTION('ref_axis',(1.,-8.88178419700125E-16,0.));
#13232=DIRECTION('',(1.,-8.88178419700125E-16,0.));
#13233=DIRECTION('',(0.,0.,1.));
#13234=DIRECTION('',(-1.,8.88178419700125E-16,0.));
#13235=DIRECTION('center_axis',(-0.866025403784436,0.500000000000004,0.));
#13236=DIRECTION('ref_axis',(-0.500000000000004,-0.866025403784436,0.));
#13237=DIRECTION('',(-0.500000000000004,-0.866025403784436,0.));
#13238=DIRECTION('',(0.500000000000004,0.866025403784436,0.));
#13239=DIRECTION('center_axis',(0.866025403784435,0.500000000000006,0.));
#13240=DIRECTION('ref_axis',(-0.500000000000006,0.866025403784435,0.));
#13241=DIRECTION('',(-0.500000000000006,0.866025403784435,0.));
#13242=DIRECTION('',(0.,0.,-1.));
#13243=DIRECTION('',(0.500000000000006,-0.866025403784435,0.));
#13244=DIRECTION('center_axis',(-2.66453525910038E-15,-1.,0.));
#13245=DIRECTION('ref_axis',(1.,-2.66453525910038E-15,0.));
#13246=DIRECTION('',(1.,-2.66453525910038E-15,0.));
#13247=DIRECTION('',(0.,0.,1.));
#13248=DIRECTION('',(-1.,2.66453525910038E-15,0.));
#13249=DIRECTION('center_axis',(-0.866025403784441,0.499999999999996,0.));
#13250=DIRECTION('ref_axis',(-0.499999999999996,-0.866025403784441,0.));
#13251=DIRECTION('',(-0.499999999999996,-0.866025403784441,0.));
#13252=DIRECTION('',(0.499999999999996,0.866025403784441,0.));
#13253=DIRECTION('center_axis',(0.,0.,-1.));
#13254=DIRECTION('ref_axis',(-1.,0.,0.));
#13255=DIRECTION('',(0.,-1.,0.));
#13256=DIRECTION('center_axis',(0.,0.,1.));
#13257=DIRECTION('ref_axis',(0.707106781186553,0.707106781186542,0.));
#13258=DIRECTION('center_axis',(0.,0.,-1.));
#13259=DIRECTION('ref_axis',(0.707106781186553,0.707106781186542,0.));
#13260=DIRECTION('center_axis',(0.,0.,-1.));
#13261=DIRECTION('ref_axis',(0.707106781186553,0.707106781186542,0.));
#13262=DIRECTION('',(0.,0.,-1.));
#13263=DIRECTION('center_axis',(0.,0.,1.));
#13264=DIRECTION('ref_axis',(1.,0.,0.));
#13265=DIRECTION('',(0.,-1.,0.));
#13266=DIRECTION('',(-1.,0.,0.));
#13267=DIRECTION('',(0.,1.,0.));
#13268=DIRECTION('',(1.,0.,0.));
#13269=DIRECTION('',(0.,-1.,0.));
#13270=DIRECTION('center_axis',(1.,0.,0.));
#13271=DIRECTION('ref_axis',(0.,-1.,0.));
#13272=DIRECTION('center_axis',(0.,0.,1.));
#13273=DIRECTION('ref_axis',(1.,0.,0.));
#13274=DIRECTION('center_axis',(0.,0.,-1.));
#13275=DIRECTION('ref_axis',(1.,0.,0.));
#13276=DIRECTION('',(0.,0.,-1.));
#13277=DIRECTION('center_axis',(0.,0.,1.));
#13278=DIRECTION('ref_axis',(1.,0.,0.));
#13279=DIRECTION('center_axis',(0.,0.,-1.));
#13280=DIRECTION('ref_axis',(1.,0.,0.));
#13281=DIRECTION('',(0.,0.,-1.));
#13282=DIRECTION('center_axis',(0.,-1.,0.));
#13283=DIRECTION('ref_axis',(1.,0.,0.));
#13284=DIRECTION('',(0.,0.,-1.));
#13285=DIRECTION('',(-1.,0.,0.));
#13286=DIRECTION('',(0.,0.,-1.));
#13287=DIRECTION('center_axis',(-1.,0.,0.));
#13288=DIRECTION('ref_axis',(0.,-1.,0.));
#13289=DIRECTION('',(0.,1.,0.));
#13290=DIRECTION('',(0.,0.,1.));
#13291=DIRECTION('center_axis',(0.,1.,0.));
#13292=DIRECTION('ref_axis',(-1.,0.,0.));
#13293=DIRECTION('',(1.,0.,0.));
#13294=DIRECTION('',(0.,0.,-1.));
#13295=DIRECTION('center_axis',(1.,0.,0.));
#13296=DIRECTION('ref_axis',(0.,1.,0.));
#13297=DIRECTION('',(0.,-1.,0.));
#13298=DIRECTION('center_axis',(0.,0.,1.));
#13299=DIRECTION('ref_axis',(1.,0.,0.));
#13300=DIRECTION('center_axis',(0.,0.,1.));
#13301=DIRECTION('ref_axis',(1.,0.,0.));
#13302=DIRECTION('center_axis',(0.,0.,-1.));
#13303=DIRECTION('ref_axis',(1.,0.,0.));
#13304=DIRECTION('center_axis',(0.,0.,1.));
#13305=DIRECTION('ref_axis',(1.,0.,0.));
#13306=DIRECTION('center_axis',(0.,0.,-1.));
#13307=DIRECTION('ref_axis',(1.,0.,0.));
#13308=DIRECTION('center_axis',(0.,0.,-1.));
#13309=DIRECTION('ref_axis',(-0.707106781186554,0.707106781186541,0.));
#13310=DIRECTION('center_axis',(0.,0.,-1.));
#13311=DIRECTION('ref_axis',(-0.707106781186554,0.707106781186541,0.));
#13312=DIRECTION('',(0.,0.,-1.));
#13313=DIRECTION('center_axis',(0.,0.,1.));
#13314=DIRECTION('ref_axis',(-0.707106781186554,0.707106781186541,0.));
#13315=DIRECTION('',(0.,0.,1.));
#13316=DIRECTION('center_axis',(0.,1.,0.));
#13317=DIRECTION('ref_axis',(0.,0.,1.));
#13318=DIRECTION('',(1.,-6.66133814775093E-16,0.));
#13319=DIRECTION('',(0.,0.,1.));
#13320=DIRECTION('',(-1.,6.66133814775093E-16,0.));
#13321=DIRECTION('center_axis',(1.,-5.25895116927703E-16,0.));
#13322=DIRECTION('ref_axis',(5.25895116927703E-16,1.,0.));
#13323=DIRECTION('',(5.25895116927703E-16,1.,0.));
#13324=DIRECTION('',(0.,0.,1.));
#13325=DIRECTION('',(-5.25895116927703E-16,-1.,0.));
#13326=DIRECTION('',(0.,0.,-1.));
#13327=DIRECTION('center_axis',(-0.499999999999993,0.866025403784443,0.));
#13328=DIRECTION('ref_axis',(-0.866025403784443,-0.499999999999993,0.));
#13329=DIRECTION('',(-0.866025403784443,-0.499999999999993,0.));
#13330=DIRECTION('',(0.866025403784443,0.499999999999993,0.));
#13331=DIRECTION('',(0.,0.,-1.));
#13332=DIRECTION('center_axis',(1.,-7.21644966006352E-16,0.));
#13333=DIRECTION('ref_axis',(7.21644966006352E-16,1.,0.));
#13334=DIRECTION('',(7.21644966006352E-16,1.,0.));
#13335=DIRECTION('',(-7.21644966006352E-16,-1.,0.));
#13336=DIRECTION('',(0.,0.,-1.));
#13337=DIRECTION('center_axis',(-0.500000000000004,-0.866025403784437,0.));
#13338=DIRECTION('ref_axis',(0.866025403784437,-0.500000000000004,0.));
#13339=DIRECTION('',(0.866025403784437,-0.500000000000004,0.));
#13340=DIRECTION('',(-0.866025403784437,0.500000000000004,0.));
#13341=DIRECTION('',(0.,0.,-1.));
#13342=DIRECTION('center_axis',(1.,-6.66133814775095E-16,0.));
#13343=DIRECTION('ref_axis',(6.66133814775095E-16,1.,0.));
#13344=DIRECTION('',(6.66133814775095E-16,1.,0.));
#13345=DIRECTION('',(-6.66133814775095E-16,-1.,0.));
#13346=DIRECTION('',(0.,0.,-1.));
#13347=DIRECTION('center_axis',(-0.499999999999998,0.86602540378444,0.));
#13348=DIRECTION('ref_axis',(-0.86602540378444,-0.499999999999998,0.));
#13349=DIRECTION('',(-0.86602540378444,-0.499999999999998,0.));
#13350=DIRECTION('',(0.86602540378444,0.499999999999998,0.));
#13351=DIRECTION('',(0.,0.,-1.));
#13352=DIRECTION('center_axis',(1.,-8.32667268468867E-16,0.));
#13353=DIRECTION('ref_axis',(8.32667268468867E-16,1.,0.));
#13354=DIRECTION('',(8.32667268468867E-16,1.,0.));
#13355=DIRECTION('',(-8.32667268468867E-16,-1.,0.));
#13356=DIRECTION('',(0.,0.,-1.));
#13357=DIRECTION('center_axis',(-0.500000000000007,-0.866025403784434,0.));
#13358=DIRECTION('ref_axis',(0.866025403784434,-0.500000000000007,0.));
#13359=DIRECTION('',(0.866025403784434,-0.500000000000007,0.));
#13360=DIRECTION('',(-0.866025403784434,0.500000000000007,0.));
#13361=DIRECTION('',(0.,0.,-1.));
#13362=DIRECTION('center_axis',(1.,-2.22044604925031E-16,0.));
#13363=DIRECTION('ref_axis',(2.22044604925031E-16,1.,0.));
#13364=DIRECTION('',(2.22044604925031E-16,1.,0.));
#13365=DIRECTION('',(-2.22044604925031E-16,-1.,0.));
#13366=DIRECTION('',(0.,0.,-1.));
#13367=DIRECTION('center_axis',(-0.499999999999998,0.86602540378444,0.));
#13368=DIRECTION('ref_axis',(-0.86602540378444,-0.499999999999998,0.));
#13369=DIRECTION('',(-0.86602540378444,-0.499999999999998,0.));
#13370=DIRECTION('',(0.86602540378444,0.499999999999998,0.));
#13371=DIRECTION('',(0.,0.,-1.));
#13372=DIRECTION('center_axis',(1.,-1.94289029309402E-15,0.));
#13373=DIRECTION('ref_axis',(1.94289029309402E-15,1.,0.));
#13374=DIRECTION('',(1.94289029309402E-15,1.,0.));
#13375=DIRECTION('',(-1.94289029309402E-15,-1.,0.));
#13376=DIRECTION('',(0.,0.,-1.));
#13377=DIRECTION('center_axis',(-0.500000000000004,-0.866025403784437,0.));
#13378=DIRECTION('ref_axis',(0.866025403784437,-0.500000000000003,0.));
#13379=DIRECTION('',(0.866025403784437,-0.500000000000003,0.));
#13380=DIRECTION('',(-0.866025403784437,0.500000000000003,0.));
#13381=DIRECTION('',(0.,0.,-1.));
#13382=DIRECTION('center_axis',(1.,-8.32667268468867E-16,0.));
#13383=DIRECTION('ref_axis',(8.32667268468867E-16,1.,0.));
#13384=DIRECTION('',(8.32667268468867E-16,1.,0.));
#13385=DIRECTION('',(-8.32667268468867E-16,-1.,0.));
#13386=DIRECTION('',(0.,0.,-1.));
#13387=DIRECTION('center_axis',(-0.499999999999998,0.86602540378444,0.));
#13388=DIRECTION('ref_axis',(-0.86602540378444,-0.499999999999998,0.));
#13389=DIRECTION('',(-0.86602540378444,-0.499999999999998,0.));
#13390=DIRECTION('',(0.86602540378444,0.499999999999998,0.));
#13391=DIRECTION('',(0.,0.,-1.));
#13392=DIRECTION('center_axis',(1.,-1.0547118733939E-15,0.));
#13393=DIRECTION('ref_axis',(1.0547118733939E-15,1.,0.));
#13394=DIRECTION('',(1.0547118733939E-15,1.,0.));
#13395=DIRECTION('',(-1.0547118733939E-15,-1.,0.));
#13396=DIRECTION('',(0.,0.,-1.));
#13397=DIRECTION('center_axis',(-0.499999999999999,-0.866025403784439,0.));
#13398=DIRECTION('ref_axis',(0.866025403784439,-0.499999999999999,0.));
#13399=DIRECTION('',(0.866025403784439,-0.499999999999999,0.));
#13400=DIRECTION('',(-0.866025403784439,0.499999999999999,0.));
#13401=DIRECTION('',(0.,0.,-1.));
#13402=DIRECTION('center_axis',(1.,-8.88178419700125E-16,0.));
#13403=DIRECTION('ref_axis',(8.88178419700125E-16,1.,0.));
#13404=DIRECTION('',(8.88178419700125E-16,1.,0.));
#13405=DIRECTION('',(-8.88178419700125E-16,-1.,0.));
#13406=DIRECTION('',(0.,0.,-1.));
#13407=DIRECTION('center_axis',(-0.5,0.866025403784439,0.));
#13408=DIRECTION('ref_axis',(-0.866025403784439,-0.5,0.));
#13409=DIRECTION('',(-0.866025403784439,-0.5,0.));
#13410=DIRECTION('',(0.866025403784439,0.5,0.));
#13411=DIRECTION('',(0.,0.,-1.));
#13412=DIRECTION('center_axis',(1.,-4.44089209850063E-16,0.));
#13413=DIRECTION('ref_axis',(4.44089209850063E-16,1.,0.));
#13414=DIRECTION('',(4.44089209850063E-16,1.,0.));
#13415=DIRECTION('',(-4.44089209850063E-16,-1.,0.));
#13416=DIRECTION('',(0.,0.,-1.));
#13417=DIRECTION('center_axis',(-0.500000000000002,-0.866025403784438,0.));
#13418=DIRECTION('ref_axis',(0.866025403784438,-0.500000000000002,0.));
#13419=DIRECTION('',(0.866025403784438,-0.500000000000002,0.));
#13420=DIRECTION('',(-0.866025403784438,0.500000000000002,0.));
#13421=DIRECTION('',(0.,0.,-1.));
#13422=DIRECTION('center_axis',(1.,-5.55111512312578E-16,0.));
#13423=DIRECTION('ref_axis',(5.55111512312578E-16,1.,0.));
#13424=DIRECTION('',(5.55111512312578E-16,1.,0.));
#13425=DIRECTION('',(-5.55111512312578E-16,-1.,0.));
#13426=DIRECTION('',(0.,0.,-1.));
#13427=DIRECTION('center_axis',(-0.499999999999999,0.866025403784439,0.));
#13428=DIRECTION('ref_axis',(-0.866025403784439,-0.499999999999999,0.));
#13429=DIRECTION('',(-0.866025403784439,-0.499999999999999,0.));
#13430=DIRECTION('',(0.866025403784439,0.499999999999999,0.));
#13431=DIRECTION('',(0.,0.,-1.));
#13432=DIRECTION('center_axis',(1.,-6.66133814775094E-16,0.));
#13433=DIRECTION('ref_axis',(6.66133814775094E-16,1.,0.));
#13434=DIRECTION('',(6.66133814775094E-16,1.,0.));
#13435=DIRECTION('',(-6.66133814775094E-16,-1.,0.));
#13436=DIRECTION('',(0.,0.,-1.));
#13437=DIRECTION('center_axis',(-0.500000000000001,-0.866025403784438,0.));
#13438=DIRECTION('ref_axis',(0.866025403784438,-0.500000000000001,0.));
#13439=DIRECTION('',(0.866025403784438,-0.500000000000001,0.));
#13440=DIRECTION('',(-0.866025403784438,0.500000000000001,0.));
#13441=DIRECTION('',(0.,0.,-1.));
#13442=DIRECTION('center_axis',(1.,-4.44089209850063E-16,0.));
#13443=DIRECTION('ref_axis',(4.44089209850063E-16,1.,0.));
#13444=DIRECTION('',(4.44089209850063E-16,1.,0.));
#13445=DIRECTION('',(-4.44089209850063E-16,-1.,0.));
#13446=DIRECTION('',(0.,0.,-1.));
#13447=DIRECTION('center_axis',(-0.5,0.866025403784439,0.));
#13448=DIRECTION('ref_axis',(-0.866025403784439,-0.5,0.));
#13449=DIRECTION('',(-0.866025403784439,-0.5,0.));
#13450=DIRECTION('',(0.866025403784439,0.5,0.));
#13451=DIRECTION('',(0.,0.,-1.));
#13452=DIRECTION('center_axis',(1.,-5.82867087928207E-16,0.));
#13453=DIRECTION('ref_axis',(5.82867087928207E-16,1.,0.));
#13454=DIRECTION('',(5.82867087928207E-16,1.,0.));
#13455=DIRECTION('',(-5.82867087928207E-16,-1.,0.));
#13456=DIRECTION('',(0.,0.,-1.));
#13457=DIRECTION('center_axis',(-0.500000000000002,-0.866025403784438,0.));
#13458=DIRECTION('ref_axis',(0.866025403784438,-0.500000000000002,0.));
#13459=DIRECTION('',(0.866025403784438,-0.500000000000002,0.));
#13460=DIRECTION('',(-0.866025403784438,0.500000000000002,0.));
#13461=DIRECTION('',(0.,0.,-1.));
#13462=DIRECTION('center_axis',(0.,0.,-1.));
#13463=DIRECTION('ref_axis',(-1.,0.,0.));
#13464=DIRECTION('',(0.,1.,0.));
#13465=DIRECTION('center_axis',(0.,0.,1.));
#13466=DIRECTION('ref_axis',(-0.707106781186553,0.707106781186542,0.));
#13467=DIRECTION('',(1.,0.,0.));
#13468=DIRECTION('',(-4.44089209850063E-16,1.,0.));
#13469=DIRECTION('',(1.,2.88657986402541E-15,0.));
#13470=DIRECTION('',(-0.5,0.866025403784438,0.));
#13471=DIRECTION('',(-1.,0.,0.));
#13472=DIRECTION('',(-0.499999999999989,-0.866025403784445,0.));
#13473=DIRECTION('',(1.,1.77635683940025E-15,0.));
#13474=DIRECTION('',(-0.499999999999999,0.866025403784439,0.));
#13475=DIRECTION('',(-1.,0.,0.));
#13476=DIRECTION('',(-0.499999999999996,-0.866025403784441,0.));
#13477=DIRECTION('',(1.,1.33226762955019E-15,0.));
#13478=DIRECTION('',(-0.500000000000008,0.866025403784434,0.));
#13479=DIRECTION('',(-1.,0.,0.));
#13480=DIRECTION('',(-0.499999999999999,-0.866025403784439,0.));
#13481=DIRECTION('',(1.,1.77635683940025E-15,0.));
#13482=DIRECTION('',(-0.500000000000005,0.866025403784436,0.));
#13483=DIRECTION('',(-1.,0.,0.));
#13484=DIRECTION('',(-0.499999999999996,-0.866025403784441,0.));
#13485=DIRECTION('',(1.,3.99680288865056E-15,0.));
#13486=DIRECTION('',(-0.500000000000007,0.866025403784434,0.));
#13487=DIRECTION('',(-1.,0.,0.));
#13488=DIRECTION('',(-0.500000000000004,-0.866025403784436,0.));
#13489=DIRECTION('',(1.,2.88657986402541E-15,0.));
#13490=DIRECTION('',(-0.499999999999998,0.86602540378444,0.));
#13491=DIRECTION('',(-1.,0.,0.));
#13492=DIRECTION('',(-0.499999999999992,-0.866025403784443,0.));
#13493=DIRECTION('',(1.,3.05755420981769E-13,0.));
#13494=DIRECTION('',(-0.499999999998233,0.866025403785459,0.));
#13495=DIRECTION('',(-1.,0.,0.));
#13496=DIRECTION('',(-0.499999999998233,-0.866025403785459,0.));
#13497=DIRECTION('',(1.,-3.05755420981768E-13,0.));
#13498=DIRECTION('',(-0.499999999999995,0.866025403784442,0.));
#13499=DIRECTION('',(-1.,0.,0.));
#13500=DIRECTION('',(-0.500000000000001,-0.866025403784438,0.));
#13501=DIRECTION('',(1.,-2.88657986402541E-15,0.));
#13502=DIRECTION('',(-0.500000000000003,0.866025403784437,0.));
#13503=DIRECTION('',(-1.,0.,0.));
#13504=DIRECTION('',(-0.500000000000009,-0.866025403784434,0.));
#13505=DIRECTION('',(1.,-3.99680288865056E-15,0.));
#13506=DIRECTION('',(-0.499999999999994,0.866025403784442,0.));
#13507=DIRECTION('',(-1.,0.,0.));
#13508=DIRECTION('',(-0.500000000000006,-0.866025403784435,0.));
#13509=DIRECTION('',(1.,-1.77635683940025E-15,0.));
#13510=DIRECTION('',(-0.499999999999999,0.866025403784439,0.));
#13511=DIRECTION('center_axis',(0.,0.,-1.));
#13512=DIRECTION('ref_axis',(1.,0.,0.));
#13513=DIRECTION('center_axis',(0.,0.,-1.));
#13514=DIRECTION('ref_axis',(1.,0.,0.));
#13515=DIRECTION('center_axis',(0.,0.,-1.));
#13516=DIRECTION('ref_axis',(1.,0.,0.));
#13517=DIRECTION('center_axis',(0.,0.,-1.));
#13518=DIRECTION('ref_axis',(1.,0.,0.));
#13519=DIRECTION('center_axis',(0.,0.,-1.));
#13520=DIRECTION('ref_axis',(1.,0.,0.));
#13521=DIRECTION('center_axis',(0.,0.,-1.));
#13522=DIRECTION('ref_axis',(1.,0.,0.));
#13523=DIRECTION('center_axis',(0.,0.,-1.));
#13524=DIRECTION('ref_axis',(1.,0.,0.));
#13525=DIRECTION('center_axis',(0.,0.,-1.));
#13526=DIRECTION('ref_axis',(1.,0.,0.));
#13527=DIRECTION('center_axis',(0.,0.,-1.));
#13528=DIRECTION('ref_axis',(1.,0.,0.));
#13529=DIRECTION('center_axis',(-1.,0.,0.));
#13530=DIRECTION('ref_axis',(0.,1.,0.));
#13531=DIRECTION('',(0.,1.,0.));
#13532=DIRECTION('',(0.,0.,1.));
#13533=DIRECTION('center_axis',(0.,0.,-1.));
#13534=DIRECTION('ref_axis',(1.,0.,0.));
#13535=DIRECTION('',(0.707106781186553,-8.659560562355E-17,0.707106781186543));
#13536=DIRECTION('center_axis',(0.,0.,1.));
#13537=DIRECTION('ref_axis',(1.,0.,0.));
#13538=DIRECTION('center_axis',(0.,0.,-1.));
#13539=DIRECTION('ref_axis',(1.,0.,0.));
#13540=DIRECTION('center_axis',(0.,0.,-1.));
#13541=DIRECTION('ref_axis',(1.,0.,0.));
#13542=DIRECTION('',(0.,0.,-1.));
#13543=DIRECTION('center_axis',(0.,0.,-1.));
#13544=DIRECTION('ref_axis',(1.,0.,0.));
#13545=DIRECTION('',(0.707106781186552,-8.65956056235499E-17,0.707106781186543));
#13546=DIRECTION('center_axis',(0.,0.,1.));
#13547=DIRECTION('ref_axis',(1.,0.,0.));
#13548=DIRECTION('center_axis',(0.,0.,-1.));
#13549=DIRECTION('ref_axis',(1.,0.,0.));
#13550=DIRECTION('center_axis',(0.,0.,-1.));
#13551=DIRECTION('ref_axis',(1.,0.,0.));
#13552=DIRECTION('',(0.,0.,-1.));
#13553=DIRECTION('center_axis',(0.,0.,-1.));
#13554=DIRECTION('ref_axis',(1.,0.,0.));
#13555=DIRECTION('',(0.707106781186546,-8.65956056235492E-17,0.707106781186549));
#13556=DIRECTION('center_axis',(0.,0.,1.));
#13557=DIRECTION('ref_axis',(1.,0.,0.));
#13558=DIRECTION('center_axis',(0.,0.,-1.));
#13559=DIRECTION('ref_axis',(1.,0.,0.));
#13560=DIRECTION('center_axis',(0.,0.,-1.));
#13561=DIRECTION('ref_axis',(1.,0.,0.));
#13562=DIRECTION('',(0.,0.,-1.));
#13563=DIRECTION('center_axis',(0.,0.,-1.));
#13564=DIRECTION('ref_axis',(1.,0.,0.));
#13565=DIRECTION('',(0.707106781186553,-8.659560562355E-17,0.707106781186543));
#13566=DIRECTION('center_axis',(0.,0.,1.));
#13567=DIRECTION('ref_axis',(1.,0.,0.));
#13568=DIRECTION('center_axis',(0.,0.,-1.));
#13569=DIRECTION('ref_axis',(1.,0.,0.));
#13570=DIRECTION('center_axis',(0.,0.,-1.));
#13571=DIRECTION('ref_axis',(1.,0.,0.));
#13572=DIRECTION('',(0.,0.,-1.));
#13573=DIRECTION('center_axis',(0.,0.,-1.));
#13574=DIRECTION('ref_axis',(1.,0.,0.));
#13575=DIRECTION('',(0.707106781186553,-8.659560562355E-17,0.707106781186543));
#13576=DIRECTION('center_axis',(0.,0.,1.));
#13577=DIRECTION('ref_axis',(1.,0.,0.));
#13578=DIRECTION('center_axis',(0.,0.,-1.));
#13579=DIRECTION('ref_axis',(1.,0.,0.));
#13580=DIRECTION('center_axis',(0.,0.,-1.));
#13581=DIRECTION('ref_axis',(1.,0.,0.));
#13582=DIRECTION('',(0.,0.,-1.));
#13583=DIRECTION('center_axis',(0.,0.,-1.));
#13584=DIRECTION('ref_axis',(1.,0.,0.));
#13585=DIRECTION('',(0.707106781186553,-8.659560562355E-17,0.707106781186543));
#13586=DIRECTION('center_axis',(0.,0.,1.));
#13587=DIRECTION('ref_axis',(1.,0.,0.));
#13588=DIRECTION('center_axis',(0.,0.,-1.));
#13589=DIRECTION('ref_axis',(1.,0.,0.));
#13590=DIRECTION('center_axis',(0.,0.,-1.));
#13591=DIRECTION('ref_axis',(1.,0.,0.));
#13592=DIRECTION('',(0.,0.,-1.));
#13593=DIRECTION('center_axis',(0.,0.,-1.));
#13594=DIRECTION('ref_axis',(1.,0.,0.));
#13595=DIRECTION('',(0.707106781186546,-8.65956056235492E-17,0.707106781186549));
#13596=DIRECTION('center_axis',(0.,0.,1.));
#13597=DIRECTION('ref_axis',(1.,0.,0.));
#13598=DIRECTION('center_axis',(0.,0.,-1.));
#13599=DIRECTION('ref_axis',(1.,0.,0.));
#13600=DIRECTION('center_axis',(0.,0.,-1.));
#13601=DIRECTION('ref_axis',(1.,0.,0.));
#13602=DIRECTION('',(0.,0.,-1.));
#13603=DIRECTION('center_axis',(0.,0.,-1.));
#13604=DIRECTION('ref_axis',(1.,0.,0.));
#13605=DIRECTION('',(0.707106781186546,-8.65956056235492E-17,0.707106781186549));
#13606=DIRECTION('center_axis',(0.,0.,1.));
#13607=DIRECTION('ref_axis',(1.,0.,0.));
#13608=DIRECTION('center_axis',(0.,0.,-1.));
#13609=DIRECTION('ref_axis',(1.,0.,0.));
#13610=DIRECTION('center_axis',(0.,0.,-1.));
#13611=DIRECTION('ref_axis',(1.,0.,0.));
#13612=DIRECTION('',(0.,0.,-1.));
#13613=DIRECTION('center_axis',(0.,0.,-1.));
#13614=DIRECTION('ref_axis',(1.,0.,0.));
#13615=DIRECTION('',(0.707106781186548,-8.65956056235494E-17,0.707106781186547));
#13616=DIRECTION('center_axis',(0.,0.,1.));
#13617=DIRECTION('ref_axis',(1.,0.,0.));
#13618=DIRECTION('center_axis',(0.,0.,-1.));
#13619=DIRECTION('ref_axis',(1.,0.,0.));
#13620=DIRECTION('center_axis',(0.,0.,-1.));
#13621=DIRECTION('ref_axis',(1.,0.,0.));
#13622=DIRECTION('',(0.,0.,-1.));
#13623=DIRECTION('center_axis',(0.,1.,0.));
#13624=DIRECTION('ref_axis',(1.,0.,0.));
#13625=DIRECTION('',(0.,0.,-1.));
#13626=DIRECTION('',(1.,0.,0.));
#13627=DIRECTION('center_axis',(0.,0.,-1.));
#13628=DIRECTION('ref_axis',(-0.707106781186553,0.707106781186542,0.));
#13629=DIRECTION('center_axis',(0.,0.,-1.));
#13630=DIRECTION('ref_axis',(-0.707106781186553,0.707106781186542,0.));
#13631=DIRECTION('center_axis',(1.,4.44089209850063E-16,0.));
#13632=DIRECTION('ref_axis',(-4.44089209850063E-16,1.,0.));
#13633=DIRECTION('',(0.,0.,1.));
#13634=DIRECTION('',(4.44089209850063E-16,-1.,0.));
#13635=DIRECTION('center_axis',(0.,0.,1.));
#13636=DIRECTION('ref_axis',(1.,0.,0.));
#13637=DIRECTION('',(0.499999999999999,-0.866025403784439,0.));
#13638=DIRECTION('',(-1.,1.77635683940025E-15,0.));
#13639=DIRECTION('',(0.500000000000006,0.866025403784435,0.));
#13640=DIRECTION('',(1.,0.,0.));
#13641=DIRECTION('',(0.499999999999994,-0.866025403784442,0.));
#13642=DIRECTION('',(-1.,3.99680288865056E-15,0.));
#13643=DIRECTION('',(0.500000000000009,0.866025403784434,0.));
#13644=DIRECTION('',(1.,0.,0.));
#13645=DIRECTION('',(0.500000000000003,-0.866025403784437,0.));
#13646=DIRECTION('',(-1.,2.88657986402541E-15,0.));
#13647=DIRECTION('',(0.500000000000001,0.866025403784438,0.));
#13648=DIRECTION('',(1.,0.,0.));
#13649=DIRECTION('',(0.499999999999995,-0.866025403784442,0.));
#13650=DIRECTION('',(-1.,3.05755420981768E-13,0.));
#13651=DIRECTION('',(0.499999999998233,0.866025403785459,0.));
#13652=DIRECTION('',(1.,0.,0.));
#13653=DIRECTION('',(0.499999999998233,-0.866025403785459,0.));
#13654=DIRECTION('',(-1.,-3.05755420981769E-13,0.));
#13655=DIRECTION('',(0.499999999999992,0.866025403784443,0.));
#13656=DIRECTION('',(1.,0.,0.));
#13657=DIRECTION('',(0.499999999999998,-0.86602540378444,0.));
#13658=DIRECTION('',(-1.,-2.88657986402541E-15,0.));
#13659=DIRECTION('',(0.500000000000004,0.866025403784436,0.));
#13660=DIRECTION('',(1.,0.,0.));
#13661=DIRECTION('',(0.500000000000007,-0.866025403784434,0.));
#13662=DIRECTION('',(-1.,-3.99680288865056E-15,0.));
#13663=DIRECTION('',(0.499999999999996,0.866025403784441,0.));
#13664=DIRECTION('',(1.,0.,0.));
#13665=DIRECTION('',(0.500000000000005,-0.866025403784436,0.));
#13666=DIRECTION('',(-1.,-1.77635683940025E-15,0.));
#13667=DIRECTION('',(0.499999999999999,0.866025403784439,0.));
#13668=DIRECTION('',(1.,0.,0.));
#13669=DIRECTION('',(0.500000000000008,-0.866025403784434,0.));
#13670=DIRECTION('',(-1.,-1.33226762955019E-15,0.));
#13671=DIRECTION('',(0.499999999999996,0.866025403784441,0.));
#13672=DIRECTION('',(1.,0.,0.));
#13673=DIRECTION('',(0.499999999999999,-0.866025403784439,0.));
#13674=DIRECTION('',(-1.,-1.77635683940025E-15,0.));
#13675=DIRECTION('',(0.499999999999989,0.866025403784445,0.));
#13676=DIRECTION('',(1.,0.,0.));
#13677=DIRECTION('',(0.5,-0.866025403784438,0.));
#13678=DIRECTION('',(-1.,-2.88657986402541E-15,0.));
#13679=DIRECTION('',(1.,0.,0.));
#13680=DIRECTION('',(0.,-1.,0.));
#13681=DIRECTION('',(-1.,0.,0.));
#13682=DIRECTION('',(0.,1.,0.));
#13683=DIRECTION('center_axis',(0.,1.,0.));
#13684=DIRECTION('ref_axis',(0.,0.,1.));
#13685=DIRECTION('',(0.,0.,-1.));
#13686=DIRECTION('',(0.,0.,1.));
#13687=DIRECTION('center_axis',(0.,1.,0.));
#13688=DIRECTION('ref_axis',(0.,0.,1.));
#13689=DIRECTION('',(0.,0.,-1.));
#13690=DIRECTION('',(0.,0.,1.));
#13691=DIRECTION('center_axis',(0.,1.,0.));
#13692=DIRECTION('ref_axis',(0.,0.,1.));
#13693=DIRECTION('',(0.,0.,-1.));
#13694=DIRECTION('',(0.,0.,1.));
#13695=DIRECTION('center_axis',(0.,1.,0.));
#13696=DIRECTION('ref_axis',(0.,0.,1.));
#13697=DIRECTION('',(0.,0.,-1.));
#13698=DIRECTION('',(0.,0.,1.));
#13699=DIRECTION('center_axis',(0.,1.,0.));
#13700=DIRECTION('ref_axis',(0.,0.,1.));
#13701=DIRECTION('',(0.,0.,-1.));
#13702=DIRECTION('',(0.,0.,1.));
#13703=DIRECTION('center_axis',(0.,1.,0.));
#13704=DIRECTION('ref_axis',(0.,0.,1.));
#13705=DIRECTION('',(0.,0.,-1.));
#13706=DIRECTION('',(0.,0.,1.));
#13707=DIRECTION('center_axis',(0.,1.,0.));
#13708=DIRECTION('ref_axis',(0.,0.,1.));
#13709=DIRECTION('',(0.,0.,-1.));
#13710=DIRECTION('',(0.,0.,1.));
#13711=DIRECTION('center_axis',(0.,1.,0.));
#13712=DIRECTION('ref_axis',(0.,0.,1.));
#13713=DIRECTION('',(0.,0.,-1.));
#13714=DIRECTION('',(0.,0.,1.));
#13715=DIRECTION('center_axis',(0.,1.,0.));
#13716=DIRECTION('ref_axis',(0.,0.,1.));
#13717=DIRECTION('',(0.,0.,-1.));
#13718=DIRECTION('',(0.,0.,1.));
#13719=DIRECTION('center_axis',(0.,1.,0.));
#13720=DIRECTION('ref_axis',(0.,0.,1.));
#13721=DIRECTION('',(0.,0.,-1.));
#13722=DIRECTION('',(0.,0.,1.));
#13723=DIRECTION('center_axis',(0.866025403784439,0.5,0.));
#13724=DIRECTION('ref_axis',(-0.499999999999999,0.866025403784439,0.));
#13725=DIRECTION('',(0.,0.,-1.));
#13726=DIRECTION('center_axis',(-1.77635683940025E-15,-1.,0.));
#13727=DIRECTION('ref_axis',(1.,-1.77635683940025E-15,0.));
#13728=DIRECTION('',(0.,0.,1.));
#13729=DIRECTION('center_axis',(-0.866025403784435,0.500000000000006,0.));
#13730=DIRECTION('ref_axis',(-0.500000000000006,-0.866025403784435,0.));
#13731=DIRECTION('center_axis',(0.866025403784442,0.499999999999994,0.));
#13732=DIRECTION('ref_axis',(-0.499999999999994,0.866025403784442,0.));
#13733=DIRECTION('',(0.,0.,-1.));
#13734=DIRECTION('center_axis',(-3.99680288865056E-15,-1.,0.));
#13735=DIRECTION('ref_axis',(1.,-3.99680288865056E-15,0.));
#13736=DIRECTION('',(0.,0.,1.));
#13737=DIRECTION('center_axis',(-0.866025403784434,0.500000000000009,0.));
#13738=DIRECTION('ref_axis',(-0.500000000000009,-0.866025403784434,0.));
#13739=DIRECTION('center_axis',(0.866025403784437,0.500000000000003,0.));
#13740=DIRECTION('ref_axis',(-0.500000000000003,0.866025403784437,0.));
#13741=DIRECTION('',(0.,0.,-1.));
#13742=DIRECTION('center_axis',(-2.88657986402541E-15,-1.,0.));
#13743=DIRECTION('ref_axis',(1.,-2.88657986402541E-15,0.));
#13744=DIRECTION('',(0.,0.,1.));
#13745=DIRECTION('center_axis',(-0.866025403784438,0.500000000000001,0.));
#13746=DIRECTION('ref_axis',(-0.500000000000001,-0.866025403784438,0.));
#13747=DIRECTION('center_axis',(0.866025403784442,0.499999999999995,0.));
#13748=DIRECTION('ref_axis',(-0.499999999999995,0.866025403784442,0.));
#13749=DIRECTION('',(0.,0.,-1.));
#13750=DIRECTION('center_axis',(-3.05755420981768E-13,-1.,0.));
#13751=DIRECTION('ref_axis',(1.,-3.05755420981768E-13,0.));
#13752=DIRECTION('',(0.,0.,1.));
#13753=DIRECTION('center_axis',(-0.866025403785459,0.499999999998233,0.));
#13754=DIRECTION('ref_axis',(-0.499999999998233,-0.866025403785459,0.));
#13755=DIRECTION('center_axis',(0.866025403785459,0.499999999998233,0.));
#13756=DIRECTION('ref_axis',(-0.499999999998233,0.866025403785459,0.));
#13757=DIRECTION('',(0.,0.,-1.));
#13758=DIRECTION('center_axis',(3.05755420981769E-13,-1.,0.));
#13759=DIRECTION('ref_axis',(1.,3.05755420981769E-13,0.));
#13760=DIRECTION('',(0.,0.,1.));
#13761=DIRECTION('center_axis',(-0.866025403784443,0.499999999999992,0.));
#13762=DIRECTION('ref_axis',(-0.499999999999992,-0.866025403784443,0.));
#13763=DIRECTION('center_axis',(0.86602540378444,0.499999999999998,0.));
#13764=DIRECTION('ref_axis',(-0.499999999999998,0.86602540378444,0.));
#13765=DIRECTION('',(0.,0.,-1.));
#13766=DIRECTION('center_axis',(2.88657986402541E-15,-1.,0.));
#13767=DIRECTION('ref_axis',(1.,2.88657986402541E-15,0.));
#13768=DIRECTION('',(0.,0.,1.));
#13769=DIRECTION('center_axis',(-0.866025403784436,0.500000000000004,0.));
#13770=DIRECTION('ref_axis',(-0.500000000000004,-0.866025403784436,0.));
#13771=DIRECTION('center_axis',(0.866025403784434,0.500000000000007,0.));
#13772=DIRECTION('ref_axis',(-0.500000000000007,0.866025403784434,0.));
#13773=DIRECTION('',(0.,0.,-1.));
#13774=DIRECTION('center_axis',(3.99680288865056E-15,-1.,0.));
#13775=DIRECTION('ref_axis',(1.,3.99680288865056E-15,0.));
#13776=DIRECTION('',(0.,0.,1.));
#13777=DIRECTION('center_axis',(-0.866025403784441,0.499999999999996,0.));
#13778=DIRECTION('ref_axis',(-0.499999999999996,-0.866025403784441,0.));
#13779=DIRECTION('center_axis',(0.866025403784436,0.500000000000005,0.));
#13780=DIRECTION('ref_axis',(-0.500000000000005,0.866025403784436,0.));
#13781=DIRECTION('',(0.,0.,-1.));
#13782=DIRECTION('center_axis',(1.77635683940025E-15,-1.,0.));
#13783=DIRECTION('ref_axis',(1.,1.77635683940025E-15,0.));
#13784=DIRECTION('',(0.,0.,1.));
#13785=DIRECTION('center_axis',(-0.866025403784439,0.5,0.));
#13786=DIRECTION('ref_axis',(-0.499999999999999,-0.866025403784439,0.));
#13787=DIRECTION('center_axis',(0.866025403784434,0.500000000000008,0.));
#13788=DIRECTION('ref_axis',(-0.500000000000008,0.866025403784434,0.));
#13789=DIRECTION('',(0.,0.,-1.));
#13790=DIRECTION('center_axis',(1.33226762955019E-15,-1.,0.));
#13791=DIRECTION('ref_axis',(1.,1.33226762955019E-15,0.));
#13792=DIRECTION('',(0.,0.,1.));
#13793=DIRECTION('center_axis',(-0.866025403784441,0.499999999999996,0.));
#13794=DIRECTION('ref_axis',(-0.499999999999996,-0.866025403784441,0.));
#13795=DIRECTION('center_axis',(0.866025403784439,0.499999999999999,0.));
#13796=DIRECTION('ref_axis',(-0.499999999999999,0.866025403784439,0.));
#13797=DIRECTION('',(0.,0.,-1.));
#13798=DIRECTION('center_axis',(1.77635683940025E-15,-1.,0.));
#13799=DIRECTION('ref_axis',(1.,1.77635683940025E-15,0.));
#13800=DIRECTION('',(0.,0.,1.));
#13801=DIRECTION('center_axis',(-0.866025403784445,0.499999999999989,0.));
#13802=DIRECTION('ref_axis',(-0.499999999999989,-0.866025403784445,0.));
#13803=DIRECTION('center_axis',(2.88657986402541E-15,-1.,0.));
#13804=DIRECTION('ref_axis',(1.,2.88657986402541E-15,0.));
#13805=DIRECTION('',(0.,0.,-1.));
#13806=DIRECTION('center_axis',(0.866025403784438,0.5,0.));
#13807=DIRECTION('ref_axis',(-0.5,0.866025403784438,0.));
#13808=DIRECTION('center_axis',(0.,0.,1.));
#13809=DIRECTION('ref_axis',(1.,0.,0.));
#13810=DIRECTION('center_axis',(0.,0.,-1.));
#13811=DIRECTION('ref_axis',(1.,0.,0.));
#13812=DIRECTION('',(0.,0.,-1.));
#13813=DIRECTION('center_axis',(0.,0.,1.));
#13814=DIRECTION('ref_axis',(1.,0.,0.));
#13815=DIRECTION('center_axis',(0.,0.,-1.));
#13816=DIRECTION('ref_axis',(1.,0.,0.));
#13817=DIRECTION('',(0.,0.,-1.));
#13818=DIRECTION('center_axis',(0.,1.,0.));
#13819=DIRECTION('ref_axis',(-1.,0.,0.));
#13820=DIRECTION('',(0.,0.,1.));
#13821=DIRECTION('',(1.,0.,0.));
#13822=DIRECTION('',(0.,0.,-1.));
#13823=DIRECTION('center_axis',(1.,0.,0.));
#13824=DIRECTION('ref_axis',(0.,1.,0.));
#13825=DIRECTION('',(0.,-1.,0.));
#13826=DIRECTION('',(0.,0.,1.));
#13827=DIRECTION('center_axis',(0.,-1.,0.));
#13828=DIRECTION('ref_axis',(1.,0.,0.));
#13829=DIRECTION('',(-1.,0.,0.));
#13830=DIRECTION('',(0.,0.,1.));
#13831=DIRECTION('center_axis',(-1.,0.,0.));
#13832=DIRECTION('ref_axis',(0.,-1.,0.));
#13833=DIRECTION('',(0.,1.,0.));
#13834=DIRECTION('center_axis',(0.,0.,1.));
#13835=DIRECTION('ref_axis',(1.,0.,0.));
#13836=DIRECTION('center_axis',(0.,0.,1.));
#13837=DIRECTION('ref_axis',(-0.666666666666663,-0.745355992499933,0.));
#13838=DIRECTION('',(0.,0.,1.));
#13839=DIRECTION('center_axis',(0.,0.,1.));
#13840=DIRECTION('ref_axis',(-0.666666666666663,-0.745355992499933,0.));
#13841=DIRECTION('',(0.,0.,-1.));
#13842=DIRECTION('center_axis',(0.,0.,-1.));
#13843=DIRECTION('ref_axis',(1.,0.,0.));
#13844=DIRECTION('center_axis',(0.,0.,-1.));
#13845=DIRECTION('ref_axis',(-0.639245889233479,0.769002401230386,0.));
#13846=DIRECTION('',(0.,0.,-1.));
#13847=DIRECTION('center_axis',(0.,0.,-1.));
#13848=DIRECTION('ref_axis',(1.,0.,0.));
#13849=DIRECTION('center_axis',(0.,0.,1.));
#13850=DIRECTION('ref_axis',(-0.666666666666663,-0.745355992499933,0.));
#13851=DIRECTION('',(0.,0.,1.));
#13852=DIRECTION('center_axis',(0.,0.,1.));
#13853=DIRECTION('ref_axis',(-0.666666666666663,-0.745355992499933,0.));
#13854=DIRECTION('',(0.,0.,-1.));
#13855=DIRECTION('center_axis',(-0.707106781186547,0.,0.707106781186548));
#13856=DIRECTION('ref_axis',(-0.707106781186548,0.,-0.707106781186547));
#13857=DIRECTION('center_axis',(0.,0.,-1.));
#13858=DIRECTION('ref_axis',(1.,0.,0.));
#13859=DIRECTION('',(0.,0.,-1.));
#13860=DIRECTION('center_axis',(0.,0.,-1.));
#13861=DIRECTION('ref_axis',(1.,0.,0.));
#13862=DIRECTION('center_axis',(1.,0.,0.));
#13863=DIRECTION('ref_axis',(0.,0.100000000000001,-0.99498743710662));
#13864=DIRECTION('',(1.,0.,0.));
#13865=DIRECTION('',(1.,0.,0.));
#13866=DIRECTION('',(-1.,0.,0.));
#13867=DIRECTION('center_axis',(0.,0.,-1.));
#13868=DIRECTION('ref_axis',(0.666666666666663,-0.745355992499933,0.));
#13869=DIRECTION('',(0.,0.,1.));
#13870=DIRECTION('center_axis',(0.,0.,1.));
#13871=DIRECTION('ref_axis',(0.666666666666663,-0.745355992499933,0.));
#13872=DIRECTION('center_axis',(0.,-1.,0.));
#13873=DIRECTION('ref_axis',(-1.,0.,0.));
#13874=DIRECTION('',(-1.,0.,0.));
#13875=DIRECTION('center_axis',(0.40824829046386,-0.816496580927726,-0.408248290463866));
#13876=DIRECTION('ref_axis',(0.577350269189616,0.577350269189631,-0.577350269189631));
#13877=DIRECTION('center_axis',(0.,-1.,0.));
#13878=DIRECTION('ref_axis',(1.,0.,0.));
#13879=DIRECTION('center_axis',(0.,0.,1.));
#13880=DIRECTION('ref_axis',(0.,1.,0.));
#13881=DIRECTION('center_axis',(-1.,0.,0.));
#13882=DIRECTION('ref_axis',(0.,0.,-1.));
#13883=DIRECTION('center_axis',(0.,0.,-1.));
#13884=DIRECTION('ref_axis',(0.707106781186544,0.707106781186551,0.));
#13885=DIRECTION('center_axis',(0.,0.,1.));
#13886=DIRECTION('ref_axis',(0.707106781186544,0.707106781186551,0.));
#13887=DIRECTION('',(0.,0.,-1.));
#13888=DIRECTION('',(0.,0.,1.));
#13889=DIRECTION('center_axis',(1.,0.,0.));
#13890=DIRECTION('ref_axis',(0.,0.707106781186547,-0.707106781186548));
#13891=DIRECTION('center_axis',(-1.,-6.66133814775094E-16,0.));
#13892=DIRECTION('ref_axis',(0.,0.707106781186547,-0.707106781186548));
#13893=DIRECTION('',(1.,0.,0.));
#13894=DIRECTION('',(-1.,0.,0.));
#13895=DIRECTION('center_axis',(-0.832758422376094,-0.411514793650476,-0.370363314285427));
#13896=DIRECTION('ref_axis',(0.553636532358267,-0.618984460590173,-0.557086014531155));
#13897=DIRECTION('center_axis',(0.111111111111117,0.993807989999906,0.));
#13898=DIRECTION('ref_axis',(0.,0.,-1.));
#13899=DIRECTION('center_axis',(-1.,0.,0.));
#13900=DIRECTION('ref_axis',(0.,-1.,0.));
#13901=DIRECTION('center_axis',(0.,0.,1.));
#13902=DIRECTION('ref_axis',(0.993807989999906,-0.111111111111117,0.));
#13903=DIRECTION('center_axis',(-1.,0.,0.));
#13904=DIRECTION('ref_axis',(0.,-0.707106781186544,-0.707106781186551));
#13905=DIRECTION('',(1.,0.,0.));
#13906=DIRECTION('',(-1.,0.,0.));
#13907=DIRECTION('center_axis',(0.,0.,-1.));
#13908=DIRECTION('ref_axis',(0.666666666666663,-0.745355992499933,0.));
#13909=DIRECTION('center_axis',(0.,0.,1.));
#13910=DIRECTION('ref_axis',(0.666666666666663,-0.745355992499933,0.));
#13911=DIRECTION('',(0.,0.,-1.));
#13912=DIRECTION('',(0.,0.,1.));
#13913=DIRECTION('center_axis',(-0.415227399268701,0.371390676354091,-0.830454798537405));
#13914=DIRECTION('ref_axis',(0.618984460590184,-0.553636532358259,-0.557086014531151));
#13915=DIRECTION('center_axis',(-0.993807989999906,-0.111111111111118,-1.31581988103731E-15));
#13916=DIRECTION('ref_axis',(0.111111111111118,-0.993807989999906,0.));
#13917=DIRECTION('center_axis',(0.,0.,1.));
#13918=DIRECTION('ref_axis',(1.,0.,0.));
#13919=DIRECTION('center_axis',(0.,1.,0.));
#13920=DIRECTION('ref_axis',(0.,0.,-1.));
#13921=DIRECTION('center_axis',(0.,0.,1.));
#13922=DIRECTION('ref_axis',(0.745355992499933,-0.666666666666663,0.));
#13923=DIRECTION('center_axis',(0.,0.,1.));
#13924=DIRECTION('ref_axis',(0.745355992499933,-0.666666666666663,0.));
#13925=DIRECTION('',(0.,0.,-1.));
#13926=DIRECTION('',(0.,0.,1.));
#13927=DIRECTION('center_axis',(0.,-1.,0.));
#13928=DIRECTION('ref_axis',(0.707106781186544,0.,-0.707106781186551));
#13929=DIRECTION('',(0.,1.,0.));
#13930=DIRECTION('',(0.,-1.,0.));
#13931=DIRECTION('center_axis',(-0.832758422376085,0.411514793650481,0.370363314285441));
#13932=DIRECTION('ref_axis',(-0.553636532358269,-0.618984460590166,-0.55708601453116));
#13933=DIRECTION('center_axis',(1.,0.,0.));
#13934=DIRECTION('ref_axis',(0.,0.,-1.));
#13935=DIRECTION('center_axis',(-0.111111111111105,0.993807989999907,1.17690508005797E-14));
#13936=DIRECTION('ref_axis',(-0.993807989999907,-0.111111111111105,0.));
#13937=DIRECTION('center_axis',(0.,0.,1.));
#13938=DIRECTION('ref_axis',(0.,-1.,0.));
#13939=DIRECTION('center_axis',(0.,0.,-1.));
#13940=DIRECTION('ref_axis',(-1.,0.,0.));
#13941=DIRECTION('center_axis',(0.,0.,1.));
#13942=DIRECTION('ref_axis',(0.,1.,0.));
#13943=DIRECTION('center_axis',(0.,0.,-1.));
#13944=DIRECTION('ref_axis',(0.,1.,0.));
#13945=DIRECTION('center_axis',(0.,0.,1.));
#13946=DIRECTION('ref_axis',(-0.666666666666663,-0.745355992499933,0.));
#13947=DIRECTION('center_axis',(0.,0.,1.));
#13948=DIRECTION('ref_axis',(-0.666666666666663,-0.745355992499933,0.));
#13949=DIRECTION('',(0.,0.,-1.));
#13950=DIRECTION('',(0.,0.,1.));
#13951=DIRECTION('center_axis',(-0.832758422376094,-0.411514793650476,-0.370363314285427));
#13952=DIRECTION('ref_axis',(0.553636532358267,-0.618984460590173,-0.557086014531155));
#13953=DIRECTION('center_axis',(0.111111111111117,0.993807989999906,0.));
#13954=DIRECTION('ref_axis',(0.,0.,-1.));
#13955=DIRECTION('center_axis',(-1.,0.,0.));
#13956=DIRECTION('ref_axis',(0.,-1.,0.));
#13957=DIRECTION('center_axis',(0.,0.,1.));
#13958=DIRECTION('ref_axis',(0.993807989999906,-0.111111111111117,0.));
#13959=DIRECTION('center_axis',(-1.,0.,0.));
#13960=DIRECTION('ref_axis',(0.,-0.707106781186544,-0.707106781186551));
#13961=DIRECTION('',(1.,0.,0.));
#13962=DIRECTION('',(-1.,0.,0.));
#13963=DIRECTION('center_axis',(0.,0.,-1.));
#13964=DIRECTION('ref_axis',(0.666666666666663,-0.745355992499933,0.));
#13965=DIRECTION('center_axis',(0.,0.,1.));
#13966=DIRECTION('ref_axis',(0.666666666666663,-0.745355992499933,0.));
#13967=DIRECTION('',(0.,0.,-1.));
#13968=DIRECTION('',(0.,0.,1.));
#13969=DIRECTION('center_axis',(0.,0.,-1.));
#13970=DIRECTION('ref_axis',(-1.,0.,0.));
#13971=DIRECTION('center_axis',(0.,0.,1.));
#13972=DIRECTION('ref_axis',(-0.707106781186556,0.707106781186539,0.));
#13973=DIRECTION('center_axis',(0.,0.,-1.));
#13974=DIRECTION('ref_axis',(-0.707106781186556,0.707106781186539,0.));
#13975=DIRECTION('center_axis',(0.,0.,-1.));
#13976=DIRECTION('ref_axis',(-1.,0.,0.));
#13977=DIRECTION('',(-6.66133814775094E-16,1.,0.));
#13978=DIRECTION('',(0.866025403784439,-0.499999999999999,0.));
#13979=DIRECTION('',(5.55111512312578E-16,-1.,0.));
#13980=DIRECTION('',(-0.866025403784438,-0.500000000000002,0.));
#13981=DIRECTION('',(-4.44089209850063E-16,1.,0.));
#13982=DIRECTION('',(0.866025403784439,-0.5,0.));
#13983=DIRECTION('',(8.88178419700125E-16,-1.,0.));
#13984=DIRECTION('',(-0.866025403784439,-0.5,0.));
#13985=DIRECTION('',(-1.0547118733939E-15,1.,0.));
#13986=DIRECTION('',(0.86602540378444,-0.499999999999998,0.));
#13987=DIRECTION('',(8.32667268468867E-16,-1.,0.));
#13988=DIRECTION('',(-0.866025403784437,-0.500000000000003,0.));
#13989=DIRECTION('',(-1.94289029309402E-15,1.,0.));
#13990=DIRECTION('',(0.86602540378444,-0.499999999999998,0.));
#13991=DIRECTION('',(2.22044604925031E-16,-1.,0.));
#13992=DIRECTION('',(-0.866025403784434,-0.500000000000007,0.));
#13993=DIRECTION('',(-8.32667268468867E-16,1.,0.));
#13994=DIRECTION('',(0.86602540378444,-0.499999999999997,0.));
#13995=DIRECTION('',(6.66133814775095E-16,-1.,0.));
#13996=DIRECTION('',(-0.866025403784437,-0.500000000000004,0.));
#13997=DIRECTION('',(-7.21644966006352E-16,1.,0.));
#13998=DIRECTION('',(0.866025403784443,-0.499999999999993,0.));
#13999=DIRECTION('',(5.25895116927703E-16,-1.,0.));
#14000=DIRECTION('',(-1.,0.,0.));
#14001=DIRECTION('center_axis',(0.,0.,1.));
#14002=DIRECTION('ref_axis',(-0.639245889233479,0.769002401230385,0.));
#14003=DIRECTION('',(0.,-1.,0.));
#14004=DIRECTION('',(1.,0.,0.));
#14005=DIRECTION('',(0.,1.,0.));
#14006=DIRECTION('center_axis',(0.,1.,0.));
#14007=DIRECTION('ref_axis',(1.,0.,0.));
#14008=DIRECTION('',(1.,0.,0.));
#14009=DIRECTION('',(0.,0.,1.));
#14010=DIRECTION('center_axis',(1.,0.,0.));
#14011=DIRECTION('ref_axis',(0.,-1.,0.));
#14012=DIRECTION('',(0.,-1.,0.));
#14013=DIRECTION('center_axis',(0.,0.,-1.));
#14014=DIRECTION('ref_axis',(1.,0.,0.));
#14015=DIRECTION('center_axis',(0.,0.,-1.));
#14016=DIRECTION('ref_axis',(1.,0.,0.));
#14017=DIRECTION('center_axis',(-0.832758422376094,-0.411514793650476,-0.370363314285427));
#14018=DIRECTION('ref_axis',(0.553636532358267,-0.618984460590173,-0.557086014531155));
#14019=DIRECTION('center_axis',(0.111111111111117,0.993807989999906,0.));
#14020=DIRECTION('ref_axis',(0.,0.,-1.));
#14021=DIRECTION('center_axis',(-1.,0.,0.));
#14022=DIRECTION('ref_axis',(0.,-1.,0.));
#14023=DIRECTION('center_axis',(0.,0.,1.));
#14024=DIRECTION('ref_axis',(0.993807989999906,-0.111111111111117,0.));
#14025=DIRECTION('center_axis',(-1.,0.,0.));
#14026=DIRECTION('ref_axis',(0.,-0.707106781186544,-0.707106781186551));
#14027=DIRECTION('center_axis',(-1.,-5.25895116927703E-16,0.));
#14028=DIRECTION('ref_axis',(0.,-0.707106781186544,-0.707106781186551));
#14029=DIRECTION('',(1.,0.,0.));
#14030=DIRECTION('center_axis',(0.,0.,-1.));
#14031=DIRECTION('ref_axis',(0.666666666666663,-0.745355992499933,0.));
#14032=DIRECTION('center_axis',(0.,0.,1.));
#14033=DIRECTION('ref_axis',(0.666666666666663,-0.745355992499933,0.));
#14034=DIRECTION('',(0.,0.,1.));
#14035=DIRECTION('center_axis',(0.,0.,-1.));
#14036=DIRECTION('ref_axis',(-1.,0.,0.));
#14037=DIRECTION('center_axis',(0.94280904158207,-0.333333333333313,0.));
#14038=DIRECTION('ref_axis',(-0.333333333333313,-0.94280904158207,0.));
#14039=DIRECTION('center_axis',(0.,-1.,0.));
#14040=DIRECTION('ref_axis',(-1.,0.,0.));
#14041=DIRECTION('',(0.,0.,1.));
#14042=DIRECTION('',(-1.,0.,0.));
#14043=DIRECTION('center_axis',(0.,1.,0.));
#14044=DIRECTION('ref_axis',(0.707106781186547,0.,-0.707106781186547));
#14045=DIRECTION('center_axis',(0.,-1.,0.));
#14046=DIRECTION('ref_axis',(0.707106781186547,0.,-0.707106781186547));
#14047=DIRECTION('',(0.,1.,0.));
#14048=DIRECTION('center_axis',(0.,1.,0.));
#14049=DIRECTION('ref_axis',(0.707106781186547,0.,-0.707106781186547));
#14050=DIRECTION('center_axis',(0.,-1.,0.));
#14051=DIRECTION('ref_axis',(1.,0.,0.));
#14052=DIRECTION('center_axis',(0.,-1.,0.));
#14053=DIRECTION('ref_axis',(-0.707106781186547,0.,-0.707106781186547));
#14054=DIRECTION('',(0.,0.,1.));
#14055=DIRECTION('',(1.,0.,0.));
#14056=DIRECTION('',(0.,0.,-1.));
#14057=DIRECTION('center_axis',(0.,-1.,0.));
#14058=DIRECTION('ref_axis',(-0.707106781186547,0.,-0.707106781186547));
#14059=DIRECTION('center_axis',(0.,1.,0.));
#14060=DIRECTION('ref_axis',(-0.707106781186547,0.,-0.707106781186547));
#14061=DIRECTION('',(0.,-1.,0.));
#14062=DIRECTION('center_axis',(1.,0.,0.));
#14063=DIRECTION('ref_axis',(0.,1.,0.));
#14064=DIRECTION('',(0.,0.,-1.));
#14065=DIRECTION('',(0.,1.,0.));
#14066=DIRECTION('center_axis',(-1.,0.,0.));
#14067=DIRECTION('ref_axis',(0.,-1.,0.));
#14068=DIRECTION('',(0.,-1.,0.));
#14069=DIRECTION('',(0.,0.,1.));
#14070=DIRECTION('center_axis',(0.,0.,-1.));
#14071=DIRECTION('ref_axis',(-1.,0.,0.));
#14072=DIRECTION('center_axis',(0.,0.,1.));
#14073=DIRECTION('ref_axis',(1.,0.,0.));
#14074=DIRECTION('center_axis',(0.,0.,-1.));
#14075=DIRECTION('ref_axis',(-1.,0.,0.));
#14076=DIRECTION('center_axis',(0.,0.,1.));
#14077=DIRECTION('ref_axis',(1.,0.,0.));
#14078=DIRECTION('center_axis',(0.866025403784436,0.500000000000005,0.));
#14079=DIRECTION('ref_axis',(-0.500000000000005,0.866025403784436,0.));
#14080=DIRECTION('',(-0.500000000000005,0.866025403784436,0.));
#14081=DIRECTION('',(0.,0.,-1.));
#14082=DIRECTION('',(0.500000000000005,-0.866025403784436,0.));
#14083=DIRECTION('',(0.,0.,1.));
#14084=DIRECTION('center_axis',(1.99840144432528E-15,-1.,0.));
#14085=DIRECTION('ref_axis',(1.,1.99840144432528E-15,0.));
#14086=DIRECTION('',(1.,1.99840144432528E-15,0.));
#14087=DIRECTION('',(-1.,-1.99840144432528E-15,0.));
#14088=DIRECTION('',(0.,0.,1.));
#14089=DIRECTION('center_axis',(-0.866025403784436,0.500000000000005,0.));
#14090=DIRECTION('ref_axis',(-0.500000000000005,-0.866025403784436,0.));
#14091=DIRECTION('',(-0.500000000000005,-0.866025403784436,0.));
#14092=DIRECTION('',(0.500000000000005,0.866025403784436,0.));
#14093=DIRECTION('',(0.,0.,1.));
#14094=DIRECTION('center_axis',(0.,0.,-1.));
#14095=DIRECTION('ref_axis',(-1.,0.,0.));
#14096=DIRECTION('',(1.,0.,0.));
#14097=DIRECTION('center_axis',(0.,1.,0.));
#14098=DIRECTION('ref_axis',(1.,0.,0.));
#14099=DIRECTION('',(1.,0.,0.));
#14100=DIRECTION('',(0.,0.,-1.));
#14101=DIRECTION('',(1.,0.,0.));
#14102=DIRECTION('',(0.,0.,1.));
#14103=DIRECTION('',(1.,0.,0.));
#14104=DIRECTION('',(0.,0.,-1.));
#14105=DIRECTION('',(1.,0.,0.));
#14106=DIRECTION('',(0.,0.,1.));
#14107=DIRECTION('',(1.,0.,0.));
#14108=DIRECTION('',(0.,0.,-1.));
#14109=DIRECTION('',(1.,0.,0.));
#14110=DIRECTION('',(0.,0.,1.));
#14111=DIRECTION('',(1.,0.,0.));
#14112=DIRECTION('',(0.,0.,-1.));
#14113=DIRECTION('',(1.,0.,0.));
#14114=DIRECTION('',(0.,0.,1.));
#14115=DIRECTION('',(1.,0.,0.));
#14116=DIRECTION('',(0.,0.,-1.));
#14117=DIRECTION('',(1.,0.,0.));
#14118=DIRECTION('',(0.,0.,1.));
#14119=DIRECTION('',(1.,0.,0.));
#14120=DIRECTION('',(0.,0.,-1.));
#14121=DIRECTION('',(1.,0.,0.));
#14122=DIRECTION('',(0.,0.,1.));
#14123=DIRECTION('',(1.,0.,0.));
#14124=DIRECTION('',(0.,0.,-1.));
#14125=DIRECTION('',(1.,0.,0.));
#14126=DIRECTION('',(0.,0.,1.));
#14127=DIRECTION('',(1.,0.,0.));
#14128=DIRECTION('',(0.,0.,-1.));
#14129=DIRECTION('',(1.,0.,0.));
#14130=DIRECTION('',(0.,0.,1.));
#14131=DIRECTION('',(1.,0.,0.));
#14132=DIRECTION('',(0.,0.,-1.));
#14133=DIRECTION('',(-1.,0.,0.));
#14134=DIRECTION('',(0.,0.,1.));
#14135=DIRECTION('',(1.,0.,0.));
#14136=DIRECTION('',(0.,0.,-1.));
#14137=DIRECTION('',(1.,0.,0.));
#14138=DIRECTION('',(0.,0.,1.));
#14139=DIRECTION('',(1.,0.,0.));
#14140=DIRECTION('center_axis',(0.86602540378444,0.499999999999997,0.));
#14141=DIRECTION('ref_axis',(-0.499999999999997,0.86602540378444,0.));
#14142=DIRECTION('',(-0.499999999999997,0.86602540378444,0.));
#14143=DIRECTION('',(0.499999999999997,-0.86602540378444,0.));
#14144=DIRECTION('',(0.,0.,1.));
#14145=DIRECTION('center_axis',(1.77635683940025E-15,-1.,0.));
#14146=DIRECTION('ref_axis',(1.,1.77635683940025E-15,0.));
#14147=DIRECTION('',(1.,1.77635683940025E-15,0.));
#14148=DIRECTION('',(-1.,-1.77635683940025E-15,0.));
#14149=DIRECTION('',(0.,0.,1.));
#14150=DIRECTION('center_axis',(-0.866025403784438,0.500000000000002,0.));
#14151=DIRECTION('ref_axis',(-0.500000000000002,-0.866025403784438,0.));
#14152=DIRECTION('',(-0.500000000000002,-0.866025403784438,0.));
#14153=DIRECTION('',(0.500000000000002,0.866025403784438,0.));
#14154=DIRECTION('center_axis',(0.,0.,-1.));
#14155=DIRECTION('ref_axis',(-1.,0.,0.));
#14156=DIRECTION('center_axis',(0.,0.,-1.));
#14157=DIRECTION('ref_axis',(-1.,0.,0.));
#14158=DIRECTION('',(-0.500000000000006,-0.866025403784435,0.));
#14159=DIRECTION('',(-0.499999999999996,0.866025403784441,0.));
#14160=DIRECTION('',(1.,2.66453525910038E-15,0.));
#14161=DIRECTION('center_axis',(-0.866025403784435,0.500000000000006,0.));
#14162=DIRECTION('ref_axis',(-0.500000000000006,-0.866025403784435,0.));
#14163=DIRECTION('',(0.,0.,1.));
#14164=DIRECTION('',(0.500000000000006,0.866025403784435,0.));
#14165=DIRECTION('center_axis',(2.66453525910038E-15,-1.,0.));
#14166=DIRECTION('ref_axis',(1.,2.66453525910038E-15,0.));
#14167=DIRECTION('',(0.,0.,1.));
#14168=DIRECTION('',(-1.,-2.66453525910038E-15,0.));
#14169=DIRECTION('center_axis',(0.866025403784441,0.499999999999996,0.));
#14170=DIRECTION('ref_axis',(-0.499999999999996,0.866025403784441,0.));
#14171=DIRECTION('',(0.499999999999996,-0.866025403784441,0.));
#14172=DIRECTION('center_axis',(0.866025403784435,0.500000000000006,0.));
#14173=DIRECTION('ref_axis',(-0.500000000000006,0.866025403784435,0.));
#14174=DIRECTION('',(-0.500000000000006,0.866025403784435,0.));
#14175=DIRECTION('',(0.500000000000006,-0.866025403784435,0.));
#14176=DIRECTION('',(0.,0.,1.));
#14177=DIRECTION('center_axis',(8.88178419700125E-16,-1.,0.));
#14178=DIRECTION('ref_axis',(1.,8.88178419700125E-16,0.));
#14179=DIRECTION('',(1.,8.88178419700125E-16,0.));
#14180=DIRECTION('',(-1.,-8.88178419700125E-16,0.));
#14181=DIRECTION('',(0.,0.,1.));
#14182=DIRECTION('center_axis',(-0.866025403784439,0.499999999999999,0.));
#14183=DIRECTION('ref_axis',(-0.499999999999999,-0.866025403784439,0.));
#14184=DIRECTION('',(-0.499999999999999,-0.866025403784439,0.));
#14185=DIRECTION('',(0.499999999999999,0.866025403784439,0.));
#14186=DIRECTION('center_axis',(0.,0.,-1.));
#14187=DIRECTION('ref_axis',(-1.,0.,0.));
#14188=DIRECTION('center_axis',(0.,0.,-1.));
#14189=DIRECTION('ref_axis',(-1.,0.,0.));
#14190=DIRECTION('',(-0.499999999999994,-0.866025403784442,0.));
#14191=DIRECTION('',(-0.499999999999995,0.866025403784441,0.));
#14192=DIRECTION('',(1.,1.11022302462516E-15,0.));
#14193=DIRECTION('center_axis',(-0.866025403784442,0.499999999999994,0.));
#14194=DIRECTION('ref_axis',(-0.499999999999994,-0.866025403784442,0.));
#14195=DIRECTION('',(0.,0.,1.));
#14196=DIRECTION('',(0.499999999999994,0.866025403784442,0.));
#14197=DIRECTION('center_axis',(1.11022302462516E-15,-1.,0.));
#14198=DIRECTION('ref_axis',(1.,1.11022302462516E-15,0.));
#14199=DIRECTION('',(0.,0.,1.));
#14200=DIRECTION('',(-1.,-1.11022302462516E-15,0.));
#14201=DIRECTION('center_axis',(0.866025403784441,0.499999999999995,0.));
#14202=DIRECTION('ref_axis',(-0.499999999999995,0.866025403784441,0.));
#14203=DIRECTION('',(0.499999999999995,-0.866025403784441,0.));
#14204=DIRECTION('center_axis',(0.866025403784618,0.49999999999969,0.));
#14205=DIRECTION('ref_axis',(-0.49999999999969,0.866025403784618,0.));
#14206=DIRECTION('',(-0.49999999999969,0.866025403784618,0.));
#14207=DIRECTION('',(0.49999999999969,-0.866025403784618,0.));
#14208=DIRECTION('',(0.,0.,1.));
#14209=DIRECTION('center_axis',(4.51416681812589E-13,-1.,0.));
#14210=DIRECTION('ref_axis',(1.,4.51416681812589E-13,0.));
#14211=DIRECTION('',(1.,4.51416681812589E-13,0.));
#14212=DIRECTION('',(-1.,-4.51416681812589E-13,0.));
#14213=DIRECTION('',(0.,0.,1.));
#14214=DIRECTION('center_axis',(-0.866025403784075,0.50000000000063,0.));
#14215=DIRECTION('ref_axis',(-0.50000000000063,-0.866025403784075,0.));
#14216=DIRECTION('',(-0.50000000000063,-0.866025403784075,0.));
#14217=DIRECTION('',(0.50000000000063,0.866025403784075,0.));
#14218=DIRECTION('center_axis',(0.,0.,-1.));
#14219=DIRECTION('ref_axis',(-1.,0.,0.));
#14220=DIRECTION('center_axis',(0.,0.,-1.));
#14221=DIRECTION('ref_axis',(-1.,0.,0.));
#14222=DIRECTION('',(-0.49999999999969,-0.866025403784618,0.));
#14223=DIRECTION('',(-0.50000000000063,0.866025403784075,0.));
#14224=DIRECTION('',(1.,-4.51416681812589E-13,0.));
#14225=DIRECTION('center_axis',(-0.866025403784618,0.49999999999969,0.));
#14226=DIRECTION('ref_axis',(-0.49999999999969,-0.866025403784618,0.));
#14227=DIRECTION('',(0.,0.,1.));
#14228=DIRECTION('',(0.49999999999969,0.866025403784618,0.));
#14229=DIRECTION('center_axis',(-4.51416681812589E-13,-1.,0.));
#14230=DIRECTION('ref_axis',(1.,-4.51416681812589E-13,0.));
#14231=DIRECTION('',(0.,0.,1.));
#14232=DIRECTION('',(-1.,4.51416681812589E-13,0.));
#14233=DIRECTION('center_axis',(0.866025403784075,0.50000000000063,0.));
#14234=DIRECTION('ref_axis',(-0.50000000000063,0.866025403784075,0.));
#14235=DIRECTION('',(0.50000000000063,-0.866025403784075,0.));
#14236=DIRECTION('center_axis',(0.866025403784442,0.499999999999994,0.));
#14237=DIRECTION('ref_axis',(-0.499999999999994,0.866025403784442,0.));
#14238=DIRECTION('',(-0.499999999999994,0.866025403784442,0.));
#14239=DIRECTION('',(0.499999999999994,-0.866025403784442,0.));
#14240=DIRECTION('',(0.,0.,1.));
#14241=DIRECTION('center_axis',(-1.11022302462516E-15,-1.,0.));
#14242=DIRECTION('ref_axis',(1.,-1.11022302462516E-15,0.));
#14243=DIRECTION('',(1.,-1.11022302462516E-15,0.));
#14244=DIRECTION('',(-1.,1.11022302462516E-15,0.));
#14245=DIRECTION('',(0.,0.,1.));
#14246=DIRECTION('center_axis',(-0.866025403784441,0.499999999999995,0.));
#14247=DIRECTION('ref_axis',(-0.499999999999995,-0.866025403784441,0.));
#14248=DIRECTION('',(-0.499999999999995,-0.866025403784441,0.));
#14249=DIRECTION('',(0.499999999999995,0.866025403784441,0.));
#14250=DIRECTION('center_axis',(0.,0.,-1.));
#14251=DIRECTION('ref_axis',(-1.,0.,0.));
#14252=DIRECTION('center_axis',(0.,0.,-1.));
#14253=DIRECTION('ref_axis',(-1.,0.,0.));
#14254=DIRECTION('',(-0.500000000000004,-0.866025403784436,0.));
#14255=DIRECTION('',(-0.500000000000001,0.866025403784438,0.));
#14256=DIRECTION('',(1.,-8.88178419700125E-16,0.));
#14257=DIRECTION('center_axis',(-0.866025403784436,0.500000000000004,0.));
#14258=DIRECTION('ref_axis',(-0.500000000000004,-0.866025403784436,0.));
#14259=DIRECTION('',(0.,0.,1.));
#14260=DIRECTION('',(0.500000000000004,0.866025403784436,0.));
#14261=DIRECTION('center_axis',(-8.88178419700125E-16,-1.,0.));
#14262=DIRECTION('ref_axis',(1.,-8.88178419700125E-16,0.));
#14263=DIRECTION('',(0.,0.,1.));
#14264=DIRECTION('',(-1.,8.88178419700125E-16,0.));
#14265=DIRECTION('center_axis',(0.866025403784438,0.500000000000001,0.));
#14266=DIRECTION('ref_axis',(-0.500000000000001,0.866025403784438,0.));
#14267=DIRECTION('',(0.500000000000001,-0.866025403784438,0.));
#14268=DIRECTION('center_axis',(1.,6.66133814775094E-16,0.));
#14269=DIRECTION('ref_axis',(-6.66133814775094E-16,1.,0.));
#14270=DIRECTION('',(6.66133814775094E-16,-1.,0.));
#14271=DIRECTION('',(-6.66133814775094E-16,1.,0.));
#14272=DIRECTION('',(0.,0.,1.));
#14273=DIRECTION('center_axis',(-0.499999999999993,-0.866025403784443,0.));
#14274=DIRECTION('ref_axis',(0.866025403784443,-0.499999999999993,0.));
#14275=DIRECTION('',(0.,0.,1.));
#14276=DIRECTION('',(0.866025403784443,-0.499999999999993,0.));
#14277=DIRECTION('',(0.,0.,1.));
#14278=DIRECTION('center_axis',(1.,5.25895116927703E-16,0.));
#14279=DIRECTION('ref_axis',(-5.25895116927703E-16,1.,0.));
#14280=DIRECTION('',(-5.25895116927703E-16,1.,0.));
#14281=DIRECTION('',(0.,0.,-1.));
#14282=DIRECTION('',(5.25895116927703E-16,-1.,0.));
#14283=DIRECTION('center_axis',(1.,7.21644966006352E-16,0.));
#14284=DIRECTION('ref_axis',(-7.21644966006352E-16,1.,0.));
#14285=DIRECTION('',(0.,0.,-1.));
#14286=DIRECTION('',(-7.21644966006352E-16,1.,0.));
#14287=DIRECTION('center_axis',(-0.500000000000004,0.866025403784437,0.));
#14288=DIRECTION('ref_axis',(-0.866025403784437,-0.500000000000004,0.));
#14289=DIRECTION('',(0.,0.,-1.));
#14290=DIRECTION('',(-0.866025403784437,-0.500000000000004,0.));
#14291=DIRECTION('center_axis',(1.,6.66133814775095E-16,0.));
#14292=DIRECTION('ref_axis',(-6.66133814775095E-16,1.,0.));
#14293=DIRECTION('',(0.,0.,1.));
#14294=DIRECTION('',(-6.66133814775095E-16,1.,0.));
#14295=DIRECTION('center_axis',(-0.499999999999997,-0.86602540378444,0.));
#14296=DIRECTION('ref_axis',(0.86602540378444,-0.499999999999997,0.));
#14297=DIRECTION('',(0.,0.,1.));
#14298=DIRECTION('',(0.86602540378444,-0.499999999999997,0.));
#14299=DIRECTION('center_axis',(1.,8.32667268468867E-16,0.));
#14300=DIRECTION('ref_axis',(-8.32667268468867E-16,1.,0.));
#14301=DIRECTION('',(0.,0.,-1.));
#14302=DIRECTION('',(-8.32667268468867E-16,1.,0.));
#14303=DIRECTION('center_axis',(-0.500000000000007,0.866025403784434,0.));
#14304=DIRECTION('ref_axis',(-0.866025403784434,-0.500000000000007,0.));
#14305=DIRECTION('',(0.,0.,-1.));
#14306=DIRECTION('',(-0.866025403784434,-0.500000000000007,0.));
#14307=DIRECTION('center_axis',(1.,2.22044604925031E-16,0.));
#14308=DIRECTION('ref_axis',(-2.22044604925031E-16,1.,0.));
#14309=DIRECTION('',(0.,0.,1.));
#14310=DIRECTION('',(-2.22044604925031E-16,1.,0.));
#14311=DIRECTION('center_axis',(-0.499999999999998,-0.86602540378444,0.));
#14312=DIRECTION('ref_axis',(0.86602540378444,-0.499999999999998,0.));
#14313=DIRECTION('',(0.,0.,1.));
#14314=DIRECTION('',(0.86602540378444,-0.499999999999998,0.));
#14315=DIRECTION('center_axis',(1.,1.94289029309402E-15,0.));
#14316=DIRECTION('ref_axis',(-1.94289029309402E-15,1.,0.));
#14317=DIRECTION('',(0.,0.,-1.));
#14318=DIRECTION('',(-1.94289029309402E-15,1.,0.));
#14319=DIRECTION('center_axis',(-0.500000000000004,0.866025403784437,0.));
#14320=DIRECTION('ref_axis',(-0.866025403784437,-0.500000000000003,0.));
#14321=DIRECTION('',(0.,0.,-1.));
#14322=DIRECTION('',(-0.866025403784437,-0.500000000000003,0.));
#14323=DIRECTION('center_axis',(1.,8.32667268468867E-16,0.));
#14324=DIRECTION('ref_axis',(-8.32667268468867E-16,1.,0.));
#14325=DIRECTION('',(0.,0.,1.));
#14326=DIRECTION('',(-8.32667268468867E-16,1.,0.));
#14327=DIRECTION('center_axis',(-0.499999999999998,-0.86602540378444,0.));
#14328=DIRECTION('ref_axis',(0.86602540378444,-0.499999999999998,0.));
#14329=DIRECTION('',(0.,0.,1.));
#14330=DIRECTION('',(0.86602540378444,-0.499999999999998,0.));
#14331=DIRECTION('center_axis',(1.,1.0547118733939E-15,0.));
#14332=DIRECTION('ref_axis',(-1.0547118733939E-15,1.,0.));
#14333=DIRECTION('',(0.,0.,-1.));
#14334=DIRECTION('',(-1.0547118733939E-15,1.,0.));
#14335=DIRECTION('center_axis',(-0.5,0.866025403784439,0.));
#14336=DIRECTION('ref_axis',(-0.866025403784439,-0.5,0.));
#14337=DIRECTION('',(0.,0.,-1.));
#14338=DIRECTION('',(-0.866025403784439,-0.5,0.));
#14339=DIRECTION('center_axis',(1.,8.88178419700125E-16,0.));
#14340=DIRECTION('ref_axis',(-8.88178419700125E-16,1.,0.));
#14341=DIRECTION('',(0.,0.,1.));
#14342=DIRECTION('',(-8.88178419700125E-16,1.,0.));
#14343=DIRECTION('center_axis',(-0.5,-0.866025403784439,0.));
#14344=DIRECTION('ref_axis',(0.866025403784439,-0.5,0.));
#14345=DIRECTION('',(0.,0.,1.));
#14346=DIRECTION('',(0.866025403784439,-0.5,0.));
#14347=DIRECTION('center_axis',(1.,4.44089209850063E-16,0.));
#14348=DIRECTION('ref_axis',(-4.44089209850063E-16,1.,0.));
#14349=DIRECTION('',(0.,0.,-1.));
#14350=DIRECTION('',(-4.44089209850063E-16,1.,0.));
#14351=DIRECTION('center_axis',(-0.500000000000002,0.866025403784438,0.));
#14352=DIRECTION('ref_axis',(-0.866025403784438,-0.500000000000002,0.));
#14353=DIRECTION('',(0.,0.,-1.));
#14354=DIRECTION('',(-0.866025403784438,-0.500000000000002,0.));
#14355=DIRECTION('center_axis',(1.,5.55111512312578E-16,0.));
#14356=DIRECTION('ref_axis',(-5.55111512312578E-16,1.,0.));
#14357=DIRECTION('',(0.,0.,1.));
#14358=DIRECTION('',(-5.55111512312578E-16,1.,0.));
#14359=DIRECTION('center_axis',(-0.499999999999999,-0.866025403784439,0.));
#14360=DIRECTION('ref_axis',(0.866025403784439,-0.499999999999999,0.));
#14361=DIRECTION('',(0.866025403784439,-0.499999999999999,0.));
#14362=DIRECTION('center_axis',(0.,0.,-1.));
#14363=DIRECTION('ref_axis',(-1.,0.,0.));
#14364=DIRECTION('center_axis',(0.,0.,1.));
#14365=DIRECTION('ref_axis',(0.707106781186553,0.707106781186542,0.));
#14366=DIRECTION('',(0.,-1.,0.));
#14367=DIRECTION('center_axis',(0.,0.,1.));
#14368=DIRECTION('ref_axis',(0.707106781186553,-0.707106781186542,0.));
#14369=DIRECTION('',(-1.,0.,0.));
#14370=DIRECTION('center_axis',(0.,0.,-1.));
#14371=DIRECTION('ref_axis',(1.,0.,0.));
#14372=DIRECTION('center_axis',(0.,0.,-1.));
#14373=DIRECTION('ref_axis',(1.,0.,0.));
#14374=DIRECTION('center_axis',(0.,0.,-1.));
#14375=DIRECTION('ref_axis',(1.,0.,0.));
#14376=DIRECTION('center_axis',(0.,0.,-1.));
#14377=DIRECTION('ref_axis',(1.,0.,0.));
#14378=DIRECTION('center_axis',(0.,-1.,0.));
#14379=DIRECTION('ref_axis',(-1.,0.,0.));
#14380=DIRECTION('',(-1.,0.,0.));
#14381=DIRECTION('center_axis',(0.,-1.,0.));
#14382=DIRECTION('ref_axis',(-1.,0.,0.));
#14383=DIRECTION('',(-1.,0.,0.));
#14384=DIRECTION('center_axis',(0.,0.,-1.));
#14385=DIRECTION('ref_axis',(1.,0.,0.));
#14386=DIRECTION('center_axis',(0.,0.,-1.));
#14387=DIRECTION('ref_axis',(1.,0.,0.));
#14388=DIRECTION('center_axis',(0.,-1.,0.));
#14389=DIRECTION('ref_axis',(-1.,0.,0.));
#14390=DIRECTION('',(0.,0.,-1.));
#14391=DIRECTION('',(-1.,0.,0.));
#14392=DIRECTION('center_axis',(0.,0.,-1.));
#14393=DIRECTION('ref_axis',(0.707106781186553,-0.707106781186542,0.));
#14394=DIRECTION('',(0.,0.,1.));
#14395=DIRECTION('center_axis',(0.,0.,-1.));
#14396=DIRECTION('ref_axis',(0.707106781186553,-0.707106781186542,0.));
#14397=DIRECTION('center_axis',(0.,0.,-1.));
#14398=DIRECTION('ref_axis',(0.707106781186553,0.707106781186542,0.));
#14399=DIRECTION('center_axis',(0.,0.,-1.));
#14400=DIRECTION('ref_axis',(0.707106781186553,0.707106781186542,0.));
#14401=DIRECTION('',(0.,0.,-1.));
#14402=DIRECTION('center_axis',(0.,0.,-1.));
#14403=DIRECTION('ref_axis',(1.,0.,0.));
#14404=DIRECTION('center_axis',(0.,0.,1.));
#14405=DIRECTION('ref_axis',(1.,0.,0.));
#14406=DIRECTION('',(0.,0.,1.));
#14407=DIRECTION('center_axis',(0.,0.,1.));
#14408=DIRECTION('ref_axis',(1.,0.,0.));
#14409=DIRECTION('center_axis',(0.,0.,-1.));
#14410=DIRECTION('ref_axis',(1.,0.,0.));
#14411=DIRECTION('',(0.707106781186552,-8.65956056235499E-17,0.707106781186543));
#14412=DIRECTION('center_axis',(0.,0.,-1.));
#14413=DIRECTION('ref_axis',(1.,0.,0.));
#14414=DIRECTION('center_axis',(0.,0.,1.));
#14415=DIRECTION('ref_axis',(1.,0.,0.));
#14416=DIRECTION('',(0.,0.,1.));
#14417=DIRECTION('center_axis',(0.,0.,1.));
#14418=DIRECTION('ref_axis',(1.,0.,0.));
#14419=DIRECTION('center_axis',(0.,0.,-1.));
#14420=DIRECTION('ref_axis',(1.,0.,0.));
#14421=DIRECTION('',(0.707106781186552,-8.65956056235499E-17,0.707106781186543));
#14422=DIRECTION('center_axis',(0.,0.,-1.));
#14423=DIRECTION('ref_axis',(1.,0.,0.));
#14424=DIRECTION('center_axis',(0.,0.,1.));
#14425=DIRECTION('ref_axis',(1.,0.,0.));
#14426=DIRECTION('',(0.,0.,1.));
#14427=DIRECTION('center_axis',(0.,0.,1.));
#14428=DIRECTION('ref_axis',(1.,0.,0.));
#14429=DIRECTION('center_axis',(0.,0.,-1.));
#14430=DIRECTION('ref_axis',(1.,0.,0.));
#14431=DIRECTION('',(0.707106781186552,-8.65956056235499E-17,0.707106781186543));
#14432=DIRECTION('center_axis',(0.,0.,-1.));
#14433=DIRECTION('ref_axis',(1.,0.,0.));
#14434=DIRECTION('center_axis',(0.,0.,1.));
#14435=DIRECTION('ref_axis',(1.,0.,0.));
#14436=DIRECTION('',(0.,0.,1.));
#14437=DIRECTION('center_axis',(0.,0.,1.));
#14438=DIRECTION('ref_axis',(1.,0.,0.));
#14439=DIRECTION('center_axis',(0.,0.,-1.));
#14440=DIRECTION('ref_axis',(1.,0.,0.));
#14441=DIRECTION('',(0.707106781186552,-8.65956056235499E-17,0.707106781186543));
#14442=DIRECTION('center_axis',(1.,0.,0.));
#14443=DIRECTION('ref_axis',(0.,-1.,0.));
#14444=DIRECTION('',(0.,-1.,0.));
#14445=DIRECTION('center_axis',(0.866025403784435,0.500000000000006,0.));
#14446=DIRECTION('ref_axis',(-0.500000000000006,0.866025403784435,0.));
#14447=DIRECTION('',(-0.500000000000006,0.866025403784435,0.));
#14448=DIRECTION('',(0.500000000000006,-0.866025403784435,0.));
#14449=DIRECTION('',(0.,0.,1.));
#14450=DIRECTION('center_axis',(-2.66453525910038E-15,-1.,0.));
#14451=DIRECTION('ref_axis',(1.,-2.66453525910038E-15,0.));
#14452=DIRECTION('',(1.,-2.66453525910038E-15,0.));
#14453=DIRECTION('',(-1.,2.66453525910038E-15,0.));
#14454=DIRECTION('',(0.,0.,1.));
#14455=DIRECTION('center_axis',(-0.866025403784441,0.499999999999996,0.));
#14456=DIRECTION('ref_axis',(-0.499999999999996,-0.866025403784441,0.));
#14457=DIRECTION('',(-0.499999999999996,-0.866025403784441,0.));
#14458=DIRECTION('',(0.499999999999996,0.866025403784441,0.));
#14459=DIRECTION('center_axis',(0.,0.,-1.));
#14460=DIRECTION('ref_axis',(-1.,0.,0.));
#14461=DIRECTION('center_axis',(0.,0.,1.));
#14462=DIRECTION('ref_axis',(1.,0.,0.));
#14463=DIRECTION('center_axis',(0.,0.,1.));
#14464=DIRECTION('ref_axis',(1.,0.,0.));
#14465=DIRECTION('center_axis',(0.,0.,-1.));
#14466=DIRECTION('ref_axis',(1.,0.,0.));
#14467=DIRECTION('',(0.,0.,-1.));
#14468=DIRECTION('center_axis',(0.,0.,1.));
#14469=DIRECTION('ref_axis',(1.,0.,0.));
#14470=DIRECTION('center_axis',(0.,0.,-1.));
#14471=DIRECTION('ref_axis',(1.,0.,0.));
#14472=DIRECTION('',(0.,0.,-1.));
#14473=DIRECTION('center_axis',(0.,1.,0.));
#14474=DIRECTION('ref_axis',(-1.,0.,0.));
#14475=DIRECTION('',(1.,0.,0.));
#14476=DIRECTION('center_axis',(0.,0.,1.));
#14477=DIRECTION('ref_axis',(1.,0.,0.));
#14478=DIRECTION('center_axis',(0.,0.,-1.));
#14479=DIRECTION('ref_axis',(0.666666666666663,-0.745355992499933,0.));
#14480=DIRECTION('center_axis',(0.707106781186543,0.,0.707106781186553));
#14481=DIRECTION('ref_axis',(0.707106781186553,0.,-0.707106781186543));
#14482=DIRECTION('',(0.,0.,1.));
#14483=DIRECTION('center_axis',(0.,0.,1.));
#14484=DIRECTION('ref_axis',(0.666666666666663,-0.745355992499933,0.));
#14485=DIRECTION('',(0.,0.,-1.));
#14486=DIRECTION('center_axis',(1.,0.,0.));
#14487=DIRECTION('ref_axis',(0.,0.100000000000001,-0.99498743710662));
#14488=DIRECTION('',(1.,0.,0.));
#14489=DIRECTION('',(-1.,0.,0.));
#14490=DIRECTION('',(1.,0.,0.));
#14491=DIRECTION('center_axis',(0.,0.,-1.));
#14492=DIRECTION('ref_axis',(1.,0.,0.));
#14493=DIRECTION('center_axis',(0.,0.,-1.));
#14494=DIRECTION('ref_axis',(1.,0.,0.));
#14495=DIRECTION('',(0.,0.,1.));
#14496=DIRECTION('center_axis',(0.,0.,1.));
#14497=DIRECTION('ref_axis',(-0.666666666666663,-0.745355992499933,0.));
#14498=DIRECTION('center_axis',(0.,0.,1.));
#14499=DIRECTION('ref_axis',(-0.666666666666663,-0.745355992499933,0.));
#14500=DIRECTION('',(0.,0.,-1.));
#14501=DIRECTION('center_axis',(0.,0.,-1.));
#14502=DIRECTION('ref_axis',(0.666666666666663,-0.745355992499933,0.));
#14503=DIRECTION('',(0.,0.,1.));
#14504=DIRECTION('center_axis',(0.,0.,1.));
#14505=DIRECTION('ref_axis',(0.666666666666663,-0.745355992499933,0.));
#14506=DIRECTION('',(0.,0.,-1.));
#14507=DIRECTION('center_axis',(0.,0.,-1.));
#14508=DIRECTION('ref_axis',(1.,0.,0.));
#14509=DIRECTION('center_axis',(0.,0.,-1.));
#14510=DIRECTION('ref_axis',(1.,0.,0.));
#14511=DIRECTION('',(0.,0.,1.));
#14512=DIRECTION('center_axis',(0.,0.,-1.));
#14513=DIRECTION('ref_axis',(0.861918191977864,0.507047364984388,0.));
#14514=DIRECTION('center_axis',(-0.408248290463863,-0.816496580927724,-0.408248290463866));
#14515=DIRECTION('ref_axis',(-0.57735026918962,0.577350269189629,-0.577350269189629));
#14516=DIRECTION('center_axis',(1.,0.,0.));
#14517=DIRECTION('ref_axis',(0.,1.,0.));
#14518=DIRECTION('center_axis',(0.,0.,1.));
#14519=DIRECTION('ref_axis',(-1.,0.,0.));
#14520=DIRECTION('center_axis',(0.,-1.,0.));
#14521=DIRECTION('ref_axis',(0.,0.,-1.));
#14522=DIRECTION('center_axis',(0.,0.,-1.));
#14523=DIRECTION('ref_axis',(-0.707106781186544,0.707106781186551,0.));
#14524=DIRECTION('center_axis',(0.,0.,1.));
#14525=DIRECTION('ref_axis',(-0.707106781186544,0.707106781186551,0.));
#14526=DIRECTION('',(0.,0.,-1.));
#14527=DIRECTION('',(0.,0.,1.));
#14528=DIRECTION('center_axis',(0.,1.,0.));
#14529=DIRECTION('ref_axis',(-0.707106781186544,0.,-0.707106781186551));
#14530=DIRECTION('',(0.,-1.,0.));
#14531=DIRECTION('',(0.,-1.,0.));
#14532=DIRECTION('center_axis',(0.,-1.,0.));
#14533=DIRECTION('ref_axis',(-0.707106781186544,0.,-0.707106781186551));
#14534=DIRECTION('center_axis',(0.,-0.304295635957313,0.952577642996798));
#14535=DIRECTION('ref_axis',(2.81530017777303E-17,-0.952577642996798,-0.304295635957313));
#14536=DIRECTION('center_axis',(0.,-0.749020834760667,0.662546442971686));
#14537=DIRECTION('ref_axis',(2.07895044168812E-16,-0.662546442971686,-0.749020834760667));
#14538=DIRECTION('',(0.,1.,0.));
#14539=DIRECTION('',(0.,-1.,0.));
#14540=DIRECTION('center_axis',(1.,0.,0.));
#14541=DIRECTION('ref_axis',(0.,0.707106781186547,-0.707106781186548));
#14542=DIRECTION('center_axis',(1.,6.66133814775094E-16,0.));
#14543=DIRECTION('ref_axis',(0.,0.707106781186547,-0.707106781186548));
#14544=DIRECTION('',(-1.,0.,0.));
#14545=DIRECTION('',(1.,0.,0.));
#14546=DIRECTION('center_axis',(-1.,0.,0.));
#14547=DIRECTION('ref_axis',(0.,1.,0.));
#14548=DIRECTION('',(0.,1.,0.));
#14549=DIRECTION('',(0.,0.,-1.));
#14550=DIRECTION('center_axis',(-1.,0.,0.));
#14551=DIRECTION('ref_axis',(0.,6.02154860813644E-15,-1.));
#14552=DIRECTION('',(0.,0.,1.));
#14553=DIRECTION('center_axis',(-1.,0.,0.));
#14554=DIRECTION('ref_axis',(0.,-1.,0.));
#14555=DIRECTION('',(0.,1.,0.));
#14556=DIRECTION('center_axis',(-1.,0.,0.));
#14557=DIRECTION('ref_axis',(0.,-6.02154860813644E-15,1.));
#14558=DIRECTION('',(0.,0.,-1.));
#14559=DIRECTION('center_axis',(-1.,0.,0.));
#14560=DIRECTION('ref_axis',(0.,1.,0.));
#14561=DIRECTION('',(0.,0.,-1.));
#14562=DIRECTION('',(0.,-1.,0.));
#14563=DIRECTION('',(0.,0.,1.));
#14564=DIRECTION('',(0.,1.,0.));
#14565=DIRECTION('center_axis',(0.,1.,0.));
#14566=DIRECTION('ref_axis',(1.,0.,0.));
#14567=DIRECTION('',(0.,0.,-1.));
#14568=DIRECTION('',(1.,0.,0.));
#14569=DIRECTION('center_axis',(0.415227399268705,0.371390676354104,-0.830454798537397));
#14570=DIRECTION('ref_axis',(-0.618984460590171,-0.553636532358265,-0.557086014531159));
#14571=DIRECTION('center_axis',(0.993807989999907,-0.111111111111104,0.));
#14572=DIRECTION('ref_axis',(0.,0.,-1.));
#14573=DIRECTION('center_axis',(0.,1.,0.));
#14574=DIRECTION('ref_axis',(-1.,0.,0.));
#14575=DIRECTION('center_axis',(0.,0.,1.));
#14576=DIRECTION('ref_axis',(-0.111111111111105,-0.993807989999907,0.));
#14577=DIRECTION('center_axis',(0.,1.,0.));
#14578=DIRECTION('ref_axis',(-0.707106781186544,0.,-0.707106781186551));
#14579=DIRECTION('center_axis',(0.,1.,-3.20064295387432E-15));
#14580=DIRECTION('ref_axis',(-0.707106781186544,0.,-0.707106781186551));
#14581=DIRECTION('',(0.,-1.,0.));
#14582=DIRECTION('',(0.,1.,0.));
#14583=DIRECTION('center_axis',(0.,0.749020834760672,0.662546442971681));
#14584=DIRECTION('ref_axis',(2.07895044168813E-16,0.662546442971681,-0.749020834760672));
#14585=DIRECTION('center_axis',(0.,0.304295635957332,0.952577642996792));
#14586=DIRECTION('ref_axis',(-2.81530017777321E-17,0.952577642996792,-0.304295635957332));
#14587=DIRECTION('center_axis',(0.,0.,-1.));
#14588=DIRECTION('ref_axis',(-0.745355992499926,-0.666666666666671,0.));
#14589=DIRECTION('center_axis',(0.,0.,1.));
#14590=DIRECTION('ref_axis',(-0.745355992499926,-0.666666666666671,0.));
#14591=DIRECTION('',(0.,0.,-1.));
#14592=DIRECTION('',(0.,0.,1.));
#14593=DIRECTION('center_axis',(-0.832758422376085,0.411514793650481,0.370363314285441));
#14594=DIRECTION('ref_axis',(-0.553636532358269,-0.618984460590166,-0.55708601453116));
#14595=DIRECTION('center_axis',(1.,0.,0.));
#14596=DIRECTION('ref_axis',(0.,0.,-1.));
#14597=DIRECTION('center_axis',(-0.111111111111105,0.993807989999907,1.04532309195425E-14));
#14598=DIRECTION('ref_axis',(-0.993807989999907,-0.111111111111105,0.));
#14599=DIRECTION('center_axis',(0.,0.,1.));
#14600=DIRECTION('ref_axis',(0.,-1.,0.));
#14601=DIRECTION('center_axis',(0.,0.,-1.));
#14602=DIRECTION('ref_axis',(-1.,0.,0.));
#14603=DIRECTION('center_axis',(0.,0.,1.));
#14604=DIRECTION('ref_axis',(0.70710678118655,0.707106781186545,0.));
#14605=DIRECTION('center_axis',(0.,0.,-1.));
#14606=DIRECTION('ref_axis',(0.707106781186551,0.707106781186545,0.));
#14607=DIRECTION('center_axis',(0.,0.,1.));
#14608=DIRECTION('ref_axis',(-0.666666666666663,-0.745355992499933,0.));
#14609=DIRECTION('center_axis',(0.,0.,1.));
#14610=DIRECTION('ref_axis',(-0.666666666666663,-0.745355992499933,0.));
#14611=DIRECTION('',(0.,0.,-1.));
#14612=DIRECTION('',(0.,0.,1.));
#14613=DIRECTION('center_axis',(-0.832758422376099,-0.411514793650469,-0.370363314285424));
#14614=DIRECTION('ref_axis',(0.55363653235825,-0.618984460590184,-0.55708601453116));
#14615=DIRECTION('center_axis',(0.111111111111117,0.993807989999906,0.));
#14616=DIRECTION('ref_axis',(0.,0.,-1.));
#14617=DIRECTION('center_axis',(-1.,0.,0.));
#14618=DIRECTION('ref_axis',(0.,-1.,0.));
#14619=DIRECTION('center_axis',(0.,0.,1.));
#14620=DIRECTION('ref_axis',(0.993807989999906,-0.111111111111117,0.));
#14621=DIRECTION('center_axis',(-1.,0.,0.));
#14622=DIRECTION('ref_axis',(0.,-0.707106781186544,-0.707106781186551));
#14623=DIRECTION('',(1.,0.,0.));
#14624=DIRECTION('',(-1.,0.,0.));
#14625=DIRECTION('center_axis',(0.,0.,-1.));
#14626=DIRECTION('ref_axis',(0.666666666666663,-0.745355992499933,0.));
#14627=DIRECTION('center_axis',(0.,0.,1.));
#14628=DIRECTION('ref_axis',(0.666666666666663,-0.745355992499933,0.));
#14629=DIRECTION('',(0.,0.,-1.));
#14630=DIRECTION('',(0.,0.,1.));
#14631=DIRECTION('center_axis',(-0.832758422376084,0.411514793650481,0.370363314285443));
#14632=DIRECTION('ref_axis',(-0.553636532358273,-0.618984460590161,-0.557086014531162));
#14633=DIRECTION('center_axis',(1.,0.,0.));
#14634=DIRECTION('ref_axis',(0.,0.,-1.));
#14635=DIRECTION('center_axis',(-0.111111111111105,0.993807989999907,1.17690508005797E-14));
#14636=DIRECTION('ref_axis',(-0.993807989999907,-0.111111111111105,0.));
#14637=DIRECTION('center_axis',(0.,0.,1.));
#14638=DIRECTION('ref_axis',(0.,-1.,0.));
#14639=DIRECTION('center_axis',(0.,0.,-1.));
#14640=DIRECTION('ref_axis',(-1.,0.,0.));
#14641=DIRECTION('center_axis',(0.,0.,1.));
#14642=DIRECTION('ref_axis',(0.,1.,0.));
#14643=DIRECTION('center_axis',(0.,0.,-1.));
#14644=DIRECTION('ref_axis',(0.,1.,0.));
#14645=DIRECTION('center_axis',(0.,0.,1.));
#14646=DIRECTION('ref_axis',(-0.666666666666663,-0.745355992499933,0.));
#14647=DIRECTION('center_axis',(0.,0.,1.));
#14648=DIRECTION('ref_axis',(-0.666666666666663,-0.745355992499933,0.));
#14649=DIRECTION('',(0.,0.,-1.));
#14650=DIRECTION('',(0.,0.,1.));
#14651=DIRECTION('center_axis',(-1.,0.,0.));
#14652=DIRECTION('ref_axis',(0.,-0.707106781186544,-0.707106781186551));
#14653=DIRECTION('',(-1.,0.,0.));
#14654=DIRECTION('',(1.,0.,0.));
#14655=DIRECTION('center_axis',(0.,0.,-1.));
#14656=DIRECTION('ref_axis',(1.,0.,0.));
#14657=DIRECTION('center_axis',(0.,0.,-1.));
#14658=DIRECTION('ref_axis',(1.,0.,0.));
#14659=DIRECTION('center_axis',(-1.,0.,0.));
#14660=DIRECTION('ref_axis',(0.,1.,0.));
#14661=DIRECTION('',(0.,3.20064295387432E-15,1.));
#14662=DIRECTION('',(0.,1.,0.));
#14663=DIRECTION('center_axis',(0.,0.,-1.));
#14664=DIRECTION('ref_axis',(-1.,0.,0.));
#14665=DIRECTION('',(1.,0.,0.));
#14666=DIRECTION('',(0.,-1.,0.));
#14667=DIRECTION('',(-1.,0.,0.));
#14668=DIRECTION('',(0.,-1.,0.));
#14669=DIRECTION('',(1.,0.,0.));
#14670=DIRECTION('center_axis',(0.,0.,-1.));
#14671=DIRECTION('ref_axis',(-1.,0.,0.));
#14672=DIRECTION('',(1.,0.,0.));
#14673=DIRECTION('',(0.,1.,0.));
#14674=DIRECTION('center_axis',(0.,0.,1.));
#14675=DIRECTION('ref_axis',(0.861918191977864,0.507047364984387,0.));
#14676=DIRECTION('',(-1.,0.,0.));
#14677=DIRECTION('',(5.25895116927703E-16,-1.,0.));
#14678=DIRECTION('',(-0.866025403784443,0.499999999999993,0.));
#14679=DIRECTION('',(7.21644966006352E-16,-1.,0.));
#14680=DIRECTION('',(0.866025403784437,0.500000000000004,0.));
#14681=DIRECTION('',(6.66133814775095E-16,-1.,0.));
#14682=DIRECTION('',(-0.86602540378444,0.499999999999997,0.));
#14683=DIRECTION('',(8.32667268468867E-16,-1.,0.));
#14684=DIRECTION('',(0.866025403784434,0.500000000000007,0.));
#14685=DIRECTION('',(2.22044604925031E-16,-1.,0.));
#14686=DIRECTION('',(-0.86602540378444,0.499999999999998,0.));
#14687=DIRECTION('',(1.94289029309402E-15,-1.,0.));
#14688=DIRECTION('',(0.866025403784437,0.500000000000003,0.));
#14689=DIRECTION('',(8.32667268468867E-16,-1.,0.));
#14690=DIRECTION('',(-0.86602540378444,0.499999999999998,0.));
#14691=DIRECTION('',(1.0547118733939E-15,-1.,0.));
#14692=DIRECTION('',(0.866025403784439,0.5,0.));
#14693=DIRECTION('',(8.88178419700125E-16,-1.,0.));
#14694=DIRECTION('',(-0.866025403784439,0.5,0.));
#14695=DIRECTION('',(4.44089209850063E-16,-1.,0.));
#14696=DIRECTION('',(0.866025403784438,0.500000000000002,0.));
#14697=DIRECTION('',(5.55111512312578E-16,-1.,0.));
#14698=DIRECTION('',(-0.866025403784439,0.499999999999999,0.));
#14699=DIRECTION('',(6.66133814775094E-16,-1.,0.));
#14700=DIRECTION('',(-1.,0.,0.));
#14701=DIRECTION('center_axis',(0.,0.,-1.));
#14702=DIRECTION('ref_axis',(-1.,0.,0.));
#14703=DIRECTION('',(1.,0.,0.));
#14704=DIRECTION('center_axis',(0.,0.,-1.));
#14705=DIRECTION('ref_axis',(-1.,0.,0.));
#14706=DIRECTION('',(1.,0.,0.));
#14707=DIRECTION('center_axis',(0.,0.,-1.));
#14708=DIRECTION('ref_axis',(-1.,0.,0.));
#14709=DIRECTION('center_axis',(0.,1.,0.));
#14710=DIRECTION('ref_axis',(0.707106781186547,0.,-0.707106781186547));
#14711=DIRECTION('center_axis',(0.,-1.,0.));
#14712=DIRECTION('ref_axis',(0.707106781186547,0.,-0.707106781186547));
#14713=DIRECTION('',(0.,1.,0.));
#14714=DIRECTION('center_axis',(0.,1.,0.));
#14715=DIRECTION('ref_axis',(0.707106781186547,0.,-0.707106781186547));
#14716=DIRECTION('center_axis',(-0.832758422376099,0.411514793650469,0.370363314285422));
#14717=DIRECTION('ref_axis',(-0.553636532358254,-0.618984460590179,-0.557086014531161));
#14718=DIRECTION('center_axis',(1.,0.,0.));
#14719=DIRECTION('ref_axis',(0.,0.,-1.));
#14720=DIRECTION('center_axis',(-0.111111111111117,0.993807989999906,-1.31581988103729E-15));
#14721=DIRECTION('ref_axis',(-0.993807989999906,-0.111111111111117,0.));
#14722=DIRECTION('center_axis',(0.,0.,1.));
#14723=DIRECTION('ref_axis',(0.,-1.,0.));
#14724=DIRECTION('center_axis',(0.,0.,-1.));
#14725=DIRECTION('ref_axis',(-1.,0.,0.));
#14726=DIRECTION('center_axis',(-0.993807989999906,0.111111111111117,0.));
#14727=DIRECTION('ref_axis',(0.,0.,-1.));
#14728=DIRECTION('center_axis',(0.,0.,1.));
#14729=DIRECTION('ref_axis',(-0.666666666666663,-0.745355992499933,0.));
#14730=DIRECTION('center_axis',(0.,0.,1.));
#14731=DIRECTION('ref_axis',(-0.666666666666663,-0.745355992499933,0.));
#14732=DIRECTION('',(0.,0.,-1.));
#14733=DIRECTION('center_axis',(-1.,0.,0.));
#14734=DIRECTION('ref_axis',(0.,-0.707106781186544,-0.707106781186551));
#14735=DIRECTION('center_axis',(1.,5.25895116927703E-16,0.));
#14736=DIRECTION('ref_axis',(0.,-0.707106781186544,-0.707106781186551));
#14737=DIRECTION('',(1.,0.,0.));
#14738=DIRECTION('center_axis',(0.,-1.,0.));
#14739=DIRECTION('ref_axis',(-0.707106781186547,0.,-0.707106781186547));
#14740=DIRECTION('center_axis',(0.,1.,0.));
#14741=DIRECTION('ref_axis',(-0.707106781186547,0.,-0.707106781186547));
#14742=DIRECTION('',(0.,-1.,0.));
#14743=DIRECTION('center_axis',(0.,-1.,0.));
#14744=DIRECTION('ref_axis',(-0.707106781186547,0.,-0.707106781186547));
#14745=DIRECTION('center_axis',(1.,0.,0.));
#14746=DIRECTION('ref_axis',(0.,1.,0.));
#14747=DIRECTION('',(0.,0.,-1.));
#14748=DIRECTION('',(0.,1.,0.));
#14749=DIRECTION('',(0.,0.,-1.));
#14750=DIRECTION('center_axis',(-1.,0.,0.));
#14751=DIRECTION('ref_axis',(0.,-1.,0.));
#14752=DIRECTION('',(0.,0.,1.));
#14753=DIRECTION('',(0.,-1.,0.));
#14754=DIRECTION('',(0.,0.,1.));
#14755=DIRECTION('center_axis',(0.,0.,-1.));
#14756=DIRECTION('ref_axis',(-1.,0.,0.));
#14757=DIRECTION('center_axis',(0.,0.,1.));
#14758=DIRECTION('ref_axis',(1.,0.,0.));
#14759=DIRECTION('center_axis',(0.,0.,-1.));
#14760=DIRECTION('ref_axis',(-1.,0.,0.));
#14761=DIRECTION('center_axis',(0.,0.,1.));
#14762=DIRECTION('ref_axis',(1.,0.,0.));
#14763=DIRECTION('center_axis',(0.,1.,0.));
#14764=DIRECTION('ref_axis',(0.,0.,1.));
#14765=DIRECTION('',(0.,0.,1.));
#14766=DIRECTION('',(-1.,0.,0.));
#14767=DIRECTION('',(0.,0.,1.));
#14768=DIRECTION('',(1.,0.,0.));
#14769=DIRECTION('center_axis',(-0.866025403784438,0.500000000000002,0.));
#14770=DIRECTION('ref_axis',(-0.500000000000002,-0.866025403784438,0.));
#14771=DIRECTION('',(-0.500000000000002,-0.866025403784438,0.));
#14772=DIRECTION('',(0.,0.,1.));
#14773=DIRECTION('',(0.500000000000002,0.866025403784438,0.));
#14774=DIRECTION('center_axis',(0.,1.,0.));
#14775=DIRECTION('ref_axis',(1.,0.,0.));
#14776=DIRECTION('',(1.,0.,0.));
#14777=DIRECTION('',(0.,0.,1.));
#14778=DIRECTION('',(1.,0.,0.));
#14779=DIRECTION('',(0.,0.,-1.));
#14780=DIRECTION('',(1.,0.,0.));
#14781=DIRECTION('',(0.,0.,-1.));
#14782=DIRECTION('',(1.,0.,0.));
#14783=DIRECTION('',(0.,0.,1.));
#14784=DIRECTION('',(1.,0.,0.));
#14785=DIRECTION('',(0.,0.,-1.));
#14786=DIRECTION('',(1.,0.,0.));
#14787=DIRECTION('',(0.,0.,1.));
#14788=DIRECTION('',(1.,0.,0.));
#14789=DIRECTION('',(0.,0.,-1.));
#14790=DIRECTION('',(1.,0.,0.));
#14791=DIRECTION('',(0.,0.,1.));
#14792=DIRECTION('',(1.,0.,0.));
#14793=DIRECTION('',(0.,0.,-1.));
#14794=DIRECTION('',(1.,0.,0.));
#14795=DIRECTION('',(0.,0.,1.));
#14796=DIRECTION('',(1.,0.,0.));
#14797=DIRECTION('',(0.,0.,-1.));
#14798=DIRECTION('',(1.,0.,0.));
#14799=DIRECTION('',(0.,0.,1.));
#14800=DIRECTION('',(1.,0.,0.));
#14801=DIRECTION('',(0.,0.,-1.));
#14802=DIRECTION('',(1.,0.,0.));
#14803=DIRECTION('',(0.,0.,1.));
#14804=DIRECTION('',(1.,0.,0.));
#14805=DIRECTION('',(0.,0.,-1.));
#14806=DIRECTION('',(1.,0.,0.));
#14807=DIRECTION('',(0.,0.,1.));
#14808=DIRECTION('',(1.,0.,0.));
#14809=DIRECTION('',(0.,0.,-1.));
#14810=DIRECTION('',(1.,0.,0.));
#14811=DIRECTION('',(0.,0.,1.));
#14812=DIRECTION('',(1.,0.,0.));
#14813=DIRECTION('',(0.,0.,-1.));
#14814=DIRECTION('',(1.,0.,0.));
#14815=DIRECTION('',(0.,0.,1.));
#14816=DIRECTION('',(1.,0.,0.));
#14817=DIRECTION('',(0.,0.,-1.));
#14818=DIRECTION('',(1.,0.,0.));
#14819=DIRECTION('',(0.,0.,1.));
#14820=DIRECTION('',(1.,0.,0.));
#14821=DIRECTION('',(0.,0.,-1.));
#14822=DIRECTION('center_axis',(0.,0.,-1.));
#14823=DIRECTION('ref_axis',(-1.,0.,0.));
#14824=DIRECTION('',(-0.5,0.866025403784438,0.));
#14825=DIRECTION('',(1.,2.88657986402541E-15,0.));
#14826=DIRECTION('center_axis',(0.866025403784438,0.5,0.));
#14827=DIRECTION('ref_axis',(-0.5,0.866025403784438,0.));
#14828=DIRECTION('',(0.5,-0.866025403784438,0.));
#14829=DIRECTION('',(0.,0.,1.));
#14830=DIRECTION('center_axis',(2.88657986402541E-15,-1.,0.));
#14831=DIRECTION('ref_axis',(1.,2.88657986402541E-15,0.));
#14832=DIRECTION('',(-1.,-2.88657986402541E-15,0.));
#14833=DIRECTION('center_axis',(0.866025403784439,0.5,0.));
#14834=DIRECTION('ref_axis',(-0.499999999999999,0.866025403784439,0.));
#14835=DIRECTION('',(0.499999999999999,-0.866025403784439,0.));
#14836=DIRECTION('',(0.,0.,1.));
#14837=DIRECTION('',(-0.499999999999999,0.866025403784439,0.));
#14838=DIRECTION('center_axis',(-1.77635683940025E-15,-1.,0.));
#14839=DIRECTION('ref_axis',(1.,-1.77635683940025E-15,0.));
#14840=DIRECTION('',(-1.,1.77635683940025E-15,0.));
#14841=DIRECTION('',(0.,0.,1.));
#14842=DIRECTION('',(1.,-1.77635683940025E-15,0.));
#14843=DIRECTION('center_axis',(-0.866025403784435,0.500000000000006,0.));
#14844=DIRECTION('ref_axis',(-0.500000000000006,-0.866025403784435,0.));
#14845=DIRECTION('',(0.500000000000006,0.866025403784435,0.));
#14846=DIRECTION('',(-0.500000000000006,-0.866025403784435,0.));
#14847=DIRECTION('center_axis',(0.,0.,-1.));
#14848=DIRECTION('ref_axis',(-1.,0.,0.));
#14849=DIRECTION('center_axis',(0.866025403784442,0.499999999999994,0.));
#14850=DIRECTION('ref_axis',(-0.499999999999994,0.866025403784442,0.));
#14851=DIRECTION('',(0.499999999999994,-0.866025403784442,0.));
#14852=DIRECTION('',(0.,0.,1.));
#14853=DIRECTION('',(-0.499999999999994,0.866025403784442,0.));
#14854=DIRECTION('center_axis',(-3.99680288865056E-15,-1.,0.));
#14855=DIRECTION('ref_axis',(1.,-3.99680288865056E-15,0.));
#14856=DIRECTION('',(-1.,3.99680288865056E-15,0.));
#14857=DIRECTION('',(0.,0.,1.));
#14858=DIRECTION('',(1.,-3.99680288865056E-15,0.));
#14859=DIRECTION('center_axis',(-0.866025403784434,0.500000000000009,0.));
#14860=DIRECTION('ref_axis',(-0.500000000000009,-0.866025403784434,0.));
#14861=DIRECTION('',(0.500000000000009,0.866025403784434,0.));
#14862=DIRECTION('',(-0.500000000000009,-0.866025403784434,0.));
#14863=DIRECTION('center_axis',(0.,0.,-1.));
#14864=DIRECTION('ref_axis',(-1.,0.,0.));
#14865=DIRECTION('center_axis',(0.866025403784437,0.500000000000003,0.));
#14866=DIRECTION('ref_axis',(-0.500000000000003,0.866025403784437,0.));
#14867=DIRECTION('',(0.500000000000003,-0.866025403784437,0.));
#14868=DIRECTION('',(0.,0.,1.));
#14869=DIRECTION('',(-0.500000000000003,0.866025403784437,0.));
#14870=DIRECTION('center_axis',(-2.88657986402541E-15,-1.,0.));
#14871=DIRECTION('ref_axis',(1.,-2.88657986402541E-15,0.));
#14872=DIRECTION('',(-1.,2.88657986402541E-15,0.));
#14873=DIRECTION('',(0.,0.,1.));
#14874=DIRECTION('',(1.,-2.88657986402541E-15,0.));
#14875=DIRECTION('center_axis',(-0.866025403784438,0.500000000000001,0.));
#14876=DIRECTION('ref_axis',(-0.500000000000001,-0.866025403784438,0.));
#14877=DIRECTION('',(0.500000000000001,0.866025403784438,0.));
#14878=DIRECTION('',(-0.500000000000001,-0.866025403784438,0.));
#14879=DIRECTION('center_axis',(0.,0.,-1.));
#14880=DIRECTION('ref_axis',(-1.,0.,0.));
#14881=DIRECTION('center_axis',(0.866025403784442,0.499999999999995,0.));
#14882=DIRECTION('ref_axis',(-0.499999999999995,0.866025403784442,0.));
#14883=DIRECTION('',(0.499999999999995,-0.866025403784442,0.));
#14884=DIRECTION('',(0.,0.,1.));
#14885=DIRECTION('',(-0.499999999999995,0.866025403784442,0.));
#14886=DIRECTION('center_axis',(-3.05755420981768E-13,-1.,0.));
#14887=DIRECTION('ref_axis',(1.,-3.05755420981768E-13,0.));
#14888=DIRECTION('',(-1.,3.05755420981768E-13,0.));
#14889=DIRECTION('',(0.,0.,1.));
#14890=DIRECTION('',(1.,-3.05755420981768E-13,0.));
#14891=DIRECTION('center_axis',(-0.866025403785459,0.499999999998233,0.));
#14892=DIRECTION('ref_axis',(-0.499999999998233,-0.866025403785459,0.));
#14893=DIRECTION('',(0.499999999998233,0.866025403785459,0.));
#14894=DIRECTION('',(-0.499999999998233,-0.866025403785459,0.));
#14895=DIRECTION('center_axis',(0.,0.,-1.));
#14896=DIRECTION('ref_axis',(-1.,0.,0.));
#14897=DIRECTION('center_axis',(0.866025403785459,0.499999999998233,0.));
#14898=DIRECTION('ref_axis',(-0.499999999998233,0.866025403785459,0.));
#14899=DIRECTION('',(0.499999999998233,-0.866025403785459,0.));
#14900=DIRECTION('',(0.,0.,1.));
#14901=DIRECTION('',(-0.499999999998233,0.866025403785459,0.));
#14902=DIRECTION('center_axis',(3.05755420981769E-13,-1.,0.));
#14903=DIRECTION('ref_axis',(1.,3.05755420981769E-13,0.));
#14904=DIRECTION('',(-1.,-3.05755420981769E-13,0.));
#14905=DIRECTION('',(0.,0.,1.));
#14906=DIRECTION('',(1.,3.05755420981769E-13,0.));
#14907=DIRECTION('center_axis',(-0.866025403784443,0.499999999999992,0.));
#14908=DIRECTION('ref_axis',(-0.499999999999992,-0.866025403784443,0.));
#14909=DIRECTION('',(0.499999999999992,0.866025403784443,0.));
#14910=DIRECTION('',(-0.499999999999992,-0.866025403784443,0.));
#14911=DIRECTION('center_axis',(0.,0.,-1.));
#14912=DIRECTION('ref_axis',(-1.,0.,0.));
#14913=DIRECTION('center_axis',(0.86602540378444,0.499999999999998,0.));
#14914=DIRECTION('ref_axis',(-0.499999999999998,0.86602540378444,0.));
#14915=DIRECTION('',(0.499999999999998,-0.86602540378444,0.));
#14916=DIRECTION('',(0.,0.,1.));
#14917=DIRECTION('',(-0.499999999999998,0.86602540378444,0.));
#14918=DIRECTION('center_axis',(2.88657986402541E-15,-1.,0.));
#14919=DIRECTION('ref_axis',(1.,2.88657986402541E-15,0.));
#14920=DIRECTION('',(-1.,-2.88657986402541E-15,0.));
#14921=DIRECTION('',(0.,0.,1.));
#14922=DIRECTION('',(1.,2.88657986402541E-15,0.));
#14923=DIRECTION('center_axis',(-0.866025403784436,0.500000000000004,0.));
#14924=DIRECTION('ref_axis',(-0.500000000000004,-0.866025403784436,0.));
#14925=DIRECTION('',(0.500000000000004,0.866025403784436,0.));
#14926=DIRECTION('',(-0.500000000000004,-0.866025403784436,0.));
#14927=DIRECTION('center_axis',(0.,0.,-1.));
#14928=DIRECTION('ref_axis',(-1.,0.,0.));
#14929=DIRECTION('center_axis',(0.,0.,-1.));
#14930=DIRECTION('ref_axis',(-1.,0.,0.));
#14931=DIRECTION('',(-0.500000000000007,0.866025403784434,0.));
#14932=DIRECTION('',(1.,3.99680288865056E-15,0.));
#14933=DIRECTION('',(-0.499999999999996,-0.866025403784441,0.));
#14934=DIRECTION('center_axis',(-0.866025403784441,0.499999999999996,0.));
#14935=DIRECTION('ref_axis',(-0.499999999999996,-0.866025403784441,0.));
#14936=DIRECTION('',(0.499999999999996,0.866025403784441,0.));
#14937=DIRECTION('',(0.,0.,1.));
#14938=DIRECTION('center_axis',(3.99680288865056E-15,-1.,0.));
#14939=DIRECTION('ref_axis',(1.,3.99680288865056E-15,0.));
#14940=DIRECTION('',(-1.,-3.99680288865056E-15,0.));
#14941=DIRECTION('',(0.,0.,1.));
#14942=DIRECTION('center_axis',(0.866025403784434,0.500000000000007,0.));
#14943=DIRECTION('ref_axis',(-0.500000000000007,0.866025403784434,0.));
#14944=DIRECTION('',(0.500000000000007,-0.866025403784434,0.));
#14945=DIRECTION('center_axis',(0.,0.,-1.));
#14946=DIRECTION('ref_axis',(-1.,0.,0.));
#14947=DIRECTION('',(-0.500000000000005,0.866025403784436,0.));
#14948=DIRECTION('',(1.,1.77635683940025E-15,0.));
#14949=DIRECTION('',(-0.499999999999999,-0.866025403784439,0.));
#14950=DIRECTION('center_axis',(-0.866025403784439,0.5,0.));
#14951=DIRECTION('ref_axis',(-0.499999999999999,-0.866025403784439,0.));
#14952=DIRECTION('',(0.499999999999999,0.866025403784439,0.));
#14953=DIRECTION('',(0.,0.,1.));
#14954=DIRECTION('center_axis',(1.77635683940025E-15,-1.,0.));
#14955=DIRECTION('ref_axis',(1.,1.77635683940025E-15,0.));
#14956=DIRECTION('',(-1.,-1.77635683940025E-15,0.));
#14957=DIRECTION('',(0.,0.,1.));
#14958=DIRECTION('center_axis',(0.866025403784436,0.500000000000005,0.));
#14959=DIRECTION('ref_axis',(-0.500000000000005,0.866025403784436,0.));
#14960=DIRECTION('',(0.500000000000005,-0.866025403784436,0.));
#14961=DIRECTION('center_axis',(0.,0.,-1.));
#14962=DIRECTION('ref_axis',(-1.,0.,0.));
#14963=DIRECTION('',(-0.500000000000008,0.866025403784434,0.));
#14964=DIRECTION('',(1.,1.33226762955019E-15,0.));
#14965=DIRECTION('',(-0.499999999999996,-0.866025403784441,0.));
#14966=DIRECTION('center_axis',(-0.866025403784441,0.499999999999996,0.));
#14967=DIRECTION('ref_axis',(-0.499999999999996,-0.866025403784441,0.));
#14968=DIRECTION('',(0.499999999999996,0.866025403784441,0.));
#14969=DIRECTION('',(0.,0.,1.));
#14970=DIRECTION('center_axis',(1.33226762955019E-15,-1.,0.));
#14971=DIRECTION('ref_axis',(1.,1.33226762955019E-15,0.));
#14972=DIRECTION('',(-1.,-1.33226762955019E-15,0.));
#14973=DIRECTION('',(0.,0.,1.));
#14974=DIRECTION('center_axis',(0.866025403784434,0.500000000000008,0.));
#14975=DIRECTION('ref_axis',(-0.500000000000008,0.866025403784434,0.));
#14976=DIRECTION('',(0.500000000000008,-0.866025403784434,0.));
#14977=DIRECTION('center_axis',(0.,0.,-1.));
#14978=DIRECTION('ref_axis',(-1.,0.,0.));
#14979=DIRECTION('',(-0.499999999999999,0.866025403784439,0.));
#14980=DIRECTION('',(1.,1.77635683940025E-15,0.));
#14981=DIRECTION('',(-0.499999999999989,-0.866025403784445,0.));
#14982=DIRECTION('center_axis',(-0.866025403784445,0.499999999999989,0.));
#14983=DIRECTION('ref_axis',(-0.499999999999989,-0.866025403784445,0.));
#14984=DIRECTION('',(0.499999999999989,0.866025403784445,0.));
#14985=DIRECTION('',(0.,0.,1.));
#14986=DIRECTION('center_axis',(1.77635683940025E-15,-1.,0.));
#14987=DIRECTION('ref_axis',(1.,1.77635683940025E-15,0.));
#14988=DIRECTION('',(-1.,-1.77635683940025E-15,0.));
#14989=DIRECTION('',(0.,0.,1.));
#14990=DIRECTION('center_axis',(0.866025403784439,0.499999999999999,0.));
#14991=DIRECTION('ref_axis',(-0.499999999999999,0.866025403784439,0.));
#14992=DIRECTION('',(0.499999999999999,-0.866025403784439,0.));
#14993=DIRECTION('center_axis',(-0.499999999999999,-0.866025403784439,0.));
#14994=DIRECTION('ref_axis',(0.866025403784439,-0.499999999999999,0.));
#14995=DIRECTION('',(0.,0.,-1.));
#14996=DIRECTION('',(0.866025403784439,-0.499999999999999,0.));
#14997=DIRECTION('',(0.,0.,-1.));
#14998=DIRECTION('center_axis',(1.,5.55111512312578E-16,0.));
#14999=DIRECTION('ref_axis',(-5.55111512312578E-16,1.,0.));
#15000=DIRECTION('',(0.,0.,-1.));
#15001=DIRECTION('',(-5.55111512312578E-16,1.,0.));
#15002=DIRECTION('center_axis',(-0.500000000000002,0.866025403784438,0.));
#15003=DIRECTION('ref_axis',(-0.866025403784438,-0.500000000000002,0.));
#15004=DIRECTION('',(0.,0.,-1.));
#15005=DIRECTION('',(-0.866025403784438,-0.500000000000002,0.));
#15006=DIRECTION('center_axis',(1.,4.44089209850063E-16,0.));
#15007=DIRECTION('ref_axis',(-4.44089209850063E-16,1.,0.));
#15008=DIRECTION('',(0.,0.,-1.));
#15009=DIRECTION('',(-4.44089209850063E-16,1.,0.));
#15010=DIRECTION('center_axis',(-0.5,-0.866025403784439,0.));
#15011=DIRECTION('ref_axis',(0.866025403784439,-0.5,0.));
#15012=DIRECTION('',(0.,0.,-1.));
#15013=DIRECTION('',(0.866025403784439,-0.5,0.));
#15014=DIRECTION('center_axis',(1.,8.88178419700125E-16,0.));
#15015=DIRECTION('ref_axis',(-8.88178419700125E-16,1.,0.));
#15016=DIRECTION('',(0.,0.,-1.));
#15017=DIRECTION('',(-8.88178419700125E-16,1.,0.));
#15018=DIRECTION('center_axis',(-0.5,0.866025403784439,0.));
#15019=DIRECTION('ref_axis',(-0.866025403784439,-0.5,0.));
#15020=DIRECTION('',(0.,0.,-1.));
#15021=DIRECTION('',(-0.866025403784439,-0.5,0.));
#15022=DIRECTION('center_axis',(1.,1.0547118733939E-15,0.));
#15023=DIRECTION('ref_axis',(-1.0547118733939E-15,1.,0.));
#15024=DIRECTION('',(0.,0.,-1.));
#15025=DIRECTION('',(-1.0547118733939E-15,1.,0.));
#15026=DIRECTION('center_axis',(-0.499999999999998,-0.86602540378444,0.));
#15027=DIRECTION('ref_axis',(0.86602540378444,-0.499999999999998,0.));
#15028=DIRECTION('',(0.,0.,-1.));
#15029=DIRECTION('',(0.86602540378444,-0.499999999999998,0.));
#15030=DIRECTION('center_axis',(1.,8.32667268468867E-16,0.));
#15031=DIRECTION('ref_axis',(-8.32667268468867E-16,1.,0.));
#15032=DIRECTION('',(0.,0.,-1.));
#15033=DIRECTION('',(-8.32667268468867E-16,1.,0.));
#15034=DIRECTION('center_axis',(-0.500000000000004,0.866025403784437,0.));
#15035=DIRECTION('ref_axis',(-0.866025403784437,-0.500000000000003,0.));
#15036=DIRECTION('',(0.,0.,-1.));
#15037=DIRECTION('',(-0.866025403784437,-0.500000000000003,0.));
#15038=DIRECTION('center_axis',(1.,1.94289029309402E-15,0.));
#15039=DIRECTION('ref_axis',(-1.94289029309402E-15,1.,0.));
#15040=DIRECTION('',(0.,0.,-1.));
#15041=DIRECTION('',(-1.94289029309402E-15,1.,0.));
#15042=DIRECTION('center_axis',(-0.499999999999998,-0.86602540378444,0.));
#15043=DIRECTION('ref_axis',(0.86602540378444,-0.499999999999998,0.));
#15044=DIRECTION('',(0.,0.,-1.));
#15045=DIRECTION('',(0.86602540378444,-0.499999999999998,0.));
#15046=DIRECTION('center_axis',(1.,2.22044604925031E-16,0.));
#15047=DIRECTION('ref_axis',(-2.22044604925031E-16,1.,0.));
#15048=DIRECTION('',(0.,0.,-1.));
#15049=DIRECTION('',(-2.22044604925031E-16,1.,0.));
#15050=DIRECTION('center_axis',(-0.500000000000007,0.866025403784434,0.));
#15051=DIRECTION('ref_axis',(-0.866025403784434,-0.500000000000007,0.));
#15052=DIRECTION('',(0.,0.,-1.));
#15053=DIRECTION('',(-0.866025403784434,-0.500000000000007,0.));
#15054=DIRECTION('center_axis',(1.,8.32667268468867E-16,0.));
#15055=DIRECTION('ref_axis',(-8.32667268468867E-16,1.,0.));
#15056=DIRECTION('',(0.,0.,-1.));
#15057=DIRECTION('',(-8.32667268468867E-16,1.,0.));
#15058=DIRECTION('center_axis',(-0.499999999999997,-0.86602540378444,0.));
#15059=DIRECTION('ref_axis',(0.86602540378444,-0.499999999999997,0.));
#15060=DIRECTION('',(0.,0.,-1.));
#15061=DIRECTION('',(0.86602540378444,-0.499999999999997,0.));
#15062=DIRECTION('center_axis',(1.,6.66133814775095E-16,0.));
#15063=DIRECTION('ref_axis',(-6.66133814775095E-16,1.,0.));
#15064=DIRECTION('',(0.,0.,-1.));
#15065=DIRECTION('',(-6.66133814775095E-16,1.,0.));
#15066=DIRECTION('center_axis',(-0.500000000000004,0.866025403784437,0.));
#15067=DIRECTION('ref_axis',(-0.866025403784437,-0.500000000000004,0.));
#15068=DIRECTION('',(0.,0.,-1.));
#15069=DIRECTION('',(-0.866025403784437,-0.500000000000004,0.));
#15070=DIRECTION('center_axis',(1.,7.21644966006352E-16,0.));
#15071=DIRECTION('ref_axis',(-7.21644966006352E-16,1.,0.));
#15072=DIRECTION('',(0.,0.,-1.));
#15073=DIRECTION('',(-7.21644966006352E-16,1.,0.));
#15074=DIRECTION('center_axis',(1.,5.25895116927703E-16,0.));
#15075=DIRECTION('ref_axis',(-5.25895116927703E-16,1.,0.));
#15076=DIRECTION('',(0.,0.,1.));
#15077=DIRECTION('',(5.25895116927703E-16,-1.,0.));
#15078=DIRECTION('',(0.,0.,-1.));
#15079=DIRECTION('',(-5.25895116927703E-16,1.,0.));
#15080=DIRECTION('',(0.,0.,-1.));
#15081=DIRECTION('center_axis',(-0.499999999999993,-0.866025403784443,0.));
#15082=DIRECTION('ref_axis',(0.866025403784443,-0.499999999999993,0.));
#15083=DIRECTION('',(0.866025403784443,-0.499999999999993,0.));
#15084=DIRECTION('center_axis',(1.,6.66133814775094E-16,0.));
#15085=DIRECTION('ref_axis',(-6.66133814775094E-16,1.,0.));
#15086=DIRECTION('',(-6.66133814775094E-16,1.,0.));
#15087=DIRECTION('',(6.66133814775094E-16,-1.,0.));
#15088=DIRECTION('center_axis',(0.,0.,1.));
#15089=DIRECTION('ref_axis',(1.,0.,0.));
#15090=DIRECTION('',(-1.,0.,0.));
#15091=DIRECTION('',(-1.,0.,0.));
#15092=DIRECTION('',(-1.,0.,0.));
#15093=DIRECTION('center_axis',(0.,0.,-1.));
#15094=DIRECTION('ref_axis',(1.,0.,0.));
#15095=DIRECTION('',(-1.,0.,0.));
#15096=DIRECTION('',(-1.,0.,0.));
#15097=DIRECTION('',(0.,1.,0.));
#15098=DIRECTION('center_axis',(0.,0.,-1.));
#15099=DIRECTION('ref_axis',(-0.707106781186553,-0.707106781186542,0.));
#15100=DIRECTION('',(-1.,0.,0.));
#15101=DIRECTION('center_axis',(0.,0.,1.));
#15102=DIRECTION('ref_axis',(1.,0.,0.));
#15103=DIRECTION('center_axis',(0.,0.,1.));
#15104=DIRECTION('ref_axis',(1.,0.,0.));
#15105=DIRECTION('center_axis',(0.,0.,1.));
#15106=DIRECTION('ref_axis',(1.,0.,0.));
#15107=DIRECTION('center_axis',(0.,0.,1.));
#15108=DIRECTION('ref_axis',(1.,0.,0.));
#15109=DIRECTION('center_axis',(0.,-1.,0.));
#15110=DIRECTION('ref_axis',(-1.,0.,0.));
#15111=DIRECTION('',(0.,0.,1.));
#15112=DIRECTION('',(-1.,0.,0.));
#15113=DIRECTION('center_axis',(-1.,0.,0.));
#15114=DIRECTION('ref_axis',(0.,1.,0.));
#15115=DIRECTION('',(0.,0.,-1.));
#15116=DIRECTION('',(0.,1.,0.));
#15117=DIRECTION('',(0.,0.,-1.));
#15118=DIRECTION('',(0.,-3.20064295387432E-15,-1.));
#15119=DIRECTION('',(0.,0.952577642996792,-0.304295635957332));
#15120=DIRECTION('',(0.,0.662546442971681,-0.749020834760672));
#15121=DIRECTION('',(0.,1.,0.));
#15122=DIRECTION('',(0.,0.662546442971686,0.749020834760667));
#15123=DIRECTION('',(0.,0.952577642996798,0.304295635957313));
#15124=DIRECTION('',(0.,0.,1.));
#15125=DIRECTION('',(0.,1.,0.));
#15126=DIRECTION('',(0.,0.,1.));
#15127=DIRECTION('',(0.,-1.,0.));
#15128=DIRECTION('',(0.,0.,-1.));
#15129=DIRECTION('',(0.,1.,0.));
#15130=DIRECTION('center_axis',(1.,0.,0.));
#15131=DIRECTION('ref_axis',(0.,1.,0.));
#15132=DIRECTION('',(0.,0.,1.));
#15133=DIRECTION('center_axis',(1.,0.,0.));
#15134=DIRECTION('ref_axis',(0.,-6.02154860813644E-15,1.));
#15135=DIRECTION('',(0.,-1.,0.));
#15136=DIRECTION('center_axis',(1.,0.,0.));
#15137=DIRECTION('ref_axis',(0.,-1.,0.));
#15138=DIRECTION('',(0.,0.,-1.));
#15139=DIRECTION('center_axis',(1.,0.,0.));
#15140=DIRECTION('ref_axis',(0.,6.02154860813644E-15,-1.));
#15141=DIRECTION('',(0.,1.,0.));
#15142=DIRECTION('center_axis',(0.,-1.,0.));
#15143=DIRECTION('ref_axis',(-1.,0.,0.));
#15144=DIRECTION('center_axis',(0.,0.,-1.));
#15145=DIRECTION('ref_axis',(1.,0.,0.));
#15146=DIRECTION('center_axis',(0.,-1.,0.));
#15147=DIRECTION('ref_axis',(-1.,0.,0.));
#15148=DIRECTION('center_axis',(0.,-1.,0.));
#15149=DIRECTION('ref_axis',(-1.,0.,0.));
#15150=DIRECTION('center_axis',(0.,-1.,0.));
#15151=DIRECTION('ref_axis',(-1.,0.,0.));
#15152=DIRECTION('center_axis',(0.,0.,-1.));
#15153=DIRECTION('ref_axis',(-0.707106781186553,-0.707106781186542,0.));
#15154=DIRECTION('center_axis',(0.,0.,1.));
#15155=DIRECTION('ref_axis',(-0.707106781186553,-0.707106781186542,0.));
#15156=DIRECTION('center_axis',(0.,0.,-1.));
#15157=DIRECTION('ref_axis',(-0.707106781186554,0.707106781186541,0.));
#15158=DIRECTION('center_axis',(0.,0.,1.));
#15159=DIRECTION('ref_axis',(-0.707106781186554,0.707106781186541,0.));
#15160=DIRECTION('center_axis',(0.,0.,-1.));
#15161=DIRECTION('ref_axis',(-0.707106781186554,0.707106781186541,0.));
#15162=DIRECTION('center_axis',(0.,0.,-1.));
#15163=DIRECTION('ref_axis',(1.,0.,0.));
#15164=DIRECTION('center_axis',(0.,0.,1.));
#15165=DIRECTION('ref_axis',(1.,0.,0.));
#15166=DIRECTION('',(0.,0.,1.));
#15167=DIRECTION('center_axis',(0.,0.,-1.));
#15168=DIRECTION('ref_axis',(1.,0.,0.));
#15169=DIRECTION('center_axis',(0.,0.,-1.));
#15170=DIRECTION('ref_axis',(1.,0.,0.));
#15171=DIRECTION('',(0.707106781186552,-8.65956056235499E-17,0.707106781186543));
#15172=DIRECTION('center_axis',(0.,0.,-1.));
#15173=DIRECTION('ref_axis',(1.,0.,0.));
#15174=DIRECTION('center_axis',(0.,0.,1.));
#15175=DIRECTION('ref_axis',(1.,0.,0.));
#15176=DIRECTION('',(0.,0.,1.));
#15177=DIRECTION('center_axis',(0.,0.,-1.));
#15178=DIRECTION('ref_axis',(1.,0.,0.));
#15179=DIRECTION('center_axis',(0.,0.,-1.));
#15180=DIRECTION('ref_axis',(1.,0.,0.));
#15181=DIRECTION('',(0.707106781186552,-8.65956056235499E-17,0.707106781186543));
#15182=DIRECTION('center_axis',(0.,0.,-1.));
#15183=DIRECTION('ref_axis',(1.,0.,0.));
#15184=DIRECTION('center_axis',(0.,0.,1.));
#15185=DIRECTION('ref_axis',(1.,0.,0.));
#15186=DIRECTION('',(0.,0.,1.));
#15187=DIRECTION('center_axis',(0.,0.,-1.));
#15188=DIRECTION('ref_axis',(1.,0.,0.));
#15189=DIRECTION('center_axis',(0.,0.,-1.));
#15190=DIRECTION('ref_axis',(1.,0.,0.));
#15191=DIRECTION('',(0.707106781186552,-8.65956056235499E-17,0.707106781186543));
#15192=DIRECTION('center_axis',(0.,0.,-1.));
#15193=DIRECTION('ref_axis',(1.,0.,0.));
#15194=DIRECTION('center_axis',(0.,0.,1.));
#15195=DIRECTION('ref_axis',(1.,0.,0.));
#15196=DIRECTION('',(0.,0.,1.));
#15197=DIRECTION('center_axis',(0.,0.,-1.));
#15198=DIRECTION('ref_axis',(1.,0.,0.));
#15199=DIRECTION('center_axis',(0.,0.,-1.));
#15200=DIRECTION('ref_axis',(1.,0.,0.));
#15201=DIRECTION('',(0.707106781186552,-8.65956056235499E-17,0.707106781186543));
#15202=DIRECTION('center_axis',(0.,0.,-1.));
#15203=DIRECTION('ref_axis',(-1.,0.,0.));
#15204=DIRECTION('center_axis',(0.,0.,1.));
#15205=DIRECTION('ref_axis',(-1.,0.,0.));
#15206=DIRECTION('center_axis',(0.,0.,-1.));
#15207=DIRECTION('ref_axis',(0.,1.,0.));
#15208=DIRECTION('',(1.,0.,0.));
#15209=DIRECTION('',(1.,0.,0.));
#15210=DIRECTION('center_axis',(0.,1.,0.));
#15211=DIRECTION('ref_axis',(0.,0.,1.));
#15212=DIRECTION('',(1.,0.,0.));
#15213=DIRECTION('center_axis',(0.,0.,1.));
#15214=DIRECTION('ref_axis',(0.,-1.,0.));
#15215=DIRECTION('',(1.,0.,0.));
#15216=DIRECTION('center_axis',(0.,-1.,0.));
#15217=DIRECTION('ref_axis',(0.,0.,-1.));
#15218=DIRECTION('center_axis',(0.,-1.,0.));
#15219=DIRECTION('ref_axis',(0.,0.,-1.));
#15220=DIRECTION('',(1.,0.,0.));
#15221=DIRECTION('',(1.,0.,0.));
#15222=DIRECTION('center_axis',(1.,0.,0.));
#15223=DIRECTION('ref_axis',(0.,6.02154860813644E-15,-1.));
#15224=DIRECTION('',(-1.,0.,0.));
#15225=DIRECTION('center_axis',(0.,0.,-1.));
#15226=DIRECTION('ref_axis',(0.,1.,0.));
#15227=DIRECTION('',(-1.,0.,0.));
#15228=DIRECTION('center_axis',(1.,0.,0.));
#15229=DIRECTION('ref_axis',(0.,1.,0.));
#15230=DIRECTION('',(1.,0.,0.));
#15231=DIRECTION('center_axis',(0.,1.,0.));
#15232=DIRECTION('ref_axis',(0.,0.,1.));
#15233=DIRECTION('',(1.,0.,0.));
#15234=DIRECTION('center_axis',(1.,0.,0.));
#15235=DIRECTION('ref_axis',(0.,-6.02154860813644E-15,1.));
#15236=DIRECTION('',(1.,0.,0.));
#15237=DIRECTION('center_axis',(0.,0.,1.));
#15238=DIRECTION('ref_axis',(0.,-1.,0.));
#15239=DIRECTION('',(1.,0.,0.));
#15240=DIRECTION('center_axis',(1.,0.,0.));
#15241=DIRECTION('ref_axis',(0.,-1.,0.));
#15242=DIRECTION('center_axis',(0.,0.,-1.));
#15243=DIRECTION('ref_axis',(0.,1.,0.));
#15244=DIRECTION('',(1.,0.,0.));
#15245=DIRECTION('',(0.,1.,0.));
#15246=DIRECTION('',(1.,0.,0.));
#15247=DIRECTION('center_axis',(0.,0.749020834760667,-0.662546442971686));
#15248=DIRECTION('ref_axis',(0.,0.662546442971686,0.749020834760667));
#15249=DIRECTION('',(-1.,0.,0.));
#15250=DIRECTION('',(0.,0.662546442971686,0.749020834760667));
#15251=DIRECTION('center_axis',(0.,0.304295635957313,-0.952577642996798));
#15252=DIRECTION('ref_axis',(0.,0.952577642996798,0.304295635957313));
#15253=DIRECTION('',(-1.,0.,0.));
#15254=DIRECTION('center_axis',(0.,1.,0.));
#15255=DIRECTION('ref_axis',(0.,0.,1.));
#15256=DIRECTION('',(1.,0.,0.));
#15257=DIRECTION('center_axis',(0.,-1.,3.20064295387432E-15));
#15258=DIRECTION('ref_axis',(0.,-3.20064295387432E-15,-1.));
#15259=DIRECTION('',(1.,0.,0.));
#15260=DIRECTION('center_axis',(0.,-0.304295635957332,-0.952577642996792));
#15261=DIRECTION('ref_axis',(0.,0.952577642996792,-0.304295635957332));
#15262=DIRECTION('',(1.,0.,0.));
#15263=DIRECTION('center_axis',(0.,-0.749020834760672,-0.662546442971681));
#15264=DIRECTION('ref_axis',(0.,0.662546442971681,-0.749020834760672));
#15265=DIRECTION('',(0.,0.662546442971681,-0.749020834760672));
#15266=DIRECTION('center_axis',(1.,0.,0.));
#15267=DIRECTION('ref_axis',(0.,0.,-1.));
#15268=DIRECTION('center_axis',(0.,0.,-1.));
#15269=DIRECTION('ref_axis',(-1.,0.,0.));
#15270=DIRECTION('center_axis',(0.,0.,1.));
#15271=DIRECTION('ref_axis',(-1.,0.,0.));
#15272=DIRECTION('center_axis',(0.,0.,1.));
#15273=DIRECTION('ref_axis',(-1.,0.,0.));
#15274=DIRECTION('center_axis',(0.,0.,1.));
#15275=DIRECTION('ref_axis',(-1.,0.,0.));
#15276=DIRECTION('',(-1.,0.,0.));
#15277=DIRECTION('center_axis',(0.,0.,-1.));
#15278=DIRECTION('ref_axis',(-1.,0.,0.));
#15279=DIRECTION('center_axis',(0.,0.,1.));
#15280=DIRECTION('ref_axis',(1.83697019872103E-16,1.,0.));
#15281=DIRECTION('',(0.,0.,-1.));
#15282=DIRECTION('',(0.,0.,1.));
#15283=DIRECTION('center_axis',(0.,0.,1.));
#15284=DIRECTION('ref_axis',(-1.,0.,0.));
#15285=DIRECTION('',(0.,0.,-1.));
#15286=DIRECTION('center_axis',(0.,0.,-1.));
#15287=DIRECTION('ref_axis',(-1.,0.,0.));
#15288=DIRECTION('center_axis',(0.,0.,1.));
#15289=DIRECTION('ref_axis',(-1.,0.,0.));
#15290=DIRECTION('center_axis',(0.,0.,1.));
#15291=DIRECTION('ref_axis',(-1.,0.,0.));
#15292=DIRECTION('center_axis',(0.,0.,1.));
#15293=DIRECTION('ref_axis',(-1.,0.,0.));
#15294=DIRECTION('',(-1.,0.,0.));
#15295=DIRECTION('center_axis',(0.,0.,-1.));
#15296=DIRECTION('ref_axis',(-1.,0.,0.));
#15297=DIRECTION('center_axis',(0.,0.,1.));
#15298=DIRECTION('ref_axis',(-6.12323399573677E-17,-1.,0.));
#15299=DIRECTION('',(0.,0.,1.));
#15300=DIRECTION('',(0.,0.,1.));
#15301=DIRECTION('center_axis',(0.,1.,0.));
#15302=DIRECTION('ref_axis',(-1.,0.,0.));
#15303=DIRECTION('center_axis',(0.,0.,1.));
#15304=DIRECTION('ref_axis',(-1.,0.,0.));
#15305=DIRECTION('',(0.,0.,-1.));
#15306=DIRECTION('center_axis',(0.,0.,-1.));
#15307=DIRECTION('ref_axis',(-1.,0.,0.));
#15308=DIRECTION('center_axis',(0.,0.,1.));
#15309=DIRECTION('ref_axis',(-1.,0.,0.));
#15310=DIRECTION('center_axis',(0.,0.,1.));
#15311=DIRECTION('ref_axis',(-1.,0.,0.));
#15312=DIRECTION('center_axis',(0.,0.,1.));
#15313=DIRECTION('ref_axis',(-1.,0.,0.));
#15314=DIRECTION('',(1.,0.,0.));
#15315=DIRECTION('center_axis',(0.,0.,-1.));
#15316=DIRECTION('ref_axis',(-1.,0.,0.));
#15317=DIRECTION('center_axis',(0.,0.,1.));
#15318=DIRECTION('ref_axis',(1.83697019872103E-16,1.,0.));
#15319=DIRECTION('',(0.,0.,1.));
#15320=DIRECTION('',(0.,0.,1.));
#15321=DIRECTION('center_axis',(0.,-1.,0.));
#15322=DIRECTION('ref_axis',(1.,0.,0.));
#15323=DIRECTION('center_axis',(0.,0.,1.));
#15324=DIRECTION('ref_axis',(-1.,0.,0.));
#15325=DIRECTION('',(0.,0.,-1.));
#15326=DIRECTION('center_axis',(0.,0.,1.));
#15327=DIRECTION('ref_axis',(-1.,0.,0.));
#15328=DIRECTION('center_axis',(0.,0.,1.));
#15329=DIRECTION('ref_axis',(-1.,0.,0.));
#15330=DIRECTION('',(-1.,0.,0.));
#15331=DIRECTION('center_axis',(0.,0.,-1.));
#15332=DIRECTION('ref_axis',(-1.,0.,0.));
#15333=DIRECTION('center_axis',(0.,0.,1.));
#15334=DIRECTION('ref_axis',(-6.12323399573677E-17,-1.,0.));
#15335=DIRECTION('',(0.,0.,1.));
#15336=DIRECTION('',(0.,0.,1.));
#15337=DIRECTION('center_axis',(0.,1.,0.));
#15338=DIRECTION('ref_axis',(-1.,0.,0.));
#15339=DIRECTION('center_axis',(0.,0.,1.));
#15340=DIRECTION('ref_axis',(-1.,0.,0.));
#15341=DIRECTION('',(0.,0.,-1.));
#15342=DIRECTION('center_axis',(0.,0.,1.));
#15343=DIRECTION('ref_axis',(1.,0.,0.));
#15344=DIRECTION('center_axis',(0.,0.,-1.));
#15345=DIRECTION('ref_axis',(-1.,0.,0.));
#15346=DIRECTION('center_axis',(0.,1.,0.));
#15347=DIRECTION('ref_axis',(-1.,0.,0.));
#15348=DIRECTION('',(1.,0.,0.));
#15349=DIRECTION('center_axis',(0.,0.,1.));
#15350=DIRECTION('ref_axis',(1.,0.,0.));
#15351=DIRECTION('center_axis',(0.,0.,-1.));
#15352=DIRECTION('ref_axis',(1.,0.,0.));
#15353=DIRECTION('',(0.,0.,-1.));
#15354=DIRECTION('center_axis',(0.,0.,1.));
#15355=DIRECTION('ref_axis',(1.,0.,0.));
#15356=DIRECTION('center_axis',(0.,0.,-1.));
#15357=DIRECTION('ref_axis',(1.,0.,0.));
#15358=DIRECTION('',(0.,0.,-1.));
#15359=DIRECTION('center_axis',(0.,-1.,0.));
#15360=DIRECTION('ref_axis',(1.,0.,0.));
#15361=DIRECTION('',(1.,0.,0.));
#15362=DIRECTION('center_axis',(0.,0.,1.));
#15363=DIRECTION('ref_axis',(1.,0.,0.));
#15364=DIRECTION('center_axis',(-1.,0.,0.));
#15365=DIRECTION('ref_axis',(0.,-1.,0.));
#15366=DIRECTION('',(0.,1.,0.));
#15367=DIRECTION('',(0.,0.,1.));
#15368=DIRECTION('',(0.,-1.,0.));
#15369=DIRECTION('',(0.,0.,-1.));
#15370=DIRECTION('',(0.,1.,0.));
#15371=DIRECTION('',(0.,0.,1.));
#15372=DIRECTION('',(0.,1.,0.));
#15373=DIRECTION('',(0.,0.,-1.));
#15374=DIRECTION('center_axis',(0.,-1.,0.));
#15375=DIRECTION('ref_axis',(1.,0.,0.));
#15376=DIRECTION('',(1.,0.,0.));
#15377=DIRECTION('',(0.,0.,1.));
#15378=DIRECTION('',(1.,0.,0.));
#15379=DIRECTION('center_axis',(0.,0.,1.));
#15380=DIRECTION('ref_axis',(1.,0.,0.));
#15381=DIRECTION('',(-1.,0.,0.));
#15382=DIRECTION('center_axis',(0.,0.,-1.));
#15383=DIRECTION('ref_axis',(-0.707106781186553,0.707106781186542,0.));
#15384=DIRECTION('',(0.,-1.,0.));
#15385=DIRECTION('center_axis',(0.,0.,-1.));
#15386=DIRECTION('ref_axis',(-0.707106781186553,-0.707106781186542,0.));
#15387=DIRECTION('center_axis',(0.,1.,0.));
#15388=DIRECTION('ref_axis',(-1.,0.,0.));
#15389=DIRECTION('',(-1.,0.,0.));
#15390=DIRECTION('',(0.,0.,-1.));
#15391=DIRECTION('center_axis',(0.,0.,1.));
#15392=DIRECTION('ref_axis',(1.,0.,0.));
#15393=DIRECTION('',(-1.,0.,0.));
#15394=DIRECTION('',(0.,1.,0.));
#15395=DIRECTION('',(1.,0.,0.));
#15396=DIRECTION('center_axis',(0.,0.,1.));
#15397=DIRECTION('ref_axis',(1.,0.,0.));
#15398=DIRECTION('center_axis',(0.,0.,1.));
#15399=DIRECTION('ref_axis',(-0.707106781186553,-0.707106781186542,0.));
#15400=DIRECTION('',(0.,-1.,0.));
#15401=DIRECTION('center_axis',(0.,0.,1.));
#15402=DIRECTION('ref_axis',(-0.707106781186553,0.707106781186542,0.));
#15403=DIRECTION('',(1.,0.,0.));
#15404=DIRECTION('',(0.,1.,0.));
#15405=DIRECTION('',(-1.,0.,0.));
#15406=DIRECTION('center_axis',(0.,0.,1.));
#15407=DIRECTION('ref_axis',(1.,0.,0.));
#15408=DIRECTION('center_axis',(0.,0.,1.));
#15409=DIRECTION('ref_axis',(1.,0.,0.));
#15410=DIRECTION('center_axis',(0.,0.,1.));
#15411=DIRECTION('ref_axis',(-0.707106781186553,0.707106781186542,0.));
#15412=DIRECTION('',(0.,0.,1.));
#15413=DIRECTION('center_axis',(-1.,0.,0.));
#15414=DIRECTION('ref_axis',(0.,-1.,0.));
#15415=DIRECTION('',(0.,0.,-1.));
#15416=DIRECTION('center_axis',(0.,0.,1.));
#15417=DIRECTION('ref_axis',(-0.707106781186553,-0.707106781186542,0.));
#15418=DIRECTION('center_axis',(0.,0.,-1.));
#15419=DIRECTION('ref_axis',(1.,0.,0.));
#15420=DIRECTION('center_axis',(0.,0.,1.));
#15421=DIRECTION('ref_axis',(1.,0.,0.));
#15422=DIRECTION('center_axis',(0.,0.,-1.));
#15423=DIRECTION('ref_axis',(1.,0.,0.));
#15424=DIRECTION('',(0.,0.,-1.));
#15425=DIRECTION('center_axis',(0.,0.,-1.));
#15426=DIRECTION('ref_axis',(1.,0.,0.));
#15427=DIRECTION('center_axis',(0.,0.,1.));
#15428=DIRECTION('ref_axis',(1.,0.,0.));
#15429=DIRECTION('center_axis',(0.,0.,-1.));
#15430=DIRECTION('ref_axis',(1.,0.,0.));
#15431=DIRECTION('',(0.,0.,-1.));
#15432=DIRECTION('center_axis',(0.,1.,0.));
#15433=DIRECTION('ref_axis',(-1.,0.,0.));
#15434=DIRECTION('',(0.,0.,1.));
#15435=DIRECTION('center_axis',(1.,0.,0.));
#15436=DIRECTION('ref_axis',(0.,1.,0.));
#15437=DIRECTION('',(0.,0.,1.));
#15438=DIRECTION('center_axis',(0.,-1.,0.));
#15439=DIRECTION('ref_axis',(1.,0.,0.));
#15440=DIRECTION('center_axis',(0.,1.,0.));
#15441=DIRECTION('ref_axis',(-1.,0.,0.));
#15442=DIRECTION('',(-1.,0.,0.));
#15443=DIRECTION('',(0.,0.,1.));
#15444=DIRECTION('',(-1.,0.,0.));
#15445=DIRECTION('',(0.,0.,1.));
#15446=DIRECTION('center_axis',(1.,0.,0.));
#15447=DIRECTION('ref_axis',(0.,1.,0.));
#15448=DIRECTION('',(0.,1.,0.));
#15449=DIRECTION('',(0.,0.,1.));
#15450=DIRECTION('',(0.,1.,0.));
#15451=DIRECTION('center_axis',(-1.,0.,0.));
#15452=DIRECTION('ref_axis',(0.,-1.,0.));
#15453=DIRECTION('',(0.,-1.,0.));
#15454=DIRECTION('',(0.,0.,1.));
#15455=DIRECTION('',(0.,-1.,0.));
#15456=DIRECTION('',(0.,0.,1.));
#15457=DIRECTION('center_axis',(0.,1.,0.));
#15458=DIRECTION('ref_axis',(-1.,0.,0.));
#15459=DIRECTION('',(-1.,0.,0.));
#15460=DIRECTION('',(0.,0.,1.));
#15461=DIRECTION('',(-1.,0.,0.));
#15462=DIRECTION('center_axis',(0.,-1.,0.));
#15463=DIRECTION('ref_axis',(1.,0.,0.));
#15464=DIRECTION('',(1.,0.,0.));
#15465=DIRECTION('',(0.,0.,1.));
#15466=DIRECTION('',(-1.,0.,0.));
#15467=DIRECTION('',(0.,0.,1.));
#15468=DIRECTION('center_axis',(1.,0.,0.));
#15469=DIRECTION('ref_axis',(0.,1.,0.));
#15470=DIRECTION('',(0.,1.,0.));
#15471=DIRECTION('',(0.,0.,1.));
#15472=DIRECTION('',(0.,1.,0.));
#15473=DIRECTION('center_axis',(-1.61486985400023E-16,1.,0.));
#15474=DIRECTION('ref_axis',(-1.,-1.61486985400023E-16,0.));
#15475=DIRECTION('',(-1.,-1.61486985400023E-16,0.));
#15476=DIRECTION('',(0.,0.,1.));
#15477=DIRECTION('',(-1.,-1.61486985400023E-16,0.));
#15478=DIRECTION('',(0.,0.,1.));
#15479=DIRECTION('center_axis',(0.,1.,0.));
#15480=DIRECTION('ref_axis',(-1.,0.,0.));
#15481=DIRECTION('',(-1.,0.,0.));
#15482=DIRECTION('',(0.,0.,1.));
#15483=DIRECTION('',(-1.,0.,0.));
#15484=DIRECTION('',(0.,0.,1.));
#15485=DIRECTION('center_axis',(-1.,0.,0.));
#15486=DIRECTION('ref_axis',(0.,-1.,0.));
#15487=DIRECTION('',(0.,-1.,0.));
#15488=DIRECTION('',(0.,-1.,0.));
#15489=DIRECTION('center_axis',(0.,0.,1.));
#15490=DIRECTION('ref_axis',(1.,0.,0.));
#15491=DIRECTION('',(0.,-1.,0.));
#15492=DIRECTION('',(1.,0.,0.));
#15493=DIRECTION('',(0.,1.,0.));
#15494=DIRECTION('center_axis',(1.,0.,0.));
#15495=DIRECTION('ref_axis',(0.,1.,0.));
#15496=DIRECTION('',(0.,1.,0.));
#15497=DIRECTION('',(0.,1.,0.));
#15498=DIRECTION('center_axis',(-1.,0.,0.));
#15499=DIRECTION('ref_axis',(0.,-1.,0.));
#15500=DIRECTION('',(0.,-1.,0.));
#15501=DIRECTION('',(0.,-1.,0.));
#15502=DIRECTION('',(0.,0.,1.));
#15503=DIRECTION('center_axis',(0.,1.,0.));
#15504=DIRECTION('ref_axis',(-1.,0.,0.));
#15505=DIRECTION('',(-1.,0.,0.));
#15506=DIRECTION('',(-1.,0.,0.));
#15507=DIRECTION('center_axis',(0.,0.,-1.));
#15508=DIRECTION('ref_axis',(1.,0.,0.));
#15509=DIRECTION('center_axis',(0.,0.,1.));
#15510=DIRECTION('ref_axis',(1.,0.,0.));
#15511=DIRECTION('',(0.,0.,-1.));
#15512=DIRECTION('center_axis',(0.,0.,1.));
#15513=DIRECTION('ref_axis',(1.,0.,0.));
#15514=DIRECTION('center_axis',(0.,0.,-1.));
#15515=DIRECTION('ref_axis',(1.,0.,0.));
#15516=DIRECTION('center_axis',(0.,0.,-1.));
#15517=DIRECTION('ref_axis',(1.,0.,0.));
#15518=DIRECTION('center_axis',(0.,0.,1.));
#15519=DIRECTION('ref_axis',(1.,0.,0.));
#15520=DIRECTION('',(0.,0.,-1.));
#15521=DIRECTION('center_axis',(0.,0.,1.));
#15522=DIRECTION('ref_axis',(1.,0.,0.));
#15523=DIRECTION('center_axis',(0.,0.,-1.));
#15524=DIRECTION('ref_axis',(1.,0.,0.));
#15525=DIRECTION('center_axis',(0.,0.,-1.));
#15526=DIRECTION('ref_axis',(1.,0.,0.));
#15527=DIRECTION('center_axis',(0.,0.,1.));
#15528=DIRECTION('ref_axis',(1.,0.,0.));
#15529=DIRECTION('',(0.,0.,-1.));
#15530=DIRECTION('center_axis',(0.,0.,1.));
#15531=DIRECTION('ref_axis',(1.,0.,0.));
#15532=DIRECTION('center_axis',(0.,0.,-1.));
#15533=DIRECTION('ref_axis',(1.,0.,0.));
#15534=DIRECTION('center_axis',(0.,0.,-1.));
#15535=DIRECTION('ref_axis',(1.,0.,0.));
#15536=DIRECTION('center_axis',(0.,0.,1.));
#15537=DIRECTION('ref_axis',(1.,0.,0.));
#15538=DIRECTION('',(0.,0.,-1.));
#15539=DIRECTION('center_axis',(0.,0.,1.));
#15540=DIRECTION('ref_axis',(1.,0.,0.));
#15541=DIRECTION('center_axis',(0.,0.,-1.));
#15542=DIRECTION('ref_axis',(1.,0.,0.));
#15543=DIRECTION('center_axis',(0.,0.,-1.));
#15544=DIRECTION('ref_axis',(1.,0.,0.));
#15545=DIRECTION('center_axis',(0.,0.,1.));
#15546=DIRECTION('ref_axis',(1.,0.,0.));
#15547=DIRECTION('',(0.,0.,-1.));
#15548=DIRECTION('center_axis',(0.,0.,1.));
#15549=DIRECTION('ref_axis',(1.,0.,0.));
#15550=DIRECTION('center_axis',(0.,0.,-1.));
#15551=DIRECTION('ref_axis',(1.,0.,0.));
#15552=DIRECTION('center_axis',(0.,0.,-1.));
#15553=DIRECTION('ref_axis',(1.,0.,0.));
#15554=DIRECTION('center_axis',(0.,0.,1.));
#15555=DIRECTION('ref_axis',(1.,0.,0.));
#15556=DIRECTION('',(0.,0.,-1.));
#15557=DIRECTION('center_axis',(0.,0.,1.));
#15558=DIRECTION('ref_axis',(1.,0.,0.));
#15559=DIRECTION('center_axis',(0.,0.,-1.));
#15560=DIRECTION('ref_axis',(1.,0.,0.));
#15561=DIRECTION('center_axis',(0.,-1.,0.));
#15562=DIRECTION('ref_axis',(1.,0.,0.));
#15563=DIRECTION('',(0.,0.,-1.));
#15564=DIRECTION('',(1.,0.,0.));
#15565=DIRECTION('',(0.,0.,1.));
#15566=DIRECTION('center_axis',(0.,1.,0.));
#15567=DIRECTION('ref_axis',(-1.,0.,0.));
#15568=DIRECTION('',(0.,0.,-1.));
#15569=DIRECTION('',(-1.,0.,0.));
#15570=DIRECTION('',(-1.,0.,0.));
#15571=DIRECTION('center_axis',(1.,0.,0.));
#15572=DIRECTION('ref_axis',(0.,1.,0.));
#15573=DIRECTION('',(0.,-1.,0.));
#15574=DIRECTION('',(0.,-1.,0.));
#15575=DIRECTION('center_axis',(0.,0.,1.));
#15576=DIRECTION('ref_axis',(1.,0.,0.));
#15577=DIRECTION('',(0.,1.,0.));
#15578=DIRECTION('',(-1.,0.,0.));
#15579=DIRECTION('center_axis',(0.,0.,1.));
#15580=DIRECTION('ref_axis',(1.,0.,0.));
#15581=DIRECTION('',(0.,1.,0.));
#15582=DIRECTION('',(-1.,0.,0.));
#15583=DIRECTION('center_axis',(0.,1.,0.));
#15584=DIRECTION('ref_axis',(-1.,0.,0.));
#15585=DIRECTION('',(0.,0.,1.));
#15586=DIRECTION('center_axis',(-1.,0.,0.));
#15587=DIRECTION('ref_axis',(0.,-1.,0.));
#15588=DIRECTION('center_axis',(-1.,0.,0.));
#15589=DIRECTION('ref_axis',(0.,-1.,0.));
#15590=DIRECTION('',(0.,1.,0.));
#15591=DIRECTION('',(0.,0.,-1.));
#15592=DIRECTION('',(0.,1.,0.));
#15593=DIRECTION('',(0.,0.,1.));
#15594=DIRECTION('',(0.,-1.,0.));
#15595=DIRECTION('',(0.,0.,1.));
#15596=DIRECTION('center_axis',(0.,0.,1.));
#15597=DIRECTION('ref_axis',(1.,0.,0.));
#15598=DIRECTION('',(1.,0.,0.));
#15599=DIRECTION('',(0.,1.,0.));
#15600=DIRECTION('',(-1.,0.,0.));
#15601=DIRECTION('center_axis',(0.,0.,1.));
#15602=DIRECTION('ref_axis',(1.,0.,0.));
#15603=DIRECTION('',(1.,0.,0.));
#15604=DIRECTION('',(0.,1.,0.));
#15605=DIRECTION('',(1.,0.,0.));
#15606=DIRECTION('',(0.,-1.,0.));
#15607=DIRECTION('',(1.,0.,0.));
#15608=DIRECTION('',(0.,1.,0.));
#15609=DIRECTION('',(1.,0.,0.));
#15610=DIRECTION('',(0.,-1.,0.));
#15611=DIRECTION('',(1.,0.,0.));
#15612=DIRECTION('',(0.,-1.,0.));
#15613=DIRECTION('',(-1.,0.,0.));
#15614=DIRECTION('center_axis',(0.,-1.,0.));
#15615=DIRECTION('ref_axis',(1.,0.,0.));
#15616=DIRECTION('',(1.,0.,0.));
#15617=DIRECTION('',(0.,0.,1.));
#15618=DIRECTION('center_axis',(0.,0.,1.));
#15619=DIRECTION('ref_axis',(1.,0.,0.));
#15620=DIRECTION('',(-1.,0.,0.));
#15621=DIRECTION('',(0.,-1.,0.));
#15622=DIRECTION('',(1.,0.,0.));
#15623=DIRECTION('',(0.,-1.,0.));
#15624=DIRECTION('center_axis',(0.,0.,1.));
#15625=DIRECTION('ref_axis',(1.,0.,0.));
#15626=DIRECTION('',(0.,1.,0.));
#15627=DIRECTION('',(-1.,0.,0.));
#15628=DIRECTION('',(0.,-1.,0.));
#15629=DIRECTION('',(1.,0.,0.));
#15630=DIRECTION('',(0.,-1.,0.));
#15631=DIRECTION('center_axis',(0.,0.,1.));
#15632=DIRECTION('ref_axis',(1.,0.,0.));
#15633=DIRECTION('',(0.,1.,0.));
#15634=DIRECTION('',(-1.,0.,0.));
#15635=DIRECTION('',(0.,-1.,0.));
#15636=DIRECTION('center_axis',(0.,0.,1.));
#15637=DIRECTION('ref_axis',(1.,0.,0.));
#15638=DIRECTION('center_axis',(0.,0.,1.));
#15639=DIRECTION('ref_axis',(1.,0.,0.));
#15640=DIRECTION('center_axis',(0.,0.,1.));
#15641=DIRECTION('ref_axis',(1.,0.,0.));
#15642=DIRECTION('center_axis',(0.,0.,1.));
#15643=DIRECTION('ref_axis',(1.,0.,0.));
#15644=DIRECTION('center_axis',(0.,0.,1.));
#15645=DIRECTION('ref_axis',(1.,0.,0.));
#15646=DIRECTION('center_axis',(0.,0.,1.));
#15647=DIRECTION('ref_axis',(1.,0.,0.));
#15648=DIRECTION('center_axis',(0.,0.,1.));
#15649=DIRECTION('ref_axis',(1.,0.,0.));
#15650=DIRECTION('center_axis',(0.,0.,1.));
#15651=DIRECTION('ref_axis',(1.,0.,0.));
#15652=DIRECTION('center_axis',(0.,0.,1.));
#15653=DIRECTION('ref_axis',(1.,0.,0.));
#15654=DIRECTION('center_axis',(0.,0.,1.));
#15655=DIRECTION('ref_axis',(1.,0.,0.));
#15656=DIRECTION('center_axis',(0.,0.,1.));
#15657=DIRECTION('ref_axis',(1.,0.,0.));
#15658=DIRECTION('center_axis',(0.,0.,1.));
#15659=DIRECTION('ref_axis',(1.,0.,0.));
#15660=DIRECTION('center_axis',(0.,0.,1.));
#15661=DIRECTION('ref_axis',(1.,0.,0.));
#15662=DIRECTION('center_axis',(0.,0.,1.));
#15663=DIRECTION('ref_axis',(1.,0.,0.));
#15664=DIRECTION('center_axis',(0.,0.,1.));
#15665=DIRECTION('ref_axis',(1.,0.,0.));
#15666=DIRECTION('center_axis',(1.,0.,0.));
#15667=DIRECTION('ref_axis',(0.,1.,0.));
#15668=DIRECTION('',(0.,0.,1.));
#15669=DIRECTION('',(0.,0.,1.));
#15670=DIRECTION('',(0.,0.,-1.));
#15671=DIRECTION('center_axis',(0.,-1.,0.));
#15672=DIRECTION('ref_axis',(1.,0.,0.));
#15673=DIRECTION('',(0.,0.,1.));
#15674=DIRECTION('center_axis',(0.,1.,0.));
#15675=DIRECTION('ref_axis',(0.,0.,1.));
#15676=DIRECTION('',(0.,0.,-1.));
#15677=DIRECTION('',(1.,0.,0.));
#15678=DIRECTION('',(0.,0.,1.));
#15679=DIRECTION('center_axis',(0.,1.,0.));
#15680=DIRECTION('ref_axis',(0.,0.,1.));
#15681=DIRECTION('',(0.,0.,-1.));
#15682=DIRECTION('',(1.,0.,0.));
#15683=DIRECTION('',(0.,0.,1.));
#15684=DIRECTION('center_axis',(0.,1.,0.));
#15685=DIRECTION('ref_axis',(-1.,0.,0.));
#15686=DIRECTION('center_axis',(0.,0.,-1.));
#15687=DIRECTION('ref_axis',(1.,0.,0.));
#15688=DIRECTION('center_axis',(0.,0.,1.));
#15689=DIRECTION('ref_axis',(1.,0.,0.));
#15690=DIRECTION('center_axis',(0.,0.,-1.));
#15691=DIRECTION('ref_axis',(1.,0.,0.));
#15692=DIRECTION('',(0.,0.,-1.));
#15693=DIRECTION('',(0.,0.,-1.));
#15694=DIRECTION('',(0.,0.,-1.));
#15695=DIRECTION('center_axis',(0.,0.,-1.));
#15696=DIRECTION('ref_axis',(1.,0.,0.));
#15697=DIRECTION('center_axis',(0.,0.,1.));
#15698=DIRECTION('ref_axis',(1.,0.,0.));
#15699=DIRECTION('center_axis',(0.,0.,-1.));
#15700=DIRECTION('ref_axis',(1.,0.,0.));
#15701=DIRECTION('',(0.,0.,-1.));
#15702=DIRECTION('center_axis',(0.,0.,-1.));
#15703=DIRECTION('ref_axis',(1.,0.,0.));
#15704=DIRECTION('center_axis',(0.,0.,1.));
#15705=DIRECTION('ref_axis',(1.,0.,0.));
#15706=DIRECTION('center_axis',(0.,0.,-1.));
#15707=DIRECTION('ref_axis',(1.,0.,0.));
#15708=DIRECTION('',(0.,0.,-1.));
#15709=DIRECTION('center_axis',(0.,0.,-1.));
#15710=DIRECTION('ref_axis',(1.,0.,0.));
#15711=DIRECTION('center_axis',(0.,0.,1.));
#15712=DIRECTION('ref_axis',(1.,0.,0.));
#15713=DIRECTION('center_axis',(0.,0.,-1.));
#15714=DIRECTION('ref_axis',(1.,0.,0.));
#15715=DIRECTION('',(0.,0.,-1.));
#15716=DIRECTION('center_axis',(0.,0.,-1.));
#15717=DIRECTION('ref_axis',(1.,0.,0.));
#15718=DIRECTION('center_axis',(0.,0.,1.));
#15719=DIRECTION('ref_axis',(1.,0.,0.));
#15720=DIRECTION('center_axis',(0.,0.,-1.));
#15721=DIRECTION('ref_axis',(1.,0.,0.));
#15722=DIRECTION('',(0.,0.,-1.));
#15723=DIRECTION('center_axis',(0.,0.,-1.));
#15724=DIRECTION('ref_axis',(1.,0.,0.));
#15725=DIRECTION('center_axis',(0.,0.,1.));
#15726=DIRECTION('ref_axis',(1.,0.,0.));
#15727=DIRECTION('center_axis',(0.,0.,-1.));
#15728=DIRECTION('ref_axis',(1.,0.,0.));
#15729=DIRECTION('',(0.,0.,-1.));
#15730=DIRECTION('center_axis',(0.,0.,-1.));
#15731=DIRECTION('ref_axis',(1.,0.,0.));
#15732=DIRECTION('center_axis',(0.,0.,1.));
#15733=DIRECTION('ref_axis',(1.,0.,0.));
#15734=DIRECTION('center_axis',(0.,0.,-1.));
#15735=DIRECTION('ref_axis',(1.,0.,0.));
#15736=DIRECTION('',(0.,0.,-1.));
#15737=DIRECTION('center_axis',(0.,0.,-1.));
#15738=DIRECTION('ref_axis',(1.,0.,0.));
#15739=DIRECTION('center_axis',(0.,0.,1.));
#15740=DIRECTION('ref_axis',(1.,0.,0.));
#15741=DIRECTION('center_axis',(0.,0.,-1.));
#15742=DIRECTION('ref_axis',(1.,0.,0.));
#15743=DIRECTION('',(0.,0.,-1.));
#15744=DIRECTION('center_axis',(0.,0.,-1.));
#15745=DIRECTION('ref_axis',(1.,0.,0.));
#15746=DIRECTION('center_axis',(0.,0.,1.));
#15747=DIRECTION('ref_axis',(1.,0.,0.));
#15748=DIRECTION('center_axis',(0.,0.,-1.));
#15749=DIRECTION('ref_axis',(1.,0.,0.));
#15750=DIRECTION('',(0.,0.,-1.));
#15751=DIRECTION('center_axis',(0.,0.,-1.));
#15752=DIRECTION('ref_axis',(1.,0.,0.));
#15753=DIRECTION('center_axis',(0.,0.,1.));
#15754=DIRECTION('ref_axis',(1.,0.,0.));
#15755=DIRECTION('center_axis',(0.,0.,-1.));
#15756=DIRECTION('ref_axis',(1.,0.,0.));
#15757=DIRECTION('',(0.,0.,-1.));
#15758=DIRECTION('center_axis',(0.,0.,-1.));
#15759=DIRECTION('ref_axis',(1.,0.,0.));
#15760=DIRECTION('center_axis',(0.,0.,1.));
#15761=DIRECTION('ref_axis',(1.,0.,0.));
#15762=DIRECTION('center_axis',(0.,0.,-1.));
#15763=DIRECTION('ref_axis',(1.,0.,0.));
#15764=DIRECTION('',(0.,0.,-1.));
#15765=DIRECTION('center_axis',(0.,0.,-1.));
#15766=DIRECTION('ref_axis',(1.,0.,0.));
#15767=DIRECTION('center_axis',(0.,0.,1.));
#15768=DIRECTION('ref_axis',(1.,0.,0.));
#15769=DIRECTION('center_axis',(0.,0.,-1.));
#15770=DIRECTION('ref_axis',(1.,0.,0.));
#15771=DIRECTION('',(0.,0.,-1.));
#15772=DIRECTION('center_axis',(0.,0.,-1.));
#15773=DIRECTION('ref_axis',(1.,0.,0.));
#15774=DIRECTION('center_axis',(0.,0.,1.));
#15775=DIRECTION('ref_axis',(1.,0.,0.));
#15776=DIRECTION('center_axis',(0.,0.,-1.));
#15777=DIRECTION('ref_axis',(1.,0.,0.));
#15778=DIRECTION('',(0.,0.,-1.));
#15779=DIRECTION('',(0.,0.,1.));
#15780=DIRECTION('',(0.,0.,1.));
#15781=DIRECTION('center_axis',(0.,0.,-1.));
#15782=DIRECTION('ref_axis',(1.,0.,0.));
#15783=DIRECTION('center_axis',(0.,0.,1.));
#15784=DIRECTION('ref_axis',(1.,0.,0.));
#15785=DIRECTION('center_axis',(0.,0.,-1.));
#15786=DIRECTION('ref_axis',(1.,0.,0.));
#15787=DIRECTION('',(0.,0.,-1.));
#15788=DIRECTION('center_axis',(0.,0.,-1.));
#15789=DIRECTION('ref_axis',(1.,0.,0.));
#15790=DIRECTION('center_axis',(0.,0.,1.));
#15791=DIRECTION('ref_axis',(1.,0.,0.));
#15792=DIRECTION('center_axis',(0.,0.,-1.));
#15793=DIRECTION('ref_axis',(1.,0.,0.));
#15794=DIRECTION('',(0.,0.,-1.));
#15795=DIRECTION('center_axis',(0.,0.,-1.));
#15796=DIRECTION('ref_axis',(1.,0.,0.));
#15797=DIRECTION('center_axis',(0.,0.,1.));
#15798=DIRECTION('ref_axis',(1.,0.,0.));
#15799=DIRECTION('center_axis',(0.,0.,-1.));
#15800=DIRECTION('ref_axis',(1.,0.,0.));
#15801=DIRECTION('',(0.,0.,-1.));
#15802=DIRECTION('center_axis',(0.,0.,-1.));
#15803=DIRECTION('ref_axis',(1.,0.,0.));
#15804=DIRECTION('center_axis',(0.,0.,1.));
#15805=DIRECTION('ref_axis',(1.,0.,0.));
#15806=DIRECTION('center_axis',(0.,0.,-1.));
#15807=DIRECTION('ref_axis',(1.,0.,0.));
#15808=DIRECTION('',(0.,0.,-1.));
#15809=DIRECTION('center_axis',(-1.,0.,0.));
#15810=DIRECTION('ref_axis',(0.,-1.,0.));
#15811=DIRECTION('',(0.,1.,0.));
#15812=DIRECTION('center_axis',(-1.,0.,0.));
#15813=DIRECTION('ref_axis',(0.,-1.,0.));
#15814=DIRECTION('',(0.,1.,0.));
#15815=DIRECTION('center_axis',(1.,0.,0.));
#15816=DIRECTION('ref_axis',(0.,1.,0.));
#15817=DIRECTION('',(0.,-1.,0.));
#15818=DIRECTION('',(0.,0.,1.));
#15819=DIRECTION('center_axis',(-1.,0.,0.));
#15820=DIRECTION('ref_axis',(0.,-1.,0.));
#15821=DIRECTION('',(0.,0.,-1.));
#15822=DIRECTION('',(0.,0.,1.));
#15823=DIRECTION('',(0.,1.,0.));
#15824=DIRECTION('center_axis',(0.,-1.,0.));
#15825=DIRECTION('ref_axis',(1.,0.,0.));
#15826=DIRECTION('',(0.,0.,1.));
#15827=DIRECTION('center_axis',(0.,0.,1.));
#15828=DIRECTION('ref_axis',(1.,0.,0.));
#15829=DIRECTION('',(0.,1.,0.));
#15830=DIRECTION('',(1.,0.,0.));
#15831=DIRECTION('',(0.,-1.,0.));
#15832=DIRECTION('center_axis',(-1.,0.,0.));
#15833=DIRECTION('ref_axis',(0.,-1.,0.));
#15834=DIRECTION('',(0.,0.,1.));
#15835=DIRECTION('center_axis',(0.,0.,1.));
#15836=DIRECTION('ref_axis',(1.,0.,0.));
#15837=DIRECTION('',(1.,0.,0.));
#15838=DIRECTION('center_axis',(0.,-1.,0.));
#15839=DIRECTION('ref_axis',(1.,0.,0.));
#15840=DIRECTION('center_axis',(1.,0.,0.));
#15841=DIRECTION('ref_axis',(0.,1.,0.));
#15842=DIRECTION('',(0.,0.,1.));
#15843=DIRECTION('center_axis',(0.,-1.,0.));
#15844=DIRECTION('ref_axis',(1.,0.,0.));
#15845=DIRECTION('center_axis',(0.,1.,0.));
#15846=DIRECTION('ref_axis',(-1.,0.,0.));
#15847=CARTESIAN_POINT('',(0.,0.,0.));
#15848=CARTESIAN_POINT('Origin',(-1.00000000000001,-3.49999999999998,2.5));
#15849=CARTESIAN_POINT('',(155.5,93.5,2.5));
#15850=CARTESIAN_POINT('',(155.5,-93.5,2.5));
#15851=CARTESIAN_POINT('',(155.5,-44.5,2.5));
#15852=CARTESIAN_POINT('',(160.5,93.5,2.5));
#15853=CARTESIAN_POINT('',(69.75,93.5,2.5));
#15854=CARTESIAN_POINT('',(160.5,-93.5,2.5));
#15855=CARTESIAN_POINT('',(160.5,45.,2.5));
#15856=CARTESIAN_POINT('',(79.75,-93.5,2.5));
#15857=CARTESIAN_POINT('Origin',(140.5,93.5,0.));
#15858=CARTESIAN_POINT('',(155.5,93.5,0.));
#15859=CARTESIAN_POINT('',(155.5,93.5,0.));
#15860=CARTESIAN_POINT('',(160.5,93.5,0.));
#15861=CARTESIAN_POINT('',(69.75,93.5,0.));
#15862=CARTESIAN_POINT('',(160.5,93.5,0.));
#15863=CARTESIAN_POINT('Origin',(160.5,93.5,0.));
#15864=CARTESIAN_POINT('',(160.5,-93.5,0.));
#15865=CARTESIAN_POINT('',(160.5,45.0000003669411,0.));
#15866=CARTESIAN_POINT('',(160.5,-93.5,0.));
#15867=CARTESIAN_POINT('Origin',(160.5,-93.5,0.));
#15868=CARTESIAN_POINT('',(155.5,-93.5,0.));
#15869=CARTESIAN_POINT('',(155.5,-93.5,0.));
#15870=CARTESIAN_POINT('',(79.75,-93.5,0.));
#15871=CARTESIAN_POINT('Origin',(160.,-103.,0.));
#15872=CARTESIAN_POINT('',(158.5,-103.,3.));
#15873=CARTESIAN_POINT('Origin',(160.,-103.,3.));
#15874=CARTESIAN_POINT('',(158.5,-103.,0.));
#15875=CARTESIAN_POINT('',(158.5,-103.,0.));
#15876=CARTESIAN_POINT('Origin',(160.,-103.,0.));
#15877=CARTESIAN_POINT('Origin',(160.,-103.,3.));
#15878=CARTESIAN_POINT('Origin',(160.,96.,0.));
#15879=CARTESIAN_POINT('',(158.5,96.,3.));
#15880=CARTESIAN_POINT('Origin',(160.,96.,3.));
#15881=CARTESIAN_POINT('',(158.5,96.,0.));
#15882=CARTESIAN_POINT('',(158.5,96.,0.));
#15883=CARTESIAN_POINT('Origin',(160.,96.,0.));
#15884=CARTESIAN_POINT('Origin',(160.,96.,3.));
#15885=CARTESIAN_POINT('Origin',(160.2,96.2,2.5));
#15886=CARTESIAN_POINT('',(160.2,98.5,3.5));
#15887=CARTESIAN_POINT('',(162.5,96.2,3.5));
#15888=CARTESIAN_POINT('Origin',(160.2,96.2,3.5));
#15889=CARTESIAN_POINT('',(162.5,96.2,0.));
#15890=CARTESIAN_POINT('',(162.5,96.2,2.5));
#15891=CARTESIAN_POINT('',(160.2,98.5,0.));
#15892=CARTESIAN_POINT('Origin',(160.2,96.2,0.));
#15893=CARTESIAN_POINT('',(160.2,98.5,2.5));
#15894=CARTESIAN_POINT('Origin',(-1.00000000000001,41.5000007338822,0.));
#15895=CARTESIAN_POINT('',(155.5,98.5,0.));
#15896=CARTESIAN_POINT('',(155.5,-21.9999996330589,0.));
#15897=CARTESIAN_POINT('',(80.75,98.5,0.));
#15898=CARTESIAN_POINT('',(162.5,-103.2,0.));
#15899=CARTESIAN_POINT('',(162.5,-31.9999996330589,0.));
#15900=CARTESIAN_POINT('',(160.2,-105.5,0.));
#15901=CARTESIAN_POINT('Origin',(160.2,-103.2,0.));
#15902=CARTESIAN_POINT('',(155.5,-105.5,0.));
#15903=CARTESIAN_POINT('',(-82.75,-105.5,0.));
#15904=CARTESIAN_POINT('',(155.5,-21.9999996330589,0.));
#15905=CARTESIAN_POINT('Origin',(162.5,-105.5,2.5));
#15906=CARTESIAN_POINT('',(162.5,-103.2,3.5));
#15907=CARTESIAN_POINT('',(162.5,-103.2,2.5));
#15908=CARTESIAN_POINT('',(162.5,98.5,3.5));
#15909=CARTESIAN_POINT('Origin',(160.2,-103.2,2.5));
#15910=CARTESIAN_POINT('',(160.2,-105.5,3.5));
#15911=CARTESIAN_POINT('Origin',(160.2,-103.2,3.5));
#15912=CARTESIAN_POINT('',(160.2,-105.5,2.5));
#15913=CARTESIAN_POINT('Origin',(-164.5,-105.5,2.5));
#15914=CARTESIAN_POINT('',(155.5,-105.5,3.5));
#15915=CARTESIAN_POINT('',(155.5,-105.5,1.25));
#15916=CARTESIAN_POINT('',(162.5,-105.5,3.5));
#15917=CARTESIAN_POINT('Origin',(-1.00000000000001,-3.49999999999998,3.5));
#15918=CARTESIAN_POINT('',(155.5,98.5,3.5));
#15919=CARTESIAN_POINT('',(155.5,-44.5,3.5));
#15920=CARTESIAN_POINT('',(-164.5,98.5,3.5));
#15921=CARTESIAN_POINT('Origin',(162.5,98.5,2.5));
#15922=CARTESIAN_POINT('',(155.5,98.5,1.25));
#15923=CARTESIAN_POINT('Origin',(155.5,-85.5,0.));
#15924=CARTESIAN_POINT('Origin',(-1.00000000000001,41.5000007338822,0.));
#15925=CARTESIAN_POINT('',(135.75,96.5,0.));
#15926=CARTESIAN_POINT('Origin',(136.75,96.5,0.));
#15927=CARTESIAN_POINT('Origin',(-1.00000000000001,41.5000007338822,0.));
#15928=CARTESIAN_POINT('',(130.25,96.5,0.));
#15929=CARTESIAN_POINT('Origin',(131.25,96.5,0.));
#15930=CARTESIAN_POINT('Origin',(160.2,96.2,0.));
#15931=CARTESIAN_POINT('',(162.5,96.2,-1.5));
#15932=CARTESIAN_POINT('',(160.2,98.5,-1.5));
#15933=CARTESIAN_POINT('Origin',(160.2,96.2,-1.5));
#15934=CARTESIAN_POINT('',(160.2,98.5,0.));
#15935=CARTESIAN_POINT('',(160.2,98.5,0.));
#15936=CARTESIAN_POINT('',(162.5,96.2,0.));
#15937=CARTESIAN_POINT('Origin',(160.2,96.2,0.));
#15938=CARTESIAN_POINT('',(162.5,96.2,0.));
#15939=CARTESIAN_POINT('Origin',(160.,96.,0.));
#15940=CARTESIAN_POINT('',(158.85,96.,0.));
#15941=CARTESIAN_POINT('Origin',(160.,96.,0.));
#15942=CARTESIAN_POINT('',(158.85,96.,-1.));
#15943=CARTESIAN_POINT('',(158.85,96.,0.));
#15944=CARTESIAN_POINT('Origin',(160.,96.,-1.));
#15945=CARTESIAN_POINT('Origin',(160.,96.,-1.25));
#15946=CARTESIAN_POINT('',(158.35,96.,-1.5));
#15947=CARTESIAN_POINT('Origin',(160.,96.,-1.5));
#15948=CARTESIAN_POINT('',(158.6,96.,-1.25));
#15949=CARTESIAN_POINT('Origin',(142.,96.,0.));
#15950=CARTESIAN_POINT('',(140.85,96.,0.));
#15951=CARTESIAN_POINT('Origin',(142.,96.,0.));
#15952=CARTESIAN_POINT('',(140.85,96.,-1.));
#15953=CARTESIAN_POINT('',(140.85,96.,0.));
#15954=CARTESIAN_POINT('Origin',(142.,96.,-1.));
#15955=CARTESIAN_POINT('Origin',(142.,96.,-1.25));
#15956=CARTESIAN_POINT('',(140.35,96.,-1.5));
#15957=CARTESIAN_POINT('Origin',(142.,96.,-1.5));
#15958=CARTESIAN_POINT('',(140.6,96.,-1.25));
#15959=CARTESIAN_POINT('Origin',(124.,96.,0.));
#15960=CARTESIAN_POINT('',(122.85,96.,0.));
#15961=CARTESIAN_POINT('Origin',(124.,96.,0.));
#15962=CARTESIAN_POINT('',(122.85,96.,-1.));
#15963=CARTESIAN_POINT('',(122.85,96.,0.));
#15964=CARTESIAN_POINT('Origin',(124.,96.,-1.));
#15965=CARTESIAN_POINT('Origin',(124.,96.,-1.25));
#15966=CARTESIAN_POINT('',(122.35,96.,-1.5));
#15967=CARTESIAN_POINT('Origin',(124.,96.,-1.5));
#15968=CARTESIAN_POINT('',(122.6,96.,-1.25));
#15969=CARTESIAN_POINT('Origin',(106.,96.,0.));
#15970=CARTESIAN_POINT('',(104.85,96.,0.));
#15971=CARTESIAN_POINT('Origin',(106.,96.,0.));
#15972=CARTESIAN_POINT('',(104.85,96.,-1.));
#15973=CARTESIAN_POINT('',(104.85,96.,0.));
#15974=CARTESIAN_POINT('Origin',(106.,96.,-1.));
#15975=CARTESIAN_POINT('Origin',(106.,96.,-1.25));
#15976=CARTESIAN_POINT('',(104.35,96.,-1.5));
#15977=CARTESIAN_POINT('Origin',(106.,96.,-1.5));
#15978=CARTESIAN_POINT('',(104.6,96.,-1.25));
#15979=CARTESIAN_POINT('Origin',(88.,96.,0.));
#15980=CARTESIAN_POINT('',(86.85,96.,0.));
#15981=CARTESIAN_POINT('Origin',(88.,96.,0.));
#15982=CARTESIAN_POINT('',(86.85,96.,-1.));
#15983=CARTESIAN_POINT('',(86.85,96.,0.));
#15984=CARTESIAN_POINT('Origin',(88.,96.,-1.));
#15985=CARTESIAN_POINT('Origin',(88.,96.,-1.25));
#15986=CARTESIAN_POINT('',(86.35,96.,-1.5));
#15987=CARTESIAN_POINT('Origin',(88.,96.,-1.5));
#15988=CARTESIAN_POINT('',(86.6,96.,-1.25));
#15989=CARTESIAN_POINT('Origin',(70.,96.,0.));
#15990=CARTESIAN_POINT('',(68.85,96.,0.));
#15991=CARTESIAN_POINT('Origin',(70.,96.,0.));
#15992=CARTESIAN_POINT('',(68.85,96.,-1.));
#15993=CARTESIAN_POINT('',(68.85,96.,0.));
#15994=CARTESIAN_POINT('Origin',(70.,96.,-1.));
#15995=CARTESIAN_POINT('Origin',(70.,96.,-1.25));
#15996=CARTESIAN_POINT('',(68.35,96.,-1.5));
#15997=CARTESIAN_POINT('Origin',(70.,96.,-1.5));
#15998=CARTESIAN_POINT('',(68.6,96.,-1.25));
#15999=CARTESIAN_POINT('Origin',(52.,96.,0.));
#16000=CARTESIAN_POINT('',(50.85,96.,0.));
#16001=CARTESIAN_POINT('Origin',(52.,96.,0.));
#16002=CARTESIAN_POINT('',(50.85,96.,-1.));
#16003=CARTESIAN_POINT('',(50.85,96.,0.));
#16004=CARTESIAN_POINT('Origin',(52.,96.,-1.));
#16005=CARTESIAN_POINT('Origin',(52.,96.,-1.25));
#16006=CARTESIAN_POINT('',(50.35,96.,-1.5));
#16007=CARTESIAN_POINT('Origin',(52.,96.,-1.5));
#16008=CARTESIAN_POINT('',(50.6,96.,-1.25));
#16009=CARTESIAN_POINT('Origin',(34.,96.,0.));
#16010=CARTESIAN_POINT('',(32.85,96.,0.));
#16011=CARTESIAN_POINT('Origin',(34.,96.,0.));
#16012=CARTESIAN_POINT('',(32.85,96.,-1.));
#16013=CARTESIAN_POINT('',(32.85,96.,0.));
#16014=CARTESIAN_POINT('Origin',(34.,96.,-1.));
#16015=CARTESIAN_POINT('Origin',(34.,96.,-1.25));
#16016=CARTESIAN_POINT('',(32.35,96.,-1.5));
#16017=CARTESIAN_POINT('Origin',(34.,96.,-1.5));
#16018=CARTESIAN_POINT('',(32.6,96.,-1.25));
#16019=CARTESIAN_POINT('Origin',(16.,96.,0.));
#16020=CARTESIAN_POINT('',(14.85,96.,0.));
#16021=CARTESIAN_POINT('Origin',(16.,96.,0.));
#16022=CARTESIAN_POINT('',(14.85,96.,-1.));
#16023=CARTESIAN_POINT('',(14.85,96.,0.));
#16024=CARTESIAN_POINT('Origin',(16.,96.,-1.));
#16025=CARTESIAN_POINT('Origin',(16.,96.,-1.25));
#16026=CARTESIAN_POINT('',(14.35,96.,-1.5));
#16027=CARTESIAN_POINT('Origin',(16.,96.,-1.5));
#16028=CARTESIAN_POINT('',(14.6,96.,-1.25));
#16029=CARTESIAN_POINT('Origin',(-0.999999999999979,96.,0.));
#16030=CARTESIAN_POINT('',(-2.14999999999998,96.,0.));
#16031=CARTESIAN_POINT('Origin',(-0.999999999999979,96.,0.));
#16032=CARTESIAN_POINT('',(-2.14999999999998,96.,-1.));
#16033=CARTESIAN_POINT('',(-2.14999999999998,96.,0.));
#16034=CARTESIAN_POINT('Origin',(-0.999999999999979,96.,-1.));
#16035=CARTESIAN_POINT('Origin',(-0.999999999999979,96.,-1.25));
#16036=CARTESIAN_POINT('',(-2.64999999999998,96.,-1.5));
#16037=CARTESIAN_POINT('Origin',(-0.999999999999979,96.,-1.5));
#16038=CARTESIAN_POINT('',(-2.39999999999998,96.,-1.25));
#16039=CARTESIAN_POINT('Origin',(-1.00000000000001,-15.5,-3.25));
#16040=CARTESIAN_POINT('',(160.2,-15.5,-1.5));
#16041=CARTESIAN_POINT('',(160.2,-15.5,0.));
#16042=CARTESIAN_POINT('',(160.2,-15.5,0.));
#16043=CARTESIAN_POINT('',(151.557735026909,-15.4999999999995,0.));
#16044=CARTESIAN_POINT('',(75.2499999999947,-15.4999999999993,0.));
#16045=CARTESIAN_POINT('',(151.557735026909,-15.4999999999995,-1.5));
#16046=CARTESIAN_POINT('',(151.557735026908,-15.5,-1.625));
#16047=CARTESIAN_POINT('',(75.2499999999947,-15.4999999999993,-1.5));
#16048=CARTESIAN_POINT('Origin',(-164.5,98.5,0.));
#16049=CARTESIAN_POINT('',(-3.16506350946113,98.5,-1.5));
#16050=CARTESIAN_POINT('',(-3.16506350946113,98.5,0.));
#16051=CARTESIAN_POINT('',(-3.16506350946113,98.5,0.));
#16052=CARTESIAN_POINT('',(-164.5,98.5,0.));
#16053=CARTESIAN_POINT('',(-164.5,98.5,-1.5));
#16054=CARTESIAN_POINT('Origin',(-3.16506350946113,89.,0.));
#16055=CARTESIAN_POINT('',(-3.16506350946113,89.0577350269189,-1.5));
#16056=CARTESIAN_POINT('',(-3.16506350946114,65.2500003669411,-1.5));
#16057=CARTESIAN_POINT('',(-3.16506350946113,89.0577350269189,0.));
#16058=CARTESIAN_POINT('',(-3.16506350946113,89.0577350269189,0.));
#16059=CARTESIAN_POINT('',(-3.16506350946114,65.2500003669411,0.));
#16060=CARTESIAN_POINT('Origin',(1.14006350946109,91.5433012701892,0.));
#16061=CARTESIAN_POINT('',(1.21506350946108,91.5866025403784,-1.5));
#16062=CARTESIAN_POINT('',(-10.4971526950021,84.8245513619246,-1.5));
#16063=CARTESIAN_POINT('',(1.21506350946108,91.5866025403784,0.));
#16064=CARTESIAN_POINT('',(1.21506350946108,91.5866025403784,0.));
#16065=CARTESIAN_POINT('',(-10.4971526950021,84.8245513619246,0.));
#16066=CARTESIAN_POINT('Origin',(1.21506350946108,81.4999999999999,0.));
#16067=CARTESIAN_POINT('',(1.21506350946108,81.4133974596215,-1.5));
#16068=CARTESIAN_POINT('',(1.21506350946106,61.5000003669411,-1.5));
#16069=CARTESIAN_POINT('',(1.21506350946108,81.4133974596215,0.));
#16070=CARTESIAN_POINT('',(1.21506350946108,81.4133974596215,0.));
#16071=CARTESIAN_POINT('',(1.21506350946106,61.5000003669411,0.));
#16072=CARTESIAN_POINT('Origin',(-3.19006350946111,83.9566987298107,0.));
#16073=CARTESIAN_POINT('',(-3.16506350946111,83.942264973081,-1.5));
#16074=CARTESIAN_POINT('',(6.82335506290634,78.1754488215459,-1.5));
#16075=CARTESIAN_POINT('',(-3.16506350946111,83.942264973081,0.));
#16076=CARTESIAN_POINT('',(-3.16506350946111,83.942264973081,0.));
#16077=CARTESIAN_POINT('',(6.82335506290634,78.1754488215459,0.));
#16078=CARTESIAN_POINT('Origin',(-3.16506350946111,74.,0.));
#16079=CARTESIAN_POINT('',(-3.16506350946111,74.0577350269189,-1.5));
#16080=CARTESIAN_POINT('',(-3.16506350946112,57.7500003669411,-1.5));
#16081=CARTESIAN_POINT('',(-3.16506350946111,74.0577350269189,0.));
#16082=CARTESIAN_POINT('',(-3.16506350946111,74.0577350269189,0.));
#16083=CARTESIAN_POINT('',(-3.16506350946112,57.7500003669411,0.));
#16084=CARTESIAN_POINT('Origin',(1.14006350946109,76.5433012701892,0.));
#16085=CARTESIAN_POINT('',(1.21506350946109,76.5866025403784,-1.5));
#16086=CARTESIAN_POINT('',(-7.24955743081049,71.6995513619245,-1.5));
#16087=CARTESIAN_POINT('',(1.21506350946109,76.5866025403784,0.));
#16088=CARTESIAN_POINT('',(1.21506350946109,76.5866025403784,0.));
#16089=CARTESIAN_POINT('',(-7.24955743081049,71.6995513619245,0.));
#16090=CARTESIAN_POINT('Origin',(1.21506350946108,66.5,0.));
#16091=CARTESIAN_POINT('',(1.21506350946108,66.4133974596215,-1.5));
#16092=CARTESIAN_POINT('',(1.21506350946107,54.0000003669411,-1.5));
#16093=CARTESIAN_POINT('',(1.21506350946108,66.4133974596215,0.));
#16094=CARTESIAN_POINT('',(1.21506350946108,66.4133974596215,0.));
#16095=CARTESIAN_POINT('',(1.21506350946107,54.0000003669411,0.));
#16096=CARTESIAN_POINT('Origin',(-3.19006350946109,68.9566987298108,0.));
#16097=CARTESIAN_POINT('',(-3.16506350946109,68.942264973081,-1.5));
#16098=CARTESIAN_POINT('',(3.57575979871473,65.050448821546,-1.5));
#16099=CARTESIAN_POINT('',(-3.16506350946109,68.942264973081,0.));
#16100=CARTESIAN_POINT('',(-3.16506350946109,68.9422649730811,0.));
#16101=CARTESIAN_POINT('',(3.57575979871473,65.050448821546,0.));
#16102=CARTESIAN_POINT('Origin',(-3.16506350946109,59.,0.));
#16103=CARTESIAN_POINT('',(-3.16506350946109,59.057735026919,-1.5));
#16104=CARTESIAN_POINT('',(-3.16506350946109,50.2500003669411,-1.5));
#16105=CARTESIAN_POINT('',(-3.16506350946109,59.057735026919,0.));
#16106=CARTESIAN_POINT('',(-3.16506350946109,59.057735026919,0.));
#16107=CARTESIAN_POINT('',(-3.16506350946109,50.2500003669411,0.));
#16108=CARTESIAN_POINT('Origin',(1.14006350946111,61.5433012701892,0.));
#16109=CARTESIAN_POINT('',(1.21506350946111,61.5866025403784,-1.5));
#16110=CARTESIAN_POINT('',(-4.00196216661884,58.5745513619245,-1.5));
#16111=CARTESIAN_POINT('',(1.21506350946111,61.5866025403784,0.));
#16112=CARTESIAN_POINT('',(1.21506350946111,61.5866025403784,0.));
#16113=CARTESIAN_POINT('',(-4.00196216661884,58.5745513619245,0.));
#16114=CARTESIAN_POINT('Origin',(1.21506350946109,51.5,0.));
#16115=CARTESIAN_POINT('',(1.21506350946109,51.4133974596215,-1.5));
#16116=CARTESIAN_POINT('',(1.21506350946108,46.5000003669411,-1.5));
#16117=CARTESIAN_POINT('',(1.21506350946109,51.4133974596215,0.));
#16118=CARTESIAN_POINT('',(1.21506350946109,51.4133974596216,0.));
#16119=CARTESIAN_POINT('',(1.21506350946108,46.5000003669411,0.));
#16120=CARTESIAN_POINT('Origin',(-3.19006350946109,53.9566987298108,0.));
#16121=CARTESIAN_POINT('',(-3.16506350946109,53.9422649730811,-1.5));
#16122=CARTESIAN_POINT('',(0.328164534523039,51.925448821546,-1.5));
#16123=CARTESIAN_POINT('',(-3.16506350946109,53.9422649730811,0.));
#16124=CARTESIAN_POINT('',(-3.16506350946109,53.942264973081,0.));
#16125=CARTESIAN_POINT('',(0.328164534523039,51.925448821546,0.));
#16126=CARTESIAN_POINT('Origin',(-3.1650635094611,44.,0.));
#16127=CARTESIAN_POINT('',(-3.1650635094611,44.057735026919,-1.5));
#16128=CARTESIAN_POINT('',(-3.1650635094611,42.7500003669411,-1.5));
#16129=CARTESIAN_POINT('',(-3.1650635094611,44.057735026919,0.));
#16130=CARTESIAN_POINT('',(-3.1650635094611,44.057735026919,0.));
#16131=CARTESIAN_POINT('',(-3.1650635094611,42.7500003669411,0.));
#16132=CARTESIAN_POINT('Origin',(1.1400635094611,46.5433012701892,0.));
#16133=CARTESIAN_POINT('',(1.2150635094611,46.5866025403784,-1.5));
#16134=CARTESIAN_POINT('',(-0.754366902427211,45.4495513619245,-1.5));
#16135=CARTESIAN_POINT('',(1.2150635094611,46.5866025403784,0.));
#16136=CARTESIAN_POINT('',(1.2150635094611,46.5866025403784,0.));
#16137=CARTESIAN_POINT('',(-0.754366902427211,45.4495513619245,0.));
#16138=CARTESIAN_POINT('Origin',(1.21506350946109,36.5,0.));
#16139=CARTESIAN_POINT('',(1.21506350946109,36.4133974596216,-1.5));
#16140=CARTESIAN_POINT('',(1.21506350946109,39.0000003669411,-1.5));
#16141=CARTESIAN_POINT('',(1.21506350946109,36.4133974596216,0.));
#16142=CARTESIAN_POINT('',(1.21506350946109,36.4133974596216,0.));
#16143=CARTESIAN_POINT('',(1.21506350946109,39.0000003669411,0.));
#16144=CARTESIAN_POINT('Origin',(-3.19006350946111,38.9566987298108,0.));
#16145=CARTESIAN_POINT('',(-3.16506350946111,38.942264973081,-1.5));
#16146=CARTESIAN_POINT('',(-2.91943072966863,38.8004488215461,-1.5));
#16147=CARTESIAN_POINT('',(-3.16506350946111,38.942264973081,0.));
#16148=CARTESIAN_POINT('',(-3.16506350946111,38.942264973081,0.));
#16149=CARTESIAN_POINT('',(-2.91943072966863,38.8004488215461,0.));
#16150=CARTESIAN_POINT('Origin',(-3.16506350946112,29.,0.));
#16151=CARTESIAN_POINT('',(-3.16506350946112,29.057735026919,-1.5));
#16152=CARTESIAN_POINT('',(-3.16506350946111,35.2500003669411,-1.5));
#16153=CARTESIAN_POINT('',(-3.16506350946112,29.057735026919,0.));
#16154=CARTESIAN_POINT('',(-3.16506350946112,29.057735026919,0.));
#16155=CARTESIAN_POINT('',(-3.16506350946111,35.2500003669411,0.));
#16156=CARTESIAN_POINT('Origin',(1.14006350946108,31.5433012701892,0.));
#16157=CARTESIAN_POINT('',(1.21506350946108,31.5866025403784,-1.5));
#16158=CARTESIAN_POINT('',(2.49322836176442,32.3245513619245,-1.5));
#16159=CARTESIAN_POINT('',(1.21506350946108,31.5866025403784,0.));
#16160=CARTESIAN_POINT('',(1.21506350946108,31.5866025403784,0.));
#16161=CARTESIAN_POINT('',(2.49322836176442,32.3245513619245,0.));
#16162=CARTESIAN_POINT('Origin',(1.21506350946107,21.5,0.));
#16163=CARTESIAN_POINT('',(1.21506350946107,21.4133974596216,-1.5));
#16164=CARTESIAN_POINT('',(1.21506350946108,31.5000003669411,-1.5));
#16165=CARTESIAN_POINT('',(1.21506350946107,21.4133974596216,0.));
#16166=CARTESIAN_POINT('',(1.21506350946107,21.4133974596216,0.));
#16167=CARTESIAN_POINT('',(1.21506350946108,31.5000003669411,0.));
#16168=CARTESIAN_POINT('Origin',(-3.19006350946112,23.9566987298108,0.));
#16169=CARTESIAN_POINT('',(-3.16506350946112,23.942264973081,-1.5));
#16170=CARTESIAN_POINT('',(-6.16702599386029,25.6754488215461,-1.5));
#16171=CARTESIAN_POINT('',(-3.16506350946112,23.942264973081,0.));
#16172=CARTESIAN_POINT('',(-3.16506350946112,23.9422649730811,0.));
#16173=CARTESIAN_POINT('',(-6.16702599386029,25.6754488215461,0.));
#16174=CARTESIAN_POINT('Origin',(-3.16506350946112,14.,0.));
#16175=CARTESIAN_POINT('',(-3.16506350946112,14.057735026919,-1.5));
#16176=CARTESIAN_POINT('',(-3.16506350946111,27.7500003669411,-1.5));
#16177=CARTESIAN_POINT('',(-3.16506350946112,14.057735026919,0.));
#16178=CARTESIAN_POINT('',(-3.16506350946112,14.057735026919,0.));
#16179=CARTESIAN_POINT('',(-3.16506350946111,27.7500003669411,0.));
#16180=CARTESIAN_POINT('Origin',(1.14006350946108,16.5433012701892,0.));
#16181=CARTESIAN_POINT('',(1.21506350946108,16.5866025403784,-1.5));
#16182=CARTESIAN_POINT('',(5.74082362595605,19.1995513619245,-1.5));
#16183=CARTESIAN_POINT('',(1.21506350946108,16.5866025403784,0.));
#16184=CARTESIAN_POINT('',(1.21506350946108,16.5866025403784,0.));
#16185=CARTESIAN_POINT('',(5.74082362595605,19.1995513619245,0.));
#16186=CARTESIAN_POINT('Origin',(1.21506350946107,6.5,0.));
#16187=CARTESIAN_POINT('',(1.21506350946107,6.41339745962155,-1.5));
#16188=CARTESIAN_POINT('',(1.21506350946108,24.0000003669411,-1.5));
#16189=CARTESIAN_POINT('',(1.21506350946107,6.41339745962155,0.));
#16190=CARTESIAN_POINT('',(1.21506350946107,6.41339745962155,0.));
#16191=CARTESIAN_POINT('',(1.21506350946108,24.0000003669411,0.));
#16192=CARTESIAN_POINT('Origin',(-3.19006350946112,8.95669872981078,0.));
#16193=CARTESIAN_POINT('',(-3.16506350946112,8.94226497308104,-1.5));
#16194=CARTESIAN_POINT('',(-9.41462125805193,12.5504488215461,-1.5));
#16195=CARTESIAN_POINT('',(-3.16506350946112,8.94226497308104,0.));
#16196=CARTESIAN_POINT('',(-3.16506350946112,8.94226497308104,0.));
#16197=CARTESIAN_POINT('',(-9.41462125805193,12.5504488215461,0.));
#16198=CARTESIAN_POINT('Origin',(-3.16506350946113,-0.999999999999996,0.));
#16199=CARTESIAN_POINT('',(-3.16506350946113,-0.942264973081035,-1.5));
#16200=CARTESIAN_POINT('',(-3.16506350946112,20.2500003669411,-1.5));
#16201=CARTESIAN_POINT('',(-3.16506350946113,-0.942264973081035,0.));
#16202=CARTESIAN_POINT('',(-3.16506350946113,-0.942264973081034,0.));
#16203=CARTESIAN_POINT('',(-3.16506350946112,20.2500003669411,0.));
#16204=CARTESIAN_POINT('Origin',(1.14006350946107,1.54330127018923,0.));
#16205=CARTESIAN_POINT('',(1.21506350946107,1.58660254037845,-1.5));
#16206=CARTESIAN_POINT('',(8.9884188901477,6.0745513619245,-1.5));
#16207=CARTESIAN_POINT('',(1.21506350946107,1.58660254037845,0.));
#16208=CARTESIAN_POINT('',(1.21506350946107,1.58660254037845,0.));
#16209=CARTESIAN_POINT('',(8.9884188901477,6.0745513619245,0.));
#16210=CARTESIAN_POINT('Origin',(1.21506350946106,-8.5,0.));
#16211=CARTESIAN_POINT('',(1.21506350946106,-8.58660254037844,-1.5));
#16212=CARTESIAN_POINT('',(1.21506350946108,16.5000003669411,-1.5));
#16213=CARTESIAN_POINT('',(1.21506350946106,-8.58660254037844,0.));
#16214=CARTESIAN_POINT('',(1.21506350946106,-8.58660254037844,0.));
#16215=CARTESIAN_POINT('',(1.21506350946108,16.5000003669411,0.));
#16216=CARTESIAN_POINT('Origin',(-3.19006350946113,-6.04330127018921,0.));
#16217=CARTESIAN_POINT('',(-3.16506350946113,-6.05773502691895,-1.5));
#16218=CARTESIAN_POINT('',(-12.6622165222436,-0.574551178453908,-1.5));
#16219=CARTESIAN_POINT('',(-3.16506350946113,-6.05773502691895,0.));
#16220=CARTESIAN_POINT('',(-3.16506350946113,-6.05773502691895,0.));
#16221=CARTESIAN_POINT('',(-12.6622165222436,-0.574551178453908,0.));
#16222=CARTESIAN_POINT('Origin',(-3.16506350946112,-16.,0.));
#16223=CARTESIAN_POINT('',(-3.16506350946112,-11.1198729810783,0.));
#16224=CARTESIAN_POINT('',(-3.16506350946112,-11.1198729810783,-1.5));
#16225=CARTESIAN_POINT('',(-3.16506350946112,-11.1198729810783,0.));
#16226=CARTESIAN_POINT('',(-3.16506350946113,12.7500003669411,0.));
#16227=CARTESIAN_POINT('',(-3.16506350946113,12.7500003669411,-1.5));
#16228=CARTESIAN_POINT('Origin',(-1.00000000000001,-15.5,-3.25));
#16229=CARTESIAN_POINT('',(146.44226497307,-15.5,0.));
#16230=CARTESIAN_POINT('',(146.44226497307,-15.5,-1.5));
#16231=CARTESIAN_POINT('',(146.44226497307,-15.5,-1.625));
#16232=CARTESIAN_POINT('',(136.557735026908,-15.5,0.));
#16233=CARTESIAN_POINT('',(-1.00000000000001,-15.5,0.));
#16234=CARTESIAN_POINT('',(136.557735026908,-15.5,-1.5));
#16235=CARTESIAN_POINT('',(136.557735026908,-15.5,-1.625));
#16236=CARTESIAN_POINT('',(-1.00000000000001,-15.5,-1.5));
#16237=CARTESIAN_POINT('Origin',(-1.00000000000001,-15.5,-3.25));
#16238=CARTESIAN_POINT('',(131.44226497307,-15.5,0.));
#16239=CARTESIAN_POINT('',(131.44226497307,-15.5,-1.5));
#16240=CARTESIAN_POINT('',(131.44226497307,-15.5,-1.625));
#16241=CARTESIAN_POINT('',(121.557735026907,-15.5,0.));
#16242=CARTESIAN_POINT('',(-1.00000000000001,-15.5,0.));
#16243=CARTESIAN_POINT('',(121.557735026907,-15.5,-1.5));
#16244=CARTESIAN_POINT('',(121.557735026907,-15.5,-1.625));
#16245=CARTESIAN_POINT('',(-1.00000000000001,-15.5,-1.5));
#16246=CARTESIAN_POINT('Origin',(-1.00000000000001,-15.5,-3.25));
#16247=CARTESIAN_POINT('',(116.442264973069,-15.5,0.));
#16248=CARTESIAN_POINT('',(116.442264973069,-15.5,-1.5));
#16249=CARTESIAN_POINT('',(116.442264973069,-15.5,-1.625));
#16250=CARTESIAN_POINT('',(106.557735026907,-15.5,0.));
#16251=CARTESIAN_POINT('',(-1.00000000000001,-15.5,0.));
#16252=CARTESIAN_POINT('',(106.557735026907,-15.5,-1.5));
#16253=CARTESIAN_POINT('',(106.557735026907,-15.5,-1.625));
#16254=CARTESIAN_POINT('',(-1.00000000000001,-15.5,-1.5));
#16255=CARTESIAN_POINT('Origin',(-1.00000000000001,-15.5,-3.25));
#16256=CARTESIAN_POINT('',(101.442264973081,-15.5,0.));
#16257=CARTESIAN_POINT('',(101.442264973081,-15.5,-1.5));
#16258=CARTESIAN_POINT('',(101.442264973081,-15.5,-1.625));
#16259=CARTESIAN_POINT('',(91.557735026919,-15.5,0.));
#16260=CARTESIAN_POINT('',(-1.00000000000001,-15.5,0.));
#16261=CARTESIAN_POINT('',(91.557735026919,-15.5,-1.5));
#16262=CARTESIAN_POINT('',(91.557735026919,-15.5,-1.625));
#16263=CARTESIAN_POINT('',(-1.00000000000001,-15.5,-1.5));
#16264=CARTESIAN_POINT('Origin',(-1.00000000000001,-15.5,-3.25));
#16265=CARTESIAN_POINT('',(86.4422649730932,-15.5,0.));
#16266=CARTESIAN_POINT('',(86.4422649730932,-15.5,-1.5));
#16267=CARTESIAN_POINT('',(86.4422649730932,-15.5,-1.625));
#16268=CARTESIAN_POINT('',(76.5577350269311,-15.5,0.));
#16269=CARTESIAN_POINT('',(-1.00000000000001,-15.5,0.));
#16270=CARTESIAN_POINT('',(76.5577350269311,-15.5,-1.5));
#16271=CARTESIAN_POINT('',(76.5577350269311,-15.5,-1.625));
#16272=CARTESIAN_POINT('',(-1.00000000000001,-15.5,-1.5));
#16273=CARTESIAN_POINT('Origin',(-1.00000000000001,-15.5,-3.25));
#16274=CARTESIAN_POINT('',(71.4422649730927,-15.5,0.));
#16275=CARTESIAN_POINT('',(71.4422649730927,-15.5,-1.5));
#16276=CARTESIAN_POINT('',(71.4422649730927,-15.5,-1.625));
#16277=CARTESIAN_POINT('',(61.5577350269305,-15.5,0.));
#16278=CARTESIAN_POINT('',(-1.00000000000001,-15.5,0.));
#16279=CARTESIAN_POINT('',(61.5577350269305,-15.5,-1.5));
#16280=CARTESIAN_POINT('',(61.5577350269305,-15.5,-1.625));
#16281=CARTESIAN_POINT('',(-1.00000000000001,-15.5,-1.5));
#16282=CARTESIAN_POINT('Origin',(-1.00000000000001,-15.5,-3.25));
#16283=CARTESIAN_POINT('',(56.4422649730922,-15.5,0.));
#16284=CARTESIAN_POINT('',(56.4422649730922,-15.5,-1.5));
#16285=CARTESIAN_POINT('',(56.4422649730922,-15.5,-1.625));
#16286=CARTESIAN_POINT('',(46.5577350269301,-15.5,0.));
#16287=CARTESIAN_POINT('',(-1.00000000000001,-15.5,0.));
#16288=CARTESIAN_POINT('',(46.5577350269301,-15.5,-1.5));
#16289=CARTESIAN_POINT('',(46.5577350269301,-15.5,-1.625));
#16290=CARTESIAN_POINT('',(-1.00000000000001,-15.5,-1.5));
#16291=CARTESIAN_POINT('Origin',(-1.00000000000001,-15.5,-3.25));
#16292=CARTESIAN_POINT('',(41.4422649730918,-15.5,0.));
#16293=CARTESIAN_POINT('',(41.4422649730918,-15.5,-1.5));
#16294=CARTESIAN_POINT('',(41.4422649730918,-15.5,-1.625));
#16295=CARTESIAN_POINT('',(31.5577350269291,-15.5,0.));
#16296=CARTESIAN_POINT('',(-1.00000000000001,-15.5,0.));
#16297=CARTESIAN_POINT('',(31.5577350269291,-15.5,-1.5));
#16298=CARTESIAN_POINT('',(31.5577350269291,-15.5,-1.625));
#16299=CARTESIAN_POINT('',(-1.00000000000001,-15.5,-1.5));
#16300=CARTESIAN_POINT('Origin',(-1.00000000000001,-15.5,-3.25));
#16301=CARTESIAN_POINT('',(26.4422649730907,-15.5,0.));
#16302=CARTESIAN_POINT('',(26.4422649730907,-15.5,-1.5));
#16303=CARTESIAN_POINT('',(26.4422649730907,-15.5,-1.625));
#16304=CARTESIAN_POINT('',(16.5577350269287,-15.5,0.));
#16305=CARTESIAN_POINT('',(-1.00000000000001,-15.5,0.));
#16306=CARTESIAN_POINT('',(16.5577350269287,-15.5,-1.5));
#16307=CARTESIAN_POINT('',(16.5577350269287,-15.5,-1.625));
#16308=CARTESIAN_POINT('',(-1.00000000000001,-15.5,-1.5));
#16309=CARTESIAN_POINT('Origin',(-1.00000000000001,-15.5,-3.25));
#16310=CARTESIAN_POINT('',(11.4422649730903,-15.5,0.));
#16311=CARTESIAN_POINT('',(11.4422649730903,-15.5,-1.5));
#16312=CARTESIAN_POINT('',(11.4422649730903,-15.5,-1.625));
#16313=CARTESIAN_POINT('',(1.55773502692873,-15.5,0.));
#16314=CARTESIAN_POINT('',(-1.00000000000001,-15.5,0.));
#16315=CARTESIAN_POINT('',(1.55773502692873,-15.5,-1.5));
#16316=CARTESIAN_POINT('',(1.55773502692873,-15.5,-1.625));
#16317=CARTESIAN_POINT('',(-1.00000000000001,-15.5,-1.5));
#16318=CARTESIAN_POINT('Origin',(-5.99999999999049,-11.1198729810783,0.));
#16319=CARTESIAN_POINT('',(4.08660254038795,-11.1198729810783,-1.5));
#16320=CARTESIAN_POINT('',(-3.49999999999518,-11.1198729810783,-1.5));
#16321=CARTESIAN_POINT('',(4.08660254038795,-11.1198729810783,0.));
#16322=CARTESIAN_POINT('',(4.08660254038795,-11.1198729810783,0.));
#16323=CARTESIAN_POINT('',(-3.49999999999518,-11.1198729810783,0.));
#16324=CARTESIAN_POINT('Origin',(4.04330127019873,-11.1948729810783,0.));
#16325=CARTESIAN_POINT('',(14.8216634330161,7.47379790729924,-1.5));
#16326=CARTESIAN_POINT('',(14.8216634330161,7.47379790729924,0.));
#16327=CARTESIAN_POINT('Origin',(11.4566987298203,-15.5250000000004,0.));
#16328=CARTESIAN_POINT('',(8.91339745963104,-11.1198729810783,-1.5));
#16329=CARTESIAN_POINT('',(-2.44666343299952,8.55632966203387,-1.5));
#16330=CARTESIAN_POINT('',(8.91339745963104,-11.1198729810783,0.));
#16331=CARTESIAN_POINT('',(8.91339745963104,-11.1198729810783,0.));
#16332=CARTESIAN_POINT('',(-2.44666343299952,8.55632966203387,0.));
#16333=CARTESIAN_POINT('Origin',(9.00000000000948,-11.1198729810783,0.));
#16334=CARTESIAN_POINT('',(19.0866025403879,-11.1198729810782,-1.5));
#16335=CARTESIAN_POINT('',(4.00000000000479,-11.1198729810783,-1.5));
#16336=CARTESIAN_POINT('',(19.0866025403879,-11.1198729810782,0.));
#16337=CARTESIAN_POINT('',(19.0866025403879,-11.1198729810782,0.));
#16338=CARTESIAN_POINT('',(4.00000000000479,-11.1198729810783,0.));
#16339=CARTESIAN_POINT('Origin',(19.0433012701987,-11.1948729810782,0.));
#16340=CARTESIAN_POINT('',(27.946663433016,4.22620264310753,-1.5));
#16341=CARTESIAN_POINT('',(27.946663433016,4.22620264310753,0.));
#16342=CARTESIAN_POINT('Origin',(26.4566987298204,-15.525,0.));
#16343=CARTESIAN_POINT('',(23.9133974596315,-11.1198729810782,-1.5));
#16344=CARTESIAN_POINT('',(10.6783365670009,11.803924926226,-1.5));
#16345=CARTESIAN_POINT('',(23.9133974596315,-11.1198729810782,0.));
#16346=CARTESIAN_POINT('',(23.9133974596315,-11.1198729810782,0.));
#16347=CARTESIAN_POINT('',(10.6783365670009,11.803924926226,0.));
#16348=CARTESIAN_POINT('Origin',(24.0000000000099,-11.1198729810782,0.));
#16349=CARTESIAN_POINT('',(34.0866025403883,-11.1198729810782,-1.5));
#16350=CARTESIAN_POINT('',(11.500000000005,-11.1198729810783,-1.5));
#16351=CARTESIAN_POINT('',(34.0866025403883,-11.1198729810782,0.));
#16352=CARTESIAN_POINT('',(34.0866025403883,-11.1198729810782,0.));
#16353=CARTESIAN_POINT('',(11.500000000005,-11.1198729810783,0.));
#16354=CARTESIAN_POINT('Origin',(34.0433012701991,-11.1948729810782,0.));
#16355=CARTESIAN_POINT('',(41.0716634330164,0.978607378915903,-1.5));
#16356=CARTESIAN_POINT('',(41.0716634330164,0.978607378915903,0.));
#16357=CARTESIAN_POINT('Origin',(41.4566987298212,-15.5249999999995,0.));
#16358=CARTESIAN_POINT('',(38.9133974596325,-11.1198729810782,-1.5));
#16359=CARTESIAN_POINT('',(23.8033365670017,15.0515201904181,-1.5));
#16360=CARTESIAN_POINT('',(38.9133974596325,-11.1198729810782,0.));
#16361=CARTESIAN_POINT('',(38.9133974596325,-11.1198729810782,0.));
#16362=CARTESIAN_POINT('',(23.8033365670017,15.0515201904181,0.));
#16363=CARTESIAN_POINT('Origin',(39.000000000011,-11.1198729810782,0.));
#16364=CARTESIAN_POINT('',(49.0866025403894,-11.1198729810782,-1.5));
#16365=CARTESIAN_POINT('',(19.0000000000055,-11.1198729810782,-1.5));
#16366=CARTESIAN_POINT('',(49.0866025403894,-11.1198729810782,0.));
#16367=CARTESIAN_POINT('',(49.0866025403894,-11.1198729810782,0.));
#16368=CARTESIAN_POINT('',(19.0000000000055,-11.1198729810782,0.));
#16369=CARTESIAN_POINT('Origin',(49.0433012702002,-11.1948729810782,0.));
#16370=CARTESIAN_POINT('',(54.1966634330172,-2.26898788527613,-1.5));
#16371=CARTESIAN_POINT('',(54.1966634330172,-2.26898788527613,0.));
#16372=CARTESIAN_POINT('Origin',(56.4566987298219,-15.525,0.));
#16373=CARTESIAN_POINT('',(53.9133974596328,-11.1198729810782,-1.5));
#16374=CARTESIAN_POINT('',(36.9283365670018,18.2991154546095,-1.5));
#16375=CARTESIAN_POINT('',(53.9133974596328,-11.1198729810782,0.));
#16376=CARTESIAN_POINT('',(53.9133974596328,-11.1198729810782,0.));
#16377=CARTESIAN_POINT('',(36.9283365670018,18.2991154546095,0.));
#16378=CARTESIAN_POINT('Origin',(54.0000000000113,-11.1198729810782,0.));
#16379=CARTESIAN_POINT('',(64.0866025403897,-11.1198729810781,-1.5));
#16380=CARTESIAN_POINT('',(26.5000000000057,-11.1198729810782,-1.5));
#16381=CARTESIAN_POINT('',(64.0866025403897,-11.1198729810781,0.));
#16382=CARTESIAN_POINT('',(64.0866025403897,-11.1198729810781,0.));
#16383=CARTESIAN_POINT('',(26.5000000000057,-11.1198729810782,0.));
#16384=CARTESIAN_POINT('Origin',(64.0433012702005,-11.1948729810781,0.));
#16385=CARTESIAN_POINT('',(67.3216634330176,-5.51658314946757,-1.5));
#16386=CARTESIAN_POINT('',(67.3216634330176,-5.51658314946757,0.));
#16387=CARTESIAN_POINT('Origin',(71.4566987298224,-15.5249999999998,0.));
#16388=CARTESIAN_POINT('',(68.9133974596335,-11.1198729810781,-1.5));
#16389=CARTESIAN_POINT('',(50.0533365670028,21.5467107188014,-1.5));
#16390=CARTESIAN_POINT('',(68.9133974596335,-11.1198729810781,0.));
#16391=CARTESIAN_POINT('',(68.9133974596335,-11.1198729810781,0.));
#16392=CARTESIAN_POINT('',(50.0533365670028,21.5467107188014,0.));
#16393=CARTESIAN_POINT('Origin',(69.0000000000119,-11.1198729810781,0.));
#16394=CARTESIAN_POINT('',(79.0866025403903,-11.1198729810781,-1.5));
#16395=CARTESIAN_POINT('',(34.000000000006,-11.1198729810782,-1.5));
#16396=CARTESIAN_POINT('',(79.0866025403903,-11.1198729810781,0.));
#16397=CARTESIAN_POINT('',(79.0866025403903,-11.1198729810781,0.));
#16398=CARTESIAN_POINT('',(34.000000000006,-11.1198729810782,0.));
#16399=CARTESIAN_POINT('Origin',(79.0433012702011,-11.1948729810781,0.));
#16400=CARTESIAN_POINT('',(80.4466634330183,-8.76417841365907,-1.5));
#16401=CARTESIAN_POINT('',(80.4466634330183,-8.76417841365907,0.));
#16402=CARTESIAN_POINT('Origin',(86.4566987298229,-15.525,0.));
#16403=CARTESIAN_POINT('',(83.9133974596321,-11.1198729810714,-1.5));
#16404=CARTESIAN_POINT('',(63.1783365670216,24.7943059829941,-1.5));
#16405=CARTESIAN_POINT('',(83.9133974596321,-11.1198729810714,0.));
#16406=CARTESIAN_POINT('',(83.9133974596321,-11.1198729810714,0.));
#16407=CARTESIAN_POINT('',(63.1783365670216,24.7943059829941,0.));
#16408=CARTESIAN_POINT('Origin',(84.0000000000105,-11.1198729810714,0.));
#16409=CARTESIAN_POINT('',(94.086602540389,-11.1198729810668,-1.5));
#16410=CARTESIAN_POINT('',(41.5000000000171,-11.1198729810906,-1.5));
#16411=CARTESIAN_POINT('',(94.086602540389,-11.1198729810668,0.));
#16412=CARTESIAN_POINT('',(94.086602540389,-11.1198729810668,0.));
#16413=CARTESIAN_POINT('',(41.5000000000171,-11.1198729810906,0.));
#16414=CARTESIAN_POINT('Origin',(94.0433012701997,-11.1948729810669,0.));
#16415=CARTESIAN_POINT('',(93.5716634329941,-12.0117736778776,-1.5));
#16416=CARTESIAN_POINT('',(93.5716634329941,-12.0117736778776,0.));
#16417=CARTESIAN_POINT('Origin',(101.456698729811,-15.525,0.));
#16418=CARTESIAN_POINT('',(98.9133974596109,-11.1198729810668,-1.5));
#16419=CARTESIAN_POINT('',(76.3033365669497,28.0419012471827,-1.5));
#16420=CARTESIAN_POINT('',(98.9133974596109,-11.1198729810668,0.));
#16421=CARTESIAN_POINT('',(98.9133974596109,-11.1198729810668,0.));
#16422=CARTESIAN_POINT('',(76.3033365669497,28.0419012471827,0.));
#16423=CARTESIAN_POINT('Origin',(98.9999999999895,-11.1198729810669,0.));
#16424=CARTESIAN_POINT('',(109.086602540368,-11.1198729810714,-1.5));
#16425=CARTESIAN_POINT('',(48.9999999999829,-11.1198729810443,-1.5));
#16426=CARTESIAN_POINT('',(109.086602540368,-11.1198729810714,0.));
#16427=CARTESIAN_POINT('',(109.086602540368,-11.1198729810714,0.));
#16428=CARTESIAN_POINT('',(48.9999999999829,-11.1198729810443,0.));
#16429=CARTESIAN_POINT('Origin',(109.043301270179,-11.1948729810714,0.));
#16430=CARTESIAN_POINT('',(106.696663433009,-15.2593689420155,-1.5));
#16431=CARTESIAN_POINT('',(106.696663433009,-15.2593689420155,0.));
#16432=CARTESIAN_POINT('Origin',(116.456698729799,-15.525,0.));
#16433=CARTESIAN_POINT('',(113.91339745961,-11.1198729810781,-1.5));
#16434=CARTESIAN_POINT('',(89.4283365669822,31.289496511371,-1.5));
#16435=CARTESIAN_POINT('',(113.91339745961,-11.1198729810781,0.));
#16436=CARTESIAN_POINT('',(113.91339745961,-11.1198729810781,0.));
#16437=CARTESIAN_POINT('',(89.4283365669822,31.289496511371,0.));
#16438=CARTESIAN_POINT('Origin',(113.999999999988,-11.1198729810781,0.));
#16439=CARTESIAN_POINT('',(124.086602540366,-11.1198729810781,-1.5));
#16440=CARTESIAN_POINT('',(56.499999999994,-11.1198729810781,-1.5));
#16441=CARTESIAN_POINT('',(124.086602540366,-11.1198729810781,0.));
#16442=CARTESIAN_POINT('',(124.086602540367,-11.1198729810781,0.));
#16443=CARTESIAN_POINT('',(56.499999999994,-11.1198729810781,0.));
#16444=CARTESIAN_POINT('Origin',(124.043301270177,-11.1948729810781,0.));
#16445=CARTESIAN_POINT('',(119.821663432997,-18.5069642062289,-1.5));
#16446=CARTESIAN_POINT('',(119.821663432997,-18.5069642062289,0.));
#16447=CARTESIAN_POINT('Origin',(131.456698729799,-15.5249999999998,0.));
#16448=CARTESIAN_POINT('',(128.91339745961,-11.1198729810781,-1.5));
#16449=CARTESIAN_POINT('',(102.553336566982,34.537091775563,-1.5));
#16450=CARTESIAN_POINT('',(128.91339745961,-11.1198729810781,0.));
#16451=CARTESIAN_POINT('',(128.91339745961,-11.1198729810781,0.));
#16452=CARTESIAN_POINT('',(102.553336566982,34.537091775563,0.));
#16453=CARTESIAN_POINT('Origin',(128.999999999989,-11.1198729810781,0.));
#16454=CARTESIAN_POINT('',(139.086602540367,-11.1198729810782,-1.5));
#16455=CARTESIAN_POINT('',(63.9999999999943,-11.1198729810781,-1.5));
#16456=CARTESIAN_POINT('',(139.086602540367,-11.1198729810782,0.));
#16457=CARTESIAN_POINT('',(139.086602540367,-11.1198729810782,0.));
#16458=CARTESIAN_POINT('',(63.9999999999943,-11.1198729810781,0.));
#16459=CARTESIAN_POINT('Origin',(139.043301270178,-11.1948729810782,0.));
#16460=CARTESIAN_POINT('',(132.946663432998,-21.7545594704212,-1.5));
#16461=CARTESIAN_POINT('',(132.946663432998,-21.7545594704212,0.));
#16462=CARTESIAN_POINT('Origin',(146.4566987298,-15.525,0.));
#16463=CARTESIAN_POINT('',(143.913397459611,-11.1198729810782,-1.5));
#16464=CARTESIAN_POINT('',(115.678336566982,37.7846870397547,-1.5));
#16465=CARTESIAN_POINT('',(143.913397459611,-11.1198729810782,0.));
#16466=CARTESIAN_POINT('',(143.913397459611,-11.1198729810782,0.));
#16467=CARTESIAN_POINT('',(115.678336566982,37.7846870397547,0.));
#16468=CARTESIAN_POINT('Origin',(143.999999999989,-11.1198729810782,0.));
#16469=CARTESIAN_POINT('',(154.086602540367,-11.1198729810782,-1.5));
#16470=CARTESIAN_POINT('',(71.4999999999944,-11.119872981078,-1.5));
#16471=CARTESIAN_POINT('',(154.086602540367,-11.1198729810782,0.));
#16472=CARTESIAN_POINT('',(154.086602540367,-11.1198729810782,0.));
#16473=CARTESIAN_POINT('',(71.4999999999944,-11.119872981078,0.));
#16474=CARTESIAN_POINT('Origin',(154.043301270178,-11.1948729810782,0.));
#16475=CARTESIAN_POINT('',(146.071663432998,-25.0021547346124,-1.5));
#16476=CARTESIAN_POINT('',(146.071663432998,-25.0021547346124,0.));
#16477=CARTESIAN_POINT('Origin',(-1.00000000000001,41.5000007338822,-1.5));
#16478=CARTESIAN_POINT('',(162.5,-17.8,-1.5));
#16479=CARTESIAN_POINT('',(162.5,98.5,-1.5));
#16480=CARTESIAN_POINT('Origin',(160.2,-17.8,-1.5));
#16481=CARTESIAN_POINT('Origin',(160.2,-17.8,0.));
#16482=CARTESIAN_POINT('',(162.5,-17.8,0.));
#16483=CARTESIAN_POINT('Origin',(160.2,-17.8,0.));
#16484=CARTESIAN_POINT('',(162.5,-17.8,0.));
#16485=CARTESIAN_POINT('Origin',(-1.00000000000001,41.5000007338822,0.));
#16486=CARTESIAN_POINT('',(162.5,98.5,0.));
#16487=CARTESIAN_POINT('',(140.,94.,0.));
#16488=CARTESIAN_POINT('',(128.,94.,0.));
#16489=CARTESIAN_POINT('',(130.75,94.,0.));
#16490=CARTESIAN_POINT('',(128.,98.,0.));
#16491=CARTESIAN_POINT('',(128.,97.25,0.));
#16492=CARTESIAN_POINT('',(140.,98.,0.));
#16493=CARTESIAN_POINT('',(137.25,98.,0.));
#16494=CARTESIAN_POINT('',(140.,94.75,0.));
#16495=CARTESIAN_POINT('Origin',(162.5,98.5,0.));
#16496=CARTESIAN_POINT('Origin',(131.25,96.5,0.));
#16497=CARTESIAN_POINT('',(130.25,96.5,1.2));
#16498=CARTESIAN_POINT('Origin',(131.25,96.5,1.2));
#16499=CARTESIAN_POINT('',(130.25,96.5,0.));
#16500=CARTESIAN_POINT('Origin',(136.75,96.5,0.));
#16501=CARTESIAN_POINT('',(135.75,96.5,1.2));
#16502=CARTESIAN_POINT('Origin',(136.75,96.5,1.2));
#16503=CARTESIAN_POINT('',(135.75,96.5,0.));
#16504=CARTESIAN_POINT('Origin',(127.5,94.,0.));
#16505=CARTESIAN_POINT('',(140.,94.,1.2));
#16506=CARTESIAN_POINT('',(140.,94.,0.));
#16507=CARTESIAN_POINT('',(128.,94.,1.2));
#16508=CARTESIAN_POINT('',(130.75,94.,1.2));
#16509=CARTESIAN_POINT('',(128.,94.,0.));
#16510=CARTESIAN_POINT('Origin',(128.,98.5,0.));
#16511=CARTESIAN_POINT('',(128.,98.,1.2));
#16512=CARTESIAN_POINT('',(128.,97.25,1.2));
#16513=CARTESIAN_POINT('',(128.,98.,0.));
#16514=CARTESIAN_POINT('Origin',(140.5,98.,0.));
#16515=CARTESIAN_POINT('',(140.,98.,1.2));
#16516=CARTESIAN_POINT('',(137.25,98.,1.2));
#16517=CARTESIAN_POINT('',(140.,98.,0.));
#16518=CARTESIAN_POINT('Origin',(140.,93.5,0.));
#16519=CARTESIAN_POINT('',(140.,94.75,1.2));
#16520=CARTESIAN_POINT('Origin',(134.,96.,1.2));
#16521=CARTESIAN_POINT('Origin',(-1.00000000000001,41.5000007338822,0.));
#16522=CARTESIAN_POINT('',(-137.75,96.5,0.));
#16523=CARTESIAN_POINT('Origin',(-136.75,96.5,0.));
#16524=CARTESIAN_POINT('Origin',(-1.00000000000001,41.5000007338822,0.));
#16525=CARTESIAN_POINT('',(-132.25,96.5,0.));
#16526=CARTESIAN_POINT('Origin',(-131.25,96.5,0.));
#16527=CARTESIAN_POINT('Origin',(-162.2,-17.8,0.));
#16528=CARTESIAN_POINT('',(-164.5,-17.8,0.));
#16529=CARTESIAN_POINT('',(-162.2,-15.5,0.));
#16530=CARTESIAN_POINT('Origin',(-162.2,-17.8,0.));
#16531=CARTESIAN_POINT('',(-164.5,-17.8,-1.5));
#16532=CARTESIAN_POINT('',(-164.5,-17.8,0.));
#16533=CARTESIAN_POINT('',(-162.2,-15.5,-1.5));
#16534=CARTESIAN_POINT('Origin',(-162.2,-17.8,-1.5));
#16535=CARTESIAN_POINT('',(-162.2,-15.5,0.));
#16536=CARTESIAN_POINT('Origin',(-1.00000000000001,-15.5,-3.25));
#16537=CARTESIAN_POINT('',(-153.557735026954,-15.5,-1.5));
#16538=CARTESIAN_POINT('',(-82.2500000000174,-15.5000000000001,-1.5));
#16539=CARTESIAN_POINT('',(-153.557735026954,-15.5,0.));
#16540=CARTESIAN_POINT('',(-153.557735026954,-15.5,-1.625));
#16541=CARTESIAN_POINT('',(-82.2500000000174,-15.5000000000001,0.));
#16542=CARTESIAN_POINT('Origin',(-3.16506350946113,89.,0.));
#16543=CARTESIAN_POINT('',(-3.16506350946113,89.,-1.5));
#16544=CARTESIAN_POINT('',(-3.16506350946113,98.5,-1.5));
#16545=CARTESIAN_POINT('',(-3.16506350946114,65.2500003669411,-1.5));
#16546=CARTESIAN_POINT('',(-3.16506350946113,98.5,0.));
#16547=CARTESIAN_POINT('',(-3.16506350946113,98.5,0.));
#16548=CARTESIAN_POINT('',(-3.16506350946113,89.,0.));
#16549=CARTESIAN_POINT('',(-3.16506350946114,65.2500003669411,0.));
#16550=CARTESIAN_POINT('',(-3.16506350946113,89.,0.));
#16551=CARTESIAN_POINT('Origin',(1.16506350946109,91.4999999999999,0.));
#16552=CARTESIAN_POINT('',(1.16506350946109,91.4999999999999,-1.5));
#16553=CARTESIAN_POINT('',(-10.472152695002,84.7812500917354,-1.5));
#16554=CARTESIAN_POINT('',(1.16506350946109,91.4999999999999,0.));
#16555=CARTESIAN_POINT('',(-10.472152695002,84.7812500917354,0.));
#16556=CARTESIAN_POINT('',(1.16506350946109,91.4999999999999,0.));
#16557=CARTESIAN_POINT('Origin',(1.16506350946108,81.4999999999999,0.));
#16558=CARTESIAN_POINT('',(1.16506350946108,81.4999999999999,-1.5));
#16559=CARTESIAN_POINT('',(1.16506350946106,61.5000003669411,-1.5));
#16560=CARTESIAN_POINT('',(1.16506350946108,81.4999999999999,0.));
#16561=CARTESIAN_POINT('',(1.16506350946106,61.5000003669411,0.));
#16562=CARTESIAN_POINT('',(1.16506350946108,81.4999999999999,0.));
#16563=CARTESIAN_POINT('Origin',(-3.16506350946111,84.,0.));
#16564=CARTESIAN_POINT('',(-3.16506350946111,84.,-1.5));
#16565=CARTESIAN_POINT('',(6.84835506290634,78.2187500917352,-1.5));
#16566=CARTESIAN_POINT('',(-3.16506350946111,84.,0.));
#16567=CARTESIAN_POINT('',(6.84835506290634,78.2187500917352,0.));
#16568=CARTESIAN_POINT('',(-3.16506350946111,84.,0.));
#16569=CARTESIAN_POINT('Origin',(-3.16506350946111,74.,0.));
#16570=CARTESIAN_POINT('',(-3.16506350946111,74.,-1.5));
#16571=CARTESIAN_POINT('',(-3.16506350946112,57.7500003669411,-1.5));
#16572=CARTESIAN_POINT('',(-3.16506350946111,74.,0.));
#16573=CARTESIAN_POINT('',(-3.16506350946112,57.7500003669411,0.));
#16574=CARTESIAN_POINT('',(-3.16506350946111,74.,0.));
#16575=CARTESIAN_POINT('Origin',(1.16506350946109,76.5,0.));
#16576=CARTESIAN_POINT('',(1.16506350946109,76.5,-1.5));
#16577=CARTESIAN_POINT('',(-7.22455743081049,71.6562500917353,-1.5));
#16578=CARTESIAN_POINT('',(1.16506350946109,76.5,0.));
#16579=CARTESIAN_POINT('',(-7.22455743081049,71.6562500917353,0.));
#16580=CARTESIAN_POINT('',(1.16506350946109,76.5,0.));
#16581=CARTESIAN_POINT('Origin',(1.16506350946108,66.5,0.));
#16582=CARTESIAN_POINT('',(1.16506350946108,66.5,-1.5));
#16583=CARTESIAN_POINT('',(1.16506350946107,54.0000003669411,-1.5));
#16584=CARTESIAN_POINT('',(1.16506350946108,66.5,0.));
#16585=CARTESIAN_POINT('',(1.16506350946107,54.0000003669411,0.));
#16586=CARTESIAN_POINT('',(1.16506350946108,66.5,0.));
#16587=CARTESIAN_POINT('Origin',(-3.16506350946109,69.,0.));
#16588=CARTESIAN_POINT('',(-3.16506350946109,69.,-1.5));
#16589=CARTESIAN_POINT('',(3.60075979871472,65.0937500917352,-1.5));
#16590=CARTESIAN_POINT('',(-3.16506350946109,69.,0.));
#16591=CARTESIAN_POINT('',(3.60075979871472,65.0937500917352,0.));
#16592=CARTESIAN_POINT('',(-3.16506350946109,69.,0.));
#16593=CARTESIAN_POINT('Origin',(-3.16506350946109,59.,0.));
#16594=CARTESIAN_POINT('',(-3.16506350946109,59.,-1.5));
#16595=CARTESIAN_POINT('',(-3.16506350946109,50.2500003669411,-1.5));
#16596=CARTESIAN_POINT('',(-3.16506350946109,59.,0.));
#16597=CARTESIAN_POINT('',(-3.16506350946109,50.2500003669411,0.));
#16598=CARTESIAN_POINT('',(-3.16506350946109,59.,0.));
#16599=CARTESIAN_POINT('Origin',(1.16506350946111,61.5,0.));
#16600=CARTESIAN_POINT('',(1.16506350946111,61.5,-1.5));
#16601=CARTESIAN_POINT('',(-3.97696216661884,58.5312500917353,-1.5));
#16602=CARTESIAN_POINT('',(1.16506350946111,61.5,0.));
#16603=CARTESIAN_POINT('',(-3.97696216661884,58.5312500917353,0.));
#16604=CARTESIAN_POINT('',(1.16506350946111,61.5,0.));
#16605=CARTESIAN_POINT('Origin',(1.16506350946109,51.5,0.));
#16606=CARTESIAN_POINT('',(1.16506350946109,51.5,-1.5));
#16607=CARTESIAN_POINT('',(1.16506350946108,46.5000003669411,-1.5));
#16608=CARTESIAN_POINT('',(1.16506350946109,51.5,0.));
#16609=CARTESIAN_POINT('',(1.16506350946108,46.5000003669411,0.));
#16610=CARTESIAN_POINT('',(1.16506350946109,51.5,0.));
#16611=CARTESIAN_POINT('Origin',(-3.16506350946109,54.,0.));
#16612=CARTESIAN_POINT('',(-3.16506350946109,54.,-1.5));
#16613=CARTESIAN_POINT('',(0.353164534523039,51.9687500917353,-1.5));
#16614=CARTESIAN_POINT('',(-3.16506350946109,54.,0.));
#16615=CARTESIAN_POINT('',(0.353164534523039,51.9687500917353,0.));
#16616=CARTESIAN_POINT('',(-3.16506350946109,54.,0.));
#16617=CARTESIAN_POINT('Origin',(-3.1650635094611,44.,0.));
#16618=CARTESIAN_POINT('',(-3.1650635094611,44.,-1.5));
#16619=CARTESIAN_POINT('',(-3.1650635094611,42.7500003669411,-1.5));
#16620=CARTESIAN_POINT('',(-3.1650635094611,44.,0.));
#16621=CARTESIAN_POINT('',(-3.1650635094611,42.7500003669411,0.));
#16622=CARTESIAN_POINT('',(-3.1650635094611,44.,0.));
#16623=CARTESIAN_POINT('Origin',(1.1650635094611,46.5,0.));
#16624=CARTESIAN_POINT('',(1.1650635094611,46.5,-1.5));
#16625=CARTESIAN_POINT('',(-0.729366902427212,45.4062500917353,-1.5));
#16626=CARTESIAN_POINT('',(1.1650635094611,46.5,0.));
#16627=CARTESIAN_POINT('',(-0.729366902427212,45.4062500917353,0.));
#16628=CARTESIAN_POINT('',(1.1650635094611,46.5,0.));
#16629=CARTESIAN_POINT('Origin',(1.16506350946109,36.5,0.));
#16630=CARTESIAN_POINT('',(1.16506350946109,36.5,-1.5));
#16631=CARTESIAN_POINT('',(1.16506350946109,39.0000003669411,-1.5));
#16632=CARTESIAN_POINT('',(1.16506350946109,36.5,0.));
#16633=CARTESIAN_POINT('',(1.16506350946109,39.0000003669411,0.));
#16634=CARTESIAN_POINT('',(1.16506350946109,36.5,0.));
#16635=CARTESIAN_POINT('Origin',(-3.16506350946111,39.,0.));
#16636=CARTESIAN_POINT('',(-3.16506350946111,39.,-1.5));
#16637=CARTESIAN_POINT('',(-2.89443072966863,38.8437500917353,-1.5));
#16638=CARTESIAN_POINT('',(-3.16506350946111,39.,0.));
#16639=CARTESIAN_POINT('',(-2.89443072966863,38.8437500917353,0.));
#16640=CARTESIAN_POINT('',(-3.16506350946111,39.,0.));
#16641=CARTESIAN_POINT('Origin',(-3.16506350946112,29.,0.));
#16642=CARTESIAN_POINT('',(-3.16506350946112,29.,-1.5));
#16643=CARTESIAN_POINT('',(-3.16506350946111,35.2500003669411,-1.5));
#16644=CARTESIAN_POINT('',(-3.16506350946112,29.,0.));
#16645=CARTESIAN_POINT('',(-3.16506350946111,35.2500003669411,0.));
#16646=CARTESIAN_POINT('',(-3.16506350946112,29.,0.));
#16647=CARTESIAN_POINT('Origin',(1.16506350946108,31.5,0.));
#16648=CARTESIAN_POINT('',(1.16506350946108,31.5,-1.5));
#16649=CARTESIAN_POINT('',(2.51822836176442,32.2812500917353,-1.5));
#16650=CARTESIAN_POINT('',(1.16506350946108,31.5,0.));
#16651=CARTESIAN_POINT('',(2.51822836176442,32.2812500917353,0.));
#16652=CARTESIAN_POINT('',(1.16506350946108,31.5,0.));
#16653=CARTESIAN_POINT('Origin',(1.16506350946107,21.5,0.));
#16654=CARTESIAN_POINT('',(1.16506350946107,21.5,-1.5));
#16655=CARTESIAN_POINT('',(1.16506350946108,31.5000003669411,-1.5));
#16656=CARTESIAN_POINT('',(1.16506350946107,21.5,0.));
#16657=CARTESIAN_POINT('',(1.16506350946108,31.5000003669411,0.));
#16658=CARTESIAN_POINT('',(1.16506350946107,21.5,0.));
#16659=CARTESIAN_POINT('Origin',(-3.16506350946112,24.,0.));
#16660=CARTESIAN_POINT('',(-3.16506350946112,24.,-1.5));
#16661=CARTESIAN_POINT('',(-6.14202599386029,25.7187500917353,-1.5));
#16662=CARTESIAN_POINT('',(-3.16506350946112,24.,0.));
#16663=CARTESIAN_POINT('',(-6.14202599386029,25.7187500917353,0.));
#16664=CARTESIAN_POINT('',(-3.16506350946112,24.,0.));
#16665=CARTESIAN_POINT('Origin',(-3.16506350946112,14.,0.));
#16666=CARTESIAN_POINT('',(-3.16506350946112,14.,-1.5));
#16667=CARTESIAN_POINT('',(-3.16506350946111,27.7500003669411,-1.5));
#16668=CARTESIAN_POINT('',(-3.16506350946112,14.,0.));
#16669=CARTESIAN_POINT('',(-3.16506350946111,27.7500003669411,0.));
#16670=CARTESIAN_POINT('',(-3.16506350946112,14.,0.));
#16671=CARTESIAN_POINT('Origin',(1.16506350946108,16.5,0.));
#16672=CARTESIAN_POINT('',(1.16506350946108,16.5,-1.5));
#16673=CARTESIAN_POINT('',(5.76582362595605,19.1562500917353,-1.5));
#16674=CARTESIAN_POINT('',(1.16506350946108,16.5,0.));
#16675=CARTESIAN_POINT('',(5.76582362595605,19.1562500917353,0.));
#16676=CARTESIAN_POINT('',(1.16506350946108,16.5,0.));
#16677=CARTESIAN_POINT('Origin',(1.16506350946107,6.5,0.));
#16678=CARTESIAN_POINT('',(1.16506350946107,6.5,-1.5));
#16679=CARTESIAN_POINT('',(1.16506350946108,24.0000003669411,-1.5));
#16680=CARTESIAN_POINT('',(1.16506350946107,6.5,0.));
#16681=CARTESIAN_POINT('',(1.16506350946108,24.0000003669411,0.));
#16682=CARTESIAN_POINT('',(1.16506350946107,6.5,0.));
#16683=CARTESIAN_POINT('Origin',(-3.16506350946112,9.,0.));
#16684=CARTESIAN_POINT('',(-3.16506350946112,9.,-1.5));
#16685=CARTESIAN_POINT('',(-9.38962125805194,12.5937500917353,-1.5));
#16686=CARTESIAN_POINT('',(-3.16506350946112,9.,0.));
#16687=CARTESIAN_POINT('',(-9.38962125805194,12.5937500917353,0.));
#16688=CARTESIAN_POINT('',(-3.16506350946112,9.,0.));
#16689=CARTESIAN_POINT('Origin',(-3.16506350946113,-0.999999999999996,0.));
#16690=CARTESIAN_POINT('',(-3.16506350946113,-0.999999999999996,-1.5));
#16691=CARTESIAN_POINT('',(-3.16506350946112,20.2500003669411,-1.5));
#16692=CARTESIAN_POINT('',(-3.16506350946113,-0.999999999999996,0.));
#16693=CARTESIAN_POINT('',(-3.16506350946112,20.2500003669411,0.));
#16694=CARTESIAN_POINT('',(-3.16506350946113,-0.999999999999996,0.));
#16695=CARTESIAN_POINT('Origin',(1.16506350946107,1.5,0.));
#16696=CARTESIAN_POINT('',(1.16506350946107,1.5,-1.5));
#16697=CARTESIAN_POINT('',(9.0134188901477,6.03125009173528,-1.5));
#16698=CARTESIAN_POINT('',(1.16506350946107,1.5,0.));
#16699=CARTESIAN_POINT('',(9.0134188901477,6.03125009173528,0.));
#16700=CARTESIAN_POINT('',(1.16506350946107,1.5,0.));
#16701=CARTESIAN_POINT('Origin',(1.16506350946106,-8.5,0.));
#16702=CARTESIAN_POINT('',(1.16506350946106,-8.5,-1.5));
#16703=CARTESIAN_POINT('',(1.16506350946108,16.5000003669411,-1.5));
#16704=CARTESIAN_POINT('',(1.16506350946106,-8.5,0.));
#16705=CARTESIAN_POINT('',(1.16506350946108,16.5000003669411,0.));
#16706=CARTESIAN_POINT('',(1.16506350946106,-8.5,0.));
#16707=CARTESIAN_POINT('Origin',(-3.16506350946113,-5.99999999999999,0.));
#16708=CARTESIAN_POINT('',(-3.16506350946113,-5.99999999999999,-1.5));
#16709=CARTESIAN_POINT('',(-12.6372165222436,-0.531249908264684,-1.5));
#16710=CARTESIAN_POINT('',(-3.16506350946113,-5.99999999999999,0.));
#16711=CARTESIAN_POINT('',(-12.6372165222436,-0.531249908264684,0.));
#16712=CARTESIAN_POINT('',(-3.16506350946113,-5.99999999999999,0.));
#16713=CARTESIAN_POINT('Origin',(-1.00000000000001,41.5000007338822,-1.5));
#16714=CARTESIAN_POINT('',(-164.5,96.2,-1.5));
#16715=CARTESIAN_POINT('',(-164.5,-105.5,-1.5));
#16716=CARTESIAN_POINT('',(-162.2,98.5,-1.5));
#16717=CARTESIAN_POINT('Origin',(-162.2,96.2,-1.5));
#16718=CARTESIAN_POINT('',(-164.5,98.5,-1.5));
#16719=CARTESIAN_POINT('',(-3.16506350946112,-11.1198729810783,-1.5));
#16720=CARTESIAN_POINT('',(-3.16506350946113,12.7500003669411,-1.5));
#16721=CARTESIAN_POINT('',(-6.08660254036893,-11.1198729810783,-1.5));
#16722=CARTESIAN_POINT('',(-3.49999999999518,-11.1198729810783,-1.5));
#16723=CARTESIAN_POINT('',(-3.55773502690974,-15.5,-1.5));
#16724=CARTESIAN_POINT('',(-15.5716634329994,5.30873439784229,-1.5));
#16725=CARTESIAN_POINT('',(-13.4422649730712,-15.5,-1.5));
#16726=CARTESIAN_POINT('',(-1.00000000000001,-15.5,-1.5));
#16727=CARTESIAN_POINT('',(-10.9133974596121,-11.1198729810783,-1.5));
#16728=CARTESIAN_POINT('',(1.69666343301579,10.7213931714912,-1.5));
#16729=CARTESIAN_POINT('',(-21.086602540369,-11.1198729810783,-1.5));
#16730=CARTESIAN_POINT('',(-10.9999999999952,-11.1198729810783,-1.5));
#16731=CARTESIAN_POINT('',(-18.5577350269098,-15.5,-1.5));
#16732=CARTESIAN_POINT('',(-28.6966634329996,2.06113913365092,-1.5));
#16733=CARTESIAN_POINT('',(-28.4422649730719,-15.5,-1.5));
#16734=CARTESIAN_POINT('',(-1.00000000000001,-15.5,-1.5));
#16735=CARTESIAN_POINT('',(-25.9133974596127,-11.1198729810783,-1.5));
#16736=CARTESIAN_POINT('',(-11.4283365669847,13.9689884356828,-1.5));
#16737=CARTESIAN_POINT('',(-36.0866025403696,-11.1198729810783,-1.5));
#16738=CARTESIAN_POINT('',(-18.4999999999956,-11.1198729810783,-1.5));
#16739=CARTESIAN_POINT('',(-33.5577350269104,-15.5,-1.5));
#16740=CARTESIAN_POINT('',(-41.8216634330001,-1.18645613054119,-1.5));
#16741=CARTESIAN_POINT('',(-43.4422649730725,-15.5,-1.5));
#16742=CARTESIAN_POINT('',(-1.00000000000001,-15.5,-1.5));
#16743=CARTESIAN_POINT('',(-40.9133974596133,-11.1198729810784,-1.5));
#16744=CARTESIAN_POINT('',(-24.5533365669851,17.2165836998745,-1.5));
#16745=CARTESIAN_POINT('',(-51.0866025403702,-11.1198729810784,-1.5));
#16746=CARTESIAN_POINT('',(-25.9999999999958,-11.1198729810783,-1.5));
#16747=CARTESIAN_POINT('',(-48.557735026911,-15.5,-1.5));
#16748=CARTESIAN_POINT('',(-54.9466634330006,-4.43405139473287,-1.5));
#16749=CARTESIAN_POINT('',(-58.4422649730731,-15.5,-1.5));
#16750=CARTESIAN_POINT('',(-1.00000000000001,-15.5,-1.5));
#16751=CARTESIAN_POINT('',(-55.913397459614,-11.1198729810784,-1.5));
#16752=CARTESIAN_POINT('',(-37.6783365669858,20.4641789640662,-1.5));
#16753=CARTESIAN_POINT('',(-66.0866025403708,-11.1198729810785,-1.5));
#16754=CARTESIAN_POINT('',(-33.4999999999961,-11.1198729810783,-1.5));
#16755=CARTESIAN_POINT('',(-63.5577350269117,-15.5,-1.5));
#16756=CARTESIAN_POINT('',(-68.0716634330012,-7.6816466589248,-1.5));
#16757=CARTESIAN_POINT('',(-73.4422649730738,-15.5,-1.5));
#16758=CARTESIAN_POINT('',(-1.00000000000001,-15.5,-1.5));
#16759=CARTESIAN_POINT('',(-70.9133974596146,-11.1198729810785,-1.5));
#16760=CARTESIAN_POINT('',(-50.803336566986,23.7117742282579,-1.5));
#16761=CARTESIAN_POINT('',(-81.0866025403715,-11.1198729810785,-1.5));
#16762=CARTESIAN_POINT('',(-40.9999999999965,-11.1198729810784,-1.5));
#16763=CARTESIAN_POINT('',(-78.5577350269125,-15.5,-1.5));
#16764=CARTESIAN_POINT('',(-81.196663433002,-10.9292419231162,-1.5));
#16765=CARTESIAN_POINT('',(-88.4422649730745,-15.5,-1.5));
#16766=CARTESIAN_POINT('',(-1.00000000000001,-15.5,-1.5));
#16767=CARTESIAN_POINT('',(-85.9133974596181,-11.119872981083,-1.5));
#16768=CARTESIAN_POINT('',(-63.9283365669887,26.9593694924475,-1.5));
#16769=CARTESIAN_POINT('',(-96.0866025403748,-11.1198729810861,-1.5));
#16770=CARTESIAN_POINT('',(-48.4999999999902,-11.1198729810716,-1.5));
#16771=CARTESIAN_POINT('',(-93.557735026932,-15.5,-1.5));
#16772=CARTESIAN_POINT('',(-94.3216634330718,-14.1768371872145,-1.5));
#16773=CARTESIAN_POINT('',(-103.442264973094,-15.5,-1.5));
#16774=CARTESIAN_POINT('',(-1.00000000000001,-15.5,-1.5));
#16775=CARTESIAN_POINT('',(-100.913397459651,-11.1198729810861,-1.5));
#16776=CARTESIAN_POINT('',(-77.0533365671317,30.20696475664,-1.5));
#16777=CARTESIAN_POINT('',(-111.086602540408,-11.119872981083,-1.5));
#16778=CARTESIAN_POINT('',(-56.0000000000229,-11.1198729810999,-1.5));
#16779=CARTESIAN_POINT('',(-108.557735026952,-15.5,-1.5));
#16780=CARTESIAN_POINT('',(-107.446663433036,-17.4244324515078,-1.5));
#16781=CARTESIAN_POINT('',(-118.442264973114,-15.5,-1.5));
#16782=CARTESIAN_POINT('',(-1.00000000000001,-15.5,-1.5));
#16783=CARTESIAN_POINT('',(-115.913397459655,-11.1198729810785,-1.5));
#16784=CARTESIAN_POINT('',(-90.1783365670212,33.4545600208416,-1.5));
#16785=CARTESIAN_POINT('',(-126.086602540412,-11.1198729810785,-1.5));
#16786=CARTESIAN_POINT('',(-63.5000000000167,-11.1198729810786,-1.5));
#16787=CARTESIAN_POINT('',(-123.557735026952,-15.5,-1.5));
#16788=CARTESIAN_POINT('',(-120.571663433037,-20.6720277157,-1.5));
#16789=CARTESIAN_POINT('',(-133.442264973115,-15.5,-1.5));
#16790=CARTESIAN_POINT('',(-1.00000000000001,-15.5,-1.5));
#16791=CARTESIAN_POINT('',(-130.913397459655,-11.1198729810785,-1.5));
#16792=CARTESIAN_POINT('',(-103.303336567021,36.7021552850335,-1.5));
#16793=CARTESIAN_POINT('',(-141.086602540412,-11.1198729810784,-1.5));
#16794=CARTESIAN_POINT('',(-71.000000000017,-11.1198729810787,-1.5));
#16795=CARTESIAN_POINT('',(-138.557735026953,-15.5,-1.5));
#16796=CARTESIAN_POINT('',(-133.696663433038,-23.9196229798913,-1.5));
#16797=CARTESIAN_POINT('',(-148.442264973115,-15.5,-1.5));
#16798=CARTESIAN_POINT('',(-1.00000000000001,-15.5,-1.5));
#16799=CARTESIAN_POINT('',(-145.913397459656,-11.1198729810784,-1.5));
#16800=CARTESIAN_POINT('',(-116.428336567022,39.9497505492253,-1.5));
#16801=CARTESIAN_POINT('',(-156.086602540413,-11.1198729810784,-1.5));
#16802=CARTESIAN_POINT('',(-78.5000000000173,-11.1198729810785,-1.5));
#16803=CARTESIAN_POINT('',(-146.821663433038,-27.1672182440834,-1.5));
#16804=CARTESIAN_POINT('',(-145.65,96.,-1.5));
#16805=CARTESIAN_POINT('Origin',(-144.,96.,-1.5));
#16806=CARTESIAN_POINT('',(-73.65,96.,-1.5));
#16807=CARTESIAN_POINT('Origin',(-72.,96.,-1.5));
#16808=CARTESIAN_POINT('',(-109.65,96.,-1.5));
#16809=CARTESIAN_POINT('Origin',(-108.,96.,-1.5));
#16810=CARTESIAN_POINT('',(-55.65,96.,-1.5));
#16811=CARTESIAN_POINT('Origin',(-54.,96.,-1.5));
#16812=CARTESIAN_POINT('',(-19.65,96.,-1.5));
#16813=CARTESIAN_POINT('Origin',(-18.,96.,-1.5));
#16814=CARTESIAN_POINT('',(-37.65,96.,-1.5));
#16815=CARTESIAN_POINT('Origin',(-36.,96.,-1.5));
#16816=CARTESIAN_POINT('',(-127.65,96.,-1.5));
#16817=CARTESIAN_POINT('Origin',(-126.,96.,-1.5));
#16818=CARTESIAN_POINT('',(-91.65,96.,-1.5));
#16819=CARTESIAN_POINT('Origin',(-90.,96.,-1.5));
#16820=CARTESIAN_POINT('',(-163.65,96.,-1.5));
#16821=CARTESIAN_POINT('Origin',(-162.,96.,-1.5));
#16822=CARTESIAN_POINT('Origin',(-164.5,-15.5,0.));
#16823=CARTESIAN_POINT('',(-164.5,96.2,0.));
#16824=CARTESIAN_POINT('',(-164.5,-105.5,0.));
#16825=CARTESIAN_POINT('',(-164.5,96.2,0.));
#16826=CARTESIAN_POINT('Origin',(-144.,96.,-1.25));
#16827=CARTESIAN_POINT('',(-145.15,96.,-1.));
#16828=CARTESIAN_POINT('',(-145.4,96.,-1.25));
#16829=CARTESIAN_POINT('Origin',(-144.,96.,-1.));
#16830=CARTESIAN_POINT('Origin',(-144.,96.,0.));
#16831=CARTESIAN_POINT('',(-145.15,96.,0.));
#16832=CARTESIAN_POINT('Origin',(-144.,96.,0.));
#16833=CARTESIAN_POINT('',(-145.15,96.,0.));
#16834=CARTESIAN_POINT('Origin',(-162.,96.,-1.25));
#16835=CARTESIAN_POINT('',(-163.15,96.,-1.));
#16836=CARTESIAN_POINT('',(-163.4,96.,-1.25));
#16837=CARTESIAN_POINT('Origin',(-162.,96.,-1.));
#16838=CARTESIAN_POINT('Origin',(-162.,96.,0.));
#16839=CARTESIAN_POINT('',(-163.15,96.,0.));
#16840=CARTESIAN_POINT('Origin',(-162.,96.,0.));
#16841=CARTESIAN_POINT('',(-163.15,96.,0.));
#16842=CARTESIAN_POINT('Origin',(-72.,96.,-1.25));
#16843=CARTESIAN_POINT('',(-73.15,96.,-1.));
#16844=CARTESIAN_POINT('',(-73.4,96.,-1.25));
#16845=CARTESIAN_POINT('Origin',(-72.,96.,-1.));
#16846=CARTESIAN_POINT('Origin',(-72.,96.,0.));
#16847=CARTESIAN_POINT('',(-73.15,96.,0.));
#16848=CARTESIAN_POINT('Origin',(-72.,96.,0.));
#16849=CARTESIAN_POINT('',(-73.15,96.,0.));
#16850=CARTESIAN_POINT('Origin',(-90.,96.,-1.25));
#16851=CARTESIAN_POINT('',(-91.15,96.,-1.));
#16852=CARTESIAN_POINT('',(-91.4,96.,-1.25));
#16853=CARTESIAN_POINT('Origin',(-90.,96.,-1.));
#16854=CARTESIAN_POINT('Origin',(-90.,96.,0.));
#16855=CARTESIAN_POINT('',(-91.15,96.,0.));
#16856=CARTESIAN_POINT('Origin',(-90.,96.,0.));
#16857=CARTESIAN_POINT('',(-91.15,96.,0.));
#16858=CARTESIAN_POINT('Origin',(-108.,96.,-1.25));
#16859=CARTESIAN_POINT('',(-109.15,96.,-1.));
#16860=CARTESIAN_POINT('',(-109.4,96.,-1.25));
#16861=CARTESIAN_POINT('Origin',(-108.,96.,-1.));
#16862=CARTESIAN_POINT('Origin',(-108.,96.,0.));
#16863=CARTESIAN_POINT('',(-109.15,96.,0.));
#16864=CARTESIAN_POINT('Origin',(-108.,96.,0.));
#16865=CARTESIAN_POINT('',(-109.15,96.,0.));
#16866=CARTESIAN_POINT('Origin',(-126.,96.,-1.25));
#16867=CARTESIAN_POINT('',(-127.15,96.,-1.));
#16868=CARTESIAN_POINT('',(-127.4,96.,-1.25));
#16869=CARTESIAN_POINT('Origin',(-126.,96.,-1.));
#16870=CARTESIAN_POINT('Origin',(-126.,96.,0.));
#16871=CARTESIAN_POINT('',(-127.15,96.,0.));
#16872=CARTESIAN_POINT('Origin',(-126.,96.,0.));
#16873=CARTESIAN_POINT('',(-127.15,96.,0.));
#16874=CARTESIAN_POINT('Origin',(-54.,96.,-1.25));
#16875=CARTESIAN_POINT('',(-55.15,96.,-1.));
#16876=CARTESIAN_POINT('',(-55.4,96.,-1.25));
#16877=CARTESIAN_POINT('Origin',(-54.,96.,-1.));
#16878=CARTESIAN_POINT('Origin',(-54.,96.,0.));
#16879=CARTESIAN_POINT('',(-55.15,96.,0.));
#16880=CARTESIAN_POINT('Origin',(-54.,96.,0.));
#16881=CARTESIAN_POINT('',(-55.15,96.,0.));
#16882=CARTESIAN_POINT('Origin',(-36.,96.,-1.25));
#16883=CARTESIAN_POINT('',(-37.15,96.,-1.));
#16884=CARTESIAN_POINT('',(-37.4,96.,-1.25));
#16885=CARTESIAN_POINT('Origin',(-36.,96.,-1.));
#16886=CARTESIAN_POINT('Origin',(-36.,96.,0.));
#16887=CARTESIAN_POINT('',(-37.15,96.,0.));
#16888=CARTESIAN_POINT('Origin',(-36.,96.,0.));
#16889=CARTESIAN_POINT('',(-37.15,96.,0.));
#16890=CARTESIAN_POINT('Origin',(-18.,96.,-1.25));
#16891=CARTESIAN_POINT('',(-19.15,96.,-1.));
#16892=CARTESIAN_POINT('',(-19.4,96.,-1.25));
#16893=CARTESIAN_POINT('Origin',(-18.,96.,-1.));
#16894=CARTESIAN_POINT('Origin',(-18.,96.,0.));
#16895=CARTESIAN_POINT('',(-19.15,96.,0.));
#16896=CARTESIAN_POINT('Origin',(-18.,96.,0.));
#16897=CARTESIAN_POINT('',(-19.15,96.,0.));
#16898=CARTESIAN_POINT('Origin',(-164.5,98.5,0.));
#16899=CARTESIAN_POINT('',(-162.2,98.5,0.));
#16900=CARTESIAN_POINT('',(-162.2,98.5,0.));
#16901=CARTESIAN_POINT('',(-164.5,98.5,0.));
#16902=CARTESIAN_POINT('Origin',(-162.2,96.2,0.));
#16903=CARTESIAN_POINT('Origin',(-162.2,96.2,0.));
#16904=CARTESIAN_POINT('Origin',(-3.16506350946112,-16.,0.));
#16905=CARTESIAN_POINT('',(-3.16506350946112,-11.1198729810783,0.));
#16906=CARTESIAN_POINT('',(-3.16506350946112,-11.1198729810783,0.));
#16907=CARTESIAN_POINT('',(-3.16506350946113,12.7500003669411,0.));
#16908=CARTESIAN_POINT('Origin',(-1.00000000000001,41.5000007338822,0.));
#16909=CARTESIAN_POINT('',(-156.086602540413,-11.1198729810784,0.));
#16910=CARTESIAN_POINT('',(-146.821663433038,-27.1672182440834,0.));
#16911=CARTESIAN_POINT('',(-145.913397459656,-11.1198729810784,0.));
#16912=CARTESIAN_POINT('',(-78.5000000000173,-11.1198729810785,0.));
#16913=CARTESIAN_POINT('',(-148.442264973115,-15.5,0.));
#16914=CARTESIAN_POINT('',(-116.428336567022,39.9497505492253,0.));
#16915=CARTESIAN_POINT('',(-138.557735026953,-15.5,0.));
#16916=CARTESIAN_POINT('',(-1.00000000000001,-15.5,0.));
#16917=CARTESIAN_POINT('',(-141.086602540412,-11.1198729810784,0.));
#16918=CARTESIAN_POINT('',(-133.696663433038,-23.9196229798913,0.));
#16919=CARTESIAN_POINT('',(-130.913397459655,-11.1198729810785,0.));
#16920=CARTESIAN_POINT('',(-71.000000000017,-11.1198729810787,0.));
#16921=CARTESIAN_POINT('',(-133.442264973115,-15.5,0.));
#16922=CARTESIAN_POINT('',(-103.303336567021,36.7021552850335,0.));
#16923=CARTESIAN_POINT('',(-123.557735026952,-15.5,0.));
#16924=CARTESIAN_POINT('',(-1.00000000000001,-15.5,0.));
#16925=CARTESIAN_POINT('',(-126.086602540412,-11.1198729810785,0.));
#16926=CARTESIAN_POINT('',(-120.571663433037,-20.6720277157,0.));
#16927=CARTESIAN_POINT('',(-115.913397459655,-11.1198729810785,0.));
#16928=CARTESIAN_POINT('',(-63.5000000000167,-11.1198729810786,0.));
#16929=CARTESIAN_POINT('',(-118.442264973114,-15.5,0.));
#16930=CARTESIAN_POINT('',(-90.1783365670212,33.4545600208416,0.));
#16931=CARTESIAN_POINT('',(-108.557735026952,-15.5,0.));
#16932=CARTESIAN_POINT('',(-1.00000000000001,-15.5,0.));
#16933=CARTESIAN_POINT('',(-111.086602540408,-11.119872981083,0.));
#16934=CARTESIAN_POINT('',(-107.446663433036,-17.4244324515078,0.));
#16935=CARTESIAN_POINT('',(-100.913397459651,-11.1198729810861,0.));
#16936=CARTESIAN_POINT('',(-56.0000000000229,-11.1198729810999,0.));
#16937=CARTESIAN_POINT('',(-103.442264973094,-15.5,0.));
#16938=CARTESIAN_POINT('',(-77.0533365671317,30.20696475664,0.));
#16939=CARTESIAN_POINT('',(-93.557735026932,-15.5,0.));
#16940=CARTESIAN_POINT('',(-1.00000000000001,-15.5,0.));
#16941=CARTESIAN_POINT('',(-96.0866025403748,-11.1198729810861,0.));
#16942=CARTESIAN_POINT('',(-94.3216634330718,-14.1768371872145,0.));
#16943=CARTESIAN_POINT('',(-85.9133974596181,-11.119872981083,0.));
#16944=CARTESIAN_POINT('',(-48.4999999999902,-11.1198729810716,0.));
#16945=CARTESIAN_POINT('',(-88.4422649730745,-15.5,0.));
#16946=CARTESIAN_POINT('',(-63.9283365669887,26.9593694924475,0.));
#16947=CARTESIAN_POINT('',(-78.5577350269125,-15.5,0.));
#16948=CARTESIAN_POINT('',(-1.00000000000001,-15.5,0.));
#16949=CARTESIAN_POINT('',(-81.0866025403715,-11.1198729810785,0.));
#16950=CARTESIAN_POINT('',(-81.196663433002,-10.9292419231162,0.));
#16951=CARTESIAN_POINT('',(-70.9133974596146,-11.1198729810785,0.));
#16952=CARTESIAN_POINT('',(-40.9999999999965,-11.1198729810784,0.));
#16953=CARTESIAN_POINT('',(-73.4422649730738,-15.5,0.));
#16954=CARTESIAN_POINT('',(-50.803336566986,23.7117742282579,0.));
#16955=CARTESIAN_POINT('',(-63.5577350269117,-15.5,0.));
#16956=CARTESIAN_POINT('',(-1.00000000000001,-15.5,0.));
#16957=CARTESIAN_POINT('',(-66.0866025403708,-11.1198729810785,0.));
#16958=CARTESIAN_POINT('',(-68.0716634330012,-7.6816466589248,0.));
#16959=CARTESIAN_POINT('',(-55.913397459614,-11.1198729810784,0.));
#16960=CARTESIAN_POINT('',(-33.4999999999961,-11.1198729810783,0.));
#16961=CARTESIAN_POINT('',(-58.4422649730731,-15.5,0.));
#16962=CARTESIAN_POINT('',(-37.6783365669858,20.4641789640662,0.));
#16963=CARTESIAN_POINT('',(-48.557735026911,-15.5,0.));
#16964=CARTESIAN_POINT('',(-1.00000000000001,-15.5,0.));
#16965=CARTESIAN_POINT('',(-51.0866025403702,-11.1198729810784,0.));
#16966=CARTESIAN_POINT('',(-54.9466634330006,-4.43405139473287,0.));
#16967=CARTESIAN_POINT('',(-40.9133974596133,-11.1198729810784,0.));
#16968=CARTESIAN_POINT('',(-25.9999999999958,-11.1198729810783,0.));
#16969=CARTESIAN_POINT('',(-43.4422649730725,-15.5,0.));
#16970=CARTESIAN_POINT('',(-24.5533365669851,17.2165836998745,0.));
#16971=CARTESIAN_POINT('',(-33.5577350269104,-15.5,0.));
#16972=CARTESIAN_POINT('',(-1.00000000000001,-15.5,0.));
#16973=CARTESIAN_POINT('',(-36.0866025403696,-11.1198729810783,0.));
#16974=CARTESIAN_POINT('',(-41.8216634330001,-1.18645613054119,0.));
#16975=CARTESIAN_POINT('',(-25.9133974596127,-11.1198729810783,0.));
#16976=CARTESIAN_POINT('',(-18.4999999999956,-11.1198729810783,0.));
#16977=CARTESIAN_POINT('',(-28.4422649730719,-15.5,0.));
#16978=CARTESIAN_POINT('',(-11.4283365669847,13.9689884356828,0.));
#16979=CARTESIAN_POINT('',(-18.5577350269098,-15.5,0.));
#16980=CARTESIAN_POINT('',(-1.00000000000001,-15.5,0.));
#16981=CARTESIAN_POINT('',(-21.086602540369,-11.1198729810783,0.));
#16982=CARTESIAN_POINT('',(-28.6966634329996,2.06113913365092,0.));
#16983=CARTESIAN_POINT('',(-10.9133974596121,-11.1198729810783,0.));
#16984=CARTESIAN_POINT('',(-10.9999999999952,-11.1198729810783,0.));
#16985=CARTESIAN_POINT('',(-13.4422649730712,-15.5,0.));
#16986=CARTESIAN_POINT('',(1.69666343301579,10.7213931714912,0.));
#16987=CARTESIAN_POINT('',(-3.55773502690974,-15.5,0.));
#16988=CARTESIAN_POINT('',(-1.00000000000001,-15.5,0.));
#16989=CARTESIAN_POINT('',(-6.08660254036893,-11.1198729810783,0.));
#16990=CARTESIAN_POINT('',(-15.5716634329994,5.30873439784229,0.));
#16991=CARTESIAN_POINT('',(-3.49999999999518,-11.1198729810783,0.));
#16992=CARTESIAN_POINT('',(-140.000002093613,98.0000014677644,0.));
#16993=CARTESIAN_POINT('',(-128.,98.0000014677644,0.));
#16994=CARTESIAN_POINT('',(-130.75000157021,98.0000014677644,0.));
#16995=CARTESIAN_POINT('',(-128.,94.,0.));
#16996=CARTESIAN_POINT('',(-128.,94.7500003669411,0.));
#16997=CARTESIAN_POINT('',(-140.000002093613,94.,0.));
#16998=CARTESIAN_POINT('',(-137.250000523403,94.,0.));
#16999=CARTESIAN_POINT('',(-140.000002093613,97.2500011008233,0.));
#17000=CARTESIAN_POINT('Origin',(-1.00000000000001,-15.5,-3.25));
#17001=CARTESIAN_POINT('',(-148.442264973115,-15.5,-1.625));
#17002=CARTESIAN_POINT('',(-138.557735026953,-15.5,-1.625));
#17003=CARTESIAN_POINT('Origin',(-1.00000000000001,-15.5,-3.25));
#17004=CARTESIAN_POINT('',(-133.442264973115,-15.5,-1.625));
#17005=CARTESIAN_POINT('',(-123.557735026952,-15.5,-1.625));
#17006=CARTESIAN_POINT('Origin',(-1.00000000000001,-15.5,-3.25));
#17007=CARTESIAN_POINT('',(-118.442264973114,-15.5,-1.625));
#17008=CARTESIAN_POINT('',(-108.557735026952,-15.5,-1.625));
#17009=CARTESIAN_POINT('Origin',(-1.00000000000001,-15.5,-3.25));
#17010=CARTESIAN_POINT('',(-103.442264973094,-15.5,-1.625));
#17011=CARTESIAN_POINT('',(-93.557735026932,-15.5,-1.625));
#17012=CARTESIAN_POINT('Origin',(-1.00000000000001,-15.5,-3.25));
#17013=CARTESIAN_POINT('',(-88.4422649730745,-15.5,-1.625));
#17014=CARTESIAN_POINT('',(-78.5577350269125,-15.5,-1.625));
#17015=CARTESIAN_POINT('Origin',(-1.00000000000001,-15.5,-3.25));
#17016=CARTESIAN_POINT('',(-73.4422649730738,-15.5,-1.625));
#17017=CARTESIAN_POINT('',(-63.5577350269117,-15.5,-1.625));
#17018=CARTESIAN_POINT('Origin',(-1.00000000000001,-15.5,-3.25));
#17019=CARTESIAN_POINT('',(-58.4422649730731,-15.5,-1.625));
#17020=CARTESIAN_POINT('',(-48.557735026911,-15.5,-1.625));
#17021=CARTESIAN_POINT('Origin',(-1.00000000000001,-15.5,-3.25));
#17022=CARTESIAN_POINT('',(-43.4422649730725,-15.5,-1.625));
#17023=CARTESIAN_POINT('',(-33.5577350269104,-15.5,-1.625));
#17024=CARTESIAN_POINT('Origin',(-1.00000000000001,-15.5,-3.25));
#17025=CARTESIAN_POINT('',(-28.4422649730719,-15.5,-1.625));
#17026=CARTESIAN_POINT('',(-18.5577350269098,-15.5,-1.625));
#17027=CARTESIAN_POINT('Origin',(-1.00000000000001,-15.5,-3.25));
#17028=CARTESIAN_POINT('',(-13.4422649730712,-15.5,-1.625));
#17029=CARTESIAN_POINT('',(-3.55773502690974,-15.5,-1.625));
#17030=CARTESIAN_POINT('Origin',(-153.543301270224,-15.525,0.));
#17031=CARTESIAN_POINT('',(-156.086602540413,-11.1198729810784,0.));
#17032=CARTESIAN_POINT('Origin',(-156.000000000035,-11.1198729810784,0.));
#17033=CARTESIAN_POINT('',(-145.913397459656,-11.1198729810784,0.));
#17034=CARTESIAN_POINT('Origin',(-145.956698729845,-11.1948729810784,0.));
#17035=CARTESIAN_POINT('Origin',(-138.543301270223,-15.525,0.));
#17036=CARTESIAN_POINT('',(-141.086602540412,-11.1198729810784,0.));
#17037=CARTESIAN_POINT('Origin',(-141.000000000034,-11.1198729810784,0.));
#17038=CARTESIAN_POINT('',(-130.913397459655,-11.1198729810785,0.));
#17039=CARTESIAN_POINT('Origin',(-130.956698729845,-11.1948729810785,0.));
#17040=CARTESIAN_POINT('Origin',(-123.543301270223,-15.525,0.));
#17041=CARTESIAN_POINT('',(-126.086602540412,-11.1198729810785,0.));
#17042=CARTESIAN_POINT('Origin',(-126.000000000033,-11.1198729810785,0.));
#17043=CARTESIAN_POINT('',(-115.913397459655,-11.1198729810785,0.));
#17044=CARTESIAN_POINT('Origin',(-115.956698729844,-11.1948729810785,0.));
#17045=CARTESIAN_POINT('Origin',(-108.543301270222,-15.525,0.));
#17046=CARTESIAN_POINT('',(-111.086602540408,-11.119872981083,0.));
#17047=CARTESIAN_POINT('Origin',(-111.00000000003,-11.119872981083,0.));
#17048=CARTESIAN_POINT('',(-100.913397459651,-11.1198729810861,0.));
#17049=CARTESIAN_POINT('Origin',(-100.95669872984,-11.194872981086,0.));
#17050=CARTESIAN_POINT('Origin',(-93.5433012702024,-15.5249999999999,0.));
#17051=CARTESIAN_POINT('',(-96.0866025403747,-11.1198729810861,0.));
#17052=CARTESIAN_POINT('Origin',(-95.9999999999966,-11.1198729810861,0.));
#17053=CARTESIAN_POINT('',(-85.9133974596181,-11.119872981083,0.));
#17054=CARTESIAN_POINT('Origin',(-85.9566987298073,-11.194872981083,0.));
#17055=CARTESIAN_POINT('Origin',(-78.5433012701827,-15.525,0.));
#17056=CARTESIAN_POINT('',(-81.0866025403715,-11.1198729810785,0.));
#17057=CARTESIAN_POINT('Origin',(-80.9999999999931,-11.1198729810785,0.));
#17058=CARTESIAN_POINT('',(-70.9133974596147,-11.1198729810785,0.));
#17059=CARTESIAN_POINT('Origin',(-70.9566987298039,-11.1948729810785,0.));
#17060=CARTESIAN_POINT('Origin',(-63.543301270182,-15.525,0.));
#17061=CARTESIAN_POINT('',(-66.0866025403709,-11.1198729810785,0.));
#17062=CARTESIAN_POINT('Origin',(-65.9999999999924,-11.1198729810785,0.));
#17063=CARTESIAN_POINT('',(-55.913397459614,-11.1198729810784,0.));
#17064=CARTESIAN_POINT('Origin',(-55.9566987298032,-11.1948729810784,0.));
#17065=CARTESIAN_POINT('Origin',(-48.5433012701813,-15.525,0.));
#17066=CARTESIAN_POINT('',(-51.0866025403702,-11.1198729810784,0.));
#17067=CARTESIAN_POINT('Origin',(-50.9999999999918,-11.1198729810784,0.));
#17068=CARTESIAN_POINT('',(-40.9133974596133,-11.1198729810784,0.));
#17069=CARTESIAN_POINT('Origin',(-40.9566987298025,-11.1948729810784,0.));
#17070=CARTESIAN_POINT('Origin',(-33.5433012701807,-15.525,0.));
#17071=CARTESIAN_POINT('',(-36.0866025403696,-11.1198729810783,0.));
#17072=CARTESIAN_POINT('Origin',(-35.9999999999912,-11.1198729810783,0.));
#17073=CARTESIAN_POINT('',(-25.9133974596127,-11.1198729810783,0.));
#17074=CARTESIAN_POINT('Origin',(-25.956698729802,-11.1948729810783,0.));
#17075=CARTESIAN_POINT('Origin',(-18.5433012701801,-15.525,0.));
#17076=CARTESIAN_POINT('',(-21.086602540369,-11.1198729810783,0.));
#17077=CARTESIAN_POINT('Origin',(-20.9999999999906,-11.1198729810783,0.));
#17078=CARTESIAN_POINT('',(-10.9133974596121,-11.1198729810783,0.));
#17079=CARTESIAN_POINT('Origin',(-10.9566987298013,-11.1948729810783,0.));
#17080=CARTESIAN_POINT('Origin',(-5.99999999999049,-11.1198729810783,0.));
#17081=CARTESIAN_POINT('',(-6.08660254036894,-11.1198729810783,0.));
#17082=CARTESIAN_POINT('Origin',(-3.54330127017971,-15.5250000000005,0.));
#17083=CARTESIAN_POINT('Origin',(-131.25,96.5,0.));
#17084=CARTESIAN_POINT('',(-132.25,96.5,1.2));
#17085=CARTESIAN_POINT('Origin',(-131.25,96.5,1.2));
#17086=CARTESIAN_POINT('',(-132.25,96.5,0.));
#17087=CARTESIAN_POINT('Origin',(-136.75,96.5,0.));
#17088=CARTESIAN_POINT('',(-137.75,96.5,1.2));
#17089=CARTESIAN_POINT('Origin',(-136.75,96.5,1.2));
#17090=CARTESIAN_POINT('',(-137.75,96.5,0.));
#17091=CARTESIAN_POINT('Origin',(-127.500002093613,98.0000014677644,0.));
#17092=CARTESIAN_POINT('',(-140.000002093613,98.0000014677644,1.2));
#17093=CARTESIAN_POINT('',(-140.000002093613,98.0000014677644,0.));
#17094=CARTESIAN_POINT('',(-128.,98.0000014677644,1.2));
#17095=CARTESIAN_POINT('',(-130.75000157021,98.0000014677644,1.2));
#17096=CARTESIAN_POINT('',(-128.,98.0000014677644,0.));
#17097=CARTESIAN_POINT('Origin',(-128.,93.5,0.));
#17098=CARTESIAN_POINT('',(-128.,94.,1.2));
#17099=CARTESIAN_POINT('',(-128.,94.7500003669411,1.2));
#17100=CARTESIAN_POINT('',(-128.,94.,0.));
#17101=CARTESIAN_POINT('Origin',(-140.5,94.,0.));
#17102=CARTESIAN_POINT('',(-140.000002093613,94.,1.2));
#17103=CARTESIAN_POINT('',(-137.250000523403,94.,1.2));
#17104=CARTESIAN_POINT('',(-140.000002093613,94.,0.));
#17105=CARTESIAN_POINT('Origin',(-140.000002093613,98.5000014677644,0.));
#17106=CARTESIAN_POINT('',(-140.000002093613,97.2500011008233,1.2));
#17107=CARTESIAN_POINT('Origin',(-134.000001046807,96.0000007338822,1.2));
#17108=CARTESIAN_POINT('Origin',(116.472135955,-102.5,0.));
#17109=CARTESIAN_POINT('',(114.981423970005,-102.666666666712,-4.67682472682021));
#17110=CARTESIAN_POINT('',(116.472135955,-104.,-5.));
#17111=CARTESIAN_POINT('Ctrl Pts',(114.981423970006,-102.666666666718,-4.67682472680474));
#17112=CARTESIAN_POINT('Ctrl Pts',(114.996219616264,-102.799002949897,-4.72898056017006));
#17113=CARTESIAN_POINT('Ctrl Pts',(115.029916027501,-102.93580829424,-4.77605420534228));
#17114=CARTESIAN_POINT('Ctrl Pts',(115.15935926576,-103.253158756868,-4.87102418861278));
#17115=CARTESIAN_POINT('Ctrl Pts',(115.276904443329,-103.427200800512,-4.91063067912902));
#17116=CARTESIAN_POINT('Ctrl Pts',(115.548007962754,-103.69609965194,-4.96181874871293));
#17117=CARTESIAN_POINT('Ctrl Pts',(115.715786475484,-103.81056916339,-4.97789488376402));
#17118=CARTESIAN_POINT('Ctrl Pts',(116.083938681713,-103.962518056776,-4.99667959791121));
#17119=CARTESIAN_POINT('Ctrl Pts',(116.284279845317,-104.,-5.));
#17120=CARTESIAN_POINT('Ctrl Pts',(116.472135955,-104.,-5.));
#17121=CARTESIAN_POINT('',(114.98142397,-102.666666666667,0.));
#17122=CARTESIAN_POINT('',(114.98142397,-102.666666666667,0.));
#17123=CARTESIAN_POINT('',(116.472135955,-104.,0.));
#17124=CARTESIAN_POINT('Origin',(116.472135955,-102.5,0.));
#17125=CARTESIAN_POINT('',(116.472135955,-104.,0.));
#17126=CARTESIAN_POINT('Origin',(112.,-103.,0.));
#17127=CARTESIAN_POINT('',(113.88739430315,-100.668103187438,-3.23700409934209));
#17128=CARTESIAN_POINT('Ctrl Pts',(114.981423970006,-102.666666666718,-4.67682472680473));
#17129=CARTESIAN_POINT('Ctrl Pts',(114.945589998687,-102.346157883577,-4.55050711923701));
#17130=CARTESIAN_POINT('Ctrl Pts',(114.857371597052,-102.035234969584,-4.38830777719152));
#17131=CARTESIAN_POINT('Ctrl Pts',(114.556795351689,-101.376695560992,-3.95560329223308));
#17132=CARTESIAN_POINT('Ctrl Pts',(114.311606632634,-101.053195394966,-3.6659748098354));
#17133=CARTESIAN_POINT('Ctrl Pts',(113.994084746956,-100.75761398969,-3.34158589008631));
#17134=CARTESIAN_POINT('Ctrl Pts',(113.941790206151,-100.712130228808,-3.28952905690596));
#17135=CARTESIAN_POINT('Ctrl Pts',(113.887394303127,-100.66810318742,-3.23700409938114));
#17136=CARTESIAN_POINT('',(113.,-100.171572875254,-3.5));
#17137=CARTESIAN_POINT('Ctrl Pts',(113.,-100.171572875254,-3.5));
#17138=CARTESIAN_POINT('Ctrl Pts',(113.32742982837,-100.287336801255,-3.5));
#17139=CARTESIAN_POINT('Ctrl Pts',(113.628290745415,-100.460127531323,-3.39545844366911));
#17140=CARTESIAN_POINT('Ctrl Pts',(113.886936078823,-100.668466650674,-3.23660179557759));
#17141=CARTESIAN_POINT('',(109.01857603,-102.666666666667,-3.5));
#17142=CARTESIAN_POINT('Origin',(112.,-103.,-3.5));
#17143=CARTESIAN_POINT('',(109.01857603,-102.666666666667,0.));
#17144=CARTESIAN_POINT('',(109.01857603,-102.666666666667,0.));
#17145=CARTESIAN_POINT('Origin',(112.,-103.,0.));
#17146=CARTESIAN_POINT('Origin',(132.472135955,-102.5,0.));
#17147=CARTESIAN_POINT('',(130.981423970014,-102.666666666795,-4.67682472688543));
#17148=CARTESIAN_POINT('',(131.128235512153,-103.1662819221,-4.84390044284617));
#17149=CARTESIAN_POINT('Ctrl Pts',(130.981423970016,-102.666666666812,-4.67682472684169));
#17150=CARTESIAN_POINT('Ctrl Pts',(130.99621961628,-102.799002949962,-4.72898056019243));
#17151=CARTESIAN_POINT('Ctrl Pts',(131.029916027514,-102.93580829427,-4.77605420535151));
#17152=CARTESIAN_POINT('Ctrl Pts',(131.09697285077,-103.100208645877,-4.82525249078139));
#17153=CARTESIAN_POINT('Ctrl Pts',(131.111992011026,-103.133518541264,-4.83483246490531));
#17154=CARTESIAN_POINT('Ctrl Pts',(131.128235512153,-103.1662819221,-4.84390044284617));
#17155=CARTESIAN_POINT('',(130.98142397,-102.666666666667,0.));
#17156=CARTESIAN_POINT('',(130.98142397,-102.666666666667,0.));
#17157=CARTESIAN_POINT('',(132.472135955,-104.,0.));
#17158=CARTESIAN_POINT('Origin',(132.472135955,-102.5,0.));
#17159=CARTESIAN_POINT('',(132.472135955,-104.,-3.5));
#17160=CARTESIAN_POINT('',(132.472135955,-104.,0.));
#17161=CARTESIAN_POINT('Origin',(132.472135955,-102.5,-3.5));
#17162=CARTESIAN_POINT('Origin',(128.,-103.,0.));
#17163=CARTESIAN_POINT('',(125.018576029986,-102.666666666795,-4.67682472688543));
#17164=CARTESIAN_POINT('Ctrl Pts',(130.981423970016,-102.666666666812,-4.67682472684171));
#17165=CARTESIAN_POINT('Ctrl Pts',(130.9455881975,-102.346141773179,-4.55050076988037));
#17166=CARTESIAN_POINT('Ctrl Pts',(130.857374503314,-102.035241336979,-4.38831196099664));
#17167=CARTESIAN_POINT('Ctrl Pts',(130.556795351689,-101.376695560992,-3.95560329223307));
#17168=CARTESIAN_POINT('Ctrl Pts',(130.311606632634,-101.053195394966,-3.66597480983538));
#17169=CARTESIAN_POINT('Ctrl Pts',(129.7939234479,-100.571283658694,-3.13709571002284));
#17170=CARTESIAN_POINT('Ctrl Pts',(129.487302822974,-100.368398694865,-2.85420636058791));
#17171=CARTESIAN_POINT('Ctrl Pts',(128.973369186414,-100.156252568171,-2.50506333548869));
#17172=CARTESIAN_POINT('Ctrl Pts',(128.793280790555,-100.100290012437,-2.4019788727747));
#17173=CARTESIAN_POINT('Ctrl Pts',(128.413326729493,-100.022287228175,-2.25155474927803));
#17174=CARTESIAN_POINT('Ctrl Pts',(128.213394212527,-100.,-2.20451228623722));
#17175=CARTESIAN_POINT('Ctrl Pts',(128.,-100.,-2.20451228623722));
#17176=CARTESIAN_POINT('Ctrl Pts',(127.786605787473,-100.,-2.20451228623722));
#17177=CARTESIAN_POINT('Ctrl Pts',(127.586673270508,-100.022287228175,-2.25155474927803));
#17178=CARTESIAN_POINT('Ctrl Pts',(127.206719209445,-100.100290012437,-2.4019788727747));
#17179=CARTESIAN_POINT('Ctrl Pts',(127.026630813586,-100.156252568171,-2.50506333548869));
#17180=CARTESIAN_POINT('Ctrl Pts',(126.512697177026,-100.368398694865,-2.85420636058791));
#17181=CARTESIAN_POINT('Ctrl Pts',(126.2060765521,-100.571283658694,-3.13709571002284));
#17182=CARTESIAN_POINT('Ctrl Pts',(125.688393367366,-101.053195394966,-3.66597480983538));
#17183=CARTESIAN_POINT('Ctrl Pts',(125.443204648311,-101.376695560992,-3.95560329223307));
#17184=CARTESIAN_POINT('Ctrl Pts',(125.142625496686,-102.035241336979,-4.38831196099664));
#17185=CARTESIAN_POINT('Ctrl Pts',(125.0544118025,-102.346141773179,-4.55050076988035));
#17186=CARTESIAN_POINT('Ctrl Pts',(125.018576029984,-102.666666666812,-4.67682472684169));
#17187=CARTESIAN_POINT('',(125.01857603,-102.666666666667,0.));
#17188=CARTESIAN_POINT('',(125.01857603,-102.666666666667,0.));
#17189=CARTESIAN_POINT('Origin',(128.,-103.,0.));
#17190=CARTESIAN_POINT('Origin',(80.75,-104.5,-0.0250628144669007));
#17191=CARTESIAN_POINT('',(123.527864045,-104.,-5.));
#17192=CARTESIAN_POINT('',(80.75,-104.,-5.));
#17193=CARTESIAN_POINT('Ctrl Pts',(123.527864045,-104.,-5.));
#17194=CARTESIAN_POINT('Ctrl Pts',(123.715720154683,-104.,-5.));
#17195=CARTESIAN_POINT('Ctrl Pts',(123.916061318287,-103.962518056776,-4.99667959791121));
#17196=CARTESIAN_POINT('Ctrl Pts',(124.284213524516,-103.81056916339,-4.97789488376402));
#17197=CARTESIAN_POINT('Ctrl Pts',(124.451992037246,-103.69609965194,-4.96181874871293));
#17198=CARTESIAN_POINT('Ctrl Pts',(124.723095556671,-103.427200800512,-4.91063067912902));
#17199=CARTESIAN_POINT('Ctrl Pts',(124.84064073424,-103.253158756868,-4.87102418861278));
#17200=CARTESIAN_POINT('Ctrl Pts',(124.970083972486,-102.93580829427,-4.77605420535151));
#17201=CARTESIAN_POINT('Ctrl Pts',(125.00378038372,-102.799002949962,-4.72898056019243));
#17202=CARTESIAN_POINT('Ctrl Pts',(125.018576029984,-102.666666666812,-4.67682472684169));
#17203=CARTESIAN_POINT('',(135.260391796522,-103.166281922626,-4.8439004428255));
#17204=CARTESIAN_POINT('',(80.75,-103.1662819221,-4.84390044284617));
#17205=CARTESIAN_POINT('',(131.500062814861,-99.5,-0.0250628144669007));
#17206=CARTESIAN_POINT('Ctrl Pts',(135.260391796522,-103.166281922721,-4.84390044301797));
#17207=CARTESIAN_POINT('Ctrl Pts',(135.034461240972,-102.957379989684,-4.78608229143328));
#17208=CARTESIAN_POINT('Ctrl Pts',(134.802381581677,-102.73546532327,-4.70991014151284));
#17209=CARTESIAN_POINT('Ctrl Pts',(133.92317618201,-101.886824727342,-4.34134457548738));
#17210=CARTESIAN_POINT('Ctrl Pts',(133.254685976103,-101.226040827201,-3.89484598577784));
#17211=CARTESIAN_POINT('Ctrl Pts',(132.35189796101,-100.335223161161,-2.84473338608571));
#17212=CARTESIAN_POINT('Ctrl Pts',(132.019298886472,-100.006641084572,-2.31028409408628));
#17213=CARTESIAN_POINT('Ctrl Pts',(131.690075854599,-99.6828776521436,-1.40290928629812));
#17214=CARTESIAN_POINT('Ctrl Pts',(131.607564842455,-99.6021013120877,-1.08295430530495));
#17215=CARTESIAN_POINT('Ctrl Pts',(131.520495401848,-99.5179786541399,-0.514519612230692));
#17216=CARTESIAN_POINT('Ctrl Pts',(131.501284030947,-99.5,-0.2686908286484));
#17217=CARTESIAN_POINT('Ctrl Pts',(131.500062814861,-99.5,-0.0250628144668976));
#17218=CARTESIAN_POINT('',(118.499937185139,-99.5,-0.0250628144669007));
#17219=CARTESIAN_POINT('',(80.75,-99.5,-0.0250628144669007));
#17220=CARTESIAN_POINT('',(117.056762369178,-100.918648195322,-3.51417720799613));
#17221=CARTESIAN_POINT('Ctrl Pts',(118.499937185139,-99.5,-0.0250628144668949));
#17222=CARTESIAN_POINT('Ctrl Pts',(118.498715969053,-99.5,-0.268690828648402));
#17223=CARTESIAN_POINT('Ctrl Pts',(118.479504598152,-99.5179786541399,-0.5145196122307));
#17224=CARTESIAN_POINT('Ctrl Pts',(118.392435157545,-99.6021013120877,-1.08295430530496));
#17225=CARTESIAN_POINT('Ctrl Pts',(118.309924145401,-99.6828776521436,-1.40290928629812));
#17226=CARTESIAN_POINT('Ctrl Pts',(117.980701113528,-100.006641084572,-2.31028409408628));
#17227=CARTESIAN_POINT('Ctrl Pts',(117.64810203899,-100.335223161161,-2.84473338608571));
#17228=CARTESIAN_POINT('Ctrl Pts',(117.215449134144,-100.762139385631,-3.3479902515697));
#17229=CARTESIAN_POINT('Ctrl Pts',(117.1370874151,-100.839443596455,-3.43287877489793));
#17230=CARTESIAN_POINT('Ctrl Pts',(117.056762369178,-100.918648195322,-3.51417720799614));
#17231=CARTESIAN_POINT('Ctrl Pts',(113.887394303112,-100.668103187407,-3.23700409936588));
#17232=CARTESIAN_POINT('Ctrl Pts',(114.040863013231,-100.79231793294,-3.38519425767411));
#17233=CARTESIAN_POINT('Ctrl Pts',(114.248719980981,-100.920764278727,-3.51990012073665));
#17234=CARTESIAN_POINT('Ctrl Pts',(114.769958250979,-101.168625335692,-3.75824693608658));
#17235=CARTESIAN_POINT('Ctrl Pts',(115.094692921917,-101.28076210083,-3.85144799492799));
#17236=CARTESIAN_POINT('Ctrl Pts',(115.662006629109,-101.371605370026,-3.92577025313177));
#17237=CARTESIAN_POINT('Ctrl Pts',(115.904550866966,-101.380006328572,-3.93243199334892));
#17238=CARTESIAN_POINT('Ctrl Pts',(116.331936214541,-101.318839245186,-3.88271266562053));
#17239=CARTESIAN_POINT('Ctrl Pts',(116.512426978633,-101.264631924832,-3.83867391848387));
#17240=CARTESIAN_POINT('Ctrl Pts',(116.824767949662,-101.112101563547,-3.70360821292588));
#17241=CARTESIAN_POINT('Ctrl Pts',(116.953551815304,-101.020419074189,-3.61863847798764));
#17242=CARTESIAN_POINT('Ctrl Pts',(117.056762369178,-100.918648195322,-3.51417720799612));
#17243=CARTESIAN_POINT('Origin',(123.527864045,-102.5,0.));
#17244=CARTESIAN_POINT('',(123.527864045,-104.,0.));
#17245=CARTESIAN_POINT('',(123.527864045,-104.,0.));
#17246=CARTESIAN_POINT('Origin',(123.527864045,-102.5,0.));
#17247=CARTESIAN_POINT('Origin',(162.5,-104.,0.));
#17248=CARTESIAN_POINT('',(80.75,-104.,0.));
#17249=CARTESIAN_POINT('Origin',(159.5,-18.5,-3.5));
#17250=CARTESIAN_POINT('',(161.,-18.5,-3.5));
#17251=CARTESIAN_POINT('',(159.5,-18.5,-5.));
#17252=CARTESIAN_POINT('Origin',(159.5,-18.5,-3.5));
#17253=CARTESIAN_POINT('',(159.5,-17.,-3.5));
#17254=CARTESIAN_POINT('Origin',(159.5,-18.5,-3.5));
#17255=CARTESIAN_POINT('Origin',(159.5,-18.5,-3.5));
#17256=CARTESIAN_POINT('Origin',(159.5,-18.5,0.));
#17257=CARTESIAN_POINT('',(161.,-18.5,0.));
#17258=CARTESIAN_POINT('',(159.5,-17.,0.));
#17259=CARTESIAN_POINT('Origin',(159.5,-18.5,0.));
#17260=CARTESIAN_POINT('',(159.5,-17.,0.));
#17261=CARTESIAN_POINT('',(161.,-18.5,0.));
#17262=CARTESIAN_POINT('Origin',(-82.75,-18.5,-3.5));
#17263=CARTESIAN_POINT('',(1.21506350946106,-17.,-3.5));
#17264=CARTESIAN_POINT('',(1.21506350946107,-18.5,-5.));
#17265=CARTESIAN_POINT('Origin',(1.21506350946108,-18.5,-3.5));
#17266=CARTESIAN_POINT('',(-82.75,-18.5,-5.));
#17267=CARTESIAN_POINT('',(-82.75,-17.,-3.5));
#17268=CARTESIAN_POINT('Origin',(139.527864045,-102.5,-3.5));
#17269=CARTESIAN_POINT('',(139.527864045,-102.5,-5.));
#17270=CARTESIAN_POINT('',(141.01857603,-102.666666666667,-3.5));
#17271=CARTESIAN_POINT('Origin',(139.527864045,-102.5,-3.5));
#17272=CARTESIAN_POINT('',(139.527864045,-104.,-3.5));
#17273=CARTESIAN_POINT('Origin',(139.527864045,-102.5,-3.5));
#17274=CARTESIAN_POINT('Origin',(139.527864045,-102.5,-3.5));
#17275=CARTESIAN_POINT('Origin',(80.75,-102.5,-3.5));
#17276=CARTESIAN_POINT('',(80.75,-104.,-3.5));
#17277=CARTESIAN_POINT('',(136.5,-102.5,-5.));
#17278=CARTESIAN_POINT('',(80.75,-102.5,-5.));
#17279=CARTESIAN_POINT('Ctrl Pts',(135.260391796147,-103.166281921947,-4.84390044292204));
#17280=CARTESIAN_POINT('Ctrl Pts',(135.676696492144,-102.951395185386,-4.95043746252883));
#17281=CARTESIAN_POINT('Ctrl Pts',(136.098151066792,-102.720101725427,-5.));
#17282=CARTESIAN_POINT('Ctrl Pts',(136.5,-102.5,-5.));
#17283=CARTESIAN_POINT('Origin',(139.527864045,-102.5,0.));
#17284=CARTESIAN_POINT('',(139.527864045,-104.,0.));
#17285=CARTESIAN_POINT('',(141.01857603,-102.666666666667,0.));
#17286=CARTESIAN_POINT('Origin',(139.527864045,-102.5,0.));
#17287=CARTESIAN_POINT('',(141.01857603,-102.666666666667,0.));
#17288=CARTESIAN_POINT('',(139.527864045,-104.,0.));
#17289=CARTESIAN_POINT('Origin',(159.5,-98.5278640450004,-3.5));
#17290=CARTESIAN_POINT('',(159.666666666667,-100.01857603,-3.5));
#17291=CARTESIAN_POINT('',(159.5,-98.5278640450004,-5.));
#17292=CARTESIAN_POINT('Origin',(159.5,-98.5278640450004,-3.5));
#17293=CARTESIAN_POINT('',(161.,-98.5278640450004,-3.5));
#17294=CARTESIAN_POINT('Origin',(159.5,-98.5278640450004,-3.5));
#17295=CARTESIAN_POINT('Origin',(159.5,-98.5278640450004,-3.5));
#17296=CARTESIAN_POINT('Origin',(159.5,-98.5278640450004,0.));
#17297=CARTESIAN_POINT('',(159.666666666667,-100.01857603,0.));
#17298=CARTESIAN_POINT('',(161.,-98.5278640450004,0.));
#17299=CARTESIAN_POINT('Origin',(159.5,-98.5278640450004,0.));
#17300=CARTESIAN_POINT('',(161.,-98.5278640450004,0.));
#17301=CARTESIAN_POINT('',(159.666666666667,-100.01857603,0.));
#17302=CARTESIAN_POINT('Origin',(159.5,19.,-3.5));
#17303=CARTESIAN_POINT('',(161.,19.,-3.5));
#17304=CARTESIAN_POINT('',(159.5,19.,-5.));
#17305=CARTESIAN_POINT('Origin',(148.472135955,-102.5,-3.5));
#17306=CARTESIAN_POINT('',(148.472135955,-102.5,-5.));
#17307=CARTESIAN_POINT('',(148.472135955,-104.,-3.5));
#17308=CARTESIAN_POINT('Origin',(148.472135955,-102.5,-3.5));
#17309=CARTESIAN_POINT('',(146.98142397,-102.666666666667,-3.5));
#17310=CARTESIAN_POINT('Origin',(148.472135955,-102.5,-3.5));
#17311=CARTESIAN_POINT('Origin',(148.472135955,-102.5,-3.5));
#17312=CARTESIAN_POINT('Origin',(144.,-103.,-3.5));
#17313=CARTESIAN_POINT('Origin',(144.,-103.,-5.));
#17314=CARTESIAN_POINT('Origin',(144.,-103.,-3.5));
#17315=CARTESIAN_POINT('Origin',(148.472135955,-102.5,0.));
#17316=CARTESIAN_POINT('',(146.98142397,-102.666666666667,0.));
#17317=CARTESIAN_POINT('',(148.472135955,-104.,0.));
#17318=CARTESIAN_POINT('Origin',(148.472135955,-102.5,0.));
#17319=CARTESIAN_POINT('',(148.472135955,-104.,0.));
#17320=CARTESIAN_POINT('',(146.98142397,-102.666666666667,0.));
#17321=CARTESIAN_POINT('Origin',(155.527864045,-102.5,-3.5));
#17322=CARTESIAN_POINT('',(155.527864045,-102.5,-5.));
#17323=CARTESIAN_POINT('',(157.01857603,-102.666666666667,-3.5));
#17324=CARTESIAN_POINT('Origin',(155.527864045,-102.5,-3.5));
#17325=CARTESIAN_POINT('',(155.527864045,-104.,-3.5));
#17326=CARTESIAN_POINT('Origin',(155.527864045,-102.5,-3.5));
#17327=CARTESIAN_POINT('Origin',(155.527864045,-102.5,-3.5));
#17328=CARTESIAN_POINT('Origin',(80.75,-102.5,-3.5));
#17329=CARTESIAN_POINT('',(80.75,-104.,-3.5));
#17330=CARTESIAN_POINT('',(80.75,-102.5,-5.));
#17331=CARTESIAN_POINT('Origin',(155.527864045,-102.5,0.));
#17332=CARTESIAN_POINT('',(155.527864045,-104.,0.));
#17333=CARTESIAN_POINT('',(157.01857603,-102.666666666667,0.));
#17334=CARTESIAN_POINT('Origin',(155.527864045,-102.5,0.));
#17335=CARTESIAN_POINT('',(157.01857603,-102.666666666667,0.));
#17336=CARTESIAN_POINT('',(155.527864045,-104.,0.));
#17337=CARTESIAN_POINT('Origin',(160.,-103.,-3.5));
#17338=CARTESIAN_POINT('Origin',(160.,-103.,-5.));
#17339=CARTESIAN_POINT('Origin',(160.,-103.,-3.5));
#17340=CARTESIAN_POINT('Origin',(-1.00000000000001,-60.5,-5.));
#17341=CARTESIAN_POINT('',(1.21506350946108,-23.5866025403784,-5.));
#17342=CARTESIAN_POINT('',(1.21506350946109,-42.,-5.));
#17343=CARTESIAN_POINT('',(-3.16506350946112,-21.057735026919,-5.));
#17344=CARTESIAN_POINT('',(6.17383616895811,-26.4495512701892,-5.));
#17345=CARTESIAN_POINT('',(-3.16506350946112,-30.942264973081,-5.));
#17346=CARTESIAN_POINT('',(-3.16506350946111,-45.75,-5.));
#17347=CARTESIAN_POINT('',(1.21506350946107,-28.4133974596215,-5.));
#17348=CARTESIAN_POINT('',(-6.60003853686236,-32.9254487298108,-5.));
#17349=CARTESIAN_POINT('',(1.21506350946108,-38.5866025403784,-5.));
#17350=CARTESIAN_POINT('',(1.21506350946108,-49.5,-5.));
#17351=CARTESIAN_POINT('',(-3.16506350946112,-36.057735026919,-5.));
#17352=CARTESIAN_POINT('',(2.92624090476648,-39.5745512701892,-5.));
#17353=CARTESIAN_POINT('',(-3.16506350946111,-45.942264973081,-5.));
#17354=CARTESIAN_POINT('',(-3.1650635094611,-53.25,-5.));
#17355=CARTESIAN_POINT('',(1.21506350946109,-43.4133974596216,-5.));
#17356=CARTESIAN_POINT('',(-3.35244327267069,-46.0504487298108,-5.));
#17357=CARTESIAN_POINT('',(1.2150635094611,-53.5866025403784,-5.));
#17358=CARTESIAN_POINT('',(1.2150635094611,-57.,-5.));
#17359=CARTESIAN_POINT('',(-3.1650635094611,-51.057735026919,-5.));
#17360=CARTESIAN_POINT('',(-0.32135435942516,-52.6995512701892,-5.));
#17361=CARTESIAN_POINT('',(-3.16506350946109,-60.9422649730811,-5.));
#17362=CARTESIAN_POINT('',(-3.16506350946109,-60.75,-5.));
#17363=CARTESIAN_POINT('',(1.21506350946109,-58.4133974596215,-5.));
#17364=CARTESIAN_POINT('',(-0.104848008479039,-59.1754487298108,-5.));
#17365=CARTESIAN_POINT('',(1.21506350946111,-68.5866025403784,-5.));
#17366=CARTESIAN_POINT('',(1.2150635094611,-64.5,-5.));
#17367=CARTESIAN_POINT('',(-3.16506350946109,-66.0577350269189,-5.));
#17368=CARTESIAN_POINT('',(-3.56894962361679,-65.8245512701892,-5.));
#17369=CARTESIAN_POINT('',(-3.16506350946109,-75.942264973081,-5.));
#17370=CARTESIAN_POINT('',(-3.16506350946109,-68.25,-5.));
#17371=CARTESIAN_POINT('',(1.21506350946108,-73.4133974596215,-5.));
#17372=CARTESIAN_POINT('',(3.14274725571263,-72.3004487298107,-5.));
#17373=CARTESIAN_POINT('',(1.21506350946109,-83.5866025403784,-5.));
#17374=CARTESIAN_POINT('',(1.21506350946108,-72.,-5.));
#17375=CARTESIAN_POINT('',(-3.16506350946111,-81.0577350269189,-5.));
#17376=CARTESIAN_POINT('',(-6.81654488780843,-78.9495512701892,-5.));
#17377=CARTESIAN_POINT('',(-3.16506350946111,-90.942264973081,-5.));
#17378=CARTESIAN_POINT('',(-3.16506350946112,-75.75,-5.));
#17379=CARTESIAN_POINT('',(1.21506350946108,-88.4133974596215,-5.));
#17380=CARTESIAN_POINT('',(6.39034251990426,-85.4254487298107,-5.));
#17381=CARTESIAN_POINT('',(1.21506350946108,-98.5866025403784,-5.));
#17382=CARTESIAN_POINT('',(1.21506350946107,-79.5,-5.));
#17383=CARTESIAN_POINT('',(-3.16506350946113,-96.0577350269189,-5.));
#17384=CARTESIAN_POINT('',(-10.064140152,-92.0745512701893,-5.));
#17385=CARTESIAN_POINT('',(-3.16506350946113,-102.5,-5.));
#17386=CARTESIAN_POINT('',(-3.16506350946114,-83.,-5.));
#17387=CARTESIAN_POINT('',(107.527864045,-102.5,-5.));
#17388=CARTESIAN_POINT('',(80.75,-102.5,-5.));
#17389=CARTESIAN_POINT('',(113.5,-98.7573593128807,-5.));
#17390=CARTESIAN_POINT('Origin',(112.,-103.,-5.));
#17391=CARTESIAN_POINT('',(113.5,-94.,-5.));
#17392=CARTESIAN_POINT('',(113.5,-77.,-5.));
#17393=CARTESIAN_POINT('',(136.5,-94.,-5.));
#17394=CARTESIAN_POINT('',(128.25,-94.,-5.));
#17395=CARTESIAN_POINT('',(136.5,-80.,-5.));
#17396=CARTESIAN_POINT('Origin',(-164.5,-17.,0.));
#17397=CARTESIAN_POINT('',(1.21506350946108,-17.,0.));
#17398=CARTESIAN_POINT('',(-82.75,-17.,0.));
#17399=CARTESIAN_POINT('',(1.21506350946106,-17.,0.));
#17400=CARTESIAN_POINT('Origin',(161.,98.5,0.));
#17401=CARTESIAN_POINT('',(161.,70.0000003669411,0.));
#17402=CARTESIAN_POINT('Origin',(160.,-103.,0.));
#17403=CARTESIAN_POINT('Origin',(160.,-103.,0.));
#17404=CARTESIAN_POINT('Origin',(107.527864045,-102.5,-3.5));
#17405=CARTESIAN_POINT('Origin',(107.527864045,-102.5,-3.5));
#17406=CARTESIAN_POINT('',(107.527864045,-104.,-3.5));
#17407=CARTESIAN_POINT('Origin',(107.527864045,-102.5,-3.5));
#17408=CARTESIAN_POINT('Origin',(107.527864045,-102.5,-3.5));
#17409=CARTESIAN_POINT('Origin',(80.75,-102.5,-3.5));
#17410=CARTESIAN_POINT('',(-3.16506350946113,-104.,-3.5));
#17411=CARTESIAN_POINT('Origin',(-3.16506350946112,-102.5,-3.5));
#17412=CARTESIAN_POINT('',(80.75,-104.,-3.5));
#17413=CARTESIAN_POINT('Origin',(107.527864045,-102.5,0.));
#17414=CARTESIAN_POINT('',(107.527864045,-104.,0.));
#17415=CARTESIAN_POINT('Origin',(107.527864045,-102.5,0.));
#17416=CARTESIAN_POINT('',(107.527864045,-104.,0.));
#17417=CARTESIAN_POINT('Origin',(112.,-103.,-3.5));
#17418=CARTESIAN_POINT('Origin',(113.5,-98.7573593128807,-3.5));
#17419=CARTESIAN_POINT('Ctrl Pts',(114.65982243895,-101.612432130215,-2.45992404559729));
#17420=CARTESIAN_POINT('Ctrl Pts',(114.517697438293,-101.339993373081,-2.67569497466708));
#17421=CARTESIAN_POINT('Ctrl Pts',(114.094167710623,-100.755705314096,-3.18948427519406));
#17422=CARTESIAN_POINT('Ctrl Pts',(113.426576114947,-100.322390307039,-3.5));
#17423=CARTESIAN_POINT('Ctrl Pts',(113.,-100.171572875254,-3.5));
#17424=CARTESIAN_POINT('Ctrl Pts',(114.722944178902,-101.733429901904,-2.75145307627813));
#17425=CARTESIAN_POINT('Ctrl Pts',(114.591502401812,-101.450779243763,-2.95152831897557));
#17426=CARTESIAN_POINT('Ctrl Pts',(114.174131612822,-100.818014744479,-3.43889242820917));
#17427=CARTESIAN_POINT('Ctrl Pts',(113.46298739902,-100.335297659037,-3.73308388404046));
#17428=CARTESIAN_POINT('Ctrl Pts',(113.,-100.171572875254,-3.72439947525641));
#17429=CARTESIAN_POINT('Ctrl Pts',(115.039560526585,-101.875789027627,-3.33389883666724));
#17430=CARTESIAN_POINT('Ctrl Pts',(114.898749842654,-101.563461934598,-3.50224604898644));
#17431=CARTESIAN_POINT('Ctrl Pts',(114.426399779266,-100.829671847448,-3.93679180209309));
#17432=CARTESIAN_POINT('Ctrl Pts',(113.587375668491,-100.261989922991,-4.19921069140484));
#17433=CARTESIAN_POINT('Ctrl Pts',(113.034156914316,-100.074962532305,-4.17309662885882));
#17434=CARTESIAN_POINT('Ctrl Pts',(115.822770408369,-101.720436274764,-3.81350186535034));
#17435=CARTESIAN_POINT('Ctrl Pts',(115.609309462732,-101.366085882884,-3.98713279508176));
#17436=CARTESIAN_POINT('Ctrl Pts',(114.943391751706,-100.540337006607,-4.43800392398965));
#17437=CARTESIAN_POINT('Ctrl Pts',(113.865036099995,-99.9109086763456,-4.70362591948311));
#17438=CARTESIAN_POINT('Ctrl Pts',(113.165677174765,-99.7029670601974,-4.667695398202));
#17439=CARTESIAN_POINT('Ctrl Pts',(116.563756768496,-101.349928136084,-3.84389458411487));
#17440=CARTESIAN_POINT('Ctrl Pts',(116.283182835367,-100.964778651528,-4.07350350939101));
#17441=CARTESIAN_POINT('Ctrl Pts',(115.446813464418,-100.101143437368,-4.63897854935704));
#17442=CARTESIAN_POINT('Ctrl Pts',(114.157071146066,-99.4525594846379,-4.96901468891734));
#17443=CARTESIAN_POINT('Ctrl Pts',(113.331741801537,-99.2332653653747,-4.94274145370815));
#17444=CARTESIAN_POINT('Ctrl Pts',(116.92051500282,-101.062535473958,-3.6520756339659));
#17445=CARTESIAN_POINT('Ctrl Pts',(116.618665632097,-100.661677140929,-3.93358697863523));
#17446=CARTESIAN_POINT('Ctrl Pts',(115.722951350133,-99.7894428480424,-4.60879561707856));
#17447=CARTESIAN_POINT('Ctrl Pts',(114.331892123602,-99.1399616994876,-5.01027363849158));
#17448=CARTESIAN_POINT('Ctrl Pts',(113.443900131186,-98.9160337035292,-4.99999999999999));
#17449=CARTESIAN_POINT('Ctrl Pts',(117.056762369178,-100.918648195322,-3.51417720799613));
#17450=CARTESIAN_POINT('Ctrl Pts',(116.752208796341,-100.509990059621,-3.82242139238155));
#17451=CARTESIAN_POINT('Ctrl Pts',(115.844645094191,-99.6335579711437,-4.55640610742008));
#17452=CARTESIAN_POINT('Ctrl Pts',(114.414091674888,-98.9835854605597,-4.99999999999999));
#17453=CARTESIAN_POINT('Ctrl Pts',(113.5,-98.7573593128807,-4.99999999999999));
#17454=CARTESIAN_POINT('Ctrl Pts',(117.056762369178,-100.918648195322,-3.51417720799613));
#17455=CARTESIAN_POINT('Ctrl Pts',(116.752208796341,-100.509990059621,-3.82242139238155));
#17456=CARTESIAN_POINT('Ctrl Pts',(115.844645094191,-99.6335579711437,-4.55640610742008));
#17457=CARTESIAN_POINT('Ctrl Pts',(114.414091674888,-98.9835854605597,-4.99999999999999));
#17458=CARTESIAN_POINT('Ctrl Pts',(113.5,-98.7573593128807,-4.99999999999999));
#17459=CARTESIAN_POINT('Origin',(162.5,-104.,0.));
#17460=CARTESIAN_POINT('',(-3.16506350946112,-104.,0.));
#17461=CARTESIAN_POINT('',(-3.16506350946113,-104.,0.));
#17462=CARTESIAN_POINT('',(80.75,-104.,0.));
#17463=CARTESIAN_POINT('Origin',(113.5,-77.,0.));
#17464=CARTESIAN_POINT('',(118.5,-99.5,0.));
#17465=CARTESIAN_POINT('Origin',(113.5,-99.5,0.));
#17466=CARTESIAN_POINT('',(118.5,-94.,0.));
#17467=CARTESIAN_POINT('',(118.5,-77.,0.));
#17468=CARTESIAN_POINT('Origin',(113.5,-94.,0.));
#17469=CARTESIAN_POINT('Origin',(118.5,-99.5,0.));
#17470=CARTESIAN_POINT('',(131.5,-99.5,0.));
#17471=CARTESIAN_POINT('Origin',(136.5,-99.5,0.));
#17472=CARTESIAN_POINT('',(131.5,-99.5,1.2));
#17473=CARTESIAN_POINT('',(131.5,-99.5,0.));
#17474=CARTESIAN_POINT('',(118.5,-99.5,1.2));
#17475=CARTESIAN_POINT('',(131.5,-99.5,1.2));
#17476=CARTESIAN_POINT('',(118.5,-99.5,0.));
#17477=CARTESIAN_POINT('Origin',(136.5,-80.,0.));
#17478=CARTESIAN_POINT('',(131.5,-94.,0.));
#17479=CARTESIAN_POINT('Origin',(136.5,-94.,0.));
#17480=CARTESIAN_POINT('',(131.5,-80.,0.));
#17481=CARTESIAN_POINT('Origin',(131.5,-99.5,0.));
#17482=CARTESIAN_POINT('',(131.5,-94.,1.2));
#17483=CARTESIAN_POINT('',(131.5,-94.,0.));
#17484=CARTESIAN_POINT('',(131.5,-93.5,1.2));
#17485=CARTESIAN_POINT('Origin',(118.5,-93.5,0.));
#17486=CARTESIAN_POINT('',(118.5,-94.,1.2));
#17487=CARTESIAN_POINT('',(118.5,-99.5,1.2));
#17488=CARTESIAN_POINT('',(118.5,-94.,0.));
#17489=CARTESIAN_POINT('Origin',(-1.00000000000001,-60.5,-5.));
#17490=CARTESIAN_POINT('',(121.25,-96.5,-5.));
#17491=CARTESIAN_POINT('Origin',(122.25,-96.5,-5.));
#17492=CARTESIAN_POINT('Origin',(-1.00000000000001,-60.5,-5.));
#17493=CARTESIAN_POINT('',(126.75,-96.5,-5.));
#17494=CARTESIAN_POINT('Origin',(127.75,-96.5,-5.));
#17495=CARTESIAN_POINT('Origin',(11.5000000000095,-15.5000000000004,0.));
#17496=CARTESIAN_POINT('',(11.5000000000092,-15.5,-1.5));
#17497=CARTESIAN_POINT('',(9.00000000000948,-11.1698729810783,-1.5));
#17498=CARTESIAN_POINT('',(-2.4033621628103,8.58132966203387,-1.5));
#17499=CARTESIAN_POINT('',(11.5000000000095,-15.5000000000004,0.));
#17500=CARTESIAN_POINT('',(11.5000000000093,-15.5,0.));
#17501=CARTESIAN_POINT('',(9.00000000000948,-11.1698729810783,0.));
#17502=CARTESIAN_POINT('',(-2.4033621628103,8.58132966203387,0.));
#17503=CARTESIAN_POINT('',(9.00000000000948,-11.1698729810783,0.));
#17504=CARTESIAN_POINT('Origin',(9.00000000000948,-11.1698729810783,0.));
#17505=CARTESIAN_POINT('',(19.0000000000095,-11.1698729810782,-1.5));
#17506=CARTESIAN_POINT('',(4.00000000000479,-11.1698729810783,-1.5));
#17507=CARTESIAN_POINT('',(19.0000000000095,-11.1698729810782,0.));
#17508=CARTESIAN_POINT('',(4.00000000000479,-11.1698729810783,0.));
#17509=CARTESIAN_POINT('',(19.0000000000095,-11.1698729810782,0.));
#17510=CARTESIAN_POINT('Origin',(19.0000000000095,-11.1698729810782,0.));
#17511=CARTESIAN_POINT('',(16.5000000000097,-15.5000000000001,-1.5));
#17512=CARTESIAN_POINT('',(27.9033621628268,4.25120264310753,-1.5));
#17513=CARTESIAN_POINT('',(16.5000000000097,-15.5000000000001,0.));
#17514=CARTESIAN_POINT('',(27.9033621628268,4.25120264310753,0.));
#17515=CARTESIAN_POINT('',(16.5000000000097,-15.5,0.));
#17516=CARTESIAN_POINT('Origin',(-1.00000000000001,41.5000007338822,-1.5));
#17517=CARTESIAN_POINT('',(-82.75,-15.5,-1.5));
#17518=CARTESIAN_POINT('Origin',(-164.5,-15.5,0.));
#17519=CARTESIAN_POINT('',(26.5000000000097,-15.5,0.));
#17520=CARTESIAN_POINT('',(-1.00000000000001,-15.5,0.));
#17521=CARTESIAN_POINT('',(26.5000000000096,-15.5,-1.5));
#17522=CARTESIAN_POINT('',(26.5000000000096,-15.5,0.));
#17523=CARTESIAN_POINT('',(31.5000000000104,-15.4999999999995,-1.5));
#17524=CARTESIAN_POINT('',(-82.75,-15.5,-1.5));
#17525=CARTESIAN_POINT('',(31.5000000000104,-15.4999999999995,0.));
#17526=CARTESIAN_POINT('',(31.5000000000101,-15.5,0.));
#17527=CARTESIAN_POINT('',(41.5000000000104,-15.4999999999995,0.));
#17528=CARTESIAN_POINT('',(-1.00000000000001,-15.5,0.));
#17529=CARTESIAN_POINT('',(41.5000000000107,-15.5,-1.5));
#17530=CARTESIAN_POINT('',(41.5000000000107,-15.5,0.));
#17531=CARTESIAN_POINT('',(46.5000000000111,-15.5,-1.5));
#17532=CARTESIAN_POINT('',(-82.75,-15.5,-1.5));
#17533=CARTESIAN_POINT('',(46.5000000000111,-15.5,0.));
#17534=CARTESIAN_POINT('',(46.5000000000111,-15.5,0.));
#17535=CARTESIAN_POINT('',(56.5000000000111,-15.5,0.));
#17536=CARTESIAN_POINT('',(-1.00000000000001,-15.5,0.));
#17537=CARTESIAN_POINT('',(56.5000000000111,-15.5,-1.5));
#17538=CARTESIAN_POINT('',(56.5000000000112,-15.5,0.));
#17539=CARTESIAN_POINT('',(61.5000000000116,-15.4999999999998,-1.5));
#17540=CARTESIAN_POINT('',(-82.75,-15.5,-1.5));
#17541=CARTESIAN_POINT('',(61.5000000000116,-15.4999999999998,0.));
#17542=CARTESIAN_POINT('',(61.5000000000115,-15.5,0.));
#17543=CARTESIAN_POINT('',(71.5000000000116,-15.4999999999998,0.));
#17544=CARTESIAN_POINT('',(-1.00000000000001,-15.5,0.));
#17545=CARTESIAN_POINT('',(71.5000000000117,-15.5,-1.5));
#17546=CARTESIAN_POINT('',(71.5000000000117,-15.5,0.));
#17547=CARTESIAN_POINT('',(76.5000000000121,-15.5,-1.5));
#17548=CARTESIAN_POINT('',(-82.75,-15.5,-1.5));
#17549=CARTESIAN_POINT('',(76.5000000000121,-15.5,0.));
#17550=CARTESIAN_POINT('',(76.5000000000122,-15.5,0.));
#17551=CARTESIAN_POINT('',(86.5000000000121,-15.5,0.));
#17552=CARTESIAN_POINT('',(-1.00000000000001,-15.5,0.));
#17553=CARTESIAN_POINT('',(86.5000000000122,-15.5,-1.5));
#17554=CARTESIAN_POINT('',(86.5000000000121,-15.5,0.));
#17555=CARTESIAN_POINT('',(91.5,-15.5,-1.5));
#17556=CARTESIAN_POINT('',(-82.75,-15.5,-1.5));
#17557=CARTESIAN_POINT('',(91.5,-15.5,0.));
#17558=CARTESIAN_POINT('',(91.5,-15.5,0.));
#17559=CARTESIAN_POINT('',(101.5,-15.5,0.));
#17560=CARTESIAN_POINT('',(-1.00000000000001,-15.5,0.));
#17561=CARTESIAN_POINT('',(101.5,-15.5,-1.5));
#17562=CARTESIAN_POINT('',(101.5,-15.5,0.));
#17563=CARTESIAN_POINT('',(106.499999999988,-15.5,-1.5));
#17564=CARTESIAN_POINT('',(-82.75,-15.5,-1.5));
#17565=CARTESIAN_POINT('',(106.499999999988,-15.5,0.));
#17566=CARTESIAN_POINT('',(106.499999999988,-15.5,0.));
#17567=CARTESIAN_POINT('',(116.499999999988,-15.5,0.));
#17568=CARTESIAN_POINT('',(-1.00000000000001,-15.5,0.));
#17569=CARTESIAN_POINT('',(116.499999999988,-15.5,-1.5));
#17570=CARTESIAN_POINT('',(116.499999999988,-15.5,0.));
#17571=CARTESIAN_POINT('',(121.499999999988,-15.4999999999998,-1.5));
#17572=CARTESIAN_POINT('',(-82.75,-15.5,-1.5));
#17573=CARTESIAN_POINT('',(121.499999999988,-15.4999999999998,0.));
#17574=CARTESIAN_POINT('',(121.499999999988,-15.5,0.));
#17575=CARTESIAN_POINT('',(131.499999999988,-15.4999999999998,0.));
#17576=CARTESIAN_POINT('',(-1.00000000000001,-15.5,0.));
#17577=CARTESIAN_POINT('',(131.499999999988,-15.5,-1.5));
#17578=CARTESIAN_POINT('',(131.499999999988,-15.5,0.));
#17579=CARTESIAN_POINT('',(136.499999999989,-15.5,-1.5));
#17580=CARTESIAN_POINT('',(-82.75,-15.5,-1.5));
#17581=CARTESIAN_POINT('',(136.499999999989,-15.5,0.));
#17582=CARTESIAN_POINT('',(136.499999999989,-15.5,0.));
#17583=CARTESIAN_POINT('',(146.499999999989,-15.5,0.));
#17584=CARTESIAN_POINT('',(-1.00000000000001,-15.5,0.));
#17585=CARTESIAN_POINT('',(146.499999999989,-15.5,-1.5));
#17586=CARTESIAN_POINT('',(146.499999999989,-15.5,-1.625));
#17587=CARTESIAN_POINT('',(151.49999999999,-15.4999999999995,-1.5));
#17588=CARTESIAN_POINT('',(-1.00000000000001,-15.5,-1.5));
#17589=CARTESIAN_POINT('',(151.49999999999,-15.4999999999995,0.));
#17590=CARTESIAN_POINT('',(151.499999999989,-15.5,-1.625));
#17591=CARTESIAN_POINT('',(160.2,-15.5,0.));
#17592=CARTESIAN_POINT('',(-1.00000000000001,-15.5,0.));
#17593=CARTESIAN_POINT('',(160.2,-15.5,-6.5));
#17594=CARTESIAN_POINT('',(160.2,-15.5,0.));
#17595=CARTESIAN_POINT('',(1.21506350946107,-15.5,-6.5));
#17596=CARTESIAN_POINT('',(-164.5,-15.5,-6.5));
#17597=CARTESIAN_POINT('',(1.21506350946107,-15.5,0.));
#17598=CARTESIAN_POINT('',(1.21506350946106,-15.5,0.));
#17599=CARTESIAN_POINT('',(-1.00000000000001,-15.5,0.));
#17600=CARTESIAN_POINT('Origin',(26.5000000000097,-15.5,0.));
#17601=CARTESIAN_POINT('',(24.0000000000099,-11.1698729810782,-1.5));
#17602=CARTESIAN_POINT('',(10.7216378371901,11.828924926226,-1.5));
#17603=CARTESIAN_POINT('',(24.0000000000099,-11.1698729810782,0.));
#17604=CARTESIAN_POINT('',(10.7216378371901,11.828924926226,0.));
#17605=CARTESIAN_POINT('',(24.0000000000099,-11.1698729810782,0.));
#17606=CARTESIAN_POINT('Origin',(24.0000000000099,-11.1698729810782,0.));
#17607=CARTESIAN_POINT('',(34.0000000000099,-11.1698729810782,-1.5));
#17608=CARTESIAN_POINT('',(11.500000000005,-11.1698729810782,-1.5));
#17609=CARTESIAN_POINT('',(34.0000000000099,-11.1698729810782,0.));
#17610=CARTESIAN_POINT('',(11.500000000005,-11.1698729810782,0.));
#17611=CARTESIAN_POINT('',(34.0000000000099,-11.1698729810782,0.));
#17612=CARTESIAN_POINT('Origin',(34.0000000000099,-11.1698729810782,0.));
#17613=CARTESIAN_POINT('',(41.0283621628272,1.0036073789159,-1.5));
#17614=CARTESIAN_POINT('',(41.0283621628272,1.0036073789159,0.));
#17615=CARTESIAN_POINT('Origin',(-1.00000000000001,41.5000007338822,-1.5));
#17616=CARTESIAN_POINT('Origin',(-1.00000000000001,41.5000007338822,-1.5));
#17617=CARTESIAN_POINT('',(49.000000000011,-11.1698729810782,-1.5));
#17618=CARTESIAN_POINT('',(54.153362162828,-2.24398788527613,-1.5));
#17619=CARTESIAN_POINT('',(39.000000000011,-11.1698729810782,-1.5));
#17620=CARTESIAN_POINT('',(23.846637837191,15.0765201904181,-1.5));
#17621=CARTESIAN_POINT('',(19.0000000000055,-11.1698729810782,-1.5));
#17622=CARTESIAN_POINT('Origin',(49.000000000011,-11.1698729810782,0.));
#17623=CARTESIAN_POINT('',(49.000000000011,-11.1698729810782,0.));
#17624=CARTESIAN_POINT('',(49.000000000011,-11.1698729810782,0.));
#17625=CARTESIAN_POINT('',(54.153362162828,-2.24398788527613,0.));
#17626=CARTESIAN_POINT('Origin',(39.000000000011,-11.1698729810782,0.));
#17627=CARTESIAN_POINT('',(39.000000000011,-11.1698729810782,0.));
#17628=CARTESIAN_POINT('',(39.000000000011,-11.1698729810782,0.));
#17629=CARTESIAN_POINT('',(19.0000000000055,-11.1698729810782,0.));
#17630=CARTESIAN_POINT('Origin',(41.5000000000104,-15.4999999999995,0.));
#17631=CARTESIAN_POINT('',(23.846637837191,15.0765201904181,0.));
#17632=CARTESIAN_POINT('Origin',(56.5000000000111,-15.5,0.));
#17633=CARTESIAN_POINT('',(54.0000000000113,-11.1698729810782,-1.5));
#17634=CARTESIAN_POINT('',(36.9716378371911,18.3241154546095,-1.5));
#17635=CARTESIAN_POINT('',(54.0000000000113,-11.1698729810782,0.));
#17636=CARTESIAN_POINT('',(36.9716378371911,18.3241154546095,0.));
#17637=CARTESIAN_POINT('',(54.0000000000113,-11.1698729810782,0.));
#17638=CARTESIAN_POINT('Origin',(54.0000000000113,-11.1698729810782,0.));
#17639=CARTESIAN_POINT('',(64.0000000000113,-11.1698729810781,-1.5));
#17640=CARTESIAN_POINT('',(26.5000000000057,-11.1698729810782,-1.5));
#17641=CARTESIAN_POINT('',(64.0000000000113,-11.1698729810781,0.));
#17642=CARTESIAN_POINT('',(26.5000000000057,-11.1698729810782,0.));
#17643=CARTESIAN_POINT('',(64.0000000000113,-11.1698729810781,0.));
#17644=CARTESIAN_POINT('Origin',(64.0000000000113,-11.1698729810781,0.));
#17645=CARTESIAN_POINT('',(67.2783621628284,-5.49158314946757,-1.5));
#17646=CARTESIAN_POINT('',(67.2783621628284,-5.49158314946757,0.));
#17647=CARTESIAN_POINT('Origin',(-1.00000000000001,41.5000007338822,-1.5));
#17648=CARTESIAN_POINT('Origin',(-1.00000000000001,41.5000007338822,-1.5));
#17649=CARTESIAN_POINT('',(79.0000000000119,-11.1698729810781,-1.5));
#17650=CARTESIAN_POINT('',(80.403362162829,-8.73917841365906,-1.5));
#17651=CARTESIAN_POINT('',(69.0000000000119,-11.1698729810781,-1.5));
#17652=CARTESIAN_POINT('',(50.096637837192,21.5717107188014,-1.5));
#17653=CARTESIAN_POINT('',(34.000000000006,-11.1698729810782,-1.5));
#17654=CARTESIAN_POINT('Origin',(79.0000000000119,-11.1698729810781,0.));
#17655=CARTESIAN_POINT('',(79.0000000000119,-11.1698729810781,0.));
#17656=CARTESIAN_POINT('',(79.0000000000119,-11.1698729810781,0.));
#17657=CARTESIAN_POINT('',(80.403362162829,-8.73917841365906,0.));
#17658=CARTESIAN_POINT('Origin',(69.0000000000119,-11.1698729810781,0.));
#17659=CARTESIAN_POINT('',(69.0000000000119,-11.1698729810781,0.));
#17660=CARTESIAN_POINT('',(69.0000000000119,-11.1698729810781,0.));
#17661=CARTESIAN_POINT('',(34.000000000006,-11.1698729810782,0.));
#17662=CARTESIAN_POINT('Origin',(71.5000000000116,-15.4999999999998,0.));
#17663=CARTESIAN_POINT('',(50.096637837192,21.5717107188014,0.));
#17664=CARTESIAN_POINT('Origin',(86.5000000000121,-15.5,0.));
#17665=CARTESIAN_POINT('',(84.0000000000105,-11.1698729810714,-1.5));
#17666=CARTESIAN_POINT('',(63.2216378372109,24.8193059829941,-1.5));
#17667=CARTESIAN_POINT('',(84.0000000000105,-11.1698729810714,0.));
#17668=CARTESIAN_POINT('',(63.2216378372109,24.8193059829941,0.));
#17669=CARTESIAN_POINT('',(84.0000000000105,-11.1698729810714,0.));
#17670=CARTESIAN_POINT('Origin',(84.0000000000105,-11.1698729810714,0.));
#17671=CARTESIAN_POINT('',(94.0000000000105,-11.1698729810669,-1.5));
#17672=CARTESIAN_POINT('',(41.5000000000171,-11.1698729810906,-1.5));
#17673=CARTESIAN_POINT('',(94.0000000000105,-11.1698729810669,0.));
#17674=CARTESIAN_POINT('',(41.5000000000171,-11.1698729810906,0.));
#17675=CARTESIAN_POINT('',(94.0000000000105,-11.1698729810669,0.));
#17676=CARTESIAN_POINT('Origin',(94.0000000000105,-11.1698729810669,0.));
#17677=CARTESIAN_POINT('',(93.5283621628049,-11.9867736778775,-1.5));
#17678=CARTESIAN_POINT('',(93.5283621628049,-11.9867736778775,0.));
#17679=CARTESIAN_POINT('Origin',(-1.00000000000001,41.5000007338822,-1.5));
#17680=CARTESIAN_POINT('Origin',(-1.00000000000001,41.5000007338822,-1.5));
#17681=CARTESIAN_POINT('',(108.999999999989,-11.1698729810714,-1.5));
#17682=CARTESIAN_POINT('',(106.65336216282,-15.2343689420156,-1.5));
#17683=CARTESIAN_POINT('',(98.9999999999895,-11.1698729810669,-1.5));
#17684=CARTESIAN_POINT('',(76.3466378371389,28.0669012471828,-1.5));
#17685=CARTESIAN_POINT('',(48.9999999999828,-11.1698729810443,-1.5));
#17686=CARTESIAN_POINT('Origin',(108.999999999989,-11.1698729810714,0.));
#17687=CARTESIAN_POINT('',(108.999999999989,-11.1698729810714,0.));
#17688=CARTESIAN_POINT('',(108.999999999989,-11.1698729810714,0.));
#17689=CARTESIAN_POINT('',(106.65336216282,-15.2343689420156,0.));
#17690=CARTESIAN_POINT('Origin',(98.9999999999895,-11.1698729810669,0.));
#17691=CARTESIAN_POINT('',(98.9999999999895,-11.1698729810669,0.));
#17692=CARTESIAN_POINT('',(98.9999999999895,-11.1698729810669,0.));
#17693=CARTESIAN_POINT('',(48.9999999999828,-11.1698729810443,0.));
#17694=CARTESIAN_POINT('Origin',(101.5,-15.5,0.));
#17695=CARTESIAN_POINT('',(76.3466378371389,28.0669012471828,0.));
#17696=CARTESIAN_POINT('Origin',(116.499999999988,-15.5,0.));
#17697=CARTESIAN_POINT('',(113.999999999988,-11.1698729810781,-1.5));
#17698=CARTESIAN_POINT('',(89.4716378371714,31.3144965113711,-1.5));
#17699=CARTESIAN_POINT('',(113.999999999988,-11.1698729810781,0.));
#17700=CARTESIAN_POINT('',(89.4716378371714,31.3144965113711,0.));
#17701=CARTESIAN_POINT('',(113.999999999988,-11.1698729810781,0.));
#17702=CARTESIAN_POINT('Origin',(113.999999999988,-11.1698729810781,0.));
#17703=CARTESIAN_POINT('',(123.999999999988,-11.1698729810781,-1.5));
#17704=CARTESIAN_POINT('',(56.499999999994,-11.1698729810781,-1.5));
#17705=CARTESIAN_POINT('',(123.999999999988,-11.1698729810781,0.));
#17706=CARTESIAN_POINT('',(56.499999999994,-11.1698729810781,0.));
#17707=CARTESIAN_POINT('',(123.999999999988,-11.1698729810781,0.));
#17708=CARTESIAN_POINT('Origin',(123.999999999988,-11.1698729810781,0.));
#17709=CARTESIAN_POINT('',(119.778362162808,-18.4819642062289,-1.5));
#17710=CARTESIAN_POINT('',(119.778362162808,-18.4819642062289,0.));
#17711=CARTESIAN_POINT('Origin',(-1.00000000000001,41.5000007338822,-1.5));
#17712=CARTESIAN_POINT('Origin',(-1.00000000000001,41.5000007338822,-1.5));
#17713=CARTESIAN_POINT('',(138.999999999989,-11.1698729810782,-1.5));
#17714=CARTESIAN_POINT('',(132.903362162808,-21.7295594704212,-1.5));
#17715=CARTESIAN_POINT('',(128.999999999989,-11.1698729810781,-1.5));
#17716=CARTESIAN_POINT('',(102.596637837171,34.562091775563,-1.5));
#17717=CARTESIAN_POINT('',(63.9999999999943,-11.1698729810781,-1.5));
#17718=CARTESIAN_POINT('Origin',(138.999999999989,-11.1698729810782,0.));
#17719=CARTESIAN_POINT('',(138.999999999989,-11.1698729810782,0.));
#17720=CARTESIAN_POINT('',(138.999999999989,-11.1698729810782,0.));
#17721=CARTESIAN_POINT('',(132.903362162808,-21.7295594704212,0.));
#17722=CARTESIAN_POINT('Origin',(128.999999999989,-11.1698729810781,0.));
#17723=CARTESIAN_POINT('',(128.999999999989,-11.1698729810781,0.));
#17724=CARTESIAN_POINT('',(128.999999999989,-11.1698729810781,0.));
#17725=CARTESIAN_POINT('',(63.9999999999943,-11.1698729810781,0.));
#17726=CARTESIAN_POINT('Origin',(131.499999999988,-15.4999999999998,0.));
#17727=CARTESIAN_POINT('',(102.596637837171,34.562091775563,0.));
#17728=CARTESIAN_POINT('Origin',(1.21506350946108,-23.5,0.));
#17729=CARTESIAN_POINT('',(1.21506350946105,9.0000003669411,0.));
#17730=CARTESIAN_POINT('',(1.21506350946108,-23.5866025403784,-6.5));
#17731=CARTESIAN_POINT('',(1.21506350946109,-42.,-6.5));
#17732=CARTESIAN_POINT('',(1.21506350946108,-23.5866025403784,0.));
#17733=CARTESIAN_POINT('Origin',(-3.19006350946113,-96.0433012701892,0.));
#17734=CARTESIAN_POINT('',(1.21506350946108,-98.5866025403784,-6.5));
#17735=CARTESIAN_POINT('',(1.21506350946108,-98.5866025403784,0.));
#17736=CARTESIAN_POINT('',(-3.16506350946113,-96.0577350269189,-6.5));
#17737=CARTESIAN_POINT('',(-10.064140152,-92.0745512701893,-6.5));
#17738=CARTESIAN_POINT('',(-3.16506350946113,-96.0577350269189,0.));
#17739=CARTESIAN_POINT('Origin',(-3.16506350946112,-105.5,0.));
#17740=CARTESIAN_POINT('',(-3.16506350946113,-105.5,-6.5));
#17741=CARTESIAN_POINT('',(-3.16506350946114,-83.,-6.5));
#17742=CARTESIAN_POINT('',(-3.16506350946113,-105.5,0.));
#17743=CARTESIAN_POINT('',(-3.16506350946113,-105.5,0.));
#17744=CARTESIAN_POINT('',(-3.16506350946116,-31.9999996330589,0.));
#17745=CARTESIAN_POINT('Origin',(1.21506350946108,-98.4999999999999,0.));
#17746=CARTESIAN_POINT('',(1.21506350946108,-88.4133974596215,-6.5));
#17747=CARTESIAN_POINT('',(1.21506350946108,-88.4133974596215,0.));
#17748=CARTESIAN_POINT('',(1.21506350946107,-79.5,-6.5));
#17749=CARTESIAN_POINT('Origin',(1.14006350946108,-88.4566987298107,0.));
#17750=CARTESIAN_POINT('',(-3.16506350946111,-90.942264973081,-6.5));
#17751=CARTESIAN_POINT('',(-3.16506350946111,-90.942264973081,0.));
#17752=CARTESIAN_POINT('',(6.39034251990426,-85.4254487298107,-6.5));
#17753=CARTESIAN_POINT('Origin',(-3.16506350946111,-91.,0.));
#17754=CARTESIAN_POINT('',(-3.16506350946111,-81.0577350269189,-6.5));
#17755=CARTESIAN_POINT('',(-3.16506350946111,-81.0577350269189,0.));
#17756=CARTESIAN_POINT('',(-3.16506350946112,-75.75,-6.5));
#17757=CARTESIAN_POINT('Origin',(-3.19006350946111,-81.0433012701892,0.));
#17758=CARTESIAN_POINT('',(1.21506350946109,-83.5866025403784,-6.5));
#17759=CARTESIAN_POINT('',(1.21506350946109,-83.5866025403784,0.));
#17760=CARTESIAN_POINT('',(-6.81654488780843,-78.9495512701892,-6.5));
#17761=CARTESIAN_POINT('Origin',(1.21506350946109,-83.5,0.));
#17762=CARTESIAN_POINT('',(1.21506350946108,-73.4133974596215,-6.5));
#17763=CARTESIAN_POINT('',(1.21506350946108,-73.4133974596215,0.));
#17764=CARTESIAN_POINT('',(1.21506350946108,-72.,-6.5));
#17765=CARTESIAN_POINT('Origin',(1.14006350946108,-73.4566987298107,0.));
#17766=CARTESIAN_POINT('',(-3.16506350946109,-75.942264973081,-6.5));
#17767=CARTESIAN_POINT('',(-3.16506350946109,-75.942264973081,0.));
#17768=CARTESIAN_POINT('',(3.14274725571263,-72.3004487298107,-6.5));
#17769=CARTESIAN_POINT('Origin',(-3.16506350946109,-76.,0.));
#17770=CARTESIAN_POINT('',(-3.16506350946109,-66.0577350269189,-6.5));
#17771=CARTESIAN_POINT('',(-3.16506350946109,-66.0577350269189,0.));
#17772=CARTESIAN_POINT('',(-3.16506350946109,-68.25,-6.5));
#17773=CARTESIAN_POINT('Origin',(-3.19006350946109,-66.0433012701892,0.));
#17774=CARTESIAN_POINT('',(1.21506350946111,-68.5866025403784,-6.5));
#17775=CARTESIAN_POINT('',(1.21506350946111,-68.5866025403784,0.));
#17776=CARTESIAN_POINT('',(-3.56894962361679,-65.8245512701892,-6.5));
#17777=CARTESIAN_POINT('Origin',(1.21506350946111,-68.5,0.));
#17778=CARTESIAN_POINT('',(1.21506350946109,-58.4133974596215,-6.5));
#17779=CARTESIAN_POINT('',(1.21506350946109,-58.4133974596215,0.));
#17780=CARTESIAN_POINT('',(1.2150635094611,-64.5,-6.5));
#17781=CARTESIAN_POINT('Origin',(1.14006350946109,-58.4566987298108,0.));
#17782=CARTESIAN_POINT('',(-3.16506350946109,-60.9422649730811,-6.5));
#17783=CARTESIAN_POINT('',(-3.16506350946109,-60.9422649730811,0.));
#17784=CARTESIAN_POINT('',(-0.104848008479039,-59.1754487298108,-6.5));
#17785=CARTESIAN_POINT('Origin',(-3.16506350946109,-61.,0.));
#17786=CARTESIAN_POINT('',(-3.1650635094611,-51.057735026919,-6.5));
#17787=CARTESIAN_POINT('',(-3.1650635094611,-51.057735026919,0.));
#17788=CARTESIAN_POINT('',(-3.16506350946109,-60.75,-6.5));
#17789=CARTESIAN_POINT('Origin',(-3.1900635094611,-51.0433012701892,0.));
#17790=CARTESIAN_POINT('',(1.2150635094611,-53.5866025403784,-6.5));
#17791=CARTESIAN_POINT('',(1.2150635094611,-53.5866025403784,0.));
#17792=CARTESIAN_POINT('',(-0.32135435942516,-52.6995512701892,-6.5));
#17793=CARTESIAN_POINT('Origin',(1.2150635094611,-53.5,0.));
#17794=CARTESIAN_POINT('',(1.21506350946109,-43.4133974596216,-6.5));
#17795=CARTESIAN_POINT('',(1.21506350946109,-43.4133974596216,0.));
#17796=CARTESIAN_POINT('',(1.2150635094611,-57.,-6.5));
#17797=CARTESIAN_POINT('Origin',(1.14006350946109,-43.4566987298108,0.));
#17798=CARTESIAN_POINT('',(-3.16506350946111,-45.942264973081,-6.5));
#17799=CARTESIAN_POINT('',(-3.16506350946111,-45.942264973081,0.));
#17800=CARTESIAN_POINT('',(-3.35244327267069,-46.0504487298108,-6.5));
#17801=CARTESIAN_POINT('Origin',(-3.16506350946111,-46.,0.));
#17802=CARTESIAN_POINT('',(-3.16506350946112,-36.057735026919,-6.5));
#17803=CARTESIAN_POINT('',(-3.16506350946112,-36.0577350269189,0.));
#17804=CARTESIAN_POINT('',(-3.1650635094611,-53.25,-6.5));
#17805=CARTESIAN_POINT('Origin',(-3.19006350946112,-36.0433012701892,0.));
#17806=CARTESIAN_POINT('',(1.21506350946108,-38.5866025403784,-6.5));
#17807=CARTESIAN_POINT('',(1.21506350946108,-38.5866025403784,0.));
#17808=CARTESIAN_POINT('',(2.92624090476648,-39.5745512701892,-6.5));
#17809=CARTESIAN_POINT('Origin',(1.21506350946108,-38.5,0.));
#17810=CARTESIAN_POINT('',(1.21506350946107,-28.4133974596215,-6.5));
#17811=CARTESIAN_POINT('',(1.21506350946107,-28.4133974596216,0.));
#17812=CARTESIAN_POINT('',(1.21506350946108,-49.5,-6.5));
#17813=CARTESIAN_POINT('Origin',(1.14006350946107,-28.4566987298108,0.));
#17814=CARTESIAN_POINT('',(-3.16506350946112,-30.942264973081,-6.5));
#17815=CARTESIAN_POINT('',(-3.16506350946112,-30.942264973081,0.));
#17816=CARTESIAN_POINT('',(-6.60003853686236,-32.9254487298108,-6.5));
#17817=CARTESIAN_POINT('Origin',(-3.16506350946112,-31.,0.));
#17818=CARTESIAN_POINT('',(-3.16506350946112,-21.057735026919,-6.5));
#17819=CARTESIAN_POINT('',(-3.16506350946112,-21.057735026919,0.));
#17820=CARTESIAN_POINT('',(-3.16506350946111,-45.75,-6.5));
#17821=CARTESIAN_POINT('Origin',(-3.19006350946112,-21.0433012701892,0.));
#17822=CARTESIAN_POINT('',(6.17383616895811,-26.4495512701892,-6.5));
#17823=CARTESIAN_POINT('Origin',(-1.00000000000001,-60.5,-6.5));
#17824=CARTESIAN_POINT('',(162.5,-17.8,-6.5));
#17825=CARTESIAN_POINT('Origin',(160.2,-17.8,-6.5));
#17826=CARTESIAN_POINT('',(162.5,-103.2,-6.5));
#17827=CARTESIAN_POINT('',(162.5,-15.5,-6.5));
#17828=CARTESIAN_POINT('',(160.2,-105.5,-6.5));
#17829=CARTESIAN_POINT('Origin',(160.2,-103.2,-6.5));
#17830=CARTESIAN_POINT('',(162.5,-105.5,-6.5));
#17831=CARTESIAN_POINT('',(126.35,-103.,-6.5));
#17832=CARTESIAN_POINT('Origin',(128.,-103.,-6.5));
#17833=CARTESIAN_POINT('',(158.35,-103.,-6.5));
#17834=CARTESIAN_POINT('Origin',(160.,-103.,-6.5));
#17835=CARTESIAN_POINT('',(142.35,-103.,-6.5));
#17836=CARTESIAN_POINT('Origin',(144.,-103.,-6.5));
#17837=CARTESIAN_POINT('',(110.35,-103.,-6.5));
#17838=CARTESIAN_POINT('Origin',(112.,-103.,-6.5));
#17839=CARTESIAN_POINT('Origin',(162.5,-104.,0.));
#17840=CARTESIAN_POINT('',(80.75,-104.,0.));
#17841=CARTESIAN_POINT('Origin',(162.5,-104.,0.));
#17842=CARTESIAN_POINT('',(80.75,-104.,0.));
#17843=CARTESIAN_POINT('Origin',(144.,-103.,0.));
#17844=CARTESIAN_POINT('Origin',(144.,-103.,0.));
#17845=CARTESIAN_POINT('Origin',(162.5,-105.5,0.));
#17846=CARTESIAN_POINT('',(160.2,-105.5,0.));
#17847=CARTESIAN_POINT('',(160.2,-105.5,0.));
#17848=CARTESIAN_POINT('',(162.5,-105.5,0.));
#17849=CARTESIAN_POINT('Origin',(160.2,-103.2,0.));
#17850=CARTESIAN_POINT('',(162.5,-103.2,0.));
#17851=CARTESIAN_POINT('',(162.5,-103.2,0.));
#17852=CARTESIAN_POINT('Origin',(160.2,-103.2,0.));
#17853=CARTESIAN_POINT('Origin',(160.2,-17.8,0.));
#17854=CARTESIAN_POINT('',(162.5,-17.8,0.));
#17855=CARTESIAN_POINT('Origin',(160.2,-17.8,0.));
#17856=CARTESIAN_POINT('',(162.5,-17.8,0.));
#17857=CARTESIAN_POINT('Origin',(160.,-103.,0.));
#17858=CARTESIAN_POINT('',(158.85,-103.,-6.));
#17859=CARTESIAN_POINT('Origin',(160.,-103.,-6.));
#17860=CARTESIAN_POINT('',(158.85,-103.,0.));
#17861=CARTESIAN_POINT('',(158.85,-103.,0.));
#17862=CARTESIAN_POINT('Origin',(160.,-103.,0.));
#17863=CARTESIAN_POINT('Origin',(160.,-103.,-6.25));
#17864=CARTESIAN_POINT('',(158.6,-103.,-6.25));
#17865=CARTESIAN_POINT('Origin',(144.,-103.,0.));
#17866=CARTESIAN_POINT('',(142.85,-103.,-6.));
#17867=CARTESIAN_POINT('Origin',(144.,-103.,-6.));
#17868=CARTESIAN_POINT('',(142.85,-103.,0.));
#17869=CARTESIAN_POINT('',(142.85,-103.,0.));
#17870=CARTESIAN_POINT('Origin',(144.,-103.,0.));
#17871=CARTESIAN_POINT('Origin',(144.,-103.,-6.25));
#17872=CARTESIAN_POINT('',(142.6,-103.,-6.25));
#17873=CARTESIAN_POINT('Origin',(128.,-103.,0.));
#17874=CARTESIAN_POINT('',(126.85,-103.,-6.));
#17875=CARTESIAN_POINT('Origin',(128.,-103.,-6.));
#17876=CARTESIAN_POINT('',(126.85,-103.,0.));
#17877=CARTESIAN_POINT('',(126.85,-103.,0.));
#17878=CARTESIAN_POINT('Origin',(128.,-103.,0.));
#17879=CARTESIAN_POINT('Origin',(128.,-103.,-6.25));
#17880=CARTESIAN_POINT('',(126.6,-103.,-6.25));
#17881=CARTESIAN_POINT('Origin',(112.,-103.,0.));
#17882=CARTESIAN_POINT('',(110.85,-103.,-6.));
#17883=CARTESIAN_POINT('Origin',(112.,-103.,-6.));
#17884=CARTESIAN_POINT('',(110.85,-103.,0.));
#17885=CARTESIAN_POINT('',(110.85,-103.,0.));
#17886=CARTESIAN_POINT('Origin',(112.,-103.,0.));
#17887=CARTESIAN_POINT('Origin',(112.,-103.,-6.25));
#17888=CARTESIAN_POINT('',(110.6,-103.,-6.25));
#17889=CARTESIAN_POINT('Origin',(162.5,98.5,0.));
#17890=CARTESIAN_POINT('',(162.5,98.5,0.));
#17891=CARTESIAN_POINT('Origin',(146.499999999989,-15.5,0.));
#17892=CARTESIAN_POINT('',(143.999999999989,-11.1698729810782,-1.5));
#17893=CARTESIAN_POINT('',(115.721637837171,37.8096870397547,-1.5));
#17894=CARTESIAN_POINT('',(143.999999999989,-11.1698729810782,0.));
#17895=CARTESIAN_POINT('',(115.721637837171,37.8096870397547,0.));
#17896=CARTESIAN_POINT('',(143.999999999989,-11.1698729810782,0.));
#17897=CARTESIAN_POINT('Origin',(143.999999999989,-11.1698729810782,0.));
#17898=CARTESIAN_POINT('',(153.999999999989,-11.1698729810782,-1.5));
#17899=CARTESIAN_POINT('',(71.4999999999944,-11.169872981078,-1.5));
#17900=CARTESIAN_POINT('',(153.999999999989,-11.1698729810782,0.));
#17901=CARTESIAN_POINT('',(71.4999999999944,-11.169872981078,0.));
#17902=CARTESIAN_POINT('',(153.999999999989,-11.1698729810782,0.));
#17903=CARTESIAN_POINT('Origin',(153.999999999989,-11.1698729810782,0.));
#17904=CARTESIAN_POINT('',(146.028362162809,-24.9771547346124,-1.5));
#17905=CARTESIAN_POINT('',(146.028362162809,-24.9771547346124,0.));
#17906=CARTESIAN_POINT('Origin',(-1.00000000000001,41.5000007338822,-1.5));
#17907=CARTESIAN_POINT('Origin',(-1.00000000000001,41.5000007338822,0.));
#17908=CARTESIAN_POINT('Origin',(127.75,-96.5,0.));
#17909=CARTESIAN_POINT('',(126.75,-96.5,1.2));
#17910=CARTESIAN_POINT('Origin',(127.75,-96.5,1.2));
#17911=CARTESIAN_POINT('',(126.75,-96.5,0.));
#17912=CARTESIAN_POINT('Origin',(122.25,-96.5,0.));
#17913=CARTESIAN_POINT('',(121.25,-96.5,1.2));
#17914=CARTESIAN_POINT('Origin',(122.25,-96.5,1.2));
#17915=CARTESIAN_POINT('',(121.25,-96.5,0.));
#17916=CARTESIAN_POINT('Origin',(131.5,-94.,0.));
#17917=CARTESIAN_POINT('',(128.25,-94.,1.2));
#17918=CARTESIAN_POINT('Origin',(125.,-96.5,1.2));
#17919=CARTESIAN_POINT('Origin',(-134.472135955,-102.5,0.));
#17920=CARTESIAN_POINT('',(-134.472135955,-104.,-3.5));
#17921=CARTESIAN_POINT('',(-133.128235512153,-103.1662819221,-4.84390044284617));
#17922=CARTESIAN_POINT('Origin',(-134.472135955,-102.5,-3.5));
#17923=CARTESIAN_POINT('',(-134.472135955,-104.,0.));
#17924=CARTESIAN_POINT('',(-134.472135955,-104.,0.));
#17925=CARTESIAN_POINT('',(-132.98142397,-102.666666666667,0.));
#17926=CARTESIAN_POINT('Origin',(-134.472135955,-102.5,0.));
#17927=CARTESIAN_POINT('',(-132.981423970014,-102.666666666795,-4.67682472688544));
#17928=CARTESIAN_POINT('',(-132.98142397,-102.666666666667,0.));
#17929=CARTESIAN_POINT('Ctrl Pts',(-133.128235512153,-103.1662819221,-4.84390044284617));
#17930=CARTESIAN_POINT('Ctrl Pts',(-133.111992011026,-103.133518541264,
-4.8348324649053));
#17931=CARTESIAN_POINT('Ctrl Pts',(-133.09697285077,-103.100208645877,-4.82525249078139));
#17932=CARTESIAN_POINT('Ctrl Pts',(-133.029916027514,-102.93580829427,-4.77605420535151));
#17933=CARTESIAN_POINT('Ctrl Pts',(-132.99621961628,-102.799002949962,-4.72898056019243));
#17934=CARTESIAN_POINT('Ctrl Pts',(-132.981423970016,-102.666666666812,
-4.67682472684169));
#17935=CARTESIAN_POINT('Origin',(80.75,-104.5,-0.0250628144669007));
#17936=CARTESIAN_POINT('',(-127.018576029991,-102.666666666749,-4.67682472684954));
#17937=CARTESIAN_POINT('Ctrl Pts',(-127.01857602999,-102.66666666676,-4.67682472682135));
#17938=CARTESIAN_POINT('Ctrl Pts',(-127.05218659468,-102.366044637039,-4.55834480498141));
#17939=CARTESIAN_POINT('Ctrl Pts',(-127.132028572427,-102.072982548344,
-4.4079769135927));
#17940=CARTESIAN_POINT('Ctrl Pts',(-127.406123925351,-101.441125167727,
-4.00387999117563));
#17941=CARTESIAN_POINT('Ctrl Pts',(-127.632269982757,-101.125089330124,
-3.73150127308738));
#17942=CARTESIAN_POINT('Ctrl Pts',(-128.13453101565,-100.622828297231,-3.20393399017977));
#17943=CARTESIAN_POINT('Ctrl Pts',(-128.451253195922,-100.401698034558,
-2.90423294953953));
#17944=CARTESIAN_POINT('Ctrl Pts',(-128.983852361555,-100.170708854794,
-2.53078838371847));
#17945=CARTESIAN_POINT('Ctrl Pts',(-129.170559686536,-100.109856702436,
-2.41987287346209));
#17946=CARTESIAN_POINT('Ctrl Pts',(-129.565962118565,-100.024683140763,
-2.25665699723254));
#17947=CARTESIAN_POINT('Ctrl Pts',(-129.774643458857,-100.,-2.20451228623721));
#17948=CARTESIAN_POINT('Ctrl Pts',(-130.,-100.,-2.20451228623722));
#17949=CARTESIAN_POINT('Ctrl Pts',(-130.213394212527,-100.,-2.20451228623722));
#17950=CARTESIAN_POINT('Ctrl Pts',(-130.413326729493,-100.022287228175,
-2.25155474927805));
#17951=CARTESIAN_POINT('Ctrl Pts',(-130.793280790555,-100.100290012438,
-2.40197887277473));
#17952=CARTESIAN_POINT('Ctrl Pts',(-130.973369186414,-100.156252568171,
-2.50506333548868));
#17953=CARTESIAN_POINT('Ctrl Pts',(-131.487302822974,-100.368398694865,
-2.8542063605879));
#17954=CARTESIAN_POINT('Ctrl Pts',(-131.7939234479,-100.571283658694,-3.13709571002286));
#17955=CARTESIAN_POINT('Ctrl Pts',(-132.311606632634,-101.053195394966,
-3.6659748098354));
#17956=CARTESIAN_POINT('Ctrl Pts',(-132.556795351689,-101.376695560992,
-3.95560329223307));
#17957=CARTESIAN_POINT('Ctrl Pts',(-132.857374503314,-102.035241336979,
-4.38831196099663));
#17958=CARTESIAN_POINT('Ctrl Pts',(-132.9455881975,-102.346141773179,-4.55050076988035));
#17959=CARTESIAN_POINT('Ctrl Pts',(-132.981423970016,-102.666666666812,
-4.67682472684169));
#17960=CARTESIAN_POINT('',(-125.527864045,-104.,-5.));
#17961=CARTESIAN_POINT('Ctrl Pts',(-127.01857602999,-102.66666666676,-4.67682472682135));
#17962=CARTESIAN_POINT('Ctrl Pts',(-127.003780383729,-102.799002949926,
-4.72898056018012));
#17963=CARTESIAN_POINT('Ctrl Pts',(-126.970083972493,-102.935808294253,
-4.77605420534643));
#17964=CARTESIAN_POINT('Ctrl Pts',(-126.84064073424,-103.253158756868,-4.87102418861279));
#17965=CARTESIAN_POINT('Ctrl Pts',(-126.723095556671,-103.427200800512,
-4.91063067912902));
#17966=CARTESIAN_POINT('Ctrl Pts',(-126.451992037246,-103.69609965194,-4.96181874871293));
#17967=CARTESIAN_POINT('Ctrl Pts',(-126.284213524516,-103.81056916339,-4.97789488376402));
#17968=CARTESIAN_POINT('Ctrl Pts',(-125.916061318287,-103.962518056776,
-4.99667959791121));
#17969=CARTESIAN_POINT('Ctrl Pts',(-125.715720154683,-104.,-5.));
#17970=CARTESIAN_POINT('Ctrl Pts',(-125.527864045,-104.,-5.));
#17971=CARTESIAN_POINT('',(-118.472135955,-104.,-5.));
#17972=CARTESIAN_POINT('',(80.75,-104.,-5.));
#17973=CARTESIAN_POINT('',(-116.981423970014,-102.666666666795,-4.67682472688543));
#17974=CARTESIAN_POINT('Ctrl Pts',(-118.472135955,-104.,-5.));
#17975=CARTESIAN_POINT('Ctrl Pts',(-118.283243491998,-104.,-5.));
#17976=CARTESIAN_POINT('Ctrl Pts',(-118.081869187999,-103.962106243853,
-4.99664709038129));
#17977=CARTESIAN_POINT('Ctrl Pts',(-117.712149510719,-103.808618850763,
-4.97763508744848));
#17978=CARTESIAN_POINT('Ctrl Pts',(-117.54383777412,-103.69302216268,-4.96135164677988));
#17979=CARTESIAN_POINT('Ctrl Pts',(-117.273878620951,-103.423063009511,
-4.90971555265943));
#17980=CARTESIAN_POINT('Ctrl Pts',(-117.157477198179,-103.249594181514,
-4.87007358903699));
#17981=CARTESIAN_POINT('Ctrl Pts',(-117.029436065281,-102.93388476134,-4.77539593987539));
#17982=CARTESIAN_POINT('Ctrl Pts',(-116.996113959756,-102.79805792929,-4.72860811251976));
#17983=CARTESIAN_POINT('Ctrl Pts',(-116.981423970016,-102.666666666812,
-4.67682472684169));
#17984=CARTESIAN_POINT('',(-116.549254552128,-101.418449738185,-3.96258081095443));
#17985=CARTESIAN_POINT('Ctrl Pts',(-116.549254551434,-101.418449737759,
-3.96258081204922));
#17986=CARTESIAN_POINT('Ctrl Pts',(-116.615229959688,-101.52479356621,-4.04580680686387));
#17987=CARTESIAN_POINT('Ctrl Pts',(-116.675635897307,-101.63706604547,-4.12668413403928));
#17988=CARTESIAN_POINT('Ctrl Pts',(-116.857374503314,-102.035241336979,
-4.38831196099664));
#17989=CARTESIAN_POINT('Ctrl Pts',(-116.9455881975,-102.346141773179,-4.55050076988035));
#17990=CARTESIAN_POINT('Ctrl Pts',(-116.981423970016,-102.666666666812,
-4.67682472684169));
#17991=CARTESIAN_POINT('',(-115.189242650035,-100.245784699894,-2.65216239009949));
#17992=CARTESIAN_POINT('Ctrl Pts',(-115.189242650031,-100.245784699892,
-2.65216239010688));
#17993=CARTESIAN_POINT('Ctrl Pts',(-115.513794474156,-100.385922935047,
-2.87909639354393));
#17994=CARTESIAN_POINT('Ctrl Pts',(-115.804821761494,-100.581428908494,
-3.14822972104166));
#17995=CARTESIAN_POINT('Ctrl Pts',(-116.228537819354,-100.975866562934,
-3.58110947040389));
#17996=CARTESIAN_POINT('Ctrl Pts',(-116.402768007083,-101.182332366832,
-3.77779243857415));
#17997=CARTESIAN_POINT('Ctrl Pts',(-116.549254551434,-101.418449737759,
-3.96258081204922));
#17998=CARTESIAN_POINT('',(-118.406603222618,-99.5885498368624,-0.961896468333148));
#17999=CARTESIAN_POINT('Ctrl Pts',(-118.406603222618,-99.5885498368625,
-0.961896468333159));
#18000=CARTESIAN_POINT('Ctrl Pts',(-118.333019240041,-99.6601458173262,
-1.33724601782616));
#18001=CARTESIAN_POINT('Ctrl Pts',(-118.210917820928,-99.7664195602088,
-1.66294579407369));
#18002=CARTESIAN_POINT('Ctrl Pts',(-117.888042966927,-99.9732805268901,
-2.16212180537406));
#18003=CARTESIAN_POINT('Ctrl Pts',(-117.7074505554,-100.070998460958,-2.35204703785609));
#18004=CARTESIAN_POINT('Ctrl Pts',(-117.283112684041,-100.240581952648,
-2.64898342919622));
#18005=CARTESIAN_POINT('Ctrl Pts',(-117.049892315478,-100.310466253271,
-2.75533735793469));
#18006=CARTESIAN_POINT('Ctrl Pts',(-116.541959552106,-100.402170922209,
-2.89118172721298));
#18007=CARTESIAN_POINT('Ctrl Pts',(-116.283049054089,-100.419749836651,
-2.91500976226678));
#18008=CARTESIAN_POINT('Ctrl Pts',(-115.879187446785,-100.405094464314,
-2.89418316106291));
#18009=CARTESIAN_POINT('Ctrl Pts',(-115.717982463985,-100.387530565514,
-2.86943213711836));
#18010=CARTESIAN_POINT('Ctrl Pts',(-115.422528258171,-100.329229470548,
-2.78318775938456));
#18011=CARTESIAN_POINT('Ctrl Pts',(-115.293787434113,-100.290926093182,
-2.72526247652348));
#18012=CARTESIAN_POINT('Ctrl Pts',(-115.18924265003,-100.245784699892,-2.65216239010626));
#18013=CARTESIAN_POINT('',(-118.499937185139,-99.5,-0.0250628144669007));
#18014=CARTESIAN_POINT('Ctrl Pts',(-118.406603222618,-99.5885498368624,
-0.961896468333145));
#18015=CARTESIAN_POINT('Ctrl Pts',(-118.419924634352,-99.5755883267511,
-0.893944371727457));
#18016=CARTESIAN_POINT('Ctrl Pts',(-118.431852009547,-99.5640184860666,
-0.825620549467657));
#18017=CARTESIAN_POINT('Ctrl Pts',(-118.479504598152,-99.5179786541399,
-0.514519612230703));
#18018=CARTESIAN_POINT('Ctrl Pts',(-118.498715969053,-99.5,-0.268690828648404));
#18019=CARTESIAN_POINT('Ctrl Pts',(-118.499937185139,-99.5,-0.025062814466897));
#18020=CARTESIAN_POINT('',(-131.500062814861,-99.5,-0.0250628144669007));
#18021=CARTESIAN_POINT('',(80.75,-99.5,-0.0250628144669007));
#18022=CARTESIAN_POINT('',(-135.260391796522,-103.166281922626,-4.8439004428255));
#18023=CARTESIAN_POINT('Ctrl Pts',(-131.500062814861,-99.5,-0.0250628144668946));
#18024=CARTESIAN_POINT('Ctrl Pts',(-131.501284030947,-99.5,-0.268690828648394));
#18025=CARTESIAN_POINT('Ctrl Pts',(-131.520495401848,-99.5179786541399,
-0.514519612230684));
#18026=CARTESIAN_POINT('Ctrl Pts',(-131.607564842455,-99.6021013120877,
-1.08295430530494));
#18027=CARTESIAN_POINT('Ctrl Pts',(-131.690075854599,-99.6828776521436,
-1.40290928629811));
#18028=CARTESIAN_POINT('Ctrl Pts',(-132.019298886472,-100.006641084572,
-2.31028409408627));
#18029=CARTESIAN_POINT('Ctrl Pts',(-132.35189796101,-100.335223161161,-2.8447333860857));
#18030=CARTESIAN_POINT('Ctrl Pts',(-133.254685976103,-101.226040827201,
-3.89484598577784));
#18031=CARTESIAN_POINT('Ctrl Pts',(-133.92317618201,-101.886824727342,-4.34134457548738));
#18032=CARTESIAN_POINT('Ctrl Pts',(-134.802381581677,-102.73546532327,-4.70991014151284));
#18033=CARTESIAN_POINT('Ctrl Pts',(-135.034461240972,-102.957379989684,
-4.78608229143326));
#18034=CARTESIAN_POINT('Ctrl Pts',(-135.260391796522,-103.166281922721,
-4.84390044301796));
#18035=CARTESIAN_POINT('',(80.75,-103.1662819221,-4.84390044284617));
#18036=CARTESIAN_POINT('Origin',(-130.,-103.,0.));
#18037=CARTESIAN_POINT('',(-127.01857603,-102.666666666667,0.));
#18038=CARTESIAN_POINT('Origin',(-130.,-103.,0.));
#18039=CARTESIAN_POINT('',(-127.01857603,-102.666666666667,0.));
#18040=CARTESIAN_POINT('Origin',(-125.527864045,-102.5,0.));
#18041=CARTESIAN_POINT('',(-125.527864045,-104.,0.));
#18042=CARTESIAN_POINT('Origin',(-125.527864045,-102.5,0.));
#18043=CARTESIAN_POINT('',(-125.527864045,-104.,0.));
#18044=CARTESIAN_POINT('Origin',(-118.472135955,-102.5,0.));
#18045=CARTESIAN_POINT('',(-118.472135955,-104.,0.));
#18046=CARTESIAN_POINT('',(-118.472135955,-104.,0.));
#18047=CARTESIAN_POINT('',(-116.98142397,-102.666666666667,0.));
#18048=CARTESIAN_POINT('Origin',(-118.472135955,-102.5,0.));
#18049=CARTESIAN_POINT('',(-116.98142397,-102.666666666667,0.));
#18050=CARTESIAN_POINT('Origin',(-114.,-103.,0.));
#18051=CARTESIAN_POINT('',(-111.01857603,-102.666666666667,0.));
#18052=CARTESIAN_POINT('Origin',(-114.,-103.,0.));
#18053=CARTESIAN_POINT('',(-111.01857603,-102.666666666667,-3.5));
#18054=CARTESIAN_POINT('',(-111.01857603,-102.666666666667,0.));
#18055=CARTESIAN_POINT('',(-113.666666666667,-100.01857603,-3.5));
#18056=CARTESIAN_POINT('Origin',(-114.,-103.,-3.5));
#18057=CARTESIAN_POINT('Ctrl Pts',(-115.188225698418,-100.246391366044,
-2.65129051475099));
#18058=CARTESIAN_POINT('Ctrl Pts',(-115.12443300169,-100.218841140484,-2.73353927067215));
#18059=CARTESIAN_POINT('Ctrl Pts',(-114.697978792998,-100.05205360541,-3.22450538332704));
#18060=CARTESIAN_POINT('Ctrl Pts',(-114.137597730875,-99.965924336386,-3.5));
#18061=CARTESIAN_POINT('Ctrl Pts',(-113.666666666667,-100.01857603,-3.5));
#18062=CARTESIAN_POINT('Origin',(-161.5,-18.5,-3.5));
#18063=CARTESIAN_POINT('',(-161.5,-17.,-3.5));
#18064=CARTESIAN_POINT('',(-161.5,-18.5,-5.));
#18065=CARTESIAN_POINT('Origin',(-161.5,-18.5,-3.5));
#18066=CARTESIAN_POINT('',(-163.,-18.5,-3.5));
#18067=CARTESIAN_POINT('Origin',(-161.5,-18.5,-3.5));
#18068=CARTESIAN_POINT('Origin',(-161.5,-18.5,-3.5));
#18069=CARTESIAN_POINT('Origin',(-161.5,-18.5,0.));
#18070=CARTESIAN_POINT('',(-161.5,-17.,0.));
#18071=CARTESIAN_POINT('',(-163.,-18.5,0.));
#18072=CARTESIAN_POINT('Origin',(-161.5,-18.5,0.));
#18073=CARTESIAN_POINT('',(-163.,-18.5,0.));
#18074=CARTESIAN_POINT('',(-161.5,-17.,0.));
#18075=CARTESIAN_POINT('Origin',(-161.5,-38.,-3.5));
#18076=CARTESIAN_POINT('',(-163.,-59.9925553108174,-3.5));
#18077=CARTESIAN_POINT('',(-162.571214264281,-61.405,-4.55));
#18078=CARTESIAN_POINT('Ctrl Pts',(-163.,-59.9925553108175,-3.50000000000026));
#18079=CARTESIAN_POINT('Ctrl Pts',(-163.,-60.0195275566033,-3.58963954191916));
#18080=CARTESIAN_POINT('Ctrl Pts',(-162.991773947145,-60.0549827949978,
-3.67563665554434));
#18081=CARTESIAN_POINT('Ctrl Pts',(-162.950880317355,-60.178543421683,-3.91414943979758));
#18082=CARTESIAN_POINT('Ctrl Pts',(-162.889706299072,-60.3104326048463,
-4.07878525231198));
#18083=CARTESIAN_POINT('Ctrl Pts',(-162.774799952778,-60.5666775633696,
-4.29978041471269));
#18084=CARTESIAN_POINT('Ctrl Pts',(-162.708284605401,-60.7186244840596,
-4.39253840592563));
#18085=CARTESIAN_POINT('Ctrl Pts',(-162.605010929363,-61.0501813222836,
-4.51760917185141));
#18086=CARTESIAN_POINT('Ctrl Pts',(-162.571214264281,-61.2306770882772,
-4.54999999999999));
#18087=CARTESIAN_POINT('Ctrl Pts',(-162.571214264281,-61.405,-4.54999999999999));
#18088=CARTESIAN_POINT('',(-162.571214264281,-67.695,-4.55));
#18089=CARTESIAN_POINT('',(-162.571214264281,-38.,-4.55));
#18090=CARTESIAN_POINT('',(-163.,-69.1074446891825,-3.5));
#18091=CARTESIAN_POINT('Ctrl Pts',(-162.571214264281,-67.695,-4.55));
#18092=CARTESIAN_POINT('Ctrl Pts',(-162.571214264281,-67.8693229117227,
-4.55));
#18093=CARTESIAN_POINT('Ctrl Pts',(-162.605010929363,-68.0498186777163,
-4.51760917185142));
#18094=CARTESIAN_POINT('Ctrl Pts',(-162.708284605401,-68.3813755159404,
-4.39253840592564));
#18095=CARTESIAN_POINT('Ctrl Pts',(-162.774799952778,-68.5333224366304,
-4.2997804147127));
#18096=CARTESIAN_POINT('Ctrl Pts',(-162.889706299072,-68.7895673951537,
-4.07878525231199));
#18097=CARTESIAN_POINT('Ctrl Pts',(-162.950880317355,-68.9214565783169,
-3.91414943979759));
#18098=CARTESIAN_POINT('Ctrl Pts',(-162.991773947145,-69.0450172050021,
-3.67563665554434));
#18099=CARTESIAN_POINT('Ctrl Pts',(-163.,-69.0804724433966,-3.58963954191916));
#18100=CARTESIAN_POINT('Ctrl Pts',(-163.,-69.1074446891824,-3.50000000000026));
#18101=CARTESIAN_POINT('',(-163.,-75.57,-3.5));
#18102=CARTESIAN_POINT('',(-163.,-38.,-3.5));
#18103=CARTESIAN_POINT('',(-162.941400149337,-75.57,-3.91516937446387));
#18104=CARTESIAN_POINT('Origin',(-161.5,-75.57,-3.5));
#18105=CARTESIAN_POINT('',(-162.764803285914,-76.7947058244953,-4.30639484617765));
#18106=CARTESIAN_POINT('Origin',(-161.5,-74.2703393495044,-3.5));
#18107=CARTESIAN_POINT('',(-161.5,-77.4082343221888,-5.));
#18108=CARTESIAN_POINT('Origin',(-161.5,-76.0814091948542,-3.5));
#18109=CARTESIAN_POINT('',(-161.5,-38.,-5.));
#18110=CARTESIAN_POINT('',(-163.,-38.,-3.5));
#18111=CARTESIAN_POINT('Origin',(-82.75,-18.5,-3.5));
#18112=CARTESIAN_POINT('',(1.16506350946107,-18.5,-5.));
#18113=CARTESIAN_POINT('',(1.16506350946107,-17.,-3.5));
#18114=CARTESIAN_POINT('Origin',(1.16506350946107,-18.5,-3.5));
#18115=CARTESIAN_POINT('',(-82.75,-17.,-3.5));
#18116=CARTESIAN_POINT('',(-82.75,-18.5,-5.));
#18117=CARTESIAN_POINT('Origin',(-163.,-15.5,0.));
#18118=CARTESIAN_POINT('',(-163.,-75.57,0.));
#18119=CARTESIAN_POINT('',(-163.,13.0000003669411,0.));
#18120=CARTESIAN_POINT('',(-163.,-75.57,-1.95758468723194));
#18121=CARTESIAN_POINT('',(-163.,-69.17,-3.075));
#18122=CARTESIAN_POINT('Origin',(-163.,-67.695,-3.075));
#18123=CARTESIAN_POINT('',(-163.,-69.17,-2.475));
#18124=CARTESIAN_POINT('',(-163.,-69.17,-1.2375));
#18125=CARTESIAN_POINT('',(-163.,-67.695,-1.00000000000001));
#18126=CARTESIAN_POINT('Origin',(-163.,-67.695,-2.475));
#18127=CARTESIAN_POINT('',(-163.,-61.405,-1.));
#18128=CARTESIAN_POINT('',(-163.,-38.4525,-1.));
#18129=CARTESIAN_POINT('',(-163.,-59.93,-2.475));
#18130=CARTESIAN_POINT('Origin',(-163.,-61.405,-2.475));
#18131=CARTESIAN_POINT('',(-163.,-59.93,-3.075));
#18132=CARTESIAN_POINT('',(-163.,-59.93,-1.5375));
#18133=CARTESIAN_POINT('Origin',(-163.,-61.405,-3.075));
#18134=CARTESIAN_POINT('',(-163.,-45.0000006556511,-1.025));
#18135=CARTESIAN_POINT('',(-163.,-45.0000006556511,-3.025));
#18136=CARTESIAN_POINT('',(-163.,-45.0000006556511,-1.5125));
#18137=CARTESIAN_POINT('',(-163.,-55.5000008121133,-3.025));
#18138=CARTESIAN_POINT('',(-163.,-35.5000004060566,-3.025));
#18139=CARTESIAN_POINT('',(-163.,-55.5000008121133,-1.025));
#18140=CARTESIAN_POINT('',(-163.,-55.5000008121133,-0.5125));
#18141=CARTESIAN_POINT('',(-163.,-30.2500003278255,-1.025));
#18142=CARTESIAN_POINT('Origin',(-164.5,-17.,0.));
#18143=CARTESIAN_POINT('',(1.16506350946107,-17.,0.));
#18144=CARTESIAN_POINT('',(1.16506350946107,-17.,0.));
#18145=CARTESIAN_POINT('',(-82.75,-17.,0.));
#18146=CARTESIAN_POINT('Origin',(-161.5,-98.5278640450004,-3.5));
#18147=CARTESIAN_POINT('',(-161.5,-98.5278640450004,-5.));
#18148=CARTESIAN_POINT('',(-161.666666666667,-100.01857603,-3.5));
#18149=CARTESIAN_POINT('Origin',(-161.5,-98.5278640450004,-3.5));
#18150=CARTESIAN_POINT('',(-163.,-98.5278640450004,-3.5));
#18151=CARTESIAN_POINT('Origin',(-161.5,-98.5278640450004,-3.5));
#18152=CARTESIAN_POINT('Origin',(-161.5,-98.5278640450004,-3.5));
#18153=CARTESIAN_POINT('Origin',(-161.5,-38.,-3.5));
#18154=CARTESIAN_POINT('',(-162.941400149337,-90.5699999999999,-3.91516937446368));
#18155=CARTESIAN_POINT('',(-163.,-90.5699999999999,-3.5));
#18156=CARTESIAN_POINT('Origin',(-161.5,-90.5699999999999,-3.5));
#18157=CARTESIAN_POINT('',(-163.,-38.,-3.5));
#18158=CARTESIAN_POINT('',(-161.5,-88.7317656778114,-5.));
#18159=CARTESIAN_POINT('',(-161.5,-38.,-5.));
#18160=CARTESIAN_POINT('',(-162.764803285914,-89.3452941755051,-4.30639484617732));
#18161=CARTESIAN_POINT('Origin',(-161.5,-90.0585908051458,-3.5));
#18162=CARTESIAN_POINT('Origin',(-161.5,-91.8696606504948,-3.5));
#18163=CARTESIAN_POINT('Origin',(-161.5,-98.5278640450004,0.));
#18164=CARTESIAN_POINT('',(-163.,-98.5278640450004,0.));
#18165=CARTESIAN_POINT('',(-161.666666666667,-100.01857603,0.));
#18166=CARTESIAN_POINT('Origin',(-161.5,-98.5278640450004,0.));
#18167=CARTESIAN_POINT('',(-161.666666666667,-100.01857603,0.));
#18168=CARTESIAN_POINT('',(-163.,-98.5278640450004,0.));
#18169=CARTESIAN_POINT('Origin',(-157.527864045,-102.5,-3.5));
#18170=CARTESIAN_POINT('',(-157.527864045,-102.5,-5.));
#18171=CARTESIAN_POINT('',(-157.527864045,-104.,-3.5));
#18172=CARTESIAN_POINT('Origin',(-157.527864045,-102.5,-3.5));
#18173=CARTESIAN_POINT('',(-159.01857603,-102.666666666667,-3.5));
#18174=CARTESIAN_POINT('Origin',(-157.527864045,-102.5,-3.5));
#18175=CARTESIAN_POINT('Origin',(-157.527864045,-102.5,-3.5));
#18176=CARTESIAN_POINT('Origin',(-162.,-103.,-3.5));
#18177=CARTESIAN_POINT('Origin',(-162.,-103.,-5.));
#18178=CARTESIAN_POINT('Origin',(-162.,-103.,-3.5));
#18179=CARTESIAN_POINT('Origin',(-157.527864045,-102.5,0.));
#18180=CARTESIAN_POINT('',(-159.01857603,-102.666666666667,0.));
#18181=CARTESIAN_POINT('',(-157.527864045,-104.,0.));
#18182=CARTESIAN_POINT('Origin',(-157.527864045,-102.5,0.));
#18183=CARTESIAN_POINT('',(-157.527864045,-104.,0.));
#18184=CARTESIAN_POINT('',(-159.01857603,-102.666666666667,0.));
#18185=CARTESIAN_POINT('Origin',(-150.472135955,-102.5,-3.5));
#18186=CARTESIAN_POINT('',(-150.472135955,-102.5,-5.));
#18187=CARTESIAN_POINT('',(-148.98142397,-102.666666666667,-3.5));
#18188=CARTESIAN_POINT('Origin',(-150.472135955,-102.5,-3.5));
#18189=CARTESIAN_POINT('',(-150.472135955,-104.,-3.5));
#18190=CARTESIAN_POINT('Origin',(-150.472135955,-102.5,-3.5));
#18191=CARTESIAN_POINT('Origin',(-150.472135955,-102.5,-3.5));
#18192=CARTESIAN_POINT('Origin',(80.75,-102.5,-3.5));
#18193=CARTESIAN_POINT('',(80.75,-104.,-3.5));
#18194=CARTESIAN_POINT('',(80.75,-102.5,-5.));
#18195=CARTESIAN_POINT('Origin',(-150.472135955,-102.5,0.));
#18196=CARTESIAN_POINT('',(-150.472135955,-104.,0.));
#18197=CARTESIAN_POINT('',(-148.98142397,-102.666666666667,0.));
#18198=CARTESIAN_POINT('Origin',(-150.472135955,-102.5,0.));
#18199=CARTESIAN_POINT('',(-148.98142397,-102.666666666667,0.));
#18200=CARTESIAN_POINT('',(-150.472135955,-104.,0.));
#18201=CARTESIAN_POINT('Origin',(-141.527864045,-102.5,-3.5));
#18202=CARTESIAN_POINT('',(-141.527864045,-102.5,-5.));
#18203=CARTESIAN_POINT('',(-141.527864045,-104.,-3.5));
#18204=CARTESIAN_POINT('Origin',(-141.527864045,-102.5,-3.5));
#18205=CARTESIAN_POINT('',(-143.01857603,-102.666666666667,-3.5));
#18206=CARTESIAN_POINT('Origin',(-141.527864045,-102.5,-3.5));
#18207=CARTESIAN_POINT('Origin',(-141.527864045,-102.5,-3.5));
#18208=CARTESIAN_POINT('Origin',(-146.,-103.,-3.5));
#18209=CARTESIAN_POINT('Origin',(-146.,-103.,-5.));
#18210=CARTESIAN_POINT('Origin',(-146.,-103.,-3.5));
#18211=CARTESIAN_POINT('Origin',(-141.527864045,-102.5,0.));
#18212=CARTESIAN_POINT('',(-143.01857603,-102.666666666667,0.));
#18213=CARTESIAN_POINT('',(-141.527864045,-104.,0.));
#18214=CARTESIAN_POINT('Origin',(-141.527864045,-102.5,0.));
#18215=CARTESIAN_POINT('',(-141.527864045,-104.,0.));
#18216=CARTESIAN_POINT('',(-143.01857603,-102.666666666667,0.));
#18217=CARTESIAN_POINT('Origin',(80.75,-102.5,-3.5));
#18218=CARTESIAN_POINT('',(-136.5,-102.5,-5.));
#18219=CARTESIAN_POINT('Ctrl Pts',(-136.5,-102.5,-5.));
#18220=CARTESIAN_POINT('Ctrl Pts',(-136.098151066792,-102.720101725427,
-5.));
#18221=CARTESIAN_POINT('Ctrl Pts',(-135.676696492144,-102.951395185386,
-4.95043746252883));
#18222=CARTESIAN_POINT('Ctrl Pts',(-135.260391796147,-103.166281921947,
-4.84390044292204));
#18223=CARTESIAN_POINT('',(80.75,-102.5,-5.));
#18224=CARTESIAN_POINT('',(80.75,-104.,-3.5));
#18225=CARTESIAN_POINT('Origin',(-162.,-103.,0.));
#18226=CARTESIAN_POINT('Origin',(-162.,-103.,0.));
#18227=CARTESIAN_POINT('Origin',(-163.,-15.5,0.));
#18228=CARTESIAN_POINT('',(-163.,-90.5699999999999,0.));
#18229=CARTESIAN_POINT('',(-163.,-90.5699999999999,1.20136133273673E-13));
#18230=CARTESIAN_POINT('',(-163.,13.0000003669411,0.));
#18231=CARTESIAN_POINT('Origin',(-1.00000000000001,-60.5,-5.));
#18232=CARTESIAN_POINT('',(-154.5,-77.4082343221888,-5.));
#18233=CARTESIAN_POINT('',(-82.75,-77.4082343221888,-5.));
#18234=CARTESIAN_POINT('',(-154.5,-88.7317656778114,-5.));
#18235=CARTESIAN_POINT('',(-154.5,-71.785,-5.));
#18236=CARTESIAN_POINT('',(-82.75,-88.7317656778114,-5.));
#18237=CARTESIAN_POINT('',(-136.5,-94.,-5.));
#18238=CARTESIAN_POINT('',(-136.5,-77.,-5.));
#18239=CARTESIAN_POINT('',(-129.512759796805,-93.9999999999999,-5.));
#18240=CARTESIAN_POINT('',(-121.75,-94.,-5.));
#18241=CARTESIAN_POINT('',(-126.227240203195,-94.,-5.));
#18242=CARTESIAN_POINT('Origin',(-127.87,-92.1155,-5.));
#18243=CARTESIAN_POINT('',(-113.5,-94.,-5.));
#18244=CARTESIAN_POINT('',(-121.75,-94.,-5.));
#18245=CARTESIAN_POINT('',(-113.5,-98.5278640450004,-5.));
#18246=CARTESIAN_POINT('',(-113.5,-80.,-5.));
#18247=CARTESIAN_POINT('',(-109.527864045,-102.5,-5.));
#18248=CARTESIAN_POINT('Origin',(-114.,-103.,-5.));
#18249=CARTESIAN_POINT('',(-3.16506350946113,-102.5,-5.));
#18250=CARTESIAN_POINT('',(80.75,-102.5,-5.));
#18251=CARTESIAN_POINT('',(-3.16506350946113,-96.,-5.));
#18252=CARTESIAN_POINT('',(-3.16506350946114,-83.,-5.));
#18253=CARTESIAN_POINT('',(1.16506350946108,-98.4999999999999,-5.));
#18254=CARTESIAN_POINT('',(-10.039140152,-92.0312500000001,-5.));
#18255=CARTESIAN_POINT('',(1.16506350946108,-88.4999999999999,-5.));
#18256=CARTESIAN_POINT('',(1.16506350946107,-79.5,-5.));
#18257=CARTESIAN_POINT('',(-3.16506350946111,-91.,-5.));
#18258=CARTESIAN_POINT('',(6.41534251990426,-85.4687499999999,-5.));
#18259=CARTESIAN_POINT('',(-3.16506350946111,-81.,-5.));
#18260=CARTESIAN_POINT('',(-3.16506350946112,-75.75,-5.));
#18261=CARTESIAN_POINT('',(1.16506350946109,-83.5,-5.));
#18262=CARTESIAN_POINT('',(-6.79154488780843,-78.90625,-5.));
#18263=CARTESIAN_POINT('',(1.16506350946108,-73.5,-5.));
#18264=CARTESIAN_POINT('',(1.16506350946108,-72.,-5.));
#18265=CARTESIAN_POINT('',(-3.16506350946109,-76.,-5.));
#18266=CARTESIAN_POINT('',(3.16774725571263,-72.3437499999999,-5.));
#18267=CARTESIAN_POINT('',(-3.16506350946109,-66.,-5.));
#18268=CARTESIAN_POINT('',(-3.16506350946109,-68.25,-5.));
#18269=CARTESIAN_POINT('',(1.16506350946111,-68.5,-5.));
#18270=CARTESIAN_POINT('',(-3.54394962361679,-65.78125,-5.));
#18271=CARTESIAN_POINT('',(1.16506350946109,-58.5,-5.));
#18272=CARTESIAN_POINT('',(1.1650635094611,-64.5,-5.));
#18273=CARTESIAN_POINT('',(-3.16506350946109,-61.,-5.));
#18274=CARTESIAN_POINT('',(-0.0798480084790398,-59.21875,-5.));
#18275=CARTESIAN_POINT('',(-3.1650635094611,-51.,-5.));
#18276=CARTESIAN_POINT('',(-3.16506350946109,-60.75,-5.));
#18277=CARTESIAN_POINT('',(1.1650635094611,-53.5,-5.));
#18278=CARTESIAN_POINT('',(-0.29635435942516,-52.65625,-5.));
#18279=CARTESIAN_POINT('',(1.16506350946109,-43.5,-5.));
#18280=CARTESIAN_POINT('',(1.1650635094611,-57.,-5.));
#18281=CARTESIAN_POINT('',(-3.16506350946111,-46.,-5.));
#18282=CARTESIAN_POINT('',(-3.32744327267069,-46.09375,-5.));
#18283=CARTESIAN_POINT('',(-3.16506350946112,-36.,-5.));
#18284=CARTESIAN_POINT('',(-3.1650635094611,-53.25,-5.));
#18285=CARTESIAN_POINT('',(1.16506350946108,-38.5,-5.));
#18286=CARTESIAN_POINT('',(2.95124090476648,-39.53125,-5.));
#18287=CARTESIAN_POINT('',(1.16506350946107,-28.5,-5.));
#18288=CARTESIAN_POINT('',(1.16506350946108,-49.5,-5.));
#18289=CARTESIAN_POINT('',(-3.16506350946112,-31.,-5.));
#18290=CARTESIAN_POINT('',(-6.57503853686236,-32.96875,-5.));
#18291=CARTESIAN_POINT('',(-3.16506350946112,-21.,-5.));
#18292=CARTESIAN_POINT('',(-3.16506350946111,-45.75,-5.));
#18293=CARTESIAN_POINT('',(1.16506350946108,-23.5,-5.));
#18294=CARTESIAN_POINT('',(6.19883616895811,-26.40625,-5.));
#18295=CARTESIAN_POINT('',(1.16506350946109,-42.,-5.));
#18296=CARTESIAN_POINT('',(-147.737813956946,-94.,-5.));
#18297=CARTESIAN_POINT('',(-151.022186043054,-94.,-5.));
#18298=CARTESIAN_POINT('',(-76.0110930215268,-94.,-5.));
#18299=CARTESIAN_POINT('Origin',(-149.38,-92.115,-5.));
#18300=CARTESIAN_POINT('',(-151.022186043054,-44.06,-5.));
#18301=CARTESIAN_POINT('',(-147.737813956946,-44.06,-5.));
#18302=CARTESIAN_POINT('',(-74.3689069784732,-44.06,-5.));
#18303=CARTESIAN_POINT('Origin',(-149.38,-45.945,-5.));
#18304=CARTESIAN_POINT('',(-129.512759796805,-44.06,-5.));
#18305=CARTESIAN_POINT('',(-126.227240203195,-44.06,-5.));
#18306=CARTESIAN_POINT('',(-63.6136201015973,-44.06,-5.));
#18307=CARTESIAN_POINT('Origin',(-127.87,-45.9445,-5.));
#18308=CARTESIAN_POINT('Origin',(-136.5,-77.,0.));
#18309=CARTESIAN_POINT('',(-131.5,-99.5,0.));
#18310=CARTESIAN_POINT('Origin',(-136.5,-99.5,0.));
#18311=CARTESIAN_POINT('',(-131.5,-94.,0.));
#18312=CARTESIAN_POINT('',(-131.5,-77.,0.));
#18313=CARTESIAN_POINT('Origin',(-136.5,-94.,0.));
#18314=CARTESIAN_POINT('Origin',(-109.527864045,-102.5,-3.5));
#18315=CARTESIAN_POINT('',(-109.527864045,-104.,-3.5));
#18316=CARTESIAN_POINT('Origin',(-109.527864045,-102.5,-3.5));
#18317=CARTESIAN_POINT('Origin',(-109.527864045,-102.5,-3.5));
#18318=CARTESIAN_POINT('Origin',(-109.527864045,-102.5,-3.5));
#18319=CARTESIAN_POINT('Origin',(-114.,-103.,-3.5));
#18320=CARTESIAN_POINT('Origin',(-113.5,-98.5278640450004,-3.5));
#18321=CARTESIAN_POINT('Ctrl Pts',(-113.666666666667,-100.01857603,-3.5));
#18322=CARTESIAN_POINT('Ctrl Pts',(-114.137597730875,-99.965924336386,-3.5));
#18323=CARTESIAN_POINT('Ctrl Pts',(-114.924468453422,-100.086864540705,
-3.11315850457586));
#18324=CARTESIAN_POINT('Ctrl Pts',(-115.656399277285,-100.478827797353,
-1.97679852213763));
#18325=CARTESIAN_POINT('Ctrl Pts',(-115.896453484035,-100.674119503683,
-1.13211895466341));
#18326=CARTESIAN_POINT('Ctrl Pts',(-115.956414837222,-100.725699891242,
-0.673327527833204));
#18327=CARTESIAN_POINT('Ctrl Pts',(-113.666666666667,-100.01857603,-3.72439947525641));
#18328=CARTESIAN_POINT('Ctrl Pts',(-114.182276336505,-99.960917240067,-3.72120367367307));
#18329=CARTESIAN_POINT('Ctrl Pts',(-115.048161015894,-100.112739491449,
-3.32951113403236));
#18330=CARTESIAN_POINT('Ctrl Pts',(-115.851758679266,-100.60027739716,-2.1662817763095));
#18331=CARTESIAN_POINT('Ctrl Pts',(-116.124336053238,-100.8591385461,-1.26336659174725));
#18332=CARTESIAN_POINT('Ctrl Pts',(-116.19392724257,-100.930014525031,-0.754345366558069));
#18333=CARTESIAN_POINT('Ctrl Pts',(-113.655281036227,-99.9167398554817,
-4.17309665220967));
#18334=CARTESIAN_POINT('Ctrl Pts',(-114.276800615941,-99.8502419624095,
-4.16348686016656));
#18335=CARTESIAN_POINT('Ctrl Pts',(-115.324324487341,-100.048396716445,
-3.76206656641764));
#18336=CARTESIAN_POINT('Ctrl Pts',(-116.335079623167,-100.694258812429,
-2.54542275642742));
#18337=CARTESIAN_POINT('Ctrl Pts',(-116.710396300102,-101.067444495874,
-1.52592914764245));
#18338=CARTESIAN_POINT('Ctrl Pts',(-116.810119278499,-101.173506739783,
-0.916206927846907));
#18339=CARTESIAN_POINT('Ctrl Pts',(-113.611440945249,-99.5246221612118,
-4.66769541785492));
#18340=CARTESIAN_POINT('Ctrl Pts',(-114.394669854286,-99.4507811522443,
-4.65447323777844));
#18341=CARTESIAN_POINT('Ctrl Pts',(-115.713104814769,-99.6666152221173,
-4.22185673626049));
#18342=CARTESIAN_POINT('Ctrl Pts',(-117.043942919362,-100.380747660324,
-2.8908616624215));
#18343=CARTESIAN_POINT('Ctrl Pts',(-117.563548217667,-100.800913616129,
-1.74410032693394));
#18344=CARTESIAN_POINT('Ctrl Pts',(-117.702564252504,-100.920927389772,
-1.04856794798299));
#18345=CARTESIAN_POINT('Ctrl Pts',(-113.556086069656,-99.0295131023698,
-4.9427414739517));
#18346=CARTESIAN_POINT('Ctrl Pts',(-114.473631287595,-98.952240167506,-4.93307310748383));
#18347=CARTESIAN_POINT('Ctrl Pts',(-116.012640105353,-99.1561738494382,
-4.44867161285339));
#18348=CARTESIAN_POINT('Ctrl Pts',(-117.545214273852,-99.8277000518993,
-2.97268847720477));
#18349=CARTESIAN_POINT('Ctrl Pts',(-118.116305811829,-100.201920265572,
-1.76171318444777));
#18350=CARTESIAN_POINT('Ctrl Pts',(-118.26574371875,-100.306245176748,-1.05531433421404));
#18351=CARTESIAN_POINT('Ctrl Pts',(-113.518699956271,-98.6951215385966,
-5.00000000000001));
#18352=CARTESIAN_POINT('Ctrl Pts',(-114.501163570792,-98.6167071422238,
-4.99621937301958));
#18353=CARTESIAN_POINT('Ctrl Pts',(-116.144692628117,-98.8055068100645,
-4.46809876552149));
#18354=CARTESIAN_POINT('Ctrl Pts',(-117.71766706259,-99.4214728150017,-2.89301305757874));
#18355=CARTESIAN_POINT('Ctrl Pts',(-118.260757990974,-99.7415838465522,
-1.67820255787503));
#18356=CARTESIAN_POINT('Ctrl Pts',(-118.398979976595,-99.8279972273683,
-1.00078240329015));
#18357=CARTESIAN_POINT('Ctrl Pts',(-113.5,-98.5278640450004,-5.00000000000001));
#18358=CARTESIAN_POINT('Ctrl Pts',(-114.50913799473,-98.4488865045791,-5.00000000000001));
#18359=CARTESIAN_POINT('Ctrl Pts',(-116.195289543047,-98.6302968110576,
-4.44736929225121));
#18360=CARTESIAN_POINT('Ctrl Pts',(-117.763712737038,-99.2182416960302,
-2.82399788876798));
#18361=CARTESIAN_POINT('Ctrl Pts',(-118.278114608646,-99.5111792555242,
-1.61731279237636));
#18362=CARTESIAN_POINT('Ctrl Pts',(-118.406603222618,-99.5885498368625,
-0.961896468333151));
#18363=CARTESIAN_POINT('Ctrl Pts',(-113.5,-98.5278640450004,-5.00000000000001));
#18364=CARTESIAN_POINT('Ctrl Pts',(-114.50913799473,-98.4488865045791,-5.00000000000001));
#18365=CARTESIAN_POINT('Ctrl Pts',(-116.195289543047,-98.6302968110576,
-4.44736929225121));
#18366=CARTESIAN_POINT('Ctrl Pts',(-117.763712737038,-99.2182416960302,
-2.82399788876798));
#18367=CARTESIAN_POINT('Ctrl Pts',(-118.278114608646,-99.5111792555242,
-1.61731279237636));
#18368=CARTESIAN_POINT('Ctrl Pts',(-118.406603222618,-99.5885498368625,
-0.961896468333151));
#18369=CARTESIAN_POINT('Origin',(-109.527864045,-102.5,0.));
#18370=CARTESIAN_POINT('',(-109.527864045,-104.,0.));
#18371=CARTESIAN_POINT('Origin',(-109.527864045,-102.5,0.));
#18372=CARTESIAN_POINT('',(-109.527864045,-104.,0.));
#18373=CARTESIAN_POINT('Origin',(80.75,-102.5,-3.5));
#18374=CARTESIAN_POINT('',(-3.16506350946113,-104.,-3.5));
#18375=CARTESIAN_POINT('Origin',(-3.16506350946112,-102.5,-3.5));
#18376=CARTESIAN_POINT('',(80.75,-104.,-3.5));
#18377=CARTESIAN_POINT('Origin',(-113.5,-80.,0.));
#18378=CARTESIAN_POINT('',(-118.5,-94.,0.));
#18379=CARTESIAN_POINT('Origin',(-113.5,-94.,0.));
#18380=CARTESIAN_POINT('',(-118.5,-99.5,0.));
#18381=CARTESIAN_POINT('',(-118.5,-80.,0.));
#18382=CARTESIAN_POINT('Origin',(-113.5,-99.5,0.));
#18383=CARTESIAN_POINT('Origin',(-118.5,-99.5,0.));
#18384=CARTESIAN_POINT('',(-118.5,-94.,1.2));
#18385=CARTESIAN_POINT('',(-118.5,-94.,0.));
#18386=CARTESIAN_POINT('',(-118.5,-99.5,1.2));
#18387=CARTESIAN_POINT('',(-118.5,-99.5,1.2));
#18388=CARTESIAN_POINT('',(-118.5,-99.5,0.));
#18389=CARTESIAN_POINT('Origin',(-131.5,-93.5,0.));
#18390=CARTESIAN_POINT('',(-131.5,-99.5,1.2));
#18391=CARTESIAN_POINT('',(-131.5,-99.5,0.));
#18392=CARTESIAN_POINT('',(-131.5,-94.,1.2));
#18393=CARTESIAN_POINT('',(-131.5,-93.5,1.2));
#18394=CARTESIAN_POINT('',(-131.5,-94.,0.));
#18395=CARTESIAN_POINT('Origin',(-1.00000000000001,-60.5,-5.));
#18396=CARTESIAN_POINT('',(-123.25,-96.5,-5.));
#18397=CARTESIAN_POINT('Origin',(-122.25,-96.5,-5.));
#18398=CARTESIAN_POINT('Origin',(-1.00000000000001,-60.5,-5.));
#18399=CARTESIAN_POINT('',(-128.75,-96.5,-5.));
#18400=CARTESIAN_POINT('Origin',(-127.75,-96.5,-5.));
#18401=CARTESIAN_POINT('Origin',(-1.00000000000001,-15.5,-3.25));
#18402=CARTESIAN_POINT('',(1.16506350946107,-15.5,-1.5));
#18403=CARTESIAN_POINT('',(1.16506350946107,-15.5,0.));
#18404=CARTESIAN_POINT('',(1.16506350946107,-15.5,0.));
#18405=CARTESIAN_POINT('',(1.5000000000095,-15.5000000000005,-1.5));
#18406=CARTESIAN_POINT('',(-1.00000000000001,-15.5,-1.5));
#18407=CARTESIAN_POINT('',(1.5000000000095,-15.5000000000005,0.));
#18408=CARTESIAN_POINT('',(1.50000000000977,-15.5,-1.625));
#18409=CARTESIAN_POINT('',(-1.00000000000001,-15.5,0.));
#18410=CARTESIAN_POINT('Origin',(4.00000000000951,-11.1698729810783,0.));
#18411=CARTESIAN_POINT('',(4.00000000000951,-11.1698729810783,-1.5));
#18412=CARTESIAN_POINT('',(14.7783621628268,7.49879790729925,-1.5));
#18413=CARTESIAN_POINT('',(4.00000000000951,-11.1698729810783,0.));
#18414=CARTESIAN_POINT('',(4.00000000000951,-11.1698729810783,0.));
#18415=CARTESIAN_POINT('',(14.7783621628268,7.49879790729925,0.));
#18416=CARTESIAN_POINT('Origin',(-164.5,-15.5,0.));
#18417=CARTESIAN_POINT('',(-3.49999999999078,-15.5,-1.5));
#18418=CARTESIAN_POINT('',(-82.75,-15.5,-1.5));
#18419=CARTESIAN_POINT('',(1.16506350946107,-15.5,-6.5));
#18420=CARTESIAN_POINT('',(1.16506350946107,-15.5,0.));
#18421=CARTESIAN_POINT('',(-162.2,-15.5,-6.5));
#18422=CARTESIAN_POINT('',(-164.5,-15.5,-6.5));
#18423=CARTESIAN_POINT('',(-162.2,-15.5,0.));
#18424=CARTESIAN_POINT('',(-162.2,-15.5,0.));
#18425=CARTESIAN_POINT('',(-153.500000000035,-15.5,0.));
#18426=CARTESIAN_POINT('',(-1.00000000000001,-15.5,0.));
#18427=CARTESIAN_POINT('',(-153.500000000035,-15.5,-1.5));
#18428=CARTESIAN_POINT('',(-153.500000000035,-15.5,0.));
#18429=CARTESIAN_POINT('',(-148.500000000034,-15.5,-1.5));
#18430=CARTESIAN_POINT('',(-82.75,-15.5,-1.5));
#18431=CARTESIAN_POINT('',(-148.500000000034,-15.5,0.));
#18432=CARTESIAN_POINT('',(-148.500000000034,-15.5,0.));
#18433=CARTESIAN_POINT('',(-138.500000000034,-15.5,0.));
#18434=CARTESIAN_POINT('',(-1.00000000000001,-15.5,0.));
#18435=CARTESIAN_POINT('',(-138.500000000034,-15.5,-1.5));
#18436=CARTESIAN_POINT('',(-138.500000000034,-15.5,0.));
#18437=CARTESIAN_POINT('',(-133.500000000034,-15.5,-1.5));
#18438=CARTESIAN_POINT('',(-82.75,-15.5,-1.5));
#18439=CARTESIAN_POINT('',(-133.500000000034,-15.5,0.));
#18440=CARTESIAN_POINT('',(-133.500000000034,-15.5,0.));
#18441=CARTESIAN_POINT('',(-123.500000000033,-15.5,0.));
#18442=CARTESIAN_POINT('',(-1.00000000000001,-15.5,0.));
#18443=CARTESIAN_POINT('',(-123.500000000033,-15.5,-1.5));
#18444=CARTESIAN_POINT('',(-123.500000000033,-15.5,0.));
#18445=CARTESIAN_POINT('',(-118.500000000033,-15.5,-1.5));
#18446=CARTESIAN_POINT('',(-82.75,-15.5,-1.5));
#18447=CARTESIAN_POINT('',(-118.500000000033,-15.5,0.));
#18448=CARTESIAN_POINT('',(-118.500000000033,-15.5,0.));
#18449=CARTESIAN_POINT('',(-108.500000000033,-15.5,0.));
#18450=CARTESIAN_POINT('',(-1.00000000000001,-15.5,0.));
#18451=CARTESIAN_POINT('',(-108.500000000033,-15.5,-1.5));
#18452=CARTESIAN_POINT('',(-108.500000000033,-15.5,0.));
#18453=CARTESIAN_POINT('',(-103.500000000013,-15.5,-1.5));
#18454=CARTESIAN_POINT('',(-82.75,-15.5,-1.5));
#18455=CARTESIAN_POINT('',(-103.500000000013,-15.5,0.));
#18456=CARTESIAN_POINT('',(-103.500000000013,-15.5,0.));
#18457=CARTESIAN_POINT('',(-93.5000000000131,-15.5,0.));
#18458=CARTESIAN_POINT('',(-1.00000000000001,-15.5,0.));
#18459=CARTESIAN_POINT('',(-93.5000000000131,-15.5,-1.5));
#18460=CARTESIAN_POINT('',(-93.5000000000131,-15.5,0.));
#18461=CARTESIAN_POINT('',(-88.4999999999935,-15.5,-1.5));
#18462=CARTESIAN_POINT('',(-82.75,-15.5,-1.5));
#18463=CARTESIAN_POINT('',(-88.4999999999935,-15.5,0.));
#18464=CARTESIAN_POINT('',(-88.4999999999935,-15.5,0.));
#18465=CARTESIAN_POINT('',(-78.4999999999935,-15.5,0.));
#18466=CARTESIAN_POINT('',(-1.00000000000001,-15.5,0.));
#18467=CARTESIAN_POINT('',(-78.4999999999935,-15.5,-1.5));
#18468=CARTESIAN_POINT('',(-78.4999999999935,-15.5,0.));
#18469=CARTESIAN_POINT('',(-73.4999999999928,-15.5,-1.5));
#18470=CARTESIAN_POINT('',(-82.75,-15.5,-1.5));
#18471=CARTESIAN_POINT('',(-73.4999999999928,-15.5,0.));
#18472=CARTESIAN_POINT('',(-73.4999999999927,-15.5,0.));
#18473=CARTESIAN_POINT('',(-63.4999999999928,-15.5,0.));
#18474=CARTESIAN_POINT('',(-1.00000000000001,-15.5,0.));
#18475=CARTESIAN_POINT('',(-63.4999999999927,-15.5,-1.5));
#18476=CARTESIAN_POINT('',(-63.4999999999928,-15.5,0.));
#18477=CARTESIAN_POINT('',(-58.499999999992,-15.5,-1.5));
#18478=CARTESIAN_POINT('',(-82.75,-15.5,-1.5));
#18479=CARTESIAN_POINT('',(-58.499999999992,-15.5,0.));
#18480=CARTESIAN_POINT('',(-58.499999999992,-15.5,0.));
#18481=CARTESIAN_POINT('',(-48.499999999992,-15.5,0.));
#18482=CARTESIAN_POINT('',(-1.00000000000001,-15.5,0.));
#18483=CARTESIAN_POINT('',(-48.4999999999921,-15.5,-1.5));
#18484=CARTESIAN_POINT('',(-48.499999999992,-15.5,0.));
#18485=CARTESIAN_POINT('',(-43.4999999999914,-15.5,-1.5));
#18486=CARTESIAN_POINT('',(-82.75,-15.5,-1.5));
#18487=CARTESIAN_POINT('',(-43.4999999999914,-15.5,0.));
#18488=CARTESIAN_POINT('',(-43.4999999999914,-15.5,0.));
#18489=CARTESIAN_POINT('',(-33.4999999999914,-15.5,0.));
#18490=CARTESIAN_POINT('',(-1.00000000000001,-15.5,0.));
#18491=CARTESIAN_POINT('',(-33.4999999999915,-15.5,-1.5));
#18492=CARTESIAN_POINT('',(-33.4999999999915,-15.5,0.));
#18493=CARTESIAN_POINT('',(-28.4999999999909,-15.5,-1.5));
#18494=CARTESIAN_POINT('',(-82.75,-15.5,-1.5));
#18495=CARTESIAN_POINT('',(-28.4999999999909,-15.5,0.));
#18496=CARTESIAN_POINT('',(-28.4999999999909,-15.5,0.));
#18497=CARTESIAN_POINT('',(-18.4999999999909,-15.5,0.));
#18498=CARTESIAN_POINT('',(-1.00000000000001,-15.5,0.));
#18499=CARTESIAN_POINT('',(-18.4999999999909,-15.5,-1.5));
#18500=CARTESIAN_POINT('',(-18.4999999999909,-15.5,0.));
#18501=CARTESIAN_POINT('',(-13.4999999999905,-15.5000000000005,-1.5));
#18502=CARTESIAN_POINT('',(-82.75,-15.5,-1.5));
#18503=CARTESIAN_POINT('',(-13.4999999999905,-15.5000000000005,0.));
#18504=CARTESIAN_POINT('',(-13.4999999999902,-15.5,0.));
#18505=CARTESIAN_POINT('',(-3.49999999999049,-15.5000000000005,0.));
#18506=CARTESIAN_POINT('',(-1.00000000000001,-15.5,0.));
#18507=CARTESIAN_POINT('',(-3.49999999999079,-15.5,0.));
#18508=CARTESIAN_POINT('Origin',(-1.00000000000001,41.5000007338822,-1.5));
#18509=CARTESIAN_POINT('',(-5.99999999999049,-11.1698729810783,-1.5));
#18510=CARTESIAN_POINT('',(-15.5283621628102,5.33373439784229,-1.5));
#18511=CARTESIAN_POINT('',(-3.49999999999518,-11.1698729810783,-1.5));
#18512=CARTESIAN_POINT('Origin',(-3.49999999999049,-15.5000000000005,0.));
#18513=CARTESIAN_POINT('',(-5.99999999999049,-11.1698729810783,0.));
#18514=CARTESIAN_POINT('',(-15.5283621628102,5.33373439784229,0.));
#18515=CARTESIAN_POINT('',(-5.99999999999049,-11.1698729810783,0.));
#18516=CARTESIAN_POINT('Origin',(-5.99999999999049,-11.1698729810783,0.));
#18517=CARTESIAN_POINT('',(-3.49999999999518,-11.1698729810783,0.));
#18518=CARTESIAN_POINT('Origin',(-153.500000000035,-15.5,0.));
#18519=CARTESIAN_POINT('',(-156.000000000035,-11.1698729810784,0.));
#18520=CARTESIAN_POINT('',(-146.778362162849,-27.1422182440834,0.));
#18521=CARTESIAN_POINT('',(-156.000000000035,-11.1698729810784,-1.5));
#18522=CARTESIAN_POINT('',(-156.000000000035,-11.1698729810784,0.));
#18523=CARTESIAN_POINT('',(-146.778362162849,-27.1422182440834,-1.5));
#18524=CARTESIAN_POINT('Origin',(-156.000000000035,-11.1698729810784,0.));
#18525=CARTESIAN_POINT('',(-146.000000000035,-11.1698729810784,0.));
#18526=CARTESIAN_POINT('',(-78.5000000000173,-11.1698729810785,0.));
#18527=CARTESIAN_POINT('',(-146.000000000035,-11.1698729810784,-1.5));
#18528=CARTESIAN_POINT('',(-146.000000000035,-11.1698729810784,0.));
#18529=CARTESIAN_POINT('',(-78.5000000000173,-11.1698729810785,-1.5));
#18530=CARTESIAN_POINT('Origin',(-146.000000000035,-11.1698729810784,0.));
#18531=CARTESIAN_POINT('',(-116.471637837211,39.9747505492253,0.));
#18532=CARTESIAN_POINT('',(-116.471637837211,39.9747505492253,-1.5));
#18533=CARTESIAN_POINT('Origin',(-1.00000000000001,41.5000007338822,-1.5));
#18534=CARTESIAN_POINT('Origin',(-138.500000000034,-15.5,0.));
#18535=CARTESIAN_POINT('',(-141.000000000034,-11.1698729810784,0.));
#18536=CARTESIAN_POINT('',(-133.653362162849,-23.8946229798913,0.));
#18537=CARTESIAN_POINT('',(-141.000000000034,-11.1698729810784,-1.5));
#18538=CARTESIAN_POINT('',(-141.000000000034,-11.1698729810784,0.));
#18539=CARTESIAN_POINT('',(-133.653362162849,-23.8946229798913,-1.5));
#18540=CARTESIAN_POINT('Origin',(-141.000000000034,-11.1698729810784,0.));
#18541=CARTESIAN_POINT('',(-131.000000000034,-11.1698729810785,0.));
#18542=CARTESIAN_POINT('',(-71.000000000017,-11.1698729810787,0.));
#18543=CARTESIAN_POINT('',(-131.000000000034,-11.1698729810785,-1.5));
#18544=CARTESIAN_POINT('',(-131.000000000034,-11.1698729810785,0.));
#18545=CARTESIAN_POINT('',(-71.000000000017,-11.1698729810787,-1.5));
#18546=CARTESIAN_POINT('Origin',(-131.000000000034,-11.1698729810785,0.));
#18547=CARTESIAN_POINT('',(-103.34663783721,36.7271552850335,0.));
#18548=CARTESIAN_POINT('',(-103.34663783721,36.7271552850335,-1.5));
#18549=CARTESIAN_POINT('Origin',(-1.00000000000001,41.5000007338822,-1.5));
#18550=CARTESIAN_POINT('Origin',(-123.500000000033,-15.5,0.));
#18551=CARTESIAN_POINT('',(-126.000000000033,-11.1698729810785,0.));
#18552=CARTESIAN_POINT('',(-120.528362162848,-20.6470277157,0.));
#18553=CARTESIAN_POINT('',(-126.000000000033,-11.1698729810785,-1.5));
#18554=CARTESIAN_POINT('',(-126.000000000033,-11.1698729810785,0.));
#18555=CARTESIAN_POINT('',(-120.528362162848,-20.6470277157,-1.5));
#18556=CARTESIAN_POINT('Origin',(-126.000000000033,-11.1698729810785,0.));
#18557=CARTESIAN_POINT('',(-116.000000000033,-11.1698729810785,0.));
#18558=CARTESIAN_POINT('',(-63.5000000000167,-11.1698729810786,0.));
#18559=CARTESIAN_POINT('',(-116.000000000033,-11.1698729810785,-1.5));
#18560=CARTESIAN_POINT('',(-116.000000000033,-11.1698729810785,0.));
#18561=CARTESIAN_POINT('',(-63.5000000000167,-11.1698729810786,-1.5));
#18562=CARTESIAN_POINT('Origin',(-116.000000000033,-11.1698729810785,0.));
#18563=CARTESIAN_POINT('',(-90.2216378372104,33.4795600208416,0.));
#18564=CARTESIAN_POINT('',(-90.2216378372104,33.4795600208416,-1.5));
#18565=CARTESIAN_POINT('Origin',(-1.00000000000001,41.5000007338822,-1.5));
#18566=CARTESIAN_POINT('Origin',(-108.500000000033,-15.5,0.));
#18567=CARTESIAN_POINT('',(-111.00000000003,-11.169872981083,0.));
#18568=CARTESIAN_POINT('',(-107.403362162847,-17.3994324515078,0.));
#18569=CARTESIAN_POINT('',(-111.00000000003,-11.169872981083,-1.5));
#18570=CARTESIAN_POINT('',(-111.00000000003,-11.169872981083,0.));
#18571=CARTESIAN_POINT('',(-107.403362162847,-17.3994324515078,-1.5));
#18572=CARTESIAN_POINT('Origin',(-111.00000000003,-11.169872981083,0.));
#18573=CARTESIAN_POINT('',(-101.00000000003,-11.1698729810861,0.));
#18574=CARTESIAN_POINT('',(-56.0000000000229,-11.1698729810999,0.));
#18575=CARTESIAN_POINT('',(-101.00000000003,-11.1698729810861,-1.5));
#18576=CARTESIAN_POINT('',(-101.00000000003,-11.1698729810861,0.));
#18577=CARTESIAN_POINT('',(-56.0000000000229,-11.1698729810999,-1.5));
#18578=CARTESIAN_POINT('Origin',(-101.00000000003,-11.1698729810861,0.));
#18579=CARTESIAN_POINT('',(-77.096637837321,30.2319647566399,0.));
#18580=CARTESIAN_POINT('',(-77.096637837321,30.2319647566399,-1.5));
#18581=CARTESIAN_POINT('Origin',(-1.00000000000001,41.5000007338822,-1.5));
#18582=CARTESIAN_POINT('Origin',(-93.5000000000131,-15.5,0.));
#18583=CARTESIAN_POINT('',(-95.9999999999965,-11.1698729810861,0.));
#18584=CARTESIAN_POINT('',(-94.2783621628825,-14.1518371872146,0.));
#18585=CARTESIAN_POINT('',(-95.9999999999965,-11.1698729810861,-1.5));
#18586=CARTESIAN_POINT('',(-95.9999999999965,-11.1698729810861,0.));
#18587=CARTESIAN_POINT('',(-94.2783621628825,-14.1518371872146,-1.5));
#18588=CARTESIAN_POINT('Origin',(-95.9999999999965,-11.1698729810861,0.));
#18589=CARTESIAN_POINT('',(-85.9999999999966,-11.169872981083,0.));
#18590=CARTESIAN_POINT('',(-48.4999999999902,-11.1698729810716,0.));
#18591=CARTESIAN_POINT('',(-85.9999999999966,-11.169872981083,-1.5));
#18592=CARTESIAN_POINT('',(-85.9999999999966,-11.169872981083,0.));
#18593=CARTESIAN_POINT('',(-48.4999999999902,-11.1698729810716,-1.5));
#18594=CARTESIAN_POINT('Origin',(-85.9999999999966,-11.169872981083,0.));
#18595=CARTESIAN_POINT('',(-63.9716378371779,26.9843694924475,0.));
#18596=CARTESIAN_POINT('',(-63.9716378371779,26.9843694924475,-1.5));
#18597=CARTESIAN_POINT('Origin',(-1.00000000000001,41.5000007338822,-1.5));
#18598=CARTESIAN_POINT('Origin',(-78.4999999999935,-15.5,0.));
#18599=CARTESIAN_POINT('',(-80.9999999999931,-11.1698729810785,0.));
#18600=CARTESIAN_POINT('',(-81.1533621628128,-10.9042419231162,0.));
#18601=CARTESIAN_POINT('',(-80.9999999999931,-11.1698729810785,-1.5));
#18602=CARTESIAN_POINT('',(-80.9999999999931,-11.1698729810785,0.));
#18603=CARTESIAN_POINT('',(-81.1533621628128,-10.9042419231162,-1.5));
#18604=CARTESIAN_POINT('Origin',(-80.9999999999931,-11.1698729810785,0.));
#18605=CARTESIAN_POINT('',(-70.9999999999931,-11.1698729810785,0.));
#18606=CARTESIAN_POINT('',(-40.9999999999965,-11.1698729810784,0.));
#18607=CARTESIAN_POINT('',(-70.9999999999931,-11.1698729810785,-1.5));
#18608=CARTESIAN_POINT('',(-70.9999999999931,-11.1698729810785,0.));
#18609=CARTESIAN_POINT('',(-40.9999999999965,-11.1698729810784,-1.5));
#18610=CARTESIAN_POINT('Origin',(-70.9999999999931,-11.1698729810785,0.));
#18611=CARTESIAN_POINT('',(-50.8466378371752,23.7367742282579,0.));
#18612=CARTESIAN_POINT('',(-50.8466378371752,23.7367742282579,-1.5));
#18613=CARTESIAN_POINT('Origin',(-1.00000000000001,41.5000007338822,-1.5));
#18614=CARTESIAN_POINT('Origin',(-1.00000000000001,41.5000007338822,-1.5));
#18615=CARTESIAN_POINT('',(-65.9999999999924,-11.1698729810785,-1.5));
#18616=CARTESIAN_POINT('',(-68.028362162812,-7.6566466589248,-1.5));
#18617=CARTESIAN_POINT('',(-55.9999999999924,-11.1698729810784,-1.5));
#18618=CARTESIAN_POINT('',(-33.4999999999961,-11.1698729810783,-1.5));
#18619=CARTESIAN_POINT('',(-37.721637837175,20.4891789640662,-1.5));
#18620=CARTESIAN_POINT('Origin',(-55.9999999999924,-11.1698729810784,0.));
#18621=CARTESIAN_POINT('',(-55.9999999999924,-11.1698729810784,0.));
#18622=CARTESIAN_POINT('',(-37.721637837175,20.4891789640662,0.));
#18623=CARTESIAN_POINT('',(-55.9999999999924,-11.1698729810784,0.));
#18624=CARTESIAN_POINT('Origin',(-65.9999999999924,-11.1698729810785,0.));
#18625=CARTESIAN_POINT('',(-65.9999999999924,-11.1698729810785,0.));
#18626=CARTESIAN_POINT('',(-33.4999999999961,-11.1698729810783,0.));
#18627=CARTESIAN_POINT('',(-65.9999999999924,-11.1698729810785,0.));
#18628=CARTESIAN_POINT('Origin',(-63.4999999999928,-15.5,0.));
#18629=CARTESIAN_POINT('',(-68.028362162812,-7.6566466589248,0.));
#18630=CARTESIAN_POINT('Origin',(-1.00000000000001,41.5000007338822,-1.5));
#18631=CARTESIAN_POINT('',(-50.9999999999918,-11.1698729810784,-1.5));
#18632=CARTESIAN_POINT('',(-54.9033621628114,-4.40905139473287,-1.5));
#18633=CARTESIAN_POINT('',(-40.9999999999918,-11.1698729810784,-1.5));
#18634=CARTESIAN_POINT('',(-25.9999999999958,-11.1698729810783,-1.5));
#18635=CARTESIAN_POINT('',(-24.5966378371743,17.2415836998745,-1.5));
#18636=CARTESIAN_POINT('Origin',(-40.9999999999918,-11.1698729810784,0.));
#18637=CARTESIAN_POINT('',(-40.9999999999918,-11.1698729810784,0.));
#18638=CARTESIAN_POINT('',(-24.5966378371743,17.2415836998745,0.));
#18639=CARTESIAN_POINT('',(-40.9999999999918,-11.1698729810784,0.));
#18640=CARTESIAN_POINT('Origin',(-50.9999999999918,-11.1698729810784,0.));
#18641=CARTESIAN_POINT('',(-50.9999999999918,-11.1698729810784,0.));
#18642=CARTESIAN_POINT('',(-25.9999999999958,-11.1698729810783,0.));
#18643=CARTESIAN_POINT('',(-50.9999999999918,-11.1698729810784,0.));
#18644=CARTESIAN_POINT('Origin',(-48.499999999992,-15.5,0.));
#18645=CARTESIAN_POINT('',(-54.9033621628114,-4.40905139473287,0.));
#18646=CARTESIAN_POINT('Origin',(-1.00000000000001,41.5000007338822,-1.5));
#18647=CARTESIAN_POINT('',(-35.9999999999912,-11.1698729810783,-1.5));
#18648=CARTESIAN_POINT('',(-41.7783621628109,-1.1614561305412,-1.5));
#18649=CARTESIAN_POINT('',(-25.9999999999912,-11.1698729810783,-1.5));
#18650=CARTESIAN_POINT('',(-18.4999999999956,-11.1698729810783,-1.5));
#18651=CARTESIAN_POINT('',(-11.4716378371739,13.9939884356828,-1.5));
#18652=CARTESIAN_POINT('Origin',(-25.9999999999912,-11.1698729810783,0.));
#18653=CARTESIAN_POINT('',(-25.9999999999912,-11.1698729810783,0.));
#18654=CARTESIAN_POINT('',(-11.4716378371739,13.9939884356828,0.));
#18655=CARTESIAN_POINT('',(-25.9999999999912,-11.1698729810783,0.));
#18656=CARTESIAN_POINT('Origin',(-35.9999999999912,-11.1698729810783,0.));
#18657=CARTESIAN_POINT('',(-35.9999999999912,-11.1698729810783,0.));
#18658=CARTESIAN_POINT('',(-18.4999999999956,-11.1698729810783,0.));
#18659=CARTESIAN_POINT('',(-35.9999999999912,-11.1698729810783,0.));
#18660=CARTESIAN_POINT('Origin',(-33.4999999999914,-15.5,0.));
#18661=CARTESIAN_POINT('',(-41.7783621628109,-1.1614561305412,0.));
#18662=CARTESIAN_POINT('Origin',(-1.00000000000001,41.5000007338822,-1.5));
#18663=CARTESIAN_POINT('',(-20.9999999999906,-11.1698729810783,-1.5));
#18664=CARTESIAN_POINT('',(-28.6533621628104,2.08613913365093,-1.5));
#18665=CARTESIAN_POINT('',(-10.9999999999906,-11.1698729810783,-1.5));
#18666=CARTESIAN_POINT('',(-10.9999999999952,-11.1698729810783,-1.5));
#18667=CARTESIAN_POINT('',(1.65336216282656,10.7463931714912,-1.5));
#18668=CARTESIAN_POINT('Origin',(-10.9999999999906,-11.1698729810783,0.));
#18669=CARTESIAN_POINT('',(-10.9999999999906,-11.1698729810783,0.));
#18670=CARTESIAN_POINT('',(1.65336216282656,10.7463931714912,0.));
#18671=CARTESIAN_POINT('',(-10.9999999999906,-11.1698729810783,0.));
#18672=CARTESIAN_POINT('Origin',(-20.9999999999906,-11.1698729810783,0.));
#18673=CARTESIAN_POINT('',(-20.9999999999906,-11.1698729810783,0.));
#18674=CARTESIAN_POINT('',(-10.9999999999952,-11.1698729810783,0.));
#18675=CARTESIAN_POINT('',(-20.9999999999906,-11.1698729810783,0.));
#18676=CARTESIAN_POINT('Origin',(-18.4999999999909,-15.5,0.));
#18677=CARTESIAN_POINT('',(-28.6533621628104,2.08613913365093,0.));
#18678=CARTESIAN_POINT('Origin',(-3.16506350946112,-21.,0.));
#18679=CARTESIAN_POINT('',(-3.16506350946112,-21.,-6.5));
#18680=CARTESIAN_POINT('',(-3.16506350946112,-21.,0.));
#18681=CARTESIAN_POINT('',(1.16506350946108,-23.5,-6.5));
#18682=CARTESIAN_POINT('',(6.19883616895811,-26.40625,-6.5));
#18683=CARTESIAN_POINT('',(1.16506350946108,-23.5,0.));
#18684=CARTESIAN_POINT('Origin',(-3.16506350946112,-31.,0.));
#18685=CARTESIAN_POINT('',(-3.16506350946112,-31.,-6.5));
#18686=CARTESIAN_POINT('',(-3.16506350946112,-31.,0.));
#18687=CARTESIAN_POINT('',(-3.16506350946111,-45.75,-6.5));
#18688=CARTESIAN_POINT('Origin',(1.16506350946107,-28.5,0.));
#18689=CARTESIAN_POINT('',(1.16506350946107,-28.5,-6.5));
#18690=CARTESIAN_POINT('',(1.16506350946107,-28.5,0.));
#18691=CARTESIAN_POINT('',(-6.57503853686236,-32.96875,-6.5));
#18692=CARTESIAN_POINT('Origin',(1.16506350946108,-38.5,0.));
#18693=CARTESIAN_POINT('',(1.16506350946108,-38.5,-6.5));
#18694=CARTESIAN_POINT('',(1.16506350946108,-38.5,0.));
#18695=CARTESIAN_POINT('',(1.16506350946108,-49.5,-6.5));
#18696=CARTESIAN_POINT('Origin',(-3.16506350946112,-36.,0.));
#18697=CARTESIAN_POINT('',(-3.16506350946112,-36.,-6.5));
#18698=CARTESIAN_POINT('',(-3.16506350946112,-36.,0.));
#18699=CARTESIAN_POINT('',(2.95124090476648,-39.53125,-6.5));
#18700=CARTESIAN_POINT('Origin',(-3.16506350946111,-46.,0.));
#18701=CARTESIAN_POINT('',(-3.16506350946111,-46.,-6.5));
#18702=CARTESIAN_POINT('',(-3.16506350946111,-46.,0.));
#18703=CARTESIAN_POINT('',(-3.1650635094611,-53.25,-6.5));
#18704=CARTESIAN_POINT('Origin',(1.16506350946109,-43.5,0.));
#18705=CARTESIAN_POINT('',(1.16506350946109,-43.5,-6.5));
#18706=CARTESIAN_POINT('',(1.16506350946109,-43.5,0.));
#18707=CARTESIAN_POINT('',(-3.32744327267069,-46.09375,-6.5));
#18708=CARTESIAN_POINT('Origin',(1.1650635094611,-53.5,0.));
#18709=CARTESIAN_POINT('',(1.1650635094611,-53.5,-6.5));
#18710=CARTESIAN_POINT('',(1.1650635094611,-53.5,0.));
#18711=CARTESIAN_POINT('',(1.1650635094611,-57.,-6.5));
#18712=CARTESIAN_POINT('Origin',(-3.1650635094611,-51.,0.));
#18713=CARTESIAN_POINT('',(-3.1650635094611,-51.,-6.5));
#18714=CARTESIAN_POINT('',(-3.1650635094611,-51.,0.));
#18715=CARTESIAN_POINT('',(-0.29635435942516,-52.65625,-6.5));
#18716=CARTESIAN_POINT('Origin',(-3.16506350946109,-61.,0.));
#18717=CARTESIAN_POINT('',(-3.16506350946109,-61.,-6.5));
#18718=CARTESIAN_POINT('',(-3.16506350946109,-61.,0.));
#18719=CARTESIAN_POINT('',(-3.16506350946109,-60.75,-6.5));
#18720=CARTESIAN_POINT('Origin',(1.16506350946109,-58.5,0.));
#18721=CARTESIAN_POINT('',(1.16506350946109,-58.5,-6.5));
#18722=CARTESIAN_POINT('',(1.16506350946109,-58.5,0.));
#18723=CARTESIAN_POINT('',(-0.0798480084790398,-59.21875,-6.5));
#18724=CARTESIAN_POINT('Origin',(1.16506350946111,-68.5,0.));
#18725=CARTESIAN_POINT('',(1.16506350946111,-68.5,-6.5));
#18726=CARTESIAN_POINT('',(1.16506350946111,-68.5,0.));
#18727=CARTESIAN_POINT('',(1.1650635094611,-64.5,-6.5));
#18728=CARTESIAN_POINT('Origin',(-3.16506350946109,-66.,0.));
#18729=CARTESIAN_POINT('',(-3.16506350946109,-66.,-6.5));
#18730=CARTESIAN_POINT('',(-3.16506350946109,-66.,0.));
#18731=CARTESIAN_POINT('',(-3.54394962361679,-65.78125,-6.5));
#18732=CARTESIAN_POINT('Origin',(-3.16506350946109,-76.,0.));
#18733=CARTESIAN_POINT('',(-3.16506350946109,-76.,-6.5));
#18734=CARTESIAN_POINT('',(-3.16506350946109,-76.,0.));
#18735=CARTESIAN_POINT('',(-3.16506350946109,-68.25,-6.5));
#18736=CARTESIAN_POINT('Origin',(1.16506350946108,-73.5,0.));
#18737=CARTESIAN_POINT('',(1.16506350946108,-73.5,-6.5));
#18738=CARTESIAN_POINT('',(1.16506350946108,-73.5,0.));
#18739=CARTESIAN_POINT('',(3.16774725571263,-72.3437499999999,-6.5));
#18740=CARTESIAN_POINT('Origin',(1.16506350946109,-83.5,0.));
#18741=CARTESIAN_POINT('',(1.16506350946109,-83.5,-6.5));
#18742=CARTESIAN_POINT('',(1.16506350946109,-83.5,0.));
#18743=CARTESIAN_POINT('',(1.16506350946108,-72.,-6.5));
#18744=CARTESIAN_POINT('Origin',(-3.16506350946111,-81.,0.));
#18745=CARTESIAN_POINT('',(-3.16506350946111,-81.,-6.5));
#18746=CARTESIAN_POINT('',(-3.16506350946111,-81.,0.));
#18747=CARTESIAN_POINT('',(-6.79154488780843,-78.90625,-6.5));
#18748=CARTESIAN_POINT('Origin',(-3.16506350946111,-91.,0.));
#18749=CARTESIAN_POINT('',(-3.16506350946111,-91.,-6.5));
#18750=CARTESIAN_POINT('',(-3.16506350946111,-91.,0.));
#18751=CARTESIAN_POINT('',(-3.16506350946112,-75.75,-6.5));
#18752=CARTESIAN_POINT('Origin',(1.16506350946108,-88.4999999999999,0.));
#18753=CARTESIAN_POINT('',(1.16506350946108,-88.4999999999999,-6.5));
#18754=CARTESIAN_POINT('',(1.16506350946108,-88.4999999999999,0.));
#18755=CARTESIAN_POINT('',(6.41534251990426,-85.4687499999999,-6.5));
#18756=CARTESIAN_POINT('Origin',(1.16506350946108,-98.4999999999999,0.));
#18757=CARTESIAN_POINT('',(1.16506350946108,-98.4999999999999,-6.5));
#18758=CARTESIAN_POINT('',(1.16506350946108,-98.4999999999999,0.));
#18759=CARTESIAN_POINT('',(1.16506350946107,-79.5,-6.5));
#18760=CARTESIAN_POINT('Origin',(-3.16506350946112,-105.5,0.));
#18761=CARTESIAN_POINT('',(-3.16506350946112,-104.,0.));
#18762=CARTESIAN_POINT('',(-3.16506350946113,-104.,0.));
#18763=CARTESIAN_POINT('',(-3.16506350946113,-105.5,0.));
#18764=CARTESIAN_POINT('',(-3.16506350946116,-31.9999996330589,0.));
#18765=CARTESIAN_POINT('',(-3.16506350946113,-105.5,-6.5));
#18766=CARTESIAN_POINT('',(-3.16506350946113,-105.5,0.));
#18767=CARTESIAN_POINT('',(-3.16506350946113,-96.,-6.5));
#18768=CARTESIAN_POINT('',(-3.16506350946114,-83.,-6.5));
#18769=CARTESIAN_POINT('',(-3.16506350946113,-96.,0.));
#18770=CARTESIAN_POINT('Origin',(-3.16506350946113,-96.,0.));
#18771=CARTESIAN_POINT('',(-10.039140152,-92.0312500000001,-6.5));
#18772=CARTESIAN_POINT('Origin',(1.16506350946108,-23.5,0.));
#18773=CARTESIAN_POINT('',(1.16506350946109,-42.,-6.5));
#18774=CARTESIAN_POINT('',(1.16506350946105,9.0000003669411,0.));
#18775=CARTESIAN_POINT('Origin',(-1.00000000000001,41.5000007338822,0.));
#18776=CARTESIAN_POINT('',(80.75,-104.,0.));
#18777=CARTESIAN_POINT('',(80.75,-104.,0.));
#18778=CARTESIAN_POINT('',(80.75,-104.,0.));
#18779=CARTESIAN_POINT('Origin',(-146.,-103.,0.));
#18780=CARTESIAN_POINT('',(80.75,-104.,0.));
#18781=CARTESIAN_POINT('',(-164.5,-90.5699999999999,0.));
#18782=CARTESIAN_POINT('',(-82.75,-90.5699999999999,0.));
#18783=CARTESIAN_POINT('',(-164.5,-103.2,0.));
#18784=CARTESIAN_POINT('',(-164.5,-105.5,0.));
#18785=CARTESIAN_POINT('',(-162.2,-105.5,0.));
#18786=CARTESIAN_POINT('Origin',(-162.2,-103.2,0.));
#18787=CARTESIAN_POINT('',(162.5,-105.5,0.));
#18788=CARTESIAN_POINT('',(-147.15,-103.,0.));
#18789=CARTESIAN_POINT('Origin',(-146.,-103.,0.));
#18790=CARTESIAN_POINT('',(-131.15,-103.,0.));
#18791=CARTESIAN_POINT('Origin',(-130.,-103.,0.));
#18792=CARTESIAN_POINT('',(-115.15,-103.,0.));
#18793=CARTESIAN_POINT('Origin',(-114.,-103.,0.));
#18794=CARTESIAN_POINT('',(-163.15,-103.,0.));
#18795=CARTESIAN_POINT('Origin',(-162.,-103.,0.));
#18796=CARTESIAN_POINT('Origin',(162.5,-105.5,0.));
#18797=CARTESIAN_POINT('',(-162.2,-105.5,-6.5));
#18798=CARTESIAN_POINT('',(-162.2,-105.5,0.));
#18799=CARTESIAN_POINT('',(162.5,-105.5,-6.5));
#18800=CARTESIAN_POINT('Origin',(-164.5,-15.5,0.));
#18801=CARTESIAN_POINT('',(-164.5,-17.8,0.));
#18802=CARTESIAN_POINT('',(-164.5,-17.8,-6.5));
#18803=CARTESIAN_POINT('',(-164.5,-17.8,0.));
#18804=CARTESIAN_POINT('',(-164.5,-103.2,-6.5));
#18805=CARTESIAN_POINT('',(-164.5,-105.5,-6.5));
#18806=CARTESIAN_POINT('',(-164.5,-103.2,0.));
#18807=CARTESIAN_POINT('',(-164.5,-90.5699999999999,-3.91516937446369));
#18808=CARTESIAN_POINT('',(-164.5,-90.5699999999999,1.20136133273673E-13));
#18809=CARTESIAN_POINT('',(-164.5,-89.3452941755051,-4.30639484617732));
#18810=CARTESIAN_POINT('',(-164.5,-57.0780203469383,-14.6139962080814));
#18811=CARTESIAN_POINT('',(-164.5,-88.245263131122,-5.55));
#18812=CARTESIAN_POINT('',(-164.5,-74.2059895155791,-21.4216548168034));
#18813=CARTESIAN_POINT('',(-164.5,-77.8947368688781,-5.55));
#18814=CARTESIAN_POINT('',(-164.5,-51.872631565561,-5.55));
#18815=CARTESIAN_POINT('',(-164.5,-76.7947058244953,-4.30639484617765));
#18816=CARTESIAN_POINT('',(-164.5,-62.8229724975019,11.4889044428796));
#18817=CARTESIAN_POINT('',(-164.5,-75.57,-3.91516937446387));
#18818=CARTESIAN_POINT('',(-164.5,-48.361033072924,4.77658394946325));
#18819=CARTESIAN_POINT('',(-164.5,-75.57,0.));
#18820=CARTESIAN_POINT('',(-164.5,-75.57,-1.95758468723194));
#18821=CARTESIAN_POINT('',(-164.5,-105.5,0.));
#18822=CARTESIAN_POINT('',(-164.5,-45.0000006556511,-3.025));
#18823=CARTESIAN_POINT('',(-164.5,-45.0000006556511,-1.025));
#18824=CARTESIAN_POINT('',(-164.5,-45.0000006556511,-1.5125));
#18825=CARTESIAN_POINT('',(-164.5,-55.5000008121133,-1.025));
#18826=CARTESIAN_POINT('',(-164.5,-30.2500003278255,-1.025));
#18827=CARTESIAN_POINT('',(-164.5,-55.5000008121133,-3.025));
#18828=CARTESIAN_POINT('',(-164.5,-55.5000008121133,-0.5125));
#18829=CARTESIAN_POINT('',(-164.5,-35.5000004060566,-3.025));
#18830=CARTESIAN_POINT('',(-164.5,-61.405,-4.54999999999999));
#18831=CARTESIAN_POINT('',(-164.5,-59.93,-3.075));
#18832=CARTESIAN_POINT('Origin',(-164.5,-61.405,-3.075));
#18833=CARTESIAN_POINT('',(-164.5,-59.93,-2.475));
#18834=CARTESIAN_POINT('',(-164.5,-59.93,-1.5375));
#18835=CARTESIAN_POINT('',(-164.5,-61.405,-1.));
#18836=CARTESIAN_POINT('Origin',(-164.5,-61.405,-2.475));
#18837=CARTESIAN_POINT('',(-164.5,-67.695,-1.00000000000001));
#18838=CARTESIAN_POINT('',(-164.5,-38.4525,-1.));
#18839=CARTESIAN_POINT('',(-164.5,-69.17,-2.475));
#18840=CARTESIAN_POINT('Origin',(-164.5,-67.695,-2.475));
#18841=CARTESIAN_POINT('',(-164.5,-69.17,-3.075));
#18842=CARTESIAN_POINT('',(-164.5,-69.17,-1.2375));
#18843=CARTESIAN_POINT('',(-164.5,-67.695,-4.55));
#18844=CARTESIAN_POINT('Origin',(-164.5,-67.695,-3.075));
#18845=CARTESIAN_POINT('',(-164.5,-41.5975,-4.55));
#18846=CARTESIAN_POINT('Origin',(162.5,-104.,0.));
#18847=CARTESIAN_POINT('Origin',(-146.,-103.,0.));
#18848=CARTESIAN_POINT('Origin',(162.5,-104.,0.));
#18849=CARTESIAN_POINT('Origin',(162.5,-104.,0.));
#18850=CARTESIAN_POINT('Origin',(162.5,-104.,0.));
#18851=CARTESIAN_POINT('Origin',(-162.2,-103.2,0.));
#18852=CARTESIAN_POINT('Origin',(-162.2,-103.2,-6.5));
#18853=CARTESIAN_POINT('Origin',(-162.2,-17.8,0.));
#18854=CARTESIAN_POINT('Origin',(-162.2,-17.8,-6.5));
#18855=CARTESIAN_POINT('Origin',(-162.2,-17.8,0.));
#18856=CARTESIAN_POINT('Origin',(-114.,-103.,0.));
#18857=CARTESIAN_POINT('',(-115.15,-103.,-6.));
#18858=CARTESIAN_POINT('Origin',(-114.,-103.,-6.));
#18859=CARTESIAN_POINT('',(-115.15,-103.,0.));
#18860=CARTESIAN_POINT('Origin',(-114.,-103.,-6.25));
#18861=CARTESIAN_POINT('',(-115.65,-103.,-6.5));
#18862=CARTESIAN_POINT('Origin',(-114.,-103.,-6.5));
#18863=CARTESIAN_POINT('',(-115.4,-103.,-6.25));
#18864=CARTESIAN_POINT('Origin',(-130.,-103.,0.));
#18865=CARTESIAN_POINT('',(-131.15,-103.,-6.));
#18866=CARTESIAN_POINT('Origin',(-130.,-103.,-6.));
#18867=CARTESIAN_POINT('',(-131.15,-103.,0.));
#18868=CARTESIAN_POINT('Origin',(-130.,-103.,-6.25));
#18869=CARTESIAN_POINT('',(-131.65,-103.,-6.5));
#18870=CARTESIAN_POINT('Origin',(-130.,-103.,-6.5));
#18871=CARTESIAN_POINT('',(-131.4,-103.,-6.25));
#18872=CARTESIAN_POINT('Origin',(-146.,-103.,0.));
#18873=CARTESIAN_POINT('',(-147.15,-103.,-6.));
#18874=CARTESIAN_POINT('Origin',(-146.,-103.,-6.));
#18875=CARTESIAN_POINT('',(-147.15,-103.,0.));
#18876=CARTESIAN_POINT('Origin',(-146.,-103.,-6.25));
#18877=CARTESIAN_POINT('',(-147.65,-103.,-6.5));
#18878=CARTESIAN_POINT('Origin',(-146.,-103.,-6.5));
#18879=CARTESIAN_POINT('',(-147.4,-103.,-6.25));
#18880=CARTESIAN_POINT('Origin',(-162.,-103.,0.));
#18881=CARTESIAN_POINT('',(-163.15,-103.,-6.));
#18882=CARTESIAN_POINT('Origin',(-162.,-103.,-6.));
#18883=CARTESIAN_POINT('',(-163.15,-103.,0.));
#18884=CARTESIAN_POINT('Origin',(-162.,-103.,-6.25));
#18885=CARTESIAN_POINT('',(-163.65,-103.,-6.5));
#18886=CARTESIAN_POINT('Origin',(-162.,-103.,-6.5));
#18887=CARTESIAN_POINT('',(-163.4,-103.,-6.25));
#18888=CARTESIAN_POINT('Origin',(-1.00000000000001,-60.5,-5.));
#18889=CARTESIAN_POINT('',(-126.87,-92.1155,-5.));
#18890=CARTESIAN_POINT('Origin',(-127.87,-92.1155,-5.));
#18891=CARTESIAN_POINT('Origin',(-164.5,-55.5000008121133,-3.025));
#18892=CARTESIAN_POINT('',(-164.5,-45.0000006556511,-3.025));
#18893=CARTESIAN_POINT('',(-164.5,-55.5000008121133,-3.025));
#18894=CARTESIAN_POINT('Origin',(-164.5,-45.0000006556511,-3.025));
#18895=CARTESIAN_POINT('',(-164.5,-45.0000006556511,-1.025));
#18896=CARTESIAN_POINT('Origin',(-164.5,-45.0000006556511,-1.025));
#18897=CARTESIAN_POINT('',(-164.5,-55.5000008121133,-1.025));
#18898=CARTESIAN_POINT('Origin',(-164.5,-55.5000008121133,-1.025));
#18899=CARTESIAN_POINT('Origin',(-164.5,-69.17,-2.475));
#18900=CARTESIAN_POINT('',(-164.5,-69.17,-3.075));
#18901=CARTESIAN_POINT('',(-164.5,-69.17,-2.475));
#18902=CARTESIAN_POINT('Origin',(-164.5,-67.695,-3.075));
#18903=CARTESIAN_POINT('',(-164.5,-67.695,-4.55));
#18904=CARTESIAN_POINT('Origin',(-164.5,-67.695,-4.55));
#18905=CARTESIAN_POINT('',(-164.5,-61.405,-4.55));
#18906=CARTESIAN_POINT('Origin',(-164.5,-61.405,-3.075));
#18907=CARTESIAN_POINT('',(-164.5,-59.93,-3.075));
#18908=CARTESIAN_POINT('Origin',(-164.5,-59.93,-3.075));
#18909=CARTESIAN_POINT('',(-164.5,-59.93,-2.475));
#18910=CARTESIAN_POINT('Origin',(-164.5,-61.405,-2.475));
#18911=CARTESIAN_POINT('',(-164.5,-61.405,-1.));
#18912=CARTESIAN_POINT('Origin',(-164.5,-61.405,-1.));
#18913=CARTESIAN_POINT('',(-164.5,-67.695,-1.00000000000001));
#18914=CARTESIAN_POINT('Origin',(-164.5,-67.695,-2.475));
#18915=CARTESIAN_POINT('Origin',(-164.5,-88.245263131122,-5.55));
#18916=CARTESIAN_POINT('',(-154.5,-88.245263131122,-5.55));
#18917=CARTESIAN_POINT('',(-164.5,-88.245263131122,-5.55));
#18918=CARTESIAN_POINT('',(-154.5,-77.8947368688781,-5.55));
#18919=CARTESIAN_POINT('',(-154.5,-90.5699999999999,-5.55));
#18920=CARTESIAN_POINT('',(-164.5,-77.8947368688781,-5.55));
#18921=CARTESIAN_POINT('Origin',(-164.5,-77.8947368688781,-5.55));
#18922=CARTESIAN_POINT('',(-164.5,-76.7947058244953,-4.30639484617765));
#18923=CARTESIAN_POINT('',(-154.5,-77.8947368688781,-5.55));
#18924=CARTESIAN_POINT('Origin',(-164.5,-76.7947058244953,-4.30639484617765));
#18925=CARTESIAN_POINT('',(-164.5,-75.57,-3.91516937446387));
#18926=CARTESIAN_POINT('Origin',(-164.5,-75.57,-3.91516937446387));
#18927=CARTESIAN_POINT('',(-82.75,-75.57,0.));
#18928=CARTESIAN_POINT('Origin',(-164.5,-90.5699999999999,0.));
#18929=CARTESIAN_POINT('',(-164.5,-90.5699999999999,-3.91516937446368));
#18930=CARTESIAN_POINT('Origin',(-164.5,-90.5699999999999,-3.91516937446369));
#18931=CARTESIAN_POINT('',(-164.5,-89.3452941755051,-4.30639484617732));
#18932=CARTESIAN_POINT('Origin',(-164.5,-89.3452941755051,-4.30639484617732));
#18933=CARTESIAN_POINT('',(-154.5,-88.245263131122,-5.55));
#18934=CARTESIAN_POINT('Origin',(-154.5,-83.07,-2.775));
#18935=CARTESIAN_POINT('Origin',(-1.00000000000001,-60.5,-5.));
#18936=CARTESIAN_POINT('',(-148.38,-45.945,-5.));
#18937=CARTESIAN_POINT('Origin',(-149.38,-45.945,-5.));
#18938=CARTESIAN_POINT('Origin',(-127.87,-91.80775,-4.));
#18939=CARTESIAN_POINT('',(-126.227240203195,-94.,-4.));
#18940=CARTESIAN_POINT('',(-129.512759796805,-93.9999999999999,-4.));
#18941=CARTESIAN_POINT('Origin',(-127.87,-92.1155,-4.));
#18942=CARTESIAN_POINT('',(-123.185,-94.,-4.));
#18943=CARTESIAN_POINT('',(-126.87,-92.1155,-4.));
#18944=CARTESIAN_POINT('Origin',(-127.87,-92.1155,-4.));
#18945=CARTESIAN_POINT('Origin',(-127.87,-92.1155,-5.));
#18946=CARTESIAN_POINT('',(-129.512759796805,-94.,-5.));
#18947=CARTESIAN_POINT('',(-126.227240203195,-94.,-5.));
#18948=CARTESIAN_POINT('Origin',(-127.87,-92.1155,-5.));
#18949=CARTESIAN_POINT('',(-126.87,-92.1155,-5.));
#18950=CARTESIAN_POINT('Origin',(-1.00000000000001,-60.5,-5.));
#18951=CARTESIAN_POINT('',(-148.38,-92.115,-5.));
#18952=CARTESIAN_POINT('Origin',(-149.38,-92.115,-5.));
#18953=CARTESIAN_POINT('Origin',(-149.38,-46.2525,-4.));
#18954=CARTESIAN_POINT('',(-151.022186043054,-44.06,-4.));
#18955=CARTESIAN_POINT('',(-147.737813956946,-44.06,-4.));
#18956=CARTESIAN_POINT('Origin',(-149.38,-45.945,-4.));
#18957=CARTESIAN_POINT('',(-118.39,-44.06,-4.));
#18958=CARTESIAN_POINT('',(-148.38,-45.945,-4.));
#18959=CARTESIAN_POINT('Origin',(-149.38,-45.945,-4.));
#18960=CARTESIAN_POINT('Origin',(-149.38,-45.945,-5.));
#18961=CARTESIAN_POINT('',(-147.737813956946,-44.06,-5.));
#18962=CARTESIAN_POINT('',(-151.022186043054,-44.06,-5.));
#18963=CARTESIAN_POINT('Origin',(-147.737813956946,-44.06,-5.));
#18964=CARTESIAN_POINT('Origin',(-149.38,-45.945,-5.));
#18965=CARTESIAN_POINT('',(-148.38,-45.945,-5.));
#18966=CARTESIAN_POINT('Origin',(-1.00000000000001,-60.5,-5.));
#18967=CARTESIAN_POINT('',(-126.87,-45.9445,-5.));
#18968=CARTESIAN_POINT('Origin',(-127.87,-45.9445,-5.));
#18969=CARTESIAN_POINT('Origin',(-149.38,-91.8075,-4.));
#18970=CARTESIAN_POINT('',(-147.737813956946,-94.,-4.));
#18971=CARTESIAN_POINT('',(-151.022186043054,-94.,-4.));
#18972=CARTESIAN_POINT('Origin',(-149.38,-92.115,-4.));
#18973=CARTESIAN_POINT('',(-162.,-94.,-4.));
#18974=CARTESIAN_POINT('',(-148.38,-92.115,-4.));
#18975=CARTESIAN_POINT('Origin',(-149.38,-92.115,-4.));
#18976=CARTESIAN_POINT('Origin',(-149.38,-92.115,-5.));
#18977=CARTESIAN_POINT('',(-151.022186043054,-94.,-5.));
#18978=CARTESIAN_POINT('',(-147.737813956946,-94.,-5.));
#18979=CARTESIAN_POINT('Origin',(-151.022186043054,-94.,-5.));
#18980=CARTESIAN_POINT('Origin',(-149.38,-92.115,-5.));
#18981=CARTESIAN_POINT('',(-148.38,-92.115,-5.));
#18982=CARTESIAN_POINT('Origin',(-127.87,-46.25225,-4.));
#18983=CARTESIAN_POINT('',(-129.512759796805,-44.06,-4.));
#18984=CARTESIAN_POINT('',(-126.227240203195,-44.06,-4.));
#18985=CARTESIAN_POINT('Origin',(-127.87,-45.9445,-4.));
#18986=CARTESIAN_POINT('',(-118.39,-44.06,-4.));
#18987=CARTESIAN_POINT('',(-126.87,-45.9445,-4.));
#18988=CARTESIAN_POINT('Origin',(-127.87,-45.9445,-4.));
#18989=CARTESIAN_POINT('Origin',(-127.87,-45.9445,-5.));
#18990=CARTESIAN_POINT('',(-126.227240203195,-44.06,-5.));
#18991=CARTESIAN_POINT('',(-129.512759796805,-44.06,-5.));
#18992=CARTESIAN_POINT('Origin',(-126.227240203195,-44.06,-5.));
#18993=CARTESIAN_POINT('Origin',(-127.87,-45.9445,-5.));
#18994=CARTESIAN_POINT('',(-126.87,-45.9445,-5.));
#18995=CARTESIAN_POINT('Origin',(-1.00000000000001,41.5000007338822,0.));
#18996=CARTESIAN_POINT('Origin',(-1.00000000000001,-60.5,-6.5));
#18997=CARTESIAN_POINT('Origin',(-118.5,-94.,0.));
#18998=CARTESIAN_POINT('',(-121.75,-94.,1.2));
#18999=CARTESIAN_POINT('Origin',(-127.75,-96.5,0.));
#19000=CARTESIAN_POINT('',(-128.75,-96.5,1.2));
#19001=CARTESIAN_POINT('Origin',(-127.75,-96.5,1.2));
#19002=CARTESIAN_POINT('',(-128.75,-96.5,0.));
#19003=CARTESIAN_POINT('Origin',(-122.25,-96.5,0.));
#19004=CARTESIAN_POINT('',(-123.25,-96.5,1.2));
#19005=CARTESIAN_POINT('Origin',(-122.25,-96.5,1.2));
#19006=CARTESIAN_POINT('',(-123.25,-96.5,0.));
#19007=CARTESIAN_POINT('Origin',(-131.5,-99.5,0.));
#19008=CARTESIAN_POINT('',(-131.5,-99.5,1.2));
#19009=CARTESIAN_POINT('Origin',(-125.,-96.5,1.2));
#19010=CARTESIAN_POINT('Origin',(-157.5,91.5,0.));
#19011=CARTESIAN_POINT('',(-157.5,93.5,0.));
#19012=CARTESIAN_POINT('',(-157.5,98.5,0.));
#19013=CARTESIAN_POINT('',(-157.5,66.5000003669411,0.));
#19014=CARTESIAN_POINT('',(-157.5,98.5,3.5));
#19015=CARTESIAN_POINT('',(-157.5,98.5,1.25));
#19016=CARTESIAN_POINT('',(-157.5,-105.5,3.5));
#19017=CARTESIAN_POINT('',(-157.5,44.,3.5));
#19018=CARTESIAN_POINT('',(-157.5,-105.5,0.));
#19019=CARTESIAN_POINT('',(-157.5,-105.5,1.25));
#19020=CARTESIAN_POINT('',(-157.5,-93.5,0.));
#19021=CARTESIAN_POINT('',(-157.5,66.5000003669411,0.));
#19022=CARTESIAN_POINT('',(-157.5,-93.5,2.5));
#19023=CARTESIAN_POINT('',(-157.5,-93.5,0.));
#19024=CARTESIAN_POINT('',(-157.5,93.5,2.5));
#19025=CARTESIAN_POINT('',(-157.5,44.,2.5));
#19026=CARTESIAN_POINT('',(-157.5,93.5,0.));
#19027=CARTESIAN_POINT('Origin',(-164.5,-105.5,2.5));
#19028=CARTESIAN_POINT('',(-162.2,-105.5,3.5));
#19029=CARTESIAN_POINT('',(162.5,-105.5,3.5));
#19030=CARTESIAN_POINT('',(-162.2,-105.5,0.));
#19031=CARTESIAN_POINT('',(-162.2,-105.5,2.5));
#19032=CARTESIAN_POINT('',(-82.75,-105.5,0.));
#19033=CARTESIAN_POINT('Origin',(-1.00000000000001,-3.49999999999998,3.5));
#19034=CARTESIAN_POINT('',(-162.2,98.5,3.5));
#19035=CARTESIAN_POINT('',(-164.5,98.5,3.5));
#19036=CARTESIAN_POINT('',(-164.5,96.2,3.5));
#19037=CARTESIAN_POINT('Origin',(-162.2,96.2,3.5));
#19038=CARTESIAN_POINT('',(-164.5,-103.2,3.5));
#19039=CARTESIAN_POINT('',(-164.5,-105.5,3.5));
#19040=CARTESIAN_POINT('Origin',(-162.2,-103.2,3.5));
#19041=CARTESIAN_POINT('Origin',(162.5,98.5,2.5));
#19042=CARTESIAN_POINT('',(-162.2,98.5,0.));
#19043=CARTESIAN_POINT('',(80.75,98.5,0.));
#19044=CARTESIAN_POINT('',(-162.2,98.5,2.5));
#19045=CARTESIAN_POINT('Origin',(-1.00000000000001,-3.49999999999998,2.5));
#19046=CARTESIAN_POINT('',(-160.5,-93.5,2.5));
#19047=CARTESIAN_POINT('',(-66.25,-93.5,2.5));
#19048=CARTESIAN_POINT('',(-160.5,93.5,2.5));
#19049=CARTESIAN_POINT('',(-160.5,-48.5,2.5));
#19050=CARTESIAN_POINT('',(-80.75,93.5,2.5));
#19051=CARTESIAN_POINT('Origin',(-1.00000000000001,41.5000007338822,0.));
#19052=CARTESIAN_POINT('',(-164.5,-103.2,0.));
#19053=CARTESIAN_POINT('Origin',(-162.2,-103.2,0.));
#19054=CARTESIAN_POINT('',(-164.5,96.2,0.));
#19055=CARTESIAN_POINT('',(-164.5,70.0000003669411,0.));
#19056=CARTESIAN_POINT('Origin',(-162.2,96.2,0.));
#19057=CARTESIAN_POINT('',(-160.5,93.5,0.));
#19058=CARTESIAN_POINT('',(-80.75,93.5,0.));
#19059=CARTESIAN_POINT('',(-160.5,-93.5,0.));
#19060=CARTESIAN_POINT('',(-160.5,-48.4999996330589,0.));
#19061=CARTESIAN_POINT('',(-66.25,-93.5,0.));
#19062=CARTESIAN_POINT('',(-163.5,96.,0.));
#19063=CARTESIAN_POINT('Origin',(-162.,96.,0.));
#19064=CARTESIAN_POINT('',(-163.5,-103.,0.));
#19065=CARTESIAN_POINT('Origin',(-162.,-103.,0.));
#19066=CARTESIAN_POINT('Origin',(-162.2,96.2,2.5));
#19067=CARTESIAN_POINT('',(-164.5,96.2,2.5));
#19068=CARTESIAN_POINT('Origin',(-164.5,98.5,2.5));
#19069=CARTESIAN_POINT('',(-164.5,-103.2,2.5));
#19070=CARTESIAN_POINT('Origin',(-162.2,-103.2,2.5));
#19071=CARTESIAN_POINT('Origin',(-162.,-103.,3.));
#19072=CARTESIAN_POINT('',(-163.5,-103.,3.));
#19073=CARTESIAN_POINT('Origin',(-162.,-103.,3.));
#19074=CARTESIAN_POINT('Origin',(-162.,-103.,0.));
#19075=CARTESIAN_POINT('',(-163.5,-103.,0.));
#19076=CARTESIAN_POINT('Origin',(-162.,96.,3.));
#19077=CARTESIAN_POINT('',(-163.5,96.,3.));
#19078=CARTESIAN_POINT('Origin',(-162.,96.,3.));
#19079=CARTESIAN_POINT('Origin',(-162.,96.,0.));
#19080=CARTESIAN_POINT('',(-163.5,96.,0.));
#19081=CARTESIAN_POINT('Origin',(-131.5,-93.5,0.));
#19082=CARTESIAN_POINT('',(-160.5,-93.5,0.));
#19083=CARTESIAN_POINT('Origin',(-160.5,-93.5,0.));
#19084=CARTESIAN_POINT('',(-160.5,93.5,0.));
#19085=CARTESIAN_POINT('Origin',(-160.5,93.5,0.));
#19086=CARTESIAN_POINT('Origin',(-118.5,-99.5,0.));
#19087=CARTESIAN_POINT('',(-118.5,-99.5,0.));
#19088=CARTESIAN_POINT('',(-131.5,-99.5,0.));
#19089=CARTESIAN_POINT('',(-59.75,-99.5,0.));
#19090=CARTESIAN_POINT('',(-131.5,-99.5,2.5));
#19091=CARTESIAN_POINT('',(-131.5,-99.5,0.));
#19092=CARTESIAN_POINT('',(-118.5,-99.5,2.5));
#19093=CARTESIAN_POINT('',(-59.75,-99.5,2.5));
#19094=CARTESIAN_POINT('',(-118.5,-99.5,0.));
#19095=CARTESIAN_POINT('Origin',(-131.5,-99.5,0.));
#19096=CARTESIAN_POINT('',(-131.5,-93.5,0.));
#19097=CARTESIAN_POINT('',(-131.5,-51.4999996330589,0.));
#19098=CARTESIAN_POINT('',(-131.5,-93.5,2.5));
#19099=CARTESIAN_POINT('',(-131.5,-93.5,0.));
#19100=CARTESIAN_POINT('',(-131.5,-51.5,2.5));
#19101=CARTESIAN_POINT('Origin',(131.5,-93.5,0.));
#19102=CARTESIAN_POINT('',(131.5,-93.5,0.));
#19103=CARTESIAN_POINT('',(131.5,-99.5,0.));
#19104=CARTESIAN_POINT('',(131.5,-48.4999996330589,0.));
#19105=CARTESIAN_POINT('',(131.5,-99.5,2.5));
#19106=CARTESIAN_POINT('',(131.5,-99.5,0.));
#19107=CARTESIAN_POINT('',(131.5,-93.5,2.5));
#19108=CARTESIAN_POINT('',(131.5,-48.5,2.5));
#19109=CARTESIAN_POINT('',(131.5,-93.5,0.));
#19110=CARTESIAN_POINT('Origin',(131.5,-99.5,0.));
#19111=CARTESIAN_POINT('',(118.5,-99.5,0.));
#19112=CARTESIAN_POINT('',(65.25,-99.5,0.));
#19113=CARTESIAN_POINT('',(118.5,-99.5,2.5));
#19114=CARTESIAN_POINT('',(118.5,-99.5,0.));
#19115=CARTESIAN_POINT('',(65.25,-99.5,2.5));
#19116=CARTESIAN_POINT('Origin',(-157.5,-85.5,0.));
#19117=CARTESIAN_POINT('',(-157.5,-85.5,2.5));
#19118=CARTESIAN_POINT('',(155.5,-85.5,2.5));
#19119=CARTESIAN_POINT('',(-79.25,-85.5,2.5));
#19120=CARTESIAN_POINT('',(-157.5,-85.5,3.5));
#19121=CARTESIAN_POINT('',(-157.5,-85.5,0.));
#19122=CARTESIAN_POINT('',(155.5,-85.5,3.5));
#19123=CARTESIAN_POINT('',(-79.25,-85.5,3.5));
#19124=CARTESIAN_POINT('',(155.5,-85.5,0.));
#19125=CARTESIAN_POINT('Origin',(118.5,-99.5,0.));
#19126=CARTESIAN_POINT('',(118.5,-93.5,0.));
#19127=CARTESIAN_POINT('',(118.5,-51.4999996330589,0.));
#19128=CARTESIAN_POINT('',(118.5,-93.5,2.5));
#19129=CARTESIAN_POINT('',(118.5,-93.5,0.));
#19130=CARTESIAN_POINT('',(118.5,-51.5,2.5));
#19131=CARTESIAN_POINT('Origin',(110.,-104.5,0.));
#19132=CARTESIAN_POINT('',(110.,-104.5,0.));
#19133=CARTESIAN_POINT('',(-110.,-104.5,0.));
#19134=CARTESIAN_POINT('',(54.5,-104.5,0.));
#19135=CARTESIAN_POINT('',(-110.,-104.5,2.5));
#19136=CARTESIAN_POINT('',(-110.,-104.5,0.));
#19137=CARTESIAN_POINT('',(110.,-104.5,2.5));
#19138=CARTESIAN_POINT('',(54.5,-104.5,2.5));
#19139=CARTESIAN_POINT('',(110.,-104.5,0.));
#19140=CARTESIAN_POINT('Origin',(-110.,-93.5,0.));
#19141=CARTESIAN_POINT('',(-110.,-93.5,0.));
#19142=CARTESIAN_POINT('',(-118.5,-93.5,0.));
#19143=CARTESIAN_POINT('',(-55.5,-93.5,0.));
#19144=CARTESIAN_POINT('',(-118.5,-93.5,2.5));
#19145=CARTESIAN_POINT('',(-118.5,-93.5,0.));
#19146=CARTESIAN_POINT('',(-110.,-93.5,2.5));
#19147=CARTESIAN_POINT('',(-55.5,-93.5,2.5));
#19148=CARTESIAN_POINT('',(-110.,-93.5,0.));
#19149=CARTESIAN_POINT('Origin',(-118.5,-93.5,0.));
#19150=CARTESIAN_POINT('',(-118.5,-48.4999996330589,0.));
#19151=CARTESIAN_POINT('',(-118.5,-48.5,2.5));
#19152=CARTESIAN_POINT('Origin',(-1.00000000000001,-3.49999999999998,3.5));
#19153=CARTESIAN_POINT('',(-157.5,-105.5,3.5));
#19154=CARTESIAN_POINT('',(-157.5,44.,3.5));
#19155=CARTESIAN_POINT('',(155.5,-105.5,3.5));
#19156=CARTESIAN_POINT('',(162.5,-105.5,3.5));
#19157=CARTESIAN_POINT('',(155.5,-44.5,3.5));
#19158=CARTESIAN_POINT('Origin',(-110.,-104.5,0.));
#19159=CARTESIAN_POINT('',(-110.,-53.9999996330589,0.));
#19160=CARTESIAN_POINT('',(-110.,-54.,2.5));
#19161=CARTESIAN_POINT('Origin',(110.,-93.5,0.));
#19162=CARTESIAN_POINT('',(110.,-93.5,0.));
#19163=CARTESIAN_POINT('',(110.,-48.4999996330589,0.));
#19164=CARTESIAN_POINT('',(110.,-93.5,2.5));
#19165=CARTESIAN_POINT('',(110.,-48.5,2.5));
#19166=CARTESIAN_POINT('',(110.,-93.5,0.));
#19167=CARTESIAN_POINT('Origin',(118.5,-93.5,0.));
#19168=CARTESIAN_POINT('',(58.75,-93.5,0.));
#19169=CARTESIAN_POINT('',(58.75,-93.5,2.5));
#19170=CARTESIAN_POINT('Origin',(-114.,-103.,0.));
#19171=CARTESIAN_POINT('',(-115.5,-103.,3.));
#19172=CARTESIAN_POINT('Origin',(-114.,-103.,3.));
#19173=CARTESIAN_POINT('',(-115.5,-103.,0.));
#19174=CARTESIAN_POINT('',(-115.5,-103.,0.));
#19175=CARTESIAN_POINT('Origin',(-114.,-103.,0.));
#19176=CARTESIAN_POINT('Origin',(-114.,-103.,3.));
#19177=CARTESIAN_POINT('Origin',(128.,-103.,0.));
#19178=CARTESIAN_POINT('',(126.5,-103.,3.));
#19179=CARTESIAN_POINT('Origin',(128.,-103.,3.));
#19180=CARTESIAN_POINT('',(126.5,-103.,0.));
#19181=CARTESIAN_POINT('',(126.5,-103.,0.));
#19182=CARTESIAN_POINT('Origin',(128.,-103.,0.));
#19183=CARTESIAN_POINT('Origin',(128.,-103.,3.));
#19184=CARTESIAN_POINT('Origin',(144.,-103.,0.));
#19185=CARTESIAN_POINT('',(142.5,-103.,3.));
#19186=CARTESIAN_POINT('Origin',(144.,-103.,3.));
#19187=CARTESIAN_POINT('',(142.5,-103.,0.));
#19188=CARTESIAN_POINT('',(142.5,-103.,0.));
#19189=CARTESIAN_POINT('Origin',(144.,-103.,0.));
#19190=CARTESIAN_POINT('Origin',(144.,-103.,3.));
#19191=CARTESIAN_POINT('Origin',(-130.,-103.,0.));
#19192=CARTESIAN_POINT('',(-131.5,-103.,3.));
#19193=CARTESIAN_POINT('Origin',(-130.,-103.,3.));
#19194=CARTESIAN_POINT('',(-131.5,-103.,0.));
#19195=CARTESIAN_POINT('',(-131.5,-103.,0.));
#19196=CARTESIAN_POINT('Origin',(-130.,-103.,0.));
#19197=CARTESIAN_POINT('Origin',(-130.,-103.,3.));
#19198=CARTESIAN_POINT('Origin',(112.,-103.,0.));
#19199=CARTESIAN_POINT('',(110.5,-103.,3.));
#19200=CARTESIAN_POINT('Origin',(112.,-103.,3.));
#19201=CARTESIAN_POINT('',(110.5,-103.,0.));
#19202=CARTESIAN_POINT('',(110.5,-103.,0.));
#19203=CARTESIAN_POINT('Origin',(112.,-103.,0.));
#19204=CARTESIAN_POINT('Origin',(112.,-103.,3.));
#19205=CARTESIAN_POINT('Origin',(-146.,-103.,0.));
#19206=CARTESIAN_POINT('',(-147.5,-103.,3.));
#19207=CARTESIAN_POINT('Origin',(-146.,-103.,3.));
#19208=CARTESIAN_POINT('',(-147.5,-103.,0.));
#19209=CARTESIAN_POINT('',(-147.5,-103.,0.));
#19210=CARTESIAN_POINT('Origin',(-146.,-103.,0.));
#19211=CARTESIAN_POINT('Origin',(-146.,-103.,3.));
#19212=CARTESIAN_POINT('Origin',(-164.5,-105.5,2.5));
#19213=CARTESIAN_POINT('',(-157.5,-105.5,0.));
#19214=CARTESIAN_POINT('',(-157.5,-105.5,1.25));
#19215=CARTESIAN_POINT('',(155.5,-105.5,0.));
#19216=CARTESIAN_POINT('',(-82.75,-105.5,0.));
#19217=CARTESIAN_POINT('',(155.5,-105.5,1.25));
#19218=CARTESIAN_POINT('Origin',(160.5,-93.5,0.));
#19219=CARTESIAN_POINT('',(155.5,-93.5,2.5));
#19220=CARTESIAN_POINT('',(155.5,-93.5,0.));
#19221=CARTESIAN_POINT('',(155.5,-93.5,0.));
#19222=CARTESIAN_POINT('',(79.75,-93.5,0.));
#19223=CARTESIAN_POINT('',(79.75,-93.5,2.5));
#19224=CARTESIAN_POINT('Origin',(155.5,-85.5,0.));
#19225=CARTESIAN_POINT('',(155.5,-21.9999996330589,0.));
#19226=CARTESIAN_POINT('',(155.5,-44.5,2.5));
#19227=CARTESIAN_POINT('Origin',(-1.00000000000001,41.5000007338822,0.));
#19228=CARTESIAN_POINT('',(-157.5,-93.5,0.));
#19229=CARTESIAN_POINT('',(-157.5,66.5000003669411,0.));
#19230=CARTESIAN_POINT('',(-66.25,-93.5,0.));
#19231=CARTESIAN_POINT('Origin',(-1.00000000000001,-3.49999999999998,2.5));
#19232=CARTESIAN_POINT('',(-157.5,-93.5,2.5));
#19233=CARTESIAN_POINT('',(-157.5,44.,2.5));
#19234=CARTESIAN_POINT('',(-66.25,-93.5,2.5));
#19235=CARTESIAN_POINT('Origin',(-131.5,-93.5,0.));
#19236=CARTESIAN_POINT('',(-157.5,-93.5,0.));
#19237=CARTESIAN_POINT('Origin',(-157.5,91.5,0.));
#19238=CARTESIAN_POINT('Origin',(-157.5,91.5,0.));
#19239=CARTESIAN_POINT('',(-157.5,93.5,0.));
#19240=CARTESIAN_POINT('',(-157.5,98.5,0.));
#19241=CARTESIAN_POINT('',(-157.5,66.5000003669411,0.));
#19242=CARTESIAN_POINT('',(-157.5,93.5,2.5));
#19243=CARTESIAN_POINT('',(-157.5,93.5,0.));
#19244=CARTESIAN_POINT('',(-157.5,91.5,2.5));
#19245=CARTESIAN_POINT('',(-157.5,44.,2.5));
#19246=CARTESIAN_POINT('',(-157.5,91.5,3.5));
#19247=CARTESIAN_POINT('',(-157.5,91.5,0.));
#19248=CARTESIAN_POINT('',(-157.5,98.5,3.5));
#19249=CARTESIAN_POINT('',(-157.5,44.,3.5));
#19250=CARTESIAN_POINT('',(-157.5,98.5,1.25));
#19251=CARTESIAN_POINT('Origin',(-1.00000000000001,-3.49999999999998,3.5));
#19252=CARTESIAN_POINT('',(155.5,91.5,3.5));
#19253=CARTESIAN_POINT('',(77.25,91.5,3.5));
#19254=CARTESIAN_POINT('',(155.5,98.5,3.5));
#19255=CARTESIAN_POINT('',(155.5,-44.5,3.5));
#19256=CARTESIAN_POINT('',(-164.5,98.5,3.5));
#19257=CARTESIAN_POINT('Origin',(-1.00000000000001,-3.49999999999998,2.5));
#19258=CARTESIAN_POINT('',(-140.5,93.5,2.5));
#19259=CARTESIAN_POINT('',(-80.75,93.5,2.5));
#19260=CARTESIAN_POINT('',(-140.500002093613,95.5000014677644,2.5));
#19261=CARTESIAN_POINT('',(-140.5,45.,2.5));
#19262=CARTESIAN_POINT('',(-127.500002093613,95.5000014677644,2.5));
#19263=CARTESIAN_POINT('',(-70.7500010468066,95.5000014677644,2.5));
#19264=CARTESIAN_POINT('',(-127.5,93.5,2.5));
#19265=CARTESIAN_POINT('',(-127.5,46.0000007338822,2.5));
#19266=CARTESIAN_POINT('',(127.5,93.5,2.5));
#19267=CARTESIAN_POINT('',(-64.25,93.5,2.5));
#19268=CARTESIAN_POINT('',(127.5,95.5,2.5));
#19269=CARTESIAN_POINT('',(127.5,45.,2.5));
#19270=CARTESIAN_POINT('',(140.5,95.5,2.5));
#19271=CARTESIAN_POINT('',(63.25,95.5,2.5));
#19272=CARTESIAN_POINT('',(140.5,93.5,2.5));
#19273=CARTESIAN_POINT('',(140.5,46.,2.5));
#19274=CARTESIAN_POINT('',(155.5,93.5,2.5));
#19275=CARTESIAN_POINT('',(69.75,93.5,2.5));
#19276=CARTESIAN_POINT('',(155.5,91.5,2.5));
#19277=CARTESIAN_POINT('',(155.5,-44.5,2.5));
#19278=CARTESIAN_POINT('',(77.25,91.5,2.5));
#19279=CARTESIAN_POINT('Origin',(-160.5,93.5,0.));
#19280=CARTESIAN_POINT('',(-140.5,93.5,0.));
#19281=CARTESIAN_POINT('',(-80.75,93.5,0.));
#19282=CARTESIAN_POINT('',(-140.5,93.5,0.));
#19283=CARTESIAN_POINT('Origin',(-1.00000000000001,41.5000007338822,0.));
#19284=CARTESIAN_POINT('',(155.5,98.5,0.));
#19285=CARTESIAN_POINT('',(80.75,98.5,0.));
#19286=CARTESIAN_POINT('',(155.5,93.5,0.));
#19287=CARTESIAN_POINT('',(155.5,-21.9999996330589,0.));
#19288=CARTESIAN_POINT('',(140.5,93.5,0.));
#19289=CARTESIAN_POINT('',(69.75,93.5,0.));
#19290=CARTESIAN_POINT('',(140.5,96.,0.));
#19291=CARTESIAN_POINT('',(140.5,68.5000003669411,0.));
#19292=CARTESIAN_POINT('Origin',(142.,96.,0.));
#19293=CARTESIAN_POINT('',(140.5,98.,0.));
#19294=CARTESIAN_POINT('',(140.5,68.5000003669411,0.));
#19295=CARTESIAN_POINT('',(127.5,98.,0.));
#19296=CARTESIAN_POINT('',(63.25,98.,0.));
#19297=CARTESIAN_POINT('',(127.5,93.5,0.));
#19298=CARTESIAN_POINT('',(127.5,68.5000003669411,0.));
#19299=CARTESIAN_POINT('',(-127.5,93.5,0.));
#19300=CARTESIAN_POINT('',(-64.25,93.5,0.));
#19301=CARTESIAN_POINT('',(-127.5,96.,0.));
#19302=CARTESIAN_POINT('',(-127.5,68.5000011008233,0.));
#19303=CARTESIAN_POINT('Origin',(-126.,96.,0.));
#19304=CARTESIAN_POINT('',(-127.500002093613,98.0000014677644,0.));
#19305=CARTESIAN_POINT('',(-127.500002093613,68.5000011008233,0.));
#19306=CARTESIAN_POINT('',(-140.500002093613,98.0000014677644,0.));
#19307=CARTESIAN_POINT('',(-70.7500010468066,98.0000014677644,0.));
#19308=CARTESIAN_POINT('',(-140.500002093613,68.5000011008233,0.));
#19309=CARTESIAN_POINT('',(-73.5,96.,0.));
#19310=CARTESIAN_POINT('Origin',(-72.,96.,0.));
#19311=CARTESIAN_POINT('',(-19.5,96.,0.));
#19312=CARTESIAN_POINT('Origin',(-18.,96.,0.));
#19313=CARTESIAN_POINT('',(50.5,96.,0.));
#19314=CARTESIAN_POINT('Origin',(52.,96.,0.));
#19315=CARTESIAN_POINT('',(86.5,96.,0.));
#19316=CARTESIAN_POINT('Origin',(88.,96.,0.));
#19317=CARTESIAN_POINT('',(68.5,96.,0.));
#19318=CARTESIAN_POINT('Origin',(70.,96.,0.));
#19319=CARTESIAN_POINT('',(-2.49999999999998,96.,0.));
#19320=CARTESIAN_POINT('Origin',(-0.999999999999979,96.,0.));
#19321=CARTESIAN_POINT('',(-91.5,96.,0.));
#19322=CARTESIAN_POINT('Origin',(-90.,96.,0.));
#19323=CARTESIAN_POINT('',(-145.5,96.,0.));
#19324=CARTESIAN_POINT('Origin',(-144.,96.,0.));
#19325=CARTESIAN_POINT('',(-109.5,96.,0.));
#19326=CARTESIAN_POINT('Origin',(-108.,96.,0.));
#19327=CARTESIAN_POINT('',(-55.5,96.,0.));
#19328=CARTESIAN_POINT('Origin',(-54.,96.,0.));
#19329=CARTESIAN_POINT('',(32.5,96.,0.));
#19330=CARTESIAN_POINT('Origin',(34.,96.,0.));
#19331=CARTESIAN_POINT('',(122.5,96.,0.));
#19332=CARTESIAN_POINT('Origin',(124.,96.,0.));
#19333=CARTESIAN_POINT('',(104.5,96.,0.));
#19334=CARTESIAN_POINT('Origin',(106.,96.,0.));
#19335=CARTESIAN_POINT('',(14.5,96.,0.));
#19336=CARTESIAN_POINT('Origin',(16.,96.,0.));
#19337=CARTESIAN_POINT('',(-37.5,96.,0.));
#19338=CARTESIAN_POINT('Origin',(-36.,96.,0.));
#19339=CARTESIAN_POINT('Origin',(155.5,-85.5,0.));
#19340=CARTESIAN_POINT('',(155.5,91.5,0.));
#19341=CARTESIAN_POINT('',(155.5,93.5,0.));
#19342=CARTESIAN_POINT('',(155.5,98.5,1.25));
#19343=CARTESIAN_POINT('Origin',(140.5,93.5,0.));
#19344=CARTESIAN_POINT('',(140.5,93.5,0.));
#19345=CARTESIAN_POINT('Origin',(-140.500002093613,98.0000014677644,0.));
#19346=CARTESIAN_POINT('',(-127.500002093613,98.0000014677644,1.5));
#19347=CARTESIAN_POINT('',(-127.500002093613,98.0000014677644,0.));
#19348=CARTESIAN_POINT('',(-140.500002093613,98.0000014677644,1.5));
#19349=CARTESIAN_POINT('',(-3.25000104680657,98.0000014677644,1.5));
#19350=CARTESIAN_POINT('',(-140.5,98.0000014677644,0.));
#19351=CARTESIAN_POINT('Origin',(127.5,98.,0.));
#19352=CARTESIAN_POINT('',(140.5,98.,1.5));
#19353=CARTESIAN_POINT('',(140.5,98.,0.));
#19354=CARTESIAN_POINT('',(127.5,98.,1.5));
#19355=CARTESIAN_POINT('',(130.75,98.,1.5));
#19356=CARTESIAN_POINT('',(127.5,98.,0.));
#19357=CARTESIAN_POINT('Origin',(162.5,98.5,2.5));
#19358=CARTESIAN_POINT('Origin',(-126.,96.,3.));
#19359=CARTESIAN_POINT('',(-127.5,96.,3.));
#19360=CARTESIAN_POINT('Origin',(-126.,96.,3.));
#19361=CARTESIAN_POINT('Origin',(-126.,96.,0.));
#19362=CARTESIAN_POINT('',(-127.5,96.,1.5));
#19363=CARTESIAN_POINT('',(-127.5,96.,0.));
#19364=CARTESIAN_POINT('',(-127.5,96.,0.));
#19365=CARTESIAN_POINT('',(-127.5,96.,0.));
#19366=CARTESIAN_POINT('Origin',(-36.,96.,3.));
#19367=CARTESIAN_POINT('',(-37.5,96.,3.));
#19368=CARTESIAN_POINT('Origin',(-36.,96.,3.));
#19369=CARTESIAN_POINT('Origin',(-36.,96.,0.));
#19370=CARTESIAN_POINT('',(-37.5,96.,0.));
#19371=CARTESIAN_POINT('Origin',(16.,96.,3.));
#19372=CARTESIAN_POINT('',(14.5,96.,3.));
#19373=CARTESIAN_POINT('Origin',(16.,96.,3.));
#19374=CARTESIAN_POINT('Origin',(16.,96.,0.));
#19375=CARTESIAN_POINT('',(14.5,96.,0.));
#19376=CARTESIAN_POINT('Origin',(106.,96.,3.));
#19377=CARTESIAN_POINT('',(104.5,96.,3.));
#19378=CARTESIAN_POINT('Origin',(106.,96.,3.));
#19379=CARTESIAN_POINT('Origin',(106.,96.,0.));
#19380=CARTESIAN_POINT('',(104.5,96.,0.));
#19381=CARTESIAN_POINT('Origin',(124.,96.,3.));
#19382=CARTESIAN_POINT('',(122.5,96.,3.));
#19383=CARTESIAN_POINT('Origin',(124.,96.,3.));
#19384=CARTESIAN_POINT('Origin',(124.,96.,0.));
#19385=CARTESIAN_POINT('',(122.5,96.,0.));
#19386=CARTESIAN_POINT('Origin',(34.,96.,3.));
#19387=CARTESIAN_POINT('',(32.5,96.,3.));
#19388=CARTESIAN_POINT('Origin',(34.,96.,3.));
#19389=CARTESIAN_POINT('Origin',(34.,96.,0.));
#19390=CARTESIAN_POINT('',(32.5,96.,0.));
#19391=CARTESIAN_POINT('Origin',(-54.,96.,3.));
#19392=CARTESIAN_POINT('',(-55.5,96.,3.));
#19393=CARTESIAN_POINT('Origin',(-54.,96.,3.));
#19394=CARTESIAN_POINT('Origin',(-54.,96.,0.));
#19395=CARTESIAN_POINT('',(-55.5,96.,0.));
#19396=CARTESIAN_POINT('Origin',(-108.,96.,3.));
#19397=CARTESIAN_POINT('',(-109.5,96.,3.));
#19398=CARTESIAN_POINT('Origin',(-108.,96.,3.));
#19399=CARTESIAN_POINT('Origin',(-108.,96.,0.));
#19400=CARTESIAN_POINT('',(-109.5,96.,0.));
#19401=CARTESIAN_POINT('Origin',(-144.,96.,3.));
#19402=CARTESIAN_POINT('',(-145.5,96.,3.));
#19403=CARTESIAN_POINT('Origin',(-144.,96.,3.));
#19404=CARTESIAN_POINT('Origin',(-144.,96.,0.));
#19405=CARTESIAN_POINT('',(-145.5,96.,0.));
#19406=CARTESIAN_POINT('Origin',(-90.,96.,3.));
#19407=CARTESIAN_POINT('',(-91.5,96.,3.));
#19408=CARTESIAN_POINT('Origin',(-90.,96.,3.));
#19409=CARTESIAN_POINT('Origin',(-90.,96.,0.));
#19410=CARTESIAN_POINT('',(-91.5,96.,0.));
#19411=CARTESIAN_POINT('Origin',(-0.999999999999979,96.,3.));
#19412=CARTESIAN_POINT('',(-2.49999999999998,96.,3.));
#19413=CARTESIAN_POINT('Origin',(-0.999999999999979,96.,3.));
#19414=CARTESIAN_POINT('Origin',(-0.999999999999979,96.,0.));
#19415=CARTESIAN_POINT('',(-2.49999999999998,96.,0.));
#19416=CARTESIAN_POINT('Origin',(70.,96.,3.));
#19417=CARTESIAN_POINT('',(68.5,96.,3.));
#19418=CARTESIAN_POINT('Origin',(70.,96.,3.));
#19419=CARTESIAN_POINT('Origin',(70.,96.,0.));
#19420=CARTESIAN_POINT('',(68.5,96.,0.));
#19421=CARTESIAN_POINT('Origin',(142.,96.,3.));
#19422=CARTESIAN_POINT('',(140.5,96.,3.));
#19423=CARTESIAN_POINT('Origin',(142.,96.,3.));
#19424=CARTESIAN_POINT('Origin',(142.,96.,0.));
#19425=CARTESIAN_POINT('',(140.5,96.,1.5));
#19426=CARTESIAN_POINT('',(140.5,96.,0.));
#19427=CARTESIAN_POINT('',(140.5,96.,0.));
#19428=CARTESIAN_POINT('',(140.5,96.,0.));
#19429=CARTESIAN_POINT('Origin',(88.,96.,3.));
#19430=CARTESIAN_POINT('',(86.5,96.,3.));
#19431=CARTESIAN_POINT('Origin',(88.,96.,3.));
#19432=CARTESIAN_POINT('Origin',(88.,96.,0.));
#19433=CARTESIAN_POINT('',(86.5,96.,0.));
#19434=CARTESIAN_POINT('Origin',(52.,96.,3.));
#19435=CARTESIAN_POINT('',(50.5,96.,3.));
#19436=CARTESIAN_POINT('Origin',(52.,96.,3.));
#19437=CARTESIAN_POINT('Origin',(52.,96.,0.));
#19438=CARTESIAN_POINT('',(50.5,96.,0.));
#19439=CARTESIAN_POINT('Origin',(-18.,96.,3.));
#19440=CARTESIAN_POINT('',(-19.5,96.,3.));
#19441=CARTESIAN_POINT('Origin',(-18.,96.,3.));
#19442=CARTESIAN_POINT('Origin',(-18.,96.,0.));
#19443=CARTESIAN_POINT('',(-19.5,96.,0.));
#19444=CARTESIAN_POINT('Origin',(-72.,96.,3.));
#19445=CARTESIAN_POINT('',(-73.5,96.,3.));
#19446=CARTESIAN_POINT('Origin',(-72.,96.,3.));
#19447=CARTESIAN_POINT('Origin',(-72.,96.,0.));
#19448=CARTESIAN_POINT('',(-73.5,96.,0.));
#19449=CARTESIAN_POINT('Origin',(-127.5,95.5000014677644,0.));
#19450=CARTESIAN_POINT('',(-127.500002093613,97.5000014677644,1.5));
#19451=CARTESIAN_POINT('Origin',(140.5,95.5,0.));
#19452=CARTESIAN_POINT('',(140.5,97.5,1.5));
#19453=CARTESIAN_POINT('Origin',(-140.5,93.5,0.));
#19454=CARTESIAN_POINT('',(-140.5,95.5000014677644,1.5));
#19455=CARTESIAN_POINT('',(-140.5,99.5,1.5));
#19456=CARTESIAN_POINT('',(-140.500002093613,95.5000014677644,0.));
#19457=CARTESIAN_POINT('Origin',(-127.5,95.5000014677644,0.));
#19458=CARTESIAN_POINT('',(-127.5,93.5,0.));
#19459=CARTESIAN_POINT('',(-127.5,95.5000014677644,1.5));
#19460=CARTESIAN_POINT('',(-127.500002093613,95.5000014677644,0.));
#19461=CARTESIAN_POINT('',(-127.5,93.5,1.5));
#19462=CARTESIAN_POINT('Origin',(-127.5,93.5,0.));
#19463=CARTESIAN_POINT('',(127.5,93.5,0.));
#19464=CARTESIAN_POINT('Origin',(134.,96.5,1.5));
#19465=CARTESIAN_POINT('',(140.5,95.5,1.5));
#19466=CARTESIAN_POINT('',(140.5,99.5,1.5));
#19467=CARTESIAN_POINT('',(127.5,95.5,1.5));
#19468=CARTESIAN_POINT('',(130.75,95.5,1.5));
#19469=CARTESIAN_POINT('',(127.5,93.5,1.5));
#19470=CARTESIAN_POINT('Origin',(140.5,95.5,0.));
#19471=CARTESIAN_POINT('',(140.5,95.5,0.));
#19472=CARTESIAN_POINT('Origin',(134.,96.5,1.5));
#19473=CARTESIAN_POINT('',(-137.250001046807,95.5000014677644,1.5));
#19474=CARTESIAN_POINT('Origin',(-140.500002093613,95.5000014677644,0.));
#19475=CARTESIAN_POINT('Origin',(127.5,93.5,0.));
#19476=CARTESIAN_POINT('',(127.5,95.5,0.));
#19477=CARTESIAN_POINT('Origin',(127.5,95.5,0.));
#19478=CARTESIAN_POINT('Origin',(155.5,91.5,0.));
#19479=UNCERTAINTY_MEASURE_WITH_UNIT(LENGTH_MEASURE(0.01),#19483,
'DISTANCE_ACCURACY_VALUE',
'Maximum model space distance between geometric entities at asserted c
onnectivities');
#19480=UNCERTAINTY_MEASURE_WITH_UNIT(LENGTH_MEASURE(0.01),#19483,
'DISTANCE_ACCURACY_VALUE',
'Maximum model space distance between geometric entities at asserted c
onnectivities');
#19481=(
GEOMETRIC_REPRESENTATION_CONTEXT(3)
GLOBAL_UNCERTAINTY_ASSIGNED_CONTEXT((#19479))
GLOBAL_UNIT_ASSIGNED_CONTEXT((#19483,#19485,#19486))
REPRESENTATION_CONTEXT('','3D')
);
#19482=(
GEOMETRIC_REPRESENTATION_CONTEXT(3)
GLOBAL_UNCERTAINTY_ASSIGNED_CONTEXT((#19480))
GLOBAL_UNIT_ASSIGNED_CONTEXT((#19483,#19485,#19486))
REPRESENTATION_CONTEXT('','3D')
);
#19483=(
LENGTH_UNIT()
NAMED_UNIT(*)
SI_UNIT(.MILLI.,.METRE.)
);
#19484=(
LENGTH_UNIT()
NAMED_UNIT(*)
SI_UNIT($,.METRE.)
);
#19485=(
NAMED_UNIT(*)
PLANE_ANGLE_UNIT()
SI_UNIT($,.RADIAN.)
);
#19486=(
NAMED_UNIT(*)
SI_UNIT($,.STERADIAN.)
SOLID_ANGLE_UNIT()
);
#19487=SHAPE_DEFINITION_REPRESENTATION(#19488,#19489);
#19488=PRODUCT_DEFINITION_SHAPE('',$,#19491);
#19489=SHAPE_REPRESENTATION('',(#11751),#19481);
#19490=PRODUCT_DEFINITION_CONTEXT('part definition',#19495,'design');
#19491=PRODUCT_DEFINITION('PortableMonitor','PortableMonitor v4',#19492,
#19490);
#19492=PRODUCT_DEFINITION_FORMATION('',$,#19497);
#19493=PRODUCT_RELATED_PRODUCT_CATEGORY('PortableMonitor v4',
'PortableMonitor v4',(#19497));
#19494=APPLICATION_PROTOCOL_DEFINITION('international standard',
'automotive_design',2009,#19495);
#19495=APPLICATION_CONTEXT(
'Core Data for Automotive Mechanical Design Process');
#19496=PRODUCT_CONTEXT('part definition',#19495,'mechanical');
#19497=PRODUCT('PortableMonitor','PortableMonitor v4',$,(#19496));
#19498=PRESENTATION_STYLE_ASSIGNMENT((#19499));
#19499=SURFACE_STYLE_USAGE(.BOTH.,#19500);
#19500=SURFACE_SIDE_STYLE('',(#19501));
#19501=SURFACE_STYLE_FILL_AREA(#19502);
#19502=FILL_AREA_STYLE('Stahl - satiniert',(#19503));
#19503=FILL_AREA_STYLE_COLOUR('Stahl - satiniert',#19504);
#19504=COLOUR_RGB('Stahl - satiniert',0.627450980392157,0.627450980392157,
0.627450980392157);
ENDSEC;
END-ISO-10303-21;
